TIMESTAMP,Pyra1_Wm2_Avg,Pyra2_Wm2_Avg,Pyra3_Wm2_Avg,Pyra4_Wm2_Avg,Pyra5_Wm2_Avg,Pyra6_Wm2_Avg,Pyra7_Wm2_Avg,Pyra8_Wm2_Avg,RECORD,CR1000Temp_C_Avg,DoorOpen_Min,RefCell1_Wm2_Avg,RefCell2_Wm2_Avg,RefCell3_Wm2_Avg,AmbTemp_C_Avg,InvVDVoltage_V_Avg,GeneralFaults1_Max,GeneralFaults2_Max,DPCBFaults_Max,HardwareFaults_Max,InverterFaults_Max,TemperatureFaults_Max,Warnings_Max,NumActiveFaults_Max,InvVPVIn_Avg,InvVDCin_Avg,InvIDCin_Avg,InvIGnd_Avg,InvIa_Avg,InvIb_Avg,InvIc_Avg,InvIabcAvg_Avg,InvINeutral_Avg,InvVa_Avg,InvVb_Avg,InvVc_Avg,InvVabcAvg_Avg,InvVUnbal_Avg,InvIUnbal_Avg,InvPDC_kW_Avg,InvPAC_kW_Avg,InvVAR_kVAR_Avg,InvVA_kVA_Avg,InvPF_Avg,InvGndImped_kOhm_Avg,InvEtot_kWh_Max,InvEtoday_kWh_Max,InvEyesterday_kWh_Max,InvFreq_Avg,InvOpState_Avg,InvTempInternalAir_C_Avg,InvTempInverterAir_C_Avg,InvTempHeatsink_C_Avg,SEWSAmbientTemp_C_Avg,SEWSModuleTemp_C_Avg,SEWSPOAIrrad_Wm2_Avg,PwrMtrIa_Avg,PwrMtrIb_Avg,PwrMtrIc_Avg,PwrMtrFreq_Avg,PwrMtrFreqMin_Min,PwrMtrFreqMax_Max,PwrMtrPhaseRev_Avg,PwrMtrVa_Avg,PwrMtrVb_Avg,PwrMtrVc_Avg,PwrMtrP_kW_Avg,PwrMtrP_kVAR_Avg,PwrMtrP_kVA_Avg,PwrMtrEdel_kWh_Max,PwrMtrErec_kWh_Max,PwrMtrEdel_kVARh_Max,PwrMtrErec_kVARh_Max,PwrMtrPF_Avg,PwrMtrVaTHDMax_Max,PwrMtrVbTHDMax_Max,PwrMtrVcTHDMax_Max,ShuntCurrent_A_Avg_1,ShuntCurrent_A_Avg_2,ShuntCurrent_A_Avg_3,ShuntCurrent_A_Avg_4,ShuntPDC_kW_Avg_1,ShuntPDC_kW_Avg_2,ShuntPDC_kW_Avg_3,ShuntPDC_kW_Avg_4,ShuntEtot_kWh_Max_1,ShuntEtot_kWh_Max_2,ShuntEtot_kWh_Max_3,ShuntEtot_kWh_Max_4,WindSpeedAve_ms,WindDirAve_deg,WindDirStdDev_deg,WindSpeed_ms_Max,WindRef_V_Min,WindHeatStateID_Avg,WindValid_Avg,Battery_V_Min,Battery_A_Avg,Load_A_Avg,ChgState_Min,ChgSource_Min,CkBatt_Max,Qloss_Ah_Max,RTD_C_Avg_1,RTD_C_Avg_2,RTD_C_Avg_3,RTD_C_Avg_4,RTD_C_Avg_5,RTD_C_Avg_6,RTD_C_Avg_7,TCTemps_C_Avg_1,TCTemps_C_Avg_2,TCTemps_C_Avg_3,TCTemps_C_Avg_4,TCTemps_C_Avg_5,TCTemps_C_Avg_6,TCTemps_C_Avg_7,TCTemps_C_Avg_8,TCTemps_C_Avg_9,TCTemps_C_Avg_10,TCTemps_C_Avg_11,TCTemps_C_Avg_12
2017-06-30 00:00:00-05:00,-10.754549,-13.099078,-4.7964187,-10.725493,-10.816379,-3.7803986,-9.659897,-9.0760145,937885.0,26.47,0.0,-0.102,-0.102,0.406,24.55,1.215,0.0,0.0,0.0,0.0,0.0,0.0,0.0,0.0,1.0,-1.95,-1.55,-0.2,0.0,0.0,0.0,0.0,0.0,269.2,272.0,272.0,271.0,0.578,0.0,0.0,-0.1,-0.048,0.06,0.0,6000.0,420211.0,202.0,437.0,59.95,2.0,34.0,41.0,34.0,24.58,21.69,-0.038,0.0,0.2,0.2,60.0,59.5,75.6,1.0,271.0,271.0,270.0,-0.075,0.03,0.08,1962.0,433107.0,13735.0,1967.0,-0.93,0.818,0.791,0.836,0.001,0.0,0.001,0.0,0.0,0.0,0.0,0.0,212.0,212.0,212.0,159.0,1.082,291.8,65.79,2.2,3.5,2.0,-1.0,13.55,0.006,0.284,3.0,2.0,0.0,0.0,22.01,22.05,21.91,21.81,21.8,21.51,22.62,22.57,22.94,23.12,22.22,21.71,22.63,22.31,21.57,22.33,23.09,22.49,22.05
2017-06-30 00:01:00-05:00,-10.878164,-13.099078,-4.7964187,-10.725493,-10.816379,-3.7803986,-9.659897,-9.0760145,937886.0,26.44,0.0,-0.102,-0.102,0.406,24.55,1.215,0.0,0.0,0.0,0.0,0.0,0.0,0.0,0.0,1.0,-1.667,-1.417,-0.2,0.0,0.0,0.0,0.0,0.0,269.5,272.0,272.3,271.0,0.583,0.0,0.0,-0.1,-0.043,0.083,0.0,6000.0,420211.0,202.0,437.0,59.95,2.0,34.0,41.0,34.0,24.53,21.71,-0.038,0.0,0.2,0.2,60.0,59.5,75.6,1.0,271.2,271.0,270.0,-0.075,0.03,0.08,1962.0,433107.0,13735.0,1967.0,-0.93,0.818,0.791,0.836,0.001,0.0,0.001,0.0,0.0,0.0,0.0,0.0,212.0,212.0,212.0,159.0,1.312,225.6,33.97,1.9,3.5,2.0,-1.0,13.55,0.006,0.284,3.0,2.0,0.0,0.0,21.99,22.02,21.91,21.81,21.79,21.52,22.62,22.56,22.92,23.1,22.21,21.72,22.66,22.31,21.58,22.35,23.1,22.49,22.06
2017-06-30 00:02:00-05:00,-10.754549,-13.099078,-4.7964187,-10.857907,-10.816379,-3.7803986,-9.659897,-9.0760145,937887.0,26.42,0.0,-0.102,-0.102,0.406,24.51,1.215,0.0,0.0,0.0,0.0,0.0,0.0,0.0,0.0,1.033,-1.55,-1.35,-0.2,0.0,0.0,0.0,0.0,0.0,269.6,272.0,272.4,271.0,0.583,0.0,0.0,-0.102,-0.037,0.08,0.0,6000.0,420211.0,202.0,437.0,59.94,2.0,34.0,41.0,34.0,24.55,21.73,-0.038,0.0,0.2,0.2,60.0,59.5,75.6,1.0,271.2,271.0,270.0,-0.075,0.03,0.08,1962.0,433107.0,13735.0,1967.0,-0.929,0.818,0.791,0.836,0.002,0.0,0.001,0.0,0.0,0.0,0.0,0.0,212.0,212.0,212.0,159.0,1.41,235.9,70.24,2.8,3.499,2.0,-1.0,13.55,0.006,0.284,3.0,2.0,0.0,0.0,22.01,22.04,21.91,21.81,21.76,21.52,22.59,22.55,22.89,23.08,22.2,21.7,22.65,22.3,21.57,22.34,23.08,22.47,22.06
2017-06-30 00:03:00-05:00,-10.507318,-13.099078,-4.7964187,-10.857907,-10.816379,-3.7803986,-9.659897,-9.0760145,937888.0,26.41,0.0,-0.102,-0.102,0.406,24.52,1.335,0.0,0.0,0.0,0.0,0.0,0.0,0.0,0.0,1.267,-1.483,-1.35,-0.2,0.0,0.0,0.0,0.0,0.0,270.7,273.0,273.6,272.0,0.572,0.0,0.0,-0.1,-0.045,0.065,0.0,6000.0,420211.0,202.0,437.0,59.94,2.0,34.0,41.0,33.98,24.53,21.73,-0.038,0.0,0.2,0.2,60.0,59.5,75.6,1.0,271.8,271.8,270.8,-0.075,0.03,0.081,1962.0,433107.0,13735.0,1967.0,-0.928,0.818,0.791,0.836,0.001,0.0,0.001,0.0,0.0,0.0,0.0,0.0,212.0,212.0,212.0,159.0,0.738,264.6,81.2,1.8,3.499,2.0,-1.0,13.55,0.006,0.284,3.0,2.0,0.0,0.0,22.01,22.1,21.91,21.81,21.79,21.62,22.59,22.56,22.93,23.1,22.22,21.72,22.67,22.29,21.58,22.35,23.06,22.48,22.06
2017-06-30 00:04:00-05:00,-10.507318,-13.099078,-4.6779885,-10.857907,-10.816379,-3.7803986,-9.659897,-9.0760145,937889.0,26.41,0.0,0.389,0.435,0.854,24.49,1.478,0.0,0.0,0.0,0.0,0.0,0.0,0.0,0.0,1.283,-1.65,-1.483,-0.2,0.0,0.0,0.0,0.0,0.0,270.8,273.0,273.3,272.0,0.563,0.0,0.0,-0.103,-0.042,0.077,0.0,6000.0,420211.0,202.0,437.0,59.93,2.0,34.0,41.0,33.5,24.51,21.75,-0.038,0.0,0.2,0.2,60.0,59.5,75.6,1.0,272.0,272.0,271.0,-0.075,0.03,0.08,1962.0,433107.0,13735.0,1967.0,-0.928,0.818,0.791,0.836,0.001,-0.001,0.001,0.0,0.0,0.0,0.0,0.0,212.0,212.0,212.0,159.0,0.837,271.8,45.96,1.4,3.499,2.0,-1.0,13.26,-0.004,0.286,1.0,2.0,0.0,0.001,22.01,22.1,21.91,21.81,21.79,21.55,22.59,22.55,22.89,23.08,22.21,21.73,22.63,22.29,21.58,22.34,23.04,22.46,22.06
2017-06-30 00:05:00-05:00,-10.507318,-13.099078,-4.7964187,-10.725493,-10.816379,-3.7803986,-9.659897,-9.0760145,937890.0,26.38,0.0,-0.102,-0.102,0.406,24.47,1.475,0.0,0.0,0.0,0.0,0.0,0.0,0.0,0.0,1.267,-1.85,-1.467,-0.2,0.0,0.0,0.0,0.0,0.0,270.4,273.0,273.1,272.0,0.587,0.0,0.0,-0.1,-0.037,0.08,0.0,6000.0,420211.0,202.0,437.0,59.94,2.0,34.0,41.0,33.07,24.47,21.73,-0.038,0.0,0.2,0.2,60.0,59.5,75.6,1.0,272.0,272.0,271.0,-0.075,0.03,0.081,1962.0,433107.0,13735.0,1967.0,-0.928,0.818,0.791,0.836,0.001,0.001,0.001,0.0,0.0,0.0,0.0,0.0,212.0,212.0,212.0,159.0,1.322,313.2,65.95,3.3,3.5,2.0,-1.0,13.55,0.017,0.284,3.0,2.0,0.0,0.0,22.01,22.08,21.91,21.81,21.78,21.53,22.65,22.55,22.88,23.08,22.21,21.73,22.67,22.27,21.58,22.34,23.03,22.44,22.04
2017-06-30 00:06:00-05:00,-10.383702,-13.099078,-4.7964187,-10.725493,-10.816379,-3.7803986,-9.659897,-9.193885,937891.0,26.37,0.0,-0.102,-0.102,0.406,24.45,1.362,0.0,0.0,0.0,0.0,0.0,0.0,0.0,0.0,1.117,-1.817,-1.483,-0.2,0.0,0.0,0.0,0.0,0.0,270.0,273.0,273.0,272.0,0.583,0.0,0.0,-0.1,-0.052,0.068,0.0,6000.0,420211.0,202.0,437.0,59.94,2.0,34.0,41.0,33.47,24.43,21.73,-0.033,0.0,0.2,0.2,60.0,59.5,75.6,1.0,272.0,272.0,271.0,-0.075,0.03,0.08,1962.0,433107.0,13735.0,1967.0,-0.928,0.818,0.791,0.836,0.001,0.0,0.001,0.0,0.0,0.0,0.0,0.0,212.0,212.0,212.0,159.0,1.407,276.4,50.04,2.8,3.5,2.0,-1.0,13.55,0.006,0.284,3.0,2.0,0.0,0.0,22.01,22.1,21.91,21.83,21.81,21.57,22.69,22.53,22.88,23.07,22.18,21.73,22.69,22.28,21.58,22.32,23.02,22.43,22.03
2017-06-30 00:07:00-05:00,-10.383702,-13.099078,-4.7964187,-10.59308,-10.687613,-3.7803986,-9.659897,-9.0760145,937892.0,26.35,0.0,-0.102,-0.102,0.406,24.45,1.228,0.0,0.0,0.0,0.0,0.0,0.0,0.0,0.0,1.033,-1.733,-1.383,-0.2,0.0,0.0,0.0,0.0,0.0,270.0,273.0,273.0,272.0,0.585,0.0,0.0,-0.103,-0.048,0.067,0.0,6000.0,420211.0,202.0,437.0,59.93,2.0,34.0,41.0,33.85,24.43,21.75,-0.038,0.0,0.2,0.2,60.0,59.5,75.6,1.0,272.0,272.0,271.0,-0.075,0.03,0.08,1962.0,433107.0,13735.0,1967.0,-0.928,0.818,0.791,0.836,0.001,0.0,0.001,0.0,0.0,0.0,0.0,0.0,212.0,212.0,212.0,159.0,1.415,227.7,73.95,3.4,3.499,2.0,-1.0,13.55,0.006,0.284,3.0,2.0,0.0,0.0,22.01,22.1,21.91,21.88,21.8,21.62,22.69,22.57,22.98,23.1,22.21,21.77,22.69,22.3,21.61,22.37,23.06,22.49,22.08
2017-06-30 00:08:00-05:00,-10.383702,-13.099078,-4.5595584,-10.460667,-10.687613,-3.7803986,-9.534443,-9.0760145,937893.0,26.34,0.0,-0.102,-0.102,0.406,24.45,1.257,0.0,0.0,0.0,0.0,0.0,0.0,0.0,0.0,1.117,-1.583,-1.433,-0.2,0.0,0.0,0.0,0.0,0.0,270.4,273.0,273.0,272.0,0.577,0.0,0.0,-0.1,-0.045,0.085,0.0,6000.0,420211.0,202.0,437.0,59.94,2.0,34.0,41.0,33.9,24.45,21.75,-0.038,0.0,0.2,0.2,60.0,59.5,75.6,1.0,272.0,272.0,271.0,-0.075,0.03,0.08,1962.0,433107.0,13735.0,1967.0,-0.928,0.818,0.791,0.836,0.001,0.0,0.0,0.0,0.0,0.0,0.0,0.0,212.0,212.0,212.0,159.0,1.842,245.0,50.03,4.3,3.5,2.0,-1.0,13.55,0.006,0.284,3.0,2.0,0.0,0.0,22.01,22.1,21.91,21.91,21.79,21.62,22.69,22.59,22.97,23.13,22.23,21.78,22.68,22.36,21.62,22.41,23.14,22.55,22.14
2017-06-30 00:09:00-05:00,-10.260086,-13.099078,-4.4411287,-10.328253,-10.687613,-3.7803986,-9.534443,-8.958144,937894.0,26.32,0.0,-0.102,-0.102,0.406,24.46,1.451,0.0,0.0,0.0,0.0,0.0,0.0,0.0,0.0,1.433,-1.617,-1.383,-0.2,0.0,0.0,0.0,0.0,0.0,270.7,273.1,273.0,272.0,0.577,0.0,0.0,-0.1,-0.045,0.083,0.0,6000.0,420211.0,202.0,437.0,59.94,2.0,34.0,41.0,33.48,24.45,21.76,-0.038,0.0,0.2,0.2,60.0,59.5,75.6,1.0,272.0,272.0,271.0,-0.075,0.03,0.08,1962.0,433107.0,13735.0,1967.0,-0.929,0.818,0.791,0.836,0.001,0.0,0.001,0.0,0.0,0.0,0.0,0.0,212.0,212.0,212.0,159.0,2.28,254.1,53.7,3.7,3.5,2.0,-1.0,13.55,0.005,0.284,3.0,2.0,0.0,0.0,22.05,22.1,21.97,21.91,21.81,21.62,22.69,22.59,22.97,23.1,22.23,21.77,22.66,22.34,21.61,22.39,23.09,22.53,22.12
2017-06-30 00:10:00-05:00,-10.260086,-13.099078,-4.4411287,-10.328253,-10.687613,-3.7803986,-9.534443,-9.0760145,937895.0,26.31,0.0,0.482,0.533,0.975,24.46,1.484,0.0,0.0,0.0,0.0,0.0,0.0,0.0,0.0,1.7,-1.767,-1.5,-0.2,0.0,0.0,0.0,0.0,0.0,270.8,273.2,273.3,272.2,0.573,0.0,0.0,-0.1,-0.05,0.06,0.0,6000.0,420211.0,202.0,437.0,59.94,2.0,34.0,41.0,33.0,24.34,21.71,-0.038,0.0,0.2,0.2,60.0,59.5,75.6,1.0,272.0,272.0,271.0,-0.075,0.03,0.08,1962.0,433107.0,13735.0,1967.0,-0.929,0.818,0.791,0.836,0.001,0.0,0.001,0.0,0.0,0.0,0.0,0.0,212.0,212.0,212.0,159.0,1.33,308.7,60.65,2.5,3.499,2.0,-1.0,13.27,0.001,0.286,1.0,2.0,0.0,0.001,22.01,22.1,21.92,21.91,21.81,21.62,22.69,22.56,22.9,23.08,22.2,21.78,22.68,22.35,21.62,22.39,23.09,22.53,22.11
2017-06-30 00:11:00-05:00,-10.260086,-13.099078,-4.4411287,-10.19584,-10.687613,-3.7803986,-9.534443,-9.0760145,937896.0,26.28,0.0,-0.104,-0.102,0.406,24.41,1.513,0.0,0.0,0.0,0.0,0.0,0.0,0.0,0.0,1.833,-1.85,-1.533,-0.2,0.0,0.0,0.0,0.0,0.0,271.0,273.5,273.6,272.5,0.582,0.0,0.0,-0.102,-0.053,0.077,0.0,6000.0,420211.0,202.0,437.0,59.94,2.0,34.0,41.0,33.0,24.37,21.71,-0.038,0.0,0.2,0.2,60.0,59.5,75.6,1.0,272.0,272.0,271.0,-0.075,0.03,0.08,1962.0,433107.0,13735.0,1967.0,-0.928,0.818,0.791,0.836,0.001,0.0,0.001,0.0,0.0,0.0,0.0,0.0,212.0,212.0,212.0,159.0,0.807,201.1,78.16,2.0,3.5,2.0,-1.0,13.55,0.011,0.284,3.0,2.0,0.0,0.0,22.01,22.1,21.91,21.91,21.81,21.62,22.69,22.55,22.91,23.05,22.19,21.8,22.69,22.35,21.64,22.38,23.07,22.51,22.09
2017-06-30 00:12:00-05:00,-10.383702,-13.099078,-4.322698,-10.19584,-10.816379,-3.7803986,-9.659897,-9.0760145,937897.0,26.28,0.0,-0.102,-0.102,0.406,24.41,1.615,0.0,0.0,0.0,0.0,0.0,0.0,0.0,0.0,1.85,-1.9,-1.55,-0.2,0.0,0.0,0.0,0.0,0.0,271.0,273.7,273.9,272.7,0.587,0.0,0.0,-0.102,-0.053,0.083,0.0,6000.0,420211.0,202.0,437.0,59.94,2.0,34.0,41.0,33.0,24.36,21.77,-0.038,0.0,0.2,0.2,60.0,59.5,75.6,1.0,272.0,272.0,271.0,-0.075,0.03,0.08,1962.0,433107.0,13735.0,1967.0,-0.929,0.818,0.791,0.836,0.002,0.0,0.001,0.0,0.0,0.0,0.0,0.0,212.0,212.0,212.0,159.0,1.35,194.6,78.17,2.9,3.5,2.0,-1.0,13.55,0.006,0.284,3.0,2.0,0.0,0.0,22.04,22.1,21.91,21.93,21.81,21.62,22.69,22.55,22.89,23.05,22.19,21.81,22.68,22.36,21.65,22.37,23.07,22.5,22.08
2017-06-30 00:13:00-05:00,-10.260086,-13.099078,-4.085839,-10.19584,-10.816379,-3.7803986,-9.659897,-9.0760145,937898.0,26.27,0.0,-0.102,-0.102,0.406,24.4,1.54,0.0,0.0,0.0,0.0,0.0,0.0,0.0,0.0,1.9,-1.917,-1.467,-0.2,0.0,0.0,0.0,0.0,0.0,271.0,273.9,274.0,272.9,0.593,0.0,0.0,-0.1,-0.047,0.058,0.0,6000.0,420211.0,202.0,437.0,59.95,2.0,34.0,41.0,33.0,24.37,21.78,-0.038,0.0,0.2,0.2,60.0,59.5,75.6,1.0,272.0,272.0,271.0,-0.075,0.03,0.081,1962.0,433107.0,13735.0,1967.0,-0.928,0.818,0.791,0.836,0.002,0.0,0.001,0.0,0.0,0.0,0.0,0.0,212.0,212.0,212.0,159.0,0.745,211.8,60.91,1.8,3.5,2.0,-1.0,13.55,0.006,0.284,3.0,2.0,0.0,0.0,22.08,22.17,21.96,21.92,21.86,21.63,22.7,22.54,22.86,23.05,22.18,21.8,22.72,22.38,21.65,22.37,23.07,22.49,22.09
2017-06-30 00:14:00-05:00,-10.260086,-13.099078,-4.085839,-10.19584,-10.687613,-3.6675506,-9.659897,-9.0760145,937899.0,26.25,0.0,-0.104,-0.102,0.406,24.43,1.484,0.0,0.0,0.0,0.0,0.0,0.0,0.0,0.0,1.517,-1.867,-1.567,-0.2,0.0,0.0,0.0,0.0,0.0,271.0,274.0,274.0,273.0,0.602,0.0,0.0,-0.1,-0.053,0.075,0.0,6000.0,420211.0,202.0,437.0,59.93,2.0,34.0,41.0,33.0,24.41,21.8,-0.038,0.0,0.2,0.2,60.0,59.5,75.6,1.0,272.0,272.0,271.0,-0.075,0.03,0.081,1962.0,433107.0,13735.0,1967.0,-0.929,0.818,0.791,0.836,0.001,0.0,0.001,0.0,0.0,0.0,0.0,0.0,212.0,212.0,212.0,159.0,1.688,271.7,39.01,2.6,3.5,2.0,-1.0,13.55,0.005,0.284,3.0,2.0,0.0,0.0,22.09,22.2,22.01,21.91,21.89,21.65,22.69,22.55,22.92,23.07,22.2,21.82,22.76,22.43,21.67,22.4,23.12,22.53,22.12
2017-06-30 00:15:00-05:00,-10.260086,-12.7716,-3.9674082,-10.19584,-10.558846,-3.6675506,-9.659897,-8.958144,937900.0,26.24,0.0,-0.102,-0.102,0.406,24.45,1.429,0.0,0.0,0.0,0.0,0.0,0.0,0.0,0.0,1.233,-1.767,-1.533,-0.2,0.0,0.0,0.0,0.0,0.0,270.2,272.8,273.1,271.8,0.602,0.0,0.0,-0.1,-0.05,0.078,0.0,6000.0,420211.0,202.0,437.0,59.93,2.0,34.0,41.0,33.0,24.38,21.83,-0.038,0.0,0.2,0.2,60.0,59.5,75.6,1.0,272.0,272.0,270.8,-0.075,0.03,0.08,1962.0,433107.0,13735.0,1967.0,-0.929,0.818,0.791,0.836,0.001,0.0,0.001,0.0,0.0,0.0,0.0,0.0,212.0,212.0,212.0,159.0,2.132,231.2,40.11,4.6,3.5,2.0,-1.0,13.55,0.005,0.284,3.0,2.0,0.0,0.0,22.1,22.19,22.01,21.93,21.87,21.65,22.71,22.55,22.89,23.07,22.19,21.84,22.73,22.44,21.69,22.42,23.11,22.56,22.15
2017-06-30 00:16:00-05:00,-10.260086,-12.7716,-4.085839,-10.19584,-10.558846,-3.7803986,-9.659897,-8.958144,937901.0,26.22,0.0,0.127,0.139,0.581,24.42,1.218,0.0,0.0,0.0,0.0,0.0,0.0,0.0,0.0,1.033,-1.667,-1.45,-0.2,0.0,0.0,0.0,0.0,0.0,270.0,272.9,273.0,271.9,0.6,0.0,0.0,-0.1,-0.038,0.053,0.0,6000.0,420211.0,202.0,437.0,59.94,2.0,34.0,41.0,33.0,24.39,21.77,-0.038,0.0,0.2,0.2,60.0,59.5,75.6,1.0,272.0,272.0,271.0,-0.075,0.03,0.08,1962.0,433107.0,13735.0,1967.0,-0.929,0.818,0.791,0.836,0.001,0.0,0.001,0.0,0.0,0.0,0.0,0.0,212.0,212.0,212.0,159.0,1.333,309.2,36.1,2.7,3.5,2.0,-1.0,13.28,-0.005,0.286,1.0,2.0,0.0,0.001,22.08,22.13,21.97,21.93,21.84,21.66,22.71,22.54,22.89,23.05,22.17,21.83,22.71,22.44,21.67,22.4,23.09,22.55,22.13
2017-06-30 00:17:00-05:00,-10.260086,-13.099078,-4.2042685,-10.19584,-10.687613,-3.7803986,-9.659897,-9.0760145,937902.0,26.22,0.0,-0.102,-0.102,0.406,24.42,1.215,0.0,0.0,0.0,0.0,0.0,0.0,0.0,0.0,1.0,-1.667,-1.433,-0.2,0.0,0.0,0.0,0.0,0.0,270.0,273.0,273.0,272.0,0.602,0.0,0.0,-0.1,-0.035,0.072,0.0,6000.0,420211.0,202.0,437.0,59.95,2.0,34.0,41.0,33.0,24.35,21.77,-0.038,0.0,0.2,0.2,60.0,59.5,75.6,1.0,272.0,272.0,271.0,-0.075,0.03,0.08,1962.0,433107.0,13735.0,1967.0,-0.93,0.818,0.791,0.836,0.001,0.0,0.0,0.0,0.0,0.0,0.0,0.0,212.0,212.0,212.0,159.0,1.478,242.5,56.74,3.2,3.499,2.0,-1.0,13.43,0.018,0.284,3.0,2.0,0.0,0.001,22.01,22.1,21.91,21.91,21.81,21.62,22.72,22.54,22.93,23.04,22.17,21.82,22.73,22.43,21.66,22.39,23.09,22.53,22.1
2017-06-30 00:18:00-05:00,-10.260086,-13.099078,-4.2042685,-10.19584,-10.687613,-3.7803986,-9.534443,-9.0760145,937903.0,26.19,0.0,-0.102,-0.102,0.406,24.42,1.215,0.0,0.0,0.0,0.0,0.0,0.0,0.0,0.0,1.0,-1.817,-1.517,-0.2,0.0,0.0,0.0,0.0,0.0,270.0,273.0,273.0,272.0,0.595,0.0,0.0,-0.1,-0.053,0.088,0.0,6000.0,420211.0,202.0,437.0,59.95,2.0,34.0,41.0,33.0,24.41,21.81,-0.038,0.0,0.2,0.2,60.0,59.5,75.6,1.0,272.0,272.0,271.0,-0.075,0.03,0.08,1962.0,433107.0,13735.0,1967.0,-0.93,0.818,0.791,0.836,0.001,0.0,0.001,0.0,0.0,0.0,0.0,0.0,212.0,212.0,212.0,159.0,2.307,214.4,46.82,4.9,3.499,2.0,-1.0,13.59,0.006,0.283,3.0,2.0,0.0,0.0,22.06,22.1,21.91,21.91,21.81,21.62,22.72,22.58,22.98,23.08,22.22,21.82,22.68,22.43,21.65,22.38,23.08,22.53,22.11
2017-06-30 00:19:00-05:00,-10.260086,-13.099078,-4.322698,-10.328253,-10.558846,-3.7803986,-9.659897,-8.958144,937904.0,26.19,0.0,-0.104,-0.102,0.406,24.42,1.215,0.0,0.0,0.0,0.0,0.0,0.0,0.0,0.0,1.0,-1.783,-1.5,-0.2,0.0,0.0,0.0,0.0,0.0,270.0,273.0,273.0,272.0,0.58,0.0,0.0,-0.1,-0.042,0.07,0.0,6000.0,420211.0,202.0,437.0,59.95,2.0,34.0,41.0,33.0,24.37,21.76,-0.038,0.0,0.2,0.2,60.0,59.5,75.6,1.0,272.0,272.0,271.0,-0.075,0.03,0.08,1962.0,433107.0,13735.0,1967.0,-0.93,0.818,0.791,0.836,0.001,0.0,0.001,0.0,0.0,0.0,0.0,0.0,212.0,212.0,212.0,159.0,1.657,290.2,45.14,3.1,3.5,2.0,-1.0,13.59,0.006,0.283,3.0,2.0,0.0,0.0,22.04,22.1,21.91,21.91,21.78,21.62,22.71,22.56,22.92,23.08,22.2,21.78,22.61,22.39,21.62,22.35,23.04,22.49,22.08
2017-06-30 00:20:00-05:00,-10.383702,-13.099078,-4.4411287,-10.328253,-10.687613,-3.7803986,-9.659897,-8.958144,937905.0,26.16,0.0,-0.102,-0.102,0.406,24.37,1.215,0.0,0.0,0.0,0.0,0.0,0.0,0.0,0.0,1.0,-1.783,-1.433,-0.2,0.0,0.0,0.0,0.0,0.0,270.0,273.0,273.0,272.0,0.587,0.0,0.0,-0.1,-0.035,0.062,0.0,6000.0,420211.0,202.0,437.0,59.96,2.0,34.0,41.0,33.0,24.32,21.71,-0.038,0.0,0.2,0.2,60.0,59.5,75.6,1.0,272.0,272.0,271.0,-0.075,0.03,0.08,1962.0,433107.0,13735.0,1967.0,-0.929,0.818,0.791,0.836,0.001,0.0,0.001,0.0,0.0,0.0,0.0,0.0,212.0,212.0,212.0,159.0,2.093,263.5,66.13,3.3,3.499,2.0,-1.0,13.59,0.006,0.283,3.0,2.0,0.0,0.0,22.01,22.1,21.91,21.91,21.8,21.62,22.78,22.55,23.0,23.09,22.19,21.78,22.64,22.38,21.61,22.34,23.02,22.49,22.06
2017-06-30 00:21:00-05:00,-10.383702,-13.099078,-4.4411287,-10.328253,-10.558846,-3.7803986,-9.659897,-9.0760145,937906.0,26.16,0.0,-0.102,-0.102,0.406,24.33,1.212,0.0,0.0,0.0,0.0,0.0,0.0,0.0,0.0,1.0,-1.833,-1.517,-0.2,0.0,0.0,0.0,0.0,0.0,270.0,273.0,273.0,272.0,0.583,0.0,0.0,-0.102,-0.055,0.073,0.0,6000.0,420211.0,202.0,437.0,59.96,2.0,34.0,41.0,33.0,24.33,21.69,-0.038,0.0,0.2,0.2,60.0,59.5,75.6,1.0,272.0,272.0,271.0,-0.075,0.03,0.08,1962.0,433107.0,13735.0,1967.0,-0.929,0.818,0.791,0.836,0.001,0.0,0.001,0.0,0.0,0.0,0.0,0.0,212.0,212.0,212.0,159.0,1.467,246.6,67.32,2.5,3.499,2.0,-1.0,13.59,0.006,0.283,3.0,2.0,0.0,0.0,22.01,22.1,21.91,21.91,21.79,21.62,22.76,22.53,22.88,23.05,22.17,21.77,22.61,22.37,21.6,22.33,23.04,22.49,22.05
2017-06-30 00:22:00-05:00,-10.383702,-13.099078,-4.4411287,-10.328253,-10.687613,-3.7803986,-9.659897,-9.0760145,937907.0,26.16,0.0,0.152,0.178,0.617,24.3,1.215,0.0,0.0,0.0,0.0,0.0,0.0,0.0,0.0,1.0,-1.95,-1.583,-0.2,0.0,0.0,0.0,0.0,0.0,270.0,273.0,273.0,272.0,0.588,0.0,0.0,-0.1,-0.045,0.072,0.0,6000.0,420211.0,202.0,437.0,59.95,2.0,34.0,41.0,33.0,24.35,21.66,-0.038,0.0,0.2,0.2,60.0,59.5,75.6,1.0,272.0,272.0,271.0,-0.075,0.03,0.081,1962.0,433107.0,13735.0,1967.0,-0.929,0.818,0.791,0.836,0.002,0.0,0.001,0.0,0.0,0.0,0.0,0.0,212.0,212.0,212.0,159.0,1.208,180.4,38.38,2.2,3.5,2.0,-1.0,13.27,-0.022,0.284,1.0,2.0,0.0,0.001,21.94,22.02,21.86,21.81,21.71,21.53,22.76,22.48,22.83,22.99,22.12,21.75,22.56,22.32,21.58,22.3,22.99,22.44,22.02
2017-06-30 00:23:00-05:00,-10.383702,-13.099078,-4.4411287,-10.460667,-10.687613,-3.7803986,-9.659897,-9.0760145,937908.0,26.13,0.0,-0.102,-0.102,0.406,24.3,1.215,0.0,0.0,0.0,0.0,0.0,0.0,0.0,0.0,1.0,-1.5,-1.317,-0.2,0.0,0.0,0.0,0.0,0.0,270.1,273.0,273.0,272.0,0.583,0.0,0.0,-0.102,-0.05,0.057,0.0,6000.0,420211.0,202.0,437.0,59.96,2.0,34.0,41.0,33.0,24.31,21.65,-0.038,0.0,0.2,0.2,60.0,59.5,75.6,1.0,272.0,272.0,271.0,-0.075,0.03,0.08,1962.0,433107.0,13735.0,1967.0,-0.929,0.818,0.791,0.836,0.001,0.0,0.001,0.0,0.0,0.0,0.0,0.0,212.0,212.0,212.0,159.0,0.933,197.8,87.8,2.2,3.5,2.0,-1.0,13.36,0.031,0.285,1.0,2.0,0.0,0.001,21.91,22.01,21.81,21.81,21.71,21.52,22.68,22.44,22.77,22.94,22.09,21.69,22.5,22.25,21.52,22.26,22.95,22.4,21.97
2017-06-30 00:24:00-05:00,-10.630933,-13.099078,-4.5595584,-10.857907,-10.816379,-3.7803986,-9.785349,-9.193885,937909.0,26.13,0.0,-0.102,-0.102,0.406,24.28,1.215,0.0,0.0,0.0,0.0,0.0,0.0,0.0,0.0,1.0,-1.9,-1.55,-0.2,0.0,0.0,0.0,0.0,0.0,270.3,273.0,273.0,272.0,0.578,0.0,0.0,-0.1,-0.043,0.08,0.0,6000.0,420211.0,202.0,437.0,59.96,2.0,34.0,41.0,33.0,24.23,21.56,-0.038,0.0,0.2,0.2,60.0,59.5,75.6,1.0,272.0,272.0,271.0,-0.075,0.03,0.08,1962.0,433107.0,13735.0,1967.0,-0.929,0.818,0.791,0.836,0.001,0.0,0.002,0.0,0.0,0.0,0.0,0.0,212.0,212.0,212.0,159.0,0.755,263.8,49.91,1.5,3.5,2.0,-1.0,13.55,0.006,0.284,3.0,2.0,0.0,0.0,21.91,21.91,21.79,21.71,21.66,21.5,22.61,22.39,22.72,22.89,22.03,21.64,22.45,22.21,21.47,22.21,22.9,22.34,21.93
2017-06-30 00:25:00-05:00,-10.630933,-13.099078,-4.5595584,-10.99032,-10.816379,-3.7803986,-9.785349,-9.193885,937910.0,26.1,0.0,-0.102,-0.102,0.406,24.29,1.215,0.0,0.0,0.0,0.0,0.0,0.0,0.0,0.0,1.0,-1.967,-1.633,-0.2,0.0,0.0,0.0,0.0,0.0,270.1,273.0,273.0,272.0,0.585,0.0,0.0,-0.1,-0.06,0.072,0.0,6000.0,420211.0,202.0,437.0,59.94,2.0,34.0,41.0,33.0,24.28,21.53,-0.038,0.0,0.2,0.2,60.0,59.5,75.6,1.0,272.0,272.0,271.0,-0.075,0.03,0.08,1962.0,433107.0,13735.0,1967.0,-0.929,0.818,0.791,0.836,0.001,0.0,0.001,0.0,0.0,0.0,0.0,0.0,212.0,212.0,212.0,159.0,1.395,175.7,32.67,2.8,3.499,2.0,-1.0,13.55,0.005,0.284,3.0,2.0,0.0,0.0,21.83,21.91,21.71,21.71,21.62,21.42,22.6,22.38,22.73,22.87,22.02,21.61,22.47,22.17,21.45,22.19,22.9,22.33,21.91
2017-06-30 00:26:00-05:00,-10.754549,-13.099078,-4.4411287,-11.122734,-11.073912,-3.7803986,-9.785349,-9.311755,937911.0,26.1,0.0,-0.102,-0.102,0.406,24.28,1.215,0.0,0.0,0.0,0.0,0.0,0.0,0.0,0.0,1.0,-1.933,-1.55,-0.2,0.0,0.0,0.0,0.0,0.0,270.6,273.0,273.0,272.0,0.543,0.0,0.0,-0.1,-0.038,0.055,0.0,6000.0,420211.0,202.0,437.0,59.95,2.0,34.0,41.0,33.0,24.26,21.53,-0.038,0.0,0.2,0.2,60.0,59.5,75.6,1.0,272.0,272.0,271.0,-0.075,0.03,0.08,1962.0,433107.0,13735.0,1967.0,-0.929,0.818,0.791,0.836,0.001,-0.001,0.001,0.0,0.0,0.0,0.0,0.0,212.0,212.0,212.0,159.0,1.36,244.2,56.27,3.1,3.5,2.0,-1.0,13.55,0.005,0.284,3.0,2.0,0.0,0.0,21.83,21.91,21.78,21.71,21.63,21.52,22.57,22.34,22.68,22.84,21.98,21.57,22.41,22.15,21.41,22.17,22.88,22.3,21.88
2017-06-30 00:27:00-05:00,-10.630933,-13.099078,-4.4411287,-11.122734,-11.202678,-3.7803986,-9.785349,-9.193885,937912.0,26.09,0.0,-0.106,-0.102,0.406,24.28,1.213,0.0,0.0,0.0,0.0,0.0,0.0,0.0,0.0,1.0,-1.783,-1.433,-0.2,0.0,0.0,0.0,0.0,0.0,271.0,273.7,273.8,272.7,0.552,0.0,0.0,-0.1,-0.048,0.082,0.0,6000.0,420211.0,202.0,437.0,59.97,2.0,34.0,41.0,33.0,24.31,21.53,-0.038,0.0,0.2,0.2,60.0,59.5,75.6,1.0,272.8,272.7,271.7,-0.075,0.03,0.081,1962.0,433107.0,13735.0,1967.0,-0.929,0.818,0.791,0.836,0.001,0.0,0.001,0.0,0.0,0.0,0.0,0.0,212.0,212.0,212.0,159.0,1.465,232.5,34.11,2.8,3.5,2.0,-1.0,13.55,0.005,0.284,3.0,2.0,0.0,0.0,21.84,21.91,21.8,21.71,21.65,21.51,22.54,22.34,22.72,22.85,21.98,21.56,22.4,22.13,21.39,22.17,22.9,22.3,21.89
2017-06-30 00:28:00-05:00,-10.878164,-13.099078,-4.4411287,-10.99032,-11.073912,-3.7803986,-9.659897,-9.193885,937913.0,26.07,0.0,0.207,0.226,0.668,24.32,1.215,0.0,0.0,0.0,0.0,0.0,0.0,0.0,0.0,1.0,-1.617,-1.4,-0.2,0.0,0.0,0.0,0.0,0.0,271.0,274.0,274.0,273.0,0.557,0.0,0.0,-0.1,-0.052,0.082,0.0,6000.0,420211.0,202.0,437.0,59.98,2.0,34.0,41.0,33.0,24.3,21.49,-0.038,0.0,0.2,0.2,60.0,59.5,75.6,1.0,273.0,273.0,272.0,-0.075,0.03,0.081,1962.0,433107.0,13735.0,1967.0,-0.928,0.818,0.791,0.836,0.001,0.0,0.001,0.0,0.0,0.0,0.0,0.0,212.0,212.0,212.0,159.0,1.327,296.7,67.95,2.4,3.499,2.0,-1.0,13.27,-0.021,0.285,1.0,2.0,0.0,0.001,21.81,21.89,21.75,21.66,21.6,21.42,22.55,22.32,22.66,22.82,21.95,21.53,22.4,22.11,21.36,22.17,22.89,22.3,21.89
2017-06-30 00:29:00-05:00,-10.878164,-13.099078,-4.7964187,-10.99032,-10.945146,-3.7803986,-9.659897,-9.193885,937914.0,26.06,0.0,-0.104,-0.102,0.406,24.29,1.215,0.0,0.0,0.0,0.0,0.0,0.0,0.0,0.0,1.0,-1.85,-1.533,-0.2,0.0,0.0,0.0,0.0,0.0,271.0,274.0,274.0,273.0,0.582,0.0,0.0,-0.102,-0.047,0.072,0.0,6000.0,420211.0,202.0,437.0,59.96,2.0,34.0,41.0,33.0,24.22,21.44,-0.038,0.0,0.2,0.2,60.0,59.5,75.6,1.0,273.0,273.0,272.0,-0.075,0.03,0.081,1962.0,433107.0,13735.0,1967.0,-0.928,0.818,0.791,0.836,0.001,0.0,0.001,0.0,0.0,0.0,0.0,0.0,212.0,212.0,212.0,159.0,1.282,209.4,71.18,2.6,3.498,2.0,-1.0,13.38,0.032,0.284,3.0,2.0,0.0,0.001,21.83,21.86,21.7,21.62,21.55,21.4,22.5,22.29,22.59,22.78,21.92,21.5,22.36,22.09,21.34,22.14,22.85,22.26,21.86
2017-06-30 00:30:00-05:00,-10.878164,-13.099078,-4.7964187,-10.99032,-10.945146,-3.7803986,-9.659897,-9.311755,937915.0,26.04,0.0,-0.108,-0.102,0.406,24.23,1.215,0.0,0.0,0.0,0.0,0.0,0.0,0.0,0.0,1.0,-1.45,-1.283,-0.2,0.0,0.0,0.0,0.0,0.0,271.0,274.0,274.0,273.0,0.578,0.0,0.0,-0.102,-0.04,0.07,0.0,6000.0,420211.0,202.0,437.0,59.97,2.0,34.0,41.0,33.0,24.22,21.44,-0.038,0.0,0.2,0.2,60.0,59.5,75.6,1.0,273.0,273.0,272.0,-0.075,0.03,0.081,1962.0,433107.0,13735.0,1967.0,-0.929,0.818,0.791,0.836,0.001,0.0,0.001,0.0,0.0,0.0,0.0,0.0,212.0,212.0,212.0,159.0,2.112,256.6,36.86,4.0,3.498,2.0,-1.0,13.55,0.006,0.284,3.0,2.0,0.0,0.0,21.81,21.81,21.62,21.53,21.52,21.32,22.5,22.28,22.67,22.79,21.91,21.48,22.37,22.07,21.32,22.12,22.86,22.26,21.84
2017-06-30 00:31:00-05:00,-10.754549,-13.099078,-4.7964187,-10.99032,-10.816379,-3.7803986,-9.659897,-9.311755,937916.0,26.04,0.0,-0.106,-0.102,0.406,24.25,1.215,0.0,0.0,0.0,0.0,0.0,0.0,0.0,0.0,1.0,-1.967,-1.55,-0.2,0.0,0.0,0.0,0.0,0.0,271.0,274.0,274.0,273.0,0.572,0.0,0.0,-0.1,-0.048,0.082,0.0,6000.0,420211.0,202.0,437.0,59.94,2.0,34.0,41.0,33.0,24.17,21.42,-0.038,0.0,0.2,0.2,60.0,59.5,75.6,1.0,273.0,273.0,272.0,-0.075,0.03,0.081,1962.0,433107.0,13735.0,1967.0,-0.929,0.818,0.791,0.836,0.001,0.0,0.001,0.0,0.0,0.0,0.0,0.0,212.0,212.0,212.0,159.0,1.09,237.8,40.59,2.5,3.5,2.0,-1.0,13.55,0.005,0.284,3.0,2.0,0.0,0.0,21.75,21.81,21.62,21.52,21.52,21.32,22.45,22.25,22.59,22.76,21.89,21.48,22.37,22.08,21.32,22.13,22.84,22.25,21.85
2017-06-30 00:32:00-05:00,-10.630933,-13.099078,-4.7964187,-10.99032,-10.816379,-3.7803986,-9.659897,-9.193885,937917.0,26.02,0.0,-0.106,-0.102,0.406,24.23,1.215,0.0,0.0,0.0,0.0,0.0,0.0,0.0,0.0,1.0,-1.667,-1.367,-0.2,0.0,0.0,0.0,0.0,0.0,271.0,274.0,274.0,273.0,0.6,0.0,0.0,-0.103,-0.057,0.072,0.0,6000.0,420211.0,202.0,437.0,59.94,2.0,34.0,41.0,33.0,24.13,21.42,-0.038,0.0,0.2,0.2,60.0,59.5,75.6,1.0,273.0,273.0,272.0,-0.075,0.03,0.081,1962.0,433107.0,13735.0,1967.0,-0.929,0.818,0.791,0.836,0.001,0.0,0.001,0.0,0.0,0.0,0.0,0.0,212.0,212.0,212.0,159.0,2.168,278.8,38.01,4.5,3.5,2.0,-1.0,13.55,0.005,0.284,3.0,2.0,0.0,0.0,21.75,21.81,21.62,21.52,21.44,21.32,22.4,22.26,22.67,22.78,21.89,21.45,22.35,22.07,21.29,22.11,22.83,22.24,21.84
2017-06-30 00:33:00-05:00,-10.507318,-13.099078,-4.7964187,-10.99032,-10.816379,-3.7803986,-9.659897,-9.0760145,937918.0,26.01,0.0,-0.102,-0.102,0.406,24.25,1.183,0.0,0.0,0.0,0.0,0.0,0.0,0.0,0.0,1.0,-1.45,-1.367,-0.2,0.0,0.0,0.0,0.0,0.0,271.0,274.0,274.0,273.0,0.61,0.0,0.0,-0.105,-0.045,0.065,0.0,6000.0,420211.0,202.0,437.0,59.94,2.0,34.0,41.0,33.0,24.2,21.39,-0.038,0.0,0.2,0.2,60.0,59.5,75.6,1.0,273.0,273.0,272.0,-0.075,0.03,0.081,1962.0,433107.0,13735.0,1967.0,-0.928,0.818,0.791,0.836,0.001,0.0,0.001,0.0,0.0,0.0,0.0,0.0,212.0,212.0,212.0,159.0,1.268,264.5,79.35,3.0,3.5,2.0,-1.0,13.55,0.005,0.284,3.0,2.0,0.0,0.0,21.79,21.73,21.62,21.52,21.42,21.32,22.47,22.28,22.67,22.78,21.91,21.47,22.4,22.08,21.3,22.13,22.83,22.25,21.85
2017-06-30 00:34:00-05:00,-10.507318,-13.099078,-4.7964187,-10.99032,-10.816379,-3.7803986,-9.659897,-9.193885,937919.0,26.0,0.0,0.26,0.3,0.729,24.22,1.095,0.0,0.0,0.0,0.0,0.0,0.0,0.0,0.0,1.0,-1.433,-1.317,-0.2,0.0,0.0,0.0,0.0,0.0,271.0,274.0,274.0,273.0,0.61,0.0,0.0,-0.102,-0.042,0.075,0.0,6000.0,420211.0,202.0,437.0,59.95,2.0,34.0,41.0,33.0,24.18,21.41,-0.038,0.0,0.2,0.2,60.0,59.5,75.6,1.0,273.0,273.0,272.0,-0.075,0.03,0.081,1962.0,433107.0,13735.0,1967.0,-0.928,0.818,0.791,0.836,0.001,0.0,0.001,0.0,0.0,0.0,0.0,0.0,212.0,212.0,212.0,159.0,2.188,247.4,31.3,3.2,3.499,2.0,-1.0,13.27,-0.014,0.285,1.0,2.0,0.0,0.001,21.77,21.71,21.58,21.52,21.42,21.31,22.42,22.26,22.62,22.76,21.89,21.44,22.34,22.07,21.27,22.08,22.76,22.19,21.82
2017-06-30 00:35:00-05:00,-10.507318,-13.099078,-4.7964187,-10.99032,-10.816379,-3.7803986,-9.659897,-9.193885,937920.0,25.98,0.0,-0.108,-0.102,0.406,24.23,1.035,0.0,0.0,0.0,0.0,0.0,0.0,0.0,0.0,1.0,-1.833,-1.517,-0.2,0.0,0.0,0.0,0.0,0.0,271.0,274.0,274.1,273.0,0.605,0.0,0.0,-0.1,-0.037,0.07,0.0,6000.0,420211.0,202.0,437.0,59.97,2.0,34.0,41.0,33.0,24.21,21.39,-0.038,0.0,0.2,0.2,60.0,59.5,75.6,1.0,273.0,273.0,272.0,-0.075,0.03,0.081,1962.0,433107.0,13735.0,1967.0,-0.928,0.818,0.791,0.836,0.001,0.0,0.001,0.0,0.0,0.0,0.0,0.0,212.0,212.0,212.0,159.0,1.36,246.8,24.01,2.7,3.5,2.0,-1.0,13.43,0.026,0.284,3.0,2.0,0.0,0.001,21.75,21.71,21.58,21.52,21.39,21.23,22.4,22.24,22.6,22.74,21.87,21.43,22.32,22.05,21.27,22.06,22.77,22.17,21.79
2017-06-30 00:36:00-05:00,-10.383702,-13.099078,-4.7964187,-10.99032,-10.816379,-3.7803986,-9.659897,-9.193885,937921.0,25.98,0.0,-0.11,-0.102,0.406,24.21,1.036,0.0,0.0,0.0,0.0,0.0,0.0,0.0,0.0,1.0,-1.933,-1.5,-0.2,0.0,0.0,0.0,0.0,0.0,271.4,274.2,274.7,273.2,0.608,0.0,0.0,-0.1,-0.04,0.075,0.0,6000.0,420211.0,202.0,437.0,59.95,2.0,34.0,41.0,33.0,24.24,21.4,-0.038,0.0,0.2,0.2,60.0,59.5,75.6,1.0,273.2,273.2,272.2,-0.075,0.03,0.081,1962.0,433107.0,13735.0,1967.0,-0.928,0.818,0.791,0.836,0.001,0.0,0.001,0.0,0.0,0.0,0.0,0.0,212.0,212.0,212.0,159.0,2.022,183.4,29.63,3.2,3.5,2.0,-1.0,13.55,0.006,0.284,3.0,2.0,0.0,0.0,21.78,21.71,21.54,21.5,21.34,21.23,22.4,22.21,22.56,22.74,21.83,21.4,22.26,22.0,21.23,22.04,22.73,22.14,21.76
2017-06-30 00:37:00-05:00,-10.383702,-13.099078,-4.7964187,-10.99032,-10.816379,-3.7803986,-9.785349,-9.547496,937922.0,25.95,0.0,-0.11,-0.102,0.406,24.18,0.986,0.0,0.0,0.0,0.0,0.0,0.0,0.0,0.0,1.0,-1.8,-1.45,-0.2,0.0,0.0,0.0,0.0,0.0,271.1,274.0,274.4,273.0,0.605,0.0,0.0,-0.102,-0.032,0.073,0.0,6000.0,420211.0,202.0,437.0,59.95,2.0,34.0,41.0,33.0,24.17,21.39,-0.038,0.0,0.2,0.2,60.0,59.5,75.6,1.0,273.0,273.0,272.0,-0.075,0.03,0.081,1962.0,433107.0,13735.0,1967.0,-0.928,0.818,0.791,0.836,0.002,0.0,0.001,0.0,0.0,0.0,0.0,0.0,212.0,212.0,212.0,159.0,1.333,218.2,35.33,2.8,3.499,2.0,-1.0,13.55,0.005,0.283,3.0,2.0,0.0,0.0,21.8,21.71,21.6,21.52,21.39,21.24,22.4,22.17,22.57,22.69,21.79,21.35,22.21,21.94,21.18,21.98,22.69,22.08,21.7
2017-06-30 00:38:00-05:00,-10.383702,-13.099078,-4.5595584,-10.99032,-10.945146,-3.7803986,-9.659897,-9.547496,937923.0,25.95,0.0,-0.114,-0.102,0.406,24.18,0.945,0.0,0.0,0.0,0.0,0.0,0.0,0.0,0.0,1.0,-1.883,-1.5,-0.2,0.0,0.0,0.0,0.0,0.0,271.0,274.0,274.0,273.0,0.61,0.0,0.0,-0.1,-0.04,0.058,0.0,6000.0,420211.0,202.0,437.0,59.96,2.0,34.0,41.0,33.0,24.21,21.4,-0.038,0.0,0.2,0.2,60.0,59.5,75.6,1.0,273.0,273.0,272.0,-0.075,0.03,0.081,1962.0,433107.0,13735.0,1967.0,-0.928,0.818,0.791,0.836,0.001,0.0,0.001,0.0,0.0,0.0,0.0,0.0,212.0,212.0,212.0,159.0,1.825,263.7,29.63,2.6,3.5,2.0,-1.0,13.55,0.007,0.283,3.0,2.0,0.0,0.0,21.77,21.71,21.58,21.52,21.42,21.27,22.39,22.17,22.59,22.69,21.8,21.34,22.26,21.94,21.17,21.97,22.7,22.08,21.69
2017-06-30 00:39:00-05:00,-10.383702,-13.099078,-4.5595584,-10.857907,-10.816379,-3.7803986,-9.659897,-9.193885,937924.0,25.92,0.0,-0.104,-0.102,0.406,24.2,0.947,0.0,0.0,0.0,0.0,0.0,0.0,0.0,0.0,1.0,-1.867,-1.45,-0.2,0.0,0.0,0.0,0.0,0.0,270.7,273.5,274.0,272.3,0.612,0.0,0.0,-0.1,-0.057,0.053,0.0,6000.0,420211.0,202.0,437.0,59.96,2.0,34.0,41.0,33.0,24.27,21.38,-0.038,0.0,0.2,0.2,60.0,59.5,75.6,1.0,272.2,272.2,271.2,-0.075,0.03,0.081,1962.0,433107.0,13735.0,1967.0,-0.928,0.818,0.791,0.836,0.001,0.0,0.001,0.0,0.0,0.0,0.0,0.0,212.0,212.0,212.0,159.0,2.165,178.1,53.2,5.3,3.5,2.0,-1.0,13.59,0.005,0.283,3.0,2.0,0.0,0.0,21.77,21.71,21.57,21.52,21.4,21.23,22.4,22.19,22.65,22.72,21.82,21.37,22.28,21.99,21.2,22.0,22.74,22.13,21.72
2017-06-30 00:40:00-05:00,-10.383702,-13.099078,-4.4411287,-10.857907,-10.816379,-3.7803986,-9.659897,-9.0760145,937925.0,25.92,0.0,-0.104,-0.102,0.406,24.23,0.945,0.0,0.0,0.0,0.0,0.0,0.0,0.0,0.0,1.0,-1.85,-1.567,-0.2,0.0,0.0,0.0,0.0,0.0,270.8,273.4,274.0,272.3,0.607,0.0,0.0,-0.1,-0.047,0.08,0.0,6000.0,420211.0,202.0,437.0,59.96,2.0,34.0,41.0,33.0,24.24,21.41,-0.038,0.0,0.2,0.2,60.0,59.5,75.6,1.0,272.0,272.0,271.0,-0.075,0.03,0.081,1962.0,433107.0,13735.0,1967.0,-0.928,0.818,0.791,0.836,0.001,0.0,0.001,0.0,0.0,0.0,0.0,0.0,212.0,212.0,212.0,159.0,1.982,210.8,32.93,3.6,3.5,2.0,-1.0,13.59,0.005,0.283,3.0,2.0,0.0,0.0,21.77,21.71,21.62,21.52,21.42,21.32,22.4,22.19,22.6,22.71,21.82,21.36,22.24,22.0,21.2,21.97,22.67,22.11,21.69
2017-06-30 00:41:00-05:00,-10.383702,-13.099078,-4.4411287,-10.857907,-10.816379,-3.7803986,-9.785349,-9.193885,937926.0,25.91,0.0,-0.11,-0.102,0.406,24.22,0.945,0.0,0.0,0.0,0.0,0.0,0.0,0.0,0.0,1.0,-1.933,-1.6,-0.2,0.0,0.0,0.0,0.0,0.0,271.0,273.6,274.0,272.6,0.608,0.0,0.0,-0.1,-0.05,0.082,0.0,6000.0,420211.0,202.0,437.0,59.95,2.0,34.0,41.0,33.0,24.23,21.37,-0.038,0.0,0.2,0.2,60.0,59.5,75.6,1.0,272.0,272.0,271.0,-0.075,0.03,0.081,1962.0,433107.0,13735.0,1967.0,-0.929,0.818,0.791,0.836,0.001,0.0,0.001,0.0,0.0,0.0,0.0,0.0,212.0,212.0,212.0,159.0,1.063,221.5,56.98,2.9,3.5,2.0,-1.0,13.59,0.005,0.283,3.0,2.0,0.0,0.0,21.8,21.71,21.55,21.52,21.42,21.24,22.37,22.14,22.53,22.64,21.76,21.32,22.22,21.97,21.16,21.88,22.57,22.02,21.61
2017-06-30 00:42:00-05:00,-10.383702,-13.099078,-4.7964187,-10.99032,-10.816379,-3.7803986,-9.785349,-9.311755,937927.0,25.89,0.0,-0.11,-0.102,0.406,24.2,0.945,0.0,0.0,0.0,0.0,0.0,0.0,0.0,0.0,1.0,-1.867,-1.433,-0.2,0.0,0.0,0.0,0.0,0.0,271.0,273.3,274.0,272.3,0.598,0.0,0.0,-0.1,-0.047,0.057,0.0,6000.0,420211.0,202.0,437.0,59.94,2.0,34.0,41.0,33.0,24.21,21.37,-0.038,0.0,0.2,0.2,60.0,59.5,75.6,1.0,272.0,272.0,271.0,-0.075,0.03,0.081,1962.0,433107.0,13735.0,1967.0,-0.928,0.818,0.791,0.836,0.001,0.0,0.001,0.0,0.0,0.0,0.0,0.0,212.0,212.0,212.0,159.0,1.942,221.3,30.41,3.6,3.5,2.0,-1.0,13.59,0.005,0.283,3.0,2.0,0.0,0.0,21.77,21.63,21.52,21.5,21.42,21.23,22.31,22.11,22.53,22.65,21.74,21.29,22.15,21.97,21.13,21.85,22.53,21.99,21.58
2017-06-30 00:43:00-05:00,-10.383702,-13.099078,-4.7964187,-10.99032,-10.816379,-3.7803986,-9.910803,-9.193885,937928.0,25.89,0.0,0.395,0.465,0.863,24.19,0.945,0.0,0.0,0.0,0.0,0.0,0.0,0.0,0.0,1.0,-2.0,-1.533,-0.2,0.0,0.0,0.0,0.0,0.0,271.0,273.3,274.0,272.3,0.597,0.0,0.0,-0.102,-0.047,0.07,0.0,6000.0,420211.0,202.0,437.0,59.94,2.0,34.0,41.0,33.0,24.12,21.37,-0.036,0.0,0.2,0.2,60.0,59.5,75.6,1.0,272.0,272.0,271.0,-0.075,0.03,0.081,1962.0,433107.0,13735.0,1967.0,-0.928,0.818,0.791,0.836,0.001,0.0,0.001,0.0,0.0,0.0,0.0,0.0,212.0,212.0,212.0,159.0,1.557,260.6,25.27,2.5,3.5,2.0,-1.0,13.28,-0.008,0.286,1.0,2.0,0.0,0.001,21.72,21.65,21.54,21.52,21.39,21.23,22.31,22.12,22.6,22.65,21.75,21.28,22.17,21.97,21.12,21.85,22.58,21.98,21.57
2017-06-30 00:44:00-05:00,-10.507318,-13.099078,-4.7964187,-10.857907,-10.816379,-3.7803986,-9.659897,-9.0760145,937929.0,25.86,0.0,-0.108,-0.102,0.406,24.17,0.945,0.0,0.0,0.0,0.0,0.0,0.0,0.0,0.0,1.0,-1.817,-1.5,-0.2,0.0,0.0,0.0,0.0,0.0,271.0,273.8,274.0,272.8,0.602,0.0,0.0,-0.102,-0.05,0.087,0.0,6000.0,420211.0,202.0,437.0,59.95,2.0,34.0,41.0,33.0,24.13,21.32,-0.042,0.0,0.2,0.2,60.0,59.5,75.6,1.0,272.6,272.2,271.6,-0.075,0.03,0.081,1962.0,433107.0,13735.0,1967.0,-0.929,0.818,0.791,0.836,0.001,0.0,0.001,0.0,0.0,0.0,0.0,0.0,212.0,212.0,212.0,159.0,1.23,258.3,42.72,2.0,3.5,2.0,-1.0,13.47,0.019,0.283,3.0,2.0,0.0,0.0,21.66,21.62,21.52,21.44,21.32,21.18,22.31,22.14,22.56,22.65,21.77,21.28,22.19,21.94,21.12,21.87,22.63,22.02,21.6
2017-06-30 00:45:00-05:00,-10.507318,-13.099078,-4.7964187,-10.725493,-10.816379,-3.7803986,-9.659897,-9.0760145,937930.0,25.85,0.0,-0.104,-0.102,0.406,24.15,0.945,0.0,0.0,0.0,0.0,0.0,0.0,0.0,0.0,1.0,-1.817,-1.45,-0.2,0.0,0.0,0.0,0.0,0.0,271.0,273.8,274.0,272.8,0.595,0.0,0.0,-0.102,-0.048,0.065,0.0,6000.0,420211.0,202.0,437.0,59.95,2.0,34.0,41.0,33.0,24.12,21.27,-0.038,0.0,0.2,0.2,60.0,59.5,75.6,1.0,272.9,272.1,271.9,-0.075,0.03,0.081,1962.0,433107.0,13735.0,1967.0,-0.928,0.818,0.791,0.836,0.001,0.0,0.001,0.0,0.0,0.0,0.0,0.0,212.0,212.0,212.0,159.0,0.873,295.3,53.88,1.6,3.499,2.0,-1.0,13.59,0.006,0.283,3.0,2.0,0.0,0.0,21.62,21.57,21.52,21.42,21.24,21.13,22.34,22.12,22.51,22.63,21.76,21.29,22.19,21.93,21.12,21.87,22.59,21.99,21.59
2017-06-30 00:46:00-05:00,-10.754549,-13.426556,-4.7964187,-10.857907,-10.816379,-3.7803986,-9.659897,-9.193885,937931.0,25.84,0.0,-0.108,-0.102,0.406,24.13,0.945,0.0,0.0,0.0,0.0,0.0,0.0,0.0,0.0,1.0,-1.85,-1.567,-0.2,0.0,0.0,0.0,0.0,0.0,271.0,273.9,274.0,272.9,0.59,0.0,0.0,-0.1,-0.042,0.07,0.0,6000.0,420211.0,202.0,437.0,59.96,2.0,34.0,41.0,33.0,24.14,21.29,-0.038,0.0,0.2,0.2,60.0,59.5,75.6,1.0,273.0,272.6,272.0,-0.075,0.03,0.081,1962.0,433107.0,13735.0,1967.0,-0.928,0.818,0.791,0.836,0.001,0.0,0.001,0.0,0.0,0.0,0.0,0.0,212.0,212.0,212.0,159.0,2.082,222.8,51.31,4.0,3.5,2.0,-1.0,13.59,0.005,0.283,3.0,2.0,0.0,0.0,21.62,21.54,21.42,21.35,21.23,21.13,22.31,22.12,22.56,22.63,21.75,21.27,22.18,21.91,21.1,21.87,22.59,21.99,21.59
2017-06-30 00:47:00-05:00,-10.630933,-13.754032,-4.7964187,-10.857907,-10.945146,-3.7803986,-9.659897,-9.193885,937932.0,25.83,0.0,-0.115,-0.1,0.407,24.14,0.945,0.0,0.0,0.0,0.0,0.0,0.0,0.0,0.0,1.0,-1.833,-1.617,-0.2,0.0,0.0,0.0,0.0,0.0,271.0,274.0,274.0,273.0,0.588,0.0,0.0,-0.102,-0.043,0.078,0.0,6000.0,420211.0,202.0,437.0,59.94,2.0,34.0,41.0,33.0,24.06,21.24,-0.038,0.0,0.2,0.2,60.0,59.5,75.6,1.0,273.0,272.9,272.0,-0.075,0.03,0.081,1962.0,433107.0,13735.0,1967.0,-0.928,0.818,0.791,0.836,0.001,0.0,0.001,0.0,0.0,0.0,0.0,0.0,212.0,212.0,212.0,159.0,1.115,277.3,51.04,2.5,3.5,2.0,-1.0,13.59,0.005,0.283,3.0,2.0,0.0,0.0,21.62,21.52,21.42,21.32,21.16,21.08,22.31,22.12,22.52,22.63,21.75,21.27,22.21,21.88,21.11,21.89,22.63,22.01,21.6
2017-06-30 00:48:00-05:00,-10.754549,-13.590293,-4.7964187,-10.857907,-10.945146,-3.7803986,-9.785349,-9.0760145,937933.0,25.81,0.0,-0.116,-0.096,0.411,24.1,0.945,0.0,0.0,0.0,0.0,0.0,0.0,0.0,0.0,1.0,-1.983,-1.533,-0.2,0.0,0.0,0.0,0.0,0.0,271.0,273.7,274.0,272.7,0.585,0.0,0.0,-0.1,-0.057,0.063,0.0,6000.0,420211.0,202.0,437.0,59.94,2.0,34.0,41.0,33.0,24.05,21.2,-0.038,0.0,0.2,0.2,60.0,59.5,75.6,1.0,272.9,272.3,271.7,-0.075,0.03,0.081,1962.0,433107.0,13735.0,1967.0,-0.928,0.818,0.791,0.836,0.001,0.0,0.001,0.0,0.0,0.0,0.0,0.0,212.0,212.0,212.0,159.0,1.672,282.2,27.11,2.4,3.5,2.0,-1.0,13.59,0.005,0.283,3.0,2.0,0.0,0.0,21.53,21.52,21.37,21.32,21.13,21.03,22.26,22.1,22.49,22.62,21.73,21.28,22.21,21.88,21.12,21.87,22.63,22.01,21.58
2017-06-30 00:49:00-05:00,-11.0017805,-13.754032,-4.7964187,-10.857907,-10.945146,-3.7803986,-9.659897,-9.0760145,937934.0,25.79,0.0,0.089,0.216,1.002,24.09,0.945,0.0,0.0,0.0,0.0,0.0,0.0,0.0,0.0,1.0,-1.9,-1.55,-0.2,0.0,0.0,0.0,0.0,0.0,271.0,273.4,274.0,272.4,0.587,0.0,0.0,-0.103,-0.045,0.067,0.0,6000.0,420211.0,202.0,437.0,59.94,2.0,33.92,41.0,33.0,24.07,21.12,-0.038,0.0,0.2,0.2,60.0,59.5,75.6,1.0,272.2,272.0,271.1,-0.075,0.03,0.081,1962.0,433107.0,13735.0,1967.0,-0.929,0.818,0.791,0.836,0.001,0.0,0.001,0.0,0.0,0.0,0.0,0.0,212.0,212.0,212.0,159.0,1.318,290.0,59.48,2.2,3.5,2.0,-1.0,13.37,0.01,0.283,3.0,2.0,0.0,0.001,21.46,21.47,21.32,21.23,21.07,20.97,22.21,22.1,22.54,22.61,21.74,21.28,22.2,21.86,21.11,21.88,22.65,22.02,21.59
2017-06-30 00:50:00-05:00,-11.125395,-13.426556,-4.7964187,-10.59308,-10.816379,-3.7803986,-9.659897,-9.0760145,937935.0,25.79,0.0,-0.108,-0.098,0.41,24.06,0.945,0.0,0.0,0.0,0.0,0.0,0.0,0.0,0.0,1.0,-1.867,-1.6,-0.2,0.0,0.0,0.0,0.0,0.0,271.0,273.9,274.0,272.9,0.583,0.0,0.0,-0.103,-0.037,0.077,0.0,6000.0,420211.0,202.0,437.0,59.96,2.0,33.4,41.0,33.0,24.07,21.12,-0.038,0.0,0.2,0.2,60.0,59.5,75.6,1.0,272.9,272.9,271.9,-0.075,0.03,0.081,1962.0,433107.0,13735.0,1967.0,-0.928,0.818,0.791,0.836,0.002,0.0,0.001,0.0,0.0,0.0,0.0,0.0,212.0,212.0,212.0,159.0,1.503,235.0,75.96,2.9,3.5,2.0,-1.0,13.59,0.006,0.283,3.0,2.0,0.0,0.0,21.45,21.42,21.29,21.23,21.03,20.94,22.24,22.14,22.6,22.66,21.77,21.3,22.26,21.89,21.14,21.91,22.69,22.05,21.62
2017-06-30 00:51:00-05:00,-11.0017805,-13.099078,-4.7964187,-10.460667,-10.816379,-3.7803986,-9.534443,-9.0760145,937936.0,25.77,0.0,-0.111,-0.098,0.409,24.08,0.945,0.0,0.0,0.0,0.0,0.0,0.0,0.0,0.0,1.0,-1.917,-1.617,-0.2,0.0,0.0,0.0,0.0,0.0,271.0,274.0,274.0,273.0,0.585,0.0,0.0,-0.102,-0.032,0.065,0.0,6000.0,420211.0,202.0,437.0,59.95,2.0,33.05,41.0,33.0,24.13,21.16,-0.038,0.0,0.2,0.2,60.0,59.5,75.6,1.0,273.0,273.0,272.0,-0.075,0.03,0.081,1962.0,433107.0,13735.0,1967.0,-0.928,0.818,0.791,0.836,0.001,0.0,0.001,0.0,0.0,0.0,0.0,0.0,212.0,212.0,212.0,159.0,2.27,229.2,69.02,4.3,3.5,2.0,-1.0,13.59,0.005,0.283,3.0,2.0,0.0,0.0,21.49,21.46,21.32,21.31,21.11,20.97,22.31,22.16,22.59,22.67,21.8,21.33,22.29,21.9,21.17,21.93,22.68,22.06,21.65
2017-06-30 00:52:00-05:00,-10.754549,-13.099078,-4.7964187,-10.460667,-10.687613,-3.7803986,-9.534443,-8.958144,937937.0,25.76,0.0,-0.116,-0.099,0.409,24.07,0.945,0.0,0.0,0.0,0.0,0.0,0.0,0.0,0.0,1.0,-1.9,-1.533,-0.2,0.0,0.0,0.0,0.0,0.0,271.1,274.0,274.2,273.0,0.588,0.0,0.0,-0.102,-0.048,0.077,0.0,6000.0,420211.0,202.0,437.0,59.94,2.0,33.15,41.0,33.0,24.11,21.14,-0.038,0.0,0.2,0.2,60.0,59.5,75.6,1.0,273.0,273.0,272.0,-0.075,0.03,0.081,1962.0,433107.0,13735.0,1967.0,-0.928,0.818,0.791,0.836,0.002,0.0,0.001,0.0,0.0,0.0,0.0,0.0,212.0,212.0,212.0,159.0,1.117,115.9,96.5,3.0,3.5,2.0,-1.0,13.59,0.005,0.283,3.0,2.0,0.0,0.0,21.46,21.48,21.32,21.29,21.13,21.03,22.31,22.16,22.58,22.67,21.8,21.32,22.3,21.89,21.17,21.93,22.69,22.06,21.63
2017-06-30 00:53:00-05:00,-10.754549,-13.099078,-4.7964187,-10.460667,-10.816379,-3.7803986,-9.534443,-8.958144,937938.0,25.74,0.0,-0.114,-0.099,0.408,24.09,0.945,0.0,0.0,0.0,0.0,0.0,0.0,0.0,0.0,1.0,-1.967,-1.5,-0.2,0.0,0.0,0.0,0.0,0.0,271.1,274.0,274.2,273.0,0.58,0.0,0.0,-0.1,-0.05,0.068,0.0,6000.0,420211.0,202.0,437.0,59.95,2.0,33.82,41.0,33.0,24.08,21.14,-0.038,0.0,0.2,0.2,60.0,59.5,75.6,1.0,273.0,273.0,272.0,-0.075,0.03,0.081,1962.0,433107.0,13735.0,1967.0,-0.928,0.818,0.791,0.836,0.001,0.0,0.001,0.0,0.0,0.0,0.0,0.0,212.0,212.0,212.0,159.0,1.922,266.6,39.85,3.2,3.5,2.0,-1.0,13.59,0.005,0.283,3.0,2.0,0.0,0.0,21.43,21.46,21.32,21.32,21.13,20.98,22.31,22.17,22.6,22.68,21.8,21.35,22.31,21.91,21.2,21.97,22.73,22.09,21.67
2017-06-30 00:54:00-05:00,-10.754549,-13.099078,-4.7964187,-10.460667,-10.816379,-3.7803986,-9.534443,-9.0760145,937939.0,25.73,0.0,0.11,0.146,0.586,24.09,0.945,0.0,0.0,0.0,0.0,0.0,0.0,0.0,0.0,1.0,-1.933,-1.567,-0.2,0.0,0.0,0.0,0.0,0.0,271.5,274.0,274.1,273.0,0.555,0.0,0.0,-0.1,-0.043,0.082,0.0,6000.0,420211.0,202.0,437.0,59.95,2.0,33.9,40.98,33.0,24.13,21.12,-0.038,0.0,0.2,0.2,60.0,59.5,75.6,1.0,273.0,273.0,272.0,-0.075,0.03,0.081,1962.0,433107.0,13735.0,1967.0,-0.928,0.818,0.791,0.836,0.001,0.0,0.001,0.0,0.0,0.0,0.0,0.0,212.0,212.0,212.0,159.0,1.73,227.1,49.56,3.9,3.5,2.0,-1.0,13.37,0.006,0.282,3.0,2.0,0.0,0.001,21.44,21.48,21.3,21.31,21.13,20.94,22.31,22.15,22.62,22.68,21.78,21.32,22.25,21.87,21.17,21.94,22.66,22.08,21.66
2017-06-30 00:55:00-05:00,-10.630933,-13.099078,-4.7964187,-10.59308,-10.816379,-3.7803986,-9.659897,-9.0760145,937940.0,25.72,0.0,-0.106,-0.1,0.408,24.07,0.945,0.0,0.0,0.0,0.0,0.0,0.0,0.0,0.0,1.0,-1.867,-1.55,-0.2,0.0,0.0,0.0,0.0,0.0,271.6,274.0,274.3,273.0,0.548,0.0,0.0,-0.1,-0.045,0.063,0.0,6000.0,420211.0,202.0,437.0,59.95,2.0,33.82,40.73,33.0,24.02,21.09,-0.038,0.0,0.2,0.2,60.0,59.5,75.6,1.0,273.0,273.0,272.0,-0.075,0.03,0.081,1962.0,433107.0,13735.0,1967.0,-0.928,0.818,0.791,0.836,0.001,0.0,0.001,0.0,0.0,0.0,0.0,0.0,212.0,212.0,212.0,159.0,1.802,246.7,24.58,2.6,3.5,2.0,-1.0,13.37,0.008,0.284,3.0,2.0,0.0,0.001,21.43,21.44,21.27,21.26,21.13,20.94,22.31,22.13,22.53,22.67,21.77,21.29,22.21,21.9,21.14,21.89,22.6,22.06,21.61
2017-06-30 00:56:00-05:00,-10.630933,-13.099078,-4.7964187,-10.725493,-10.816379,-3.7803986,-9.659897,-9.0760145,937941.0,25.7,0.0,-0.117,-0.098,0.409,24.07,0.945,0.0,0.0,0.0,0.0,0.0,0.0,0.0,0.0,1.0,-1.8,-1.517,-0.2,0.0,0.0,0.0,0.0,0.0,272.0,274.0,274.7,273.0,0.543,0.0,0.0,-0.102,-0.052,0.07,0.0,6000.0,420211.0,202.0,437.0,59.96,2.0,33.38,40.22,33.0,23.94,21.05,-0.038,0.0,0.2,0.2,60.0,59.5,75.6,1.0,273.6,273.0,272.0,-0.075,0.03,0.081,1962.0,433107.0,13735.0,1967.0,-0.927,0.818,0.791,0.836,0.001,0.0,0.001,0.0,0.0,0.0,0.0,0.0,212.0,212.0,212.0,159.0,1.355,257.2,40.43,2.7,3.5,2.0,-1.0,13.59,0.005,0.283,3.0,2.0,0.0,0.0,21.41,21.38,21.23,21.18,21.07,20.92,22.31,22.1,22.48,22.61,21.73,21.26,22.21,21.87,21.11,21.88,22.6,22.04,21.59
2017-06-30 00:57:00-05:00,-10.754549,-13.099078,-4.7964187,-10.857907,-10.945146,-3.7803986,-9.659897,-9.0760145,937942.0,25.69,0.0,-0.116,-0.095,0.412,24.05,0.945,0.0,0.0,0.0,0.0,0.0,0.0,0.0,0.0,1.0,-1.667,-1.283,-0.2,0.0,0.0,0.0,0.0,0.0,272.0,274.0,274.6,273.0,0.54,0.0,0.0,-0.103,-0.038,0.068,0.0,6000.0,420211.0,202.0,437.0,59.96,2.0,33.17,40.15,33.0,23.96,21.02,-0.038,0.0,0.2,0.2,60.0,59.5,75.6,1.0,273.6,273.0,272.0,-0.075,0.03,0.081,1962.0,433107.0,13735.0,1967.0,-0.927,0.818,0.791,0.836,0.001,0.0,0.001,0.0,0.0,0.0,0.0,0.0,212.0,212.0,212.0,159.0,1.198,254.3,62.33,2.2,3.5,2.0,-1.0,13.59,0.005,0.283,3.0,2.0,0.0,0.0,21.33,21.41,21.16,21.13,21.03,20.84,22.27,22.06,22.44,22.57,21.7,21.24,22.2,21.82,21.08,21.86,22.59,22.01,21.58
2017-06-30 00:58:00-05:00,-10.754549,-13.099078,-4.7964187,-10.857907,-11.073912,-3.7803986,-9.659897,-9.311755,937943.0,25.67,0.0,-0.104,-0.091,0.416,24.04,0.945,0.0,0.0,0.0,0.0,0.0,0.0,0.0,0.0,1.0,-1.65,-1.367,-0.2,0.0,0.0,0.0,0.0,0.0,272.0,274.0,274.5,273.0,0.547,0.0,0.0,-0.103,-0.043,0.063,0.0,6000.0,420211.0,202.0,437.0,59.95,2.0,33.03,40.03,33.0,23.97,21.08,-0.038,0.0,0.2,0.2,60.0,59.5,75.6,1.0,273.3,273.0,272.0,-0.075,0.03,0.081,1962.0,433107.0,13735.0,1967.0,-0.928,0.818,0.791,0.836,0.001,0.0,0.001,0.0,0.0,0.0,0.0,0.0,212.0,212.0,212.0,159.0,1.545,262.5,45.71,3.2,3.5,2.0,-1.0,13.59,0.005,0.283,3.0,2.0,0.0,0.0,21.37,21.41,21.13,21.13,21.01,20.82,22.27,22.01,22.38,22.52,21.64,21.2,22.14,21.77,21.05,21.83,22.56,21.98,21.54
2017-06-30 00:59:00-05:00,-10.754549,-13.099078,-4.7964187,-10.857907,-10.945146,-3.7803986,-9.659897,-9.311755,937944.0,25.67,0.0,-0.118,-0.092,0.415,24.06,0.945,0.0,0.0,0.0,0.0,0.0,0.0,0.0,0.0,1.0,-1.783,-1.55,-0.2,0.0,0.0,0.0,0.0,0.0,272.0,274.0,274.8,273.0,0.563,0.0,0.0,-0.102,-0.047,0.077,0.0,6000.0,420211.0,202.0,437.0,59.95,2.0,33.0,40.0,33.0,24.06,21.03,-0.038,0.0,0.2,0.2,60.0,59.5,75.6,1.0,273.0,273.0,272.0,-0.075,0.03,0.081,1962.0,433107.0,13735.0,1967.0,-0.927,0.818,0.791,0.836,0.001,0.0,0.001,0.0,0.0,0.0,0.0,0.0,212.0,212.0,212.0,159.0,1.207,205.3,40.45,2.1,3.5,2.0,-1.0,13.59,0.005,0.283,3.0,2.0,0.0,0.0,21.37,21.43,21.13,21.13,21.03,20.77,22.21,22.01,22.45,22.52,21.64,21.17,22.1,21.74,21.03,21.82,22.57,21.96,21.53
2017-06-30 01:00:00-05:00,-10.630933,-13.099078,-4.7964187,-10.99032,-10.945146,-3.7803986,-9.659897,-9.193885,937945.0,25.65,0.0,0.175,0.194,0.63,24.05,0.945,0.0,0.0,0.0,0.0,0.0,0.0,0.0,0.0,1.0,-1.917,-1.533,-0.2,0.0,0.0,0.0,0.0,0.0,272.0,274.1,274.9,273.1,0.56,0.0,0.0,-0.1,-0.043,0.083,0.0,6000.0,420211.0,202.0,437.0,59.96,2.0,33.0,40.0,33.0,24.04,21.03,-0.038,0.0,0.2,0.2,60.0,59.5,75.6,1.0,273.7,273.0,272.0,-0.075,0.03,0.081,1962.0,433107.0,13735.0,1967.0,-0.928,0.818,0.791,0.836,0.001,0.0,0.001,0.0,0.0,0.0,0.0,0.0,212.0,212.0,212.0,159.0,1.455,251.0,51.45,2.4,3.5,2.0,-1.0,13.3,-0.005,0.285,1.0,2.0,0.0,0.001,21.38,21.43,21.13,21.13,21.03,20.82,22.19,22.01,22.45,22.53,21.65,21.15,22.08,21.72,21.0,21.81,22.55,21.95,21.53
2017-06-30 01:01:00-05:00,,,,,,,,,,,,,,,,,,,,,,,,,,,,,,,,,,,,,,,,,,,,,,,,,,,,,,,,,,,,,,,,,,,,,,,,,,,,,,,,,,,,,,,,,,,,,,,,,,,,,,,,,,,,,,,,,,,,,,,,,,
2017-06-30 01:02:00-05:00,,,,,,,,,,,,,,,,,,,,,,,,,,,,,,,,,,,,,,,,,,,,,,,,,,,,,,,,,,,,,,,,,,,,,,,,,,,,,,,,,,,,,,,,,,,,,,,,,,,,,,,,,,,,,,,,,,,,,,,,,,
2017-06-30 01:03:00-05:00,,,,,,,,,,,,,,,,,,,,,,,,,,,,,,,,,,,,,,,,,,,,,,,,,,,,,,,,,,,,,,,,,,,,,,,,,,,,,,,,,,,,,,,,,,,,,,,,,,,,,,,,,,,,,,,,,,,,,,,,,,
2017-06-30 01:04:00-05:00,,,,,,,,,,,,,,,,,,,,,,,,,,,,,,,,,,,,,,,,,,,,,,,,,,,,,,,,,,,,,,,,,,,,,,,,,,,,,,,,,,,,,,,,,,,,,,,,,,,,,,,,,,,,,,,,,,,,,,,,,,
2017-06-30 01:05:00-05:00,-10.507318,-13.099078,-4.7964187,-10.857907,-10.816379,-3.7803986,-9.659897,-9.0760145,937946.0,25.55,0.0,-0.085,-0.075,0.432,23.97,1.215,0.0,0.0,0.0,0.0,0.0,0.0,0.0,0.0,1.0,-1.679,-1.5,-0.2,0.0,0.0,0.0,0.0,0.0,271.0,274.0,274.0,273.0,0.575,0.0,0.0,-0.1,-0.036,0.071,0.0,6000.0,420211.0,202.0,437.0,59.98,2.0,33.0,40.0,33.0,23.95,20.96,-0.038,0.0,0.2,0.2,60.0,59.5,75.6,1.0,273.0,273.0,272.0,-0.075,0.03,0.081,1962.0,433107.0,13735.0,1967.0,-0.928,0.818,0.791,0.836,0.0,0.0,0.001,0.0,0.0,0.0,0.0,0.0,0.0,0.0,0.0,0.0,1.296,266.3,20.48,1.9,3.499,2.75,-1.0,,0.005,0.278,3.0,2.0,0.0,0.0,21.24,21.33,21.13,21.03,20.94,20.74,22.11,21.93,22.31,22.42,21.55,21.08,22.07,21.68,20.93,21.77,22.51,21.93,21.49
2017-06-30 01:06:00-05:00,-10.383702,-13.099078,-4.7964187,-10.857907,-10.816379,-3.7803986,-9.659897,-9.0760145,937947.0,25.55,0.0,0.176,0.246,0.688,23.93,1.215,0.0,0.0,0.0,0.0,0.0,0.0,0.0,0.0,1.033,-1.75,-1.55,-0.2,0.0,0.0,0.0,0.0,0.0,271.0,274.0,274.0,273.0,0.578,0.0,0.0,-0.102,-0.055,0.073,0.0,6000.0,420211.0,202.0,437.0,59.97,2.0,33.0,40.0,33.0,23.92,20.94,-0.038,0.0,0.2,0.2,60.0,59.5,75.6,1.0,273.0,273.0,272.0,-0.075,0.03,0.081,1962.0,433107.0,13735.0,1967.0,-0.928,0.818,0.791,0.836,0.001,0.0,0.001,0.0,0.0,0.0,0.0,0.0,0.0,0.0,0.0,0.0,1.168,285.0,29.95,2.1,3.5,2.0,-1.0,13.31,0.004,0.284,1.0,2.0,0.0,0.001,21.24,21.33,21.07,21.03,20.94,20.74,22.11,21.91,22.29,22.4,21.53,21.07,22.05,21.69,20.92,21.76,22.49,21.91,21.48
2017-06-30 01:07:00-05:00,-10.383702,-13.099078,-4.7964187,-10.857907,-10.816379,-3.7803986,-9.659897,-9.193885,937948.0,25.55,0.0,-0.11,-0.074,0.434,23.88,1.26,0.0,0.0,0.0,0.0,0.0,0.0,0.0,0.0,1.15,-1.6,-1.45,-0.2,0.0,0.0,0.0,0.0,0.0,271.0,274.0,274.0,273.0,0.57,0.0,0.0,-0.102,-0.05,0.07,0.0,6000.0,420211.0,202.0,437.0,59.97,2.0,33.0,40.0,33.0,23.85,20.91,-0.038,0.0,0.2,0.2,60.0,59.5,75.6,1.0,273.0,273.0,272.0,-0.075,0.03,0.081,1962.0,433107.0,13735.0,1967.0,-0.929,0.818,0.791,0.836,0.001,0.0,0.0,0.0,0.0,0.0,0.0,0.0,0.0,0.0,0.0,0.0,0.807,142.4,84.8,1.7,3.499,2.0,-1.0,13.59,0.007,0.282,3.0,2.0,0.0,0.0,21.24,21.33,21.03,21.03,20.94,20.74,22.09,21.88,22.25,22.37,21.51,21.04,22.02,21.66,20.9,21.75,22.48,21.89,21.47
2017-06-30 01:08:00-05:00,-10.383702,-13.099078,-4.7964187,-10.857907,-10.816379,-3.7803986,-9.659897,-9.311755,937949.0,25.52,0.0,-0.108,-0.074,0.434,23.87,1.443,0.0,0.0,0.0,0.0,0.0,0.0,0.0,0.0,1.317,-1.567,-1.317,-0.2,0.0,0.0,0.0,0.0,0.0,271.0,274.0,274.0,273.0,0.568,0.0,0.0,-0.102,-0.043,0.057,0.0,6000.0,420211.0,202.0,437.0,59.97,2.0,33.0,40.0,33.0,23.84,20.91,-0.038,0.0,0.2,0.2,60.0,59.5,75.6,1.0,273.0,273.0,272.0,-0.075,0.03,0.081,1962.0,433107.0,13735.0,1967.0,-0.929,0.818,0.791,0.836,0.001,-0.001,0.001,0.0,0.0,0.0,0.0,0.0,0.0,0.0,0.0,0.0,1.565,281.5,38.92,3.1,3.5,2.0,-1.0,13.59,0.005,0.282,3.0,2.0,0.0,0.0,21.24,21.33,21.03,21.01,20.94,20.74,22.05,21.87,22.22,22.37,21.49,21.03,21.99,21.64,20.88,21.73,22.46,21.86,21.45
2017-06-30 01:09:00-05:00,-10.507318,-13.099078,-4.6779885,-10.460667,-10.816379,-3.7803986,-9.659897,-9.193885,937950.0,25.52,0.0,-0.1,-0.074,0.433,23.88,1.484,0.0,0.0,0.0,0.0,0.0,0.0,0.0,0.0,1.533,-1.867,-1.517,-0.2,0.0,0.0,0.0,0.0,0.0,271.0,274.0,274.0,273.0,0.568,0.0,0.0,-0.1,-0.055,0.075,0.0,6000.0,420211.0,202.0,437.0,59.97,2.0,33.0,40.0,33.0,23.88,20.94,-0.038,0.0,0.2,0.2,60.0,59.5,75.6,1.0,273.0,273.0,272.0,-0.075,0.03,0.081,1962.0,433107.0,13735.0,1967.0,-0.929,0.818,0.791,0.836,0.001,-0.001,0.001,0.0,0.0,0.0,0.0,0.0,0.0,0.0,0.0,0.0,0.698,235.6,93.1,2.3,3.5,2.0,-1.0,13.59,0.005,0.282,3.0,2.0,0.0,0.0,21.24,21.33,21.03,21.05,20.94,20.74,22.1,21.88,22.25,22.38,21.51,21.05,22.02,21.64,20.91,21.75,22.48,21.87,21.46
2017-06-30 01:10:00-05:00,-10.383702,-13.099078,-4.6779885,-10.328253,-10.687613,-3.7803986,-9.659897,-9.0760145,937951.0,25.49,0.0,-0.108,-0.07,0.437,23.9,1.505,0.0,0.0,0.0,0.0,0.0,0.0,0.0,0.0,1.833,-1.9,-1.533,-0.2,0.0,0.0,0.0,0.0,0.0,271.0,274.0,274.0,273.0,0.568,0.0,0.0,-0.102,-0.048,0.07,0.0,6000.0,420211.0,202.0,437.0,59.96,2.0,33.0,40.0,32.97,23.86,20.94,-0.038,0.0,0.2,0.2,60.0,59.5,75.6,1.0,273.0,273.0,272.0,-0.075,0.03,0.081,1962.0,433107.0,13735.0,1967.0,-0.929,0.818,0.791,0.836,0.001,0.0,0.001,0.0,0.0,0.0,0.0,0.0,0.0,0.0,0.0,0.0,1.25,237.9,43.31,2.4,3.5,2.0,-1.0,13.59,0.005,0.283,3.0,2.0,0.0,0.0,21.24,21.33,21.07,21.07,20.95,20.74,22.11,21.91,22.33,22.41,21.54,21.08,22.03,21.65,20.93,21.75,22.47,21.87,21.47
2017-06-30 01:11:00-05:00,-10.260086,-13.099078,-4.4411287,-10.328253,-10.687613,-3.7803986,-9.659897,-9.0760145,937952.0,25.49,0.0,0.291,0.357,0.793,23.92,1.619,0.0,0.0,0.0,0.0,0.0,0.0,0.0,0.0,2.0,-1.883,-1.55,-0.2,0.0,0.0,0.0,0.0,0.0,271.0,274.0,274.0,273.0,0.565,0.0,0.0,-0.1,-0.05,0.067,0.0,6000.0,420211.0,202.0,437.0,59.97,2.0,33.0,40.0,32.85,23.88,21.01,-0.038,0.0,0.2,0.2,60.0,59.5,75.6,1.0,273.0,273.0,272.0,-0.075,0.03,0.081,1962.0,433107.0,13735.0,1967.0,-0.929,0.818,0.791,0.836,0.001,0.0,0.001,0.0,0.0,0.0,0.0,0.0,0.0,0.0,0.0,0.0,1.715,249.2,28.9,3.1,3.499,2.0,-1.0,13.59,0.007,0.282,3.0,2.0,0.0,0.0,21.3,21.38,21.13,21.07,20.94,20.76,22.14,21.94,22.36,22.44,21.57,21.11,22.09,21.71,20.96,21.79,22.52,21.91,21.5
2017-06-30 01:12:00-05:00,-10.136472,-13.099078,-4.322698,-10.19584,-10.558846,-3.7803986,-9.40899,-8.958144,937953.0,25.47,0.0,-0.1,-0.066,0.438,23.91,1.807,0.0,0.0,0.0,0.0,0.0,0.0,0.0,0.0,2.0,-1.983,-1.55,-0.2,0.0,0.0,0.0,0.0,0.0,271.1,274.0,274.0,273.0,0.575,0.0,0.0,-0.103,-0.04,0.062,0.0,6000.0,420211.0,202.0,437.0,59.97,2.0,33.0,40.0,32.47,23.9,21.05,-0.038,0.0,0.2,0.2,60.0,59.5,75.6,1.0,273.0,273.0,272.0,-0.075,0.03,0.081,1962.0,433107.0,13735.0,1967.0,-0.928,0.818,0.791,0.836,0.001,0.0,0.001,0.0,0.0,0.0,0.0,0.0,0.0,0.0,0.0,0.0,1.582,233.8,23.05,3.4,3.499,2.0,-1.0,13.41,0.005,0.283,3.0,2.0,0.0,0.001,21.37,21.43,21.13,21.13,20.94,20.82,22.21,21.98,22.36,22.48,21.6,21.17,22.09,21.77,21.03,21.86,22.53,21.97,21.58
2017-06-30 01:13:00-05:00,-9.88924,-12.607862,-4.085839,-10.19584,-10.430079,-3.554703,-9.40899,-8.840274,937954.0,25.46,0.0,-0.086,-0.063,0.445,23.89,2.074,0.0,0.0,0.0,0.0,0.0,0.0,0.0,0.0,2.117,-2.0,-1.617,-0.2,0.0,0.0,0.0,0.0,0.0,271.2,274.0,274.1,273.0,0.568,0.0,0.0,-0.1,-0.038,0.077,0.0,6000.0,420211.0,202.0,437.0,59.97,2.0,33.0,40.0,32.0,23.86,21.07,-0.038,0.0,0.2,0.2,60.0,59.5,75.6,1.0,273.0,273.0,272.0,-0.075,0.03,0.081,1962.0,433107.0,13735.0,1967.0,-0.928,0.818,0.791,0.836,0.001,0.0,0.0,-0.001,0.0,0.0,0.0,0.0,0.0,0.0,0.0,0.0,2.177,219.1,28.25,3.4,3.499,2.0,-1.0,13.59,0.005,0.283,3.0,2.0,0.0,0.0,21.38,21.43,21.13,21.13,21.03,20.84,22.21,22.01,22.37,22.5,21.63,21.21,22.12,21.83,21.07,21.88,22.56,22.0,21.59
2017-06-30 01:14:00-05:00,-9.642009,-12.116648,-3.9674082,-10.19584,-10.172546,-3.4418554,-9.283538,-8.722404,937955.0,25.44,0.0,-0.104,-0.064,0.443,23.93,2.352,0.0,0.0,0.0,0.0,0.0,0.0,0.0,0.0,2.9,-1.95,-1.6,-0.2,0.0,0.0,0.0,0.0,0.0,271.3,274.0,274.1,273.0,0.57,0.0,0.0,-0.1,-0.047,0.063,0.0,6000.0,420211.0,202.0,437.0,59.95,2.0,33.0,40.0,32.0,23.89,21.14,-0.038,0.0,0.2,0.2,60.0,59.5,75.6,1.0,273.0,273.0,272.0,-0.075,0.03,0.081,1962.0,433107.0,13735.0,1967.0,-0.928,0.818,0.791,0.836,0.001,-0.001,0.001,0.0,0.0,0.0,0.0,0.0,0.0,0.0,0.0,0.0,1.785,233.9,24.28,3.2,3.499,2.0,-1.0,13.59,0.005,0.283,3.0,2.0,0.0,0.0,21.43,21.49,21.25,21.25,21.12,20.92,22.21,22.05,22.4,22.54,21.68,21.25,22.14,21.86,21.11,21.91,22.56,22.04,21.63
2017-06-30 01:15:00-05:00,-9.5183935,-11.9529085,-3.9674082,-10.19584,-9.915014,-3.21616,-9.032631,-8.604533,937956.0,25.43,0.0,-0.097,-0.065,0.442,23.89,2.429,0.0,0.0,0.0,0.0,0.0,0.0,0.0,0.0,3.0,-1.967,-1.55,-0.2,0.0,0.0,0.0,0.0,0.0,271.5,274.0,274.2,273.0,0.568,0.0,0.0,-0.102,-0.038,0.058,0.0,6000.0,420211.0,202.0,437.0,59.95,2.0,33.0,40.0,32.0,23.85,21.2,-0.038,0.0,0.2,0.2,60.0,59.5,75.6,1.0,273.0,273.0,272.0,-0.075,0.03,0.081,1962.0,433107.0,13735.0,1967.0,-0.928,0.818,0.791,0.836,0.001,-0.001,0.001,0.0,0.0,0.0,0.0,0.0,0.0,0.0,0.0,0.0,1.432,245.0,20.17,2.4,3.5,2.0,-1.0,13.59,0.005,0.283,3.0,2.0,0.0,0.0,21.49,21.53,21.29,21.31,21.15,20.97,22.21,22.11,22.43,22.58,21.74,21.31,22.19,21.93,21.17,21.95,22.61,22.08,21.67
2017-06-30 01:16:00-05:00,-9.5183935,-11.9529085,-3.9674082,-10.063426,-9.915014,-3.103312,-8.907177,-8.368793,937957.0,25.43,0.0,-0.092,-0.063,0.445,23.88,2.358,0.0,0.0,0.0,0.0,0.0,0.0,0.0,0.0,2.917,-1.967,-1.567,-0.198,0.0,0.0,0.0,0.0,0.0,271.3,274.0,274.0,273.0,0.575,0.0,0.0,-0.1,-0.053,0.085,0.0,6000.0,420211.0,202.0,437.0,59.94,2.0,33.0,40.0,32.0,23.83,21.24,-0.038,0.0,0.2,0.2,60.0,59.5,75.6,1.0,273.0,273.0,272.0,-0.075,0.03,0.081,1962.0,433107.0,13735.0,1967.0,-0.928,0.818,0.791,0.836,0.0,0.0,0.0,0.0,0.0,0.0,0.0,0.0,0.0,0.0,0.0,0.0,1.532,225.1,31.15,2.6,3.499,2.0,-1.0,13.59,0.005,0.283,3.0,2.0,0.0,0.0,21.53,21.56,21.37,21.34,21.21,21.05,22.29,22.15,22.49,22.64,21.78,21.36,22.2,21.98,21.21,21.99,22.65,22.11,21.71
2017-06-30 01:17:00-05:00,-9.5183935,-11.9529085,-3.9674082,-10.063426,-9.915014,-3.103312,-8.907177,-8.368793,937958.0,25.41,0.0,0.386,0.454,0.887,23.85,2.137,0.0,0.0,0.0,0.0,0.0,0.0,0.0,0.0,2.333,-1.967,-1.567,-0.2,0.0,0.0,0.0,0.0,0.0,271.2,274.0,274.1,273.0,0.568,0.0,0.0,-0.1,-0.045,0.065,0.0,6000.0,420211.0,202.0,437.0,59.95,2.0,33.0,40.0,32.0,23.83,21.28,-0.038,0.0,0.2,0.2,60.0,59.5,75.6,1.0,273.0,273.0,272.0,-0.075,0.03,0.081,1962.0,433107.0,13735.0,1967.0,-0.928,0.818,0.791,0.836,0.001,-0.001,0.001,0.0,0.0,0.0,0.0,0.0,0.0,0.0,0.0,0.0,1.12,232.7,25.27,2.2,3.499,2.0,-1.0,13.31,-0.014,0.283,1.0,2.0,0.0,0.001,21.56,21.62,21.42,21.39,21.24,21.05,22.23,22.16,22.47,22.62,21.79,21.36,22.16,21.97,21.2,22.0,22.62,22.11,21.73
2017-06-30 01:18:00-05:00,-9.5183935,-11.9529085,-3.9674082,-10.063426,-9.915014,-3.103312,-8.907177,-8.368793,937959.0,25.4,0.0,-0.106,-0.062,0.44,23.82,1.917,0.0,0.0,0.0,0.0,0.0,0.0,0.0,0.0,2.017,-1.75,-1.467,-0.2,0.0,0.0,0.0,0.0,0.0,271.2,274.0,274.2,273.0,0.56,0.0,0.0,-0.103,-0.045,0.06,0.0,6000.0,420211.0,202.0,437.0,59.96,2.0,33.0,40.0,32.0,23.87,21.31,-0.038,0.0,0.2,0.2,60.0,59.5,75.6,1.0,273.0,273.0,272.0,-0.075,0.03,0.081,1962.0,433107.0,13735.0,1967.0,-0.928,0.818,0.791,0.836,0.001,0.0,0.0,0.0,0.0,0.0,0.0,0.0,0.0,0.0,0.0,0.0,1.922,225.9,35.94,3.6,3.5,2.0,-1.0,13.31,0.028,0.285,1.0,2.0,0.0,0.001,21.61,21.62,21.46,21.42,21.26,21.12,22.23,22.19,22.55,22.66,21.83,21.36,22.18,21.99,21.2,22.01,22.64,22.12,21.75
2017-06-30 01:19:00-05:00,-9.5183935,-11.9529085,-3.9674082,-10.063426,-9.915014,-3.103312,-8.781725,-8.368793,937960.0,25.39,0.0,-0.098,-0.066,0.441,23.88,1.805,0.0,0.0,0.0,0.0,0.0,0.0,0.0,0.0,2.0,-1.85,-1.517,-0.2,0.0,0.0,0.0,0.0,0.0,271.1,274.0,274.4,273.0,0.56,0.0,0.0,-0.103,-0.038,0.072,0.0,6000.0,420211.0,202.0,437.0,59.96,2.0,33.0,40.0,32.0,23.92,21.32,-0.038,0.0,0.2,0.2,60.0,59.5,75.6,1.0,273.0,273.0,272.0,-0.075,0.03,0.081,1962.0,433107.0,13735.0,1967.0,-0.928,0.818,0.791,0.836,0.001,0.0,0.001,0.0,0.0,0.0,0.0,0.0,0.0,0.0,0.0,0.0,1.177,216.0,28.32,2.1,3.499,2.0,-1.0,13.59,0.005,0.283,3.0,2.0,0.0,0.0,21.62,21.62,21.46,21.46,21.33,21.18,22.24,22.21,22.53,22.67,21.84,21.34,22.18,21.96,21.19,22.01,22.62,22.12,21.73
2017-06-30 01:20:00-05:00,-9.5183935,-11.9529085,-3.9674082,-10.19584,-10.043779,-3.3290076,-8.907177,-8.368793,937961.0,25.37,0.0,-0.112,-0.068,0.44,23.84,1.619,0.0,0.0,0.0,0.0,0.0,0.0,0.0,0.0,2.0,-1.8,-1.483,-0.2,0.0,0.0,0.0,0.0,0.0,271.2,274.0,274.4,273.0,0.557,0.0,0.0,-0.105,-0.035,0.072,0.0,6000.0,420211.0,202.0,437.0,59.96,2.0,33.0,40.0,32.0,23.86,21.32,-0.038,0.0,0.2,0.2,60.0,59.5,75.6,1.0,273.0,273.0,272.0,-0.075,0.03,0.081,1962.0,433107.0,13735.0,1967.0,-0.928,0.818,0.791,0.836,0.001,0.0,0.001,0.0,0.0,0.0,0.0,0.0,0.0,0.0,0.0,0.0,1.25,258.9,30.15,2.1,3.5,2.0,-1.0,13.59,0.005,0.283,3.0,2.0,0.0,0.0,21.62,21.62,21.44,21.41,21.38,21.17,22.21,22.2,22.5,22.66,21.84,21.33,22.19,21.96,21.17,21.99,22.62,22.11,21.72
2017-06-30 01:21:00-05:00,-9.642009,-11.9529085,-3.9674082,-10.19584,-10.172546,-3.4418554,-9.032631,-8.486663,937962.0,25.37,0.0,-0.116,-0.068,0.44,23.86,1.619,0.0,0.0,0.0,0.0,0.0,0.0,0.0,0.0,2.0,-1.867,-1.45,-0.2,0.0,0.0,0.0,0.0,0.0,271.5,274.0,274.8,273.0,0.578,0.0,0.0,-0.1,-0.038,0.057,0.0,6000.0,420211.0,202.0,437.0,59.95,2.0,33.0,40.0,32.0,23.86,21.33,-0.038,0.0,0.2,0.2,60.0,59.5,75.6,1.0,273.0,273.0,272.0,-0.075,0.03,0.081,1962.0,433107.0,13735.0,1967.0,-0.928,0.818,0.791,0.836,0.001,-0.001,0.001,0.0,0.0,0.0,0.0,0.0,0.0,0.0,0.0,0.0,1.742,230.4,40.81,3.7,3.5,2.0,-1.0,13.59,0.005,0.283,3.0,2.0,0.0,0.0,21.62,21.62,21.48,21.43,21.38,21.18,22.21,22.18,22.48,22.62,21.81,21.32,22.16,21.93,21.16,21.99,22.6,22.09,21.71
2017-06-30 01:22:00-05:00,-9.88924,-11.9529085,-3.9674082,-10.19584,-10.172546,-3.554703,-9.283538,-8.604533,937963.0,25.36,0.0,-0.103,-0.065,0.443,23.88,1.597,0.0,0.0,0.0,0.0,0.0,0.0,0.0,0.0,2.0,-1.867,-1.467,-0.2,0.0,0.0,0.0,0.0,0.0,271.8,274.0,275.0,273.0,0.572,0.0,0.0,-0.103,-0.053,0.068,0.0,6000.0,420211.0,202.0,437.0,59.96,2.0,33.0,40.0,32.0,23.9,21.35,-0.038,0.0,0.2,0.2,60.0,59.5,75.6,1.0,273.2,273.0,272.1,-0.075,0.03,0.081,1962.0,433107.0,13735.0,1967.0,-0.928,0.818,0.791,0.836,0.001,0.0,0.0,-0.001,0.0,0.0,0.0,0.0,0.0,0.0,0.0,0.0,2.313,193.9,29.54,3.4,3.5,2.0,-1.0,13.59,0.005,0.283,3.0,2.0,0.0,0.0,21.62,21.62,21.54,21.49,21.41,21.18,22.19,22.19,22.55,22.62,21.81,21.3,22.15,21.93,21.13,21.95,22.54,22.05,21.68
2017-06-30 01:23:00-05:00,-10.136472,-11.9529085,-3.9674082,-10.328253,-10.301313,-3.7803986,-9.283538,-8.840274,937964.0,25.34,0.0,0.496,0.557,1.014,23.83,1.488,0.0,0.0,0.0,0.0,0.0,0.0,0.0,0.0,1.917,-1.667,-1.433,-0.2,0.0,0.0,0.0,0.0,0.0,271.9,274.0,275.0,273.0,0.577,0.0,0.0,-0.102,-0.043,0.063,0.0,6000.0,420211.0,202.0,437.0,59.96,2.0,33.0,40.0,32.0,23.85,21.36,-0.038,0.0,0.2,0.2,60.0,59.5,75.6,1.0,273.5,273.0,272.5,-0.075,0.03,0.081,1962.0,433107.0,13735.0,1967.0,-0.928,0.818,0.791,0.836,0.001,0.0,0.001,0.0,0.0,0.0,0.0,0.0,0.0,0.0,0.0,0.0,0.972,215.1,50.14,2.6,3.5,2.0,-1.0,13.4,-0.004,0.283,3.0,2.0,0.0,0.001,21.62,21.62,21.59,21.53,21.41,21.2,22.13,22.15,22.46,22.58,21.77,21.26,22.09,21.88,21.1,21.91,22.51,22.0,21.64
2017-06-30 01:24:00-05:00,-10.260086,-11.9529085,-3.9674082,-10.59308,-10.430079,-3.7803986,-9.40899,-8.958144,937965.0,25.34,0.0,-0.111,-0.066,0.45,23.82,1.484,0.0,0.0,0.0,0.0,0.0,0.0,0.0,0.0,1.183,-1.95,-1.533,-0.2,0.0,0.0,0.0,0.0,0.0,271.7,274.0,274.9,273.0,0.58,0.0,0.0,-0.1,-0.052,0.052,0.0,6000.0,420211.0,202.0,437.0,59.96,2.0,33.0,40.0,32.0,23.84,21.31,-0.038,0.0,0.2,0.2,60.0,59.5,75.6,1.0,273.1,273.0,272.0,-0.075,0.03,0.081,1962.0,433107.0,13735.0,1967.0,-0.928,0.818,0.791,0.836,0.001,0.0,0.001,0.0,0.0,0.0,0.0,0.0,0.0,0.0,0.0,0.0,1.198,227.3,58.66,3.0,3.5,2.0,-1.0,13.45,0.015,0.284,3.0,2.0,0.0,0.001,21.62,21.62,21.56,21.49,21.43,21.2,22.09,22.12,22.47,22.56,21.75,21.22,22.01,21.83,21.06,21.88,22.48,21.98,21.62
2017-06-30 01:25:00-05:00,-10.260086,-12.280385,-3.9674082,-10.725493,-10.558846,-3.7803986,-9.40899,-9.0760145,937966.0,25.31,0.0,-0.112,-0.064,0.444,23.82,1.267,0.0,0.0,0.0,0.0,0.0,0.0,0.0,0.0,1.017,-1.867,-1.533,-0.2,0.0,0.0,0.0,0.0,0.0,271.4,274.0,274.8,273.0,0.573,0.0,0.0,-0.102,-0.045,0.058,0.0,6000.0,420211.0,202.0,437.0,59.94,2.0,33.0,40.0,32.0,23.83,21.3,-0.038,0.0,0.2,0.2,60.0,59.5,75.6,1.0,273.0,273.0,272.0,-0.075,0.03,0.081,1962.0,433107.0,13735.0,1967.0,-0.928,0.818,0.791,0.836,0.001,0.0,0.001,0.0,0.0,0.0,0.0,0.0,0.0,0.0,0.0,0.0,1.858,211.4,59.7,3.7,3.5,2.0,-1.0,13.59,0.005,0.283,3.0,2.0,0.0,0.0,21.62,21.57,21.51,21.4,21.33,21.11,22.01,22.08,22.41,22.51,21.7,21.15,21.92,21.79,21.0,21.84,22.45,21.95,21.58
2017-06-30 01:26:00-05:00,-10.383702,-12.607862,-4.085839,-10.857907,-10.687613,-3.8932464,-9.659897,-9.0760145,937967.0,25.31,0.0,-0.102,-0.062,0.446,23.8,1.215,0.0,0.0,0.0,0.0,0.0,0.0,0.0,0.0,1.0,-1.967,-1.617,-0.2,0.0,0.0,0.0,0.0,0.0,271.9,274.0,275.0,273.0,0.577,0.0,0.0,-0.102,-0.035,0.077,0.0,6000.0,420211.0,202.0,437.0,59.94,2.0,33.0,40.0,32.0,23.85,21.26,-0.038,0.0,0.2,0.2,60.0,59.5,75.6,1.0,273.4,273.0,272.1,-0.075,0.03,0.081,1962.0,433107.0,13735.0,1967.0,-0.928,0.818,0.791,0.836,0.001,0.0,0.001,0.0,0.0,0.0,0.0,0.0,0.0,0.0,0.0,0.0,1.28,214.3,19.69,2.3,3.5,2.0,-1.0,13.59,0.005,0.283,3.0,2.0,0.0,0.0,21.61,21.56,21.49,21.4,21.31,21.14,22.01,22.03,22.35,22.48,21.65,21.11,21.85,21.75,20.95,21.79,22.39,21.9,21.52
2017-06-30 01:27:00-05:00,-10.383702,-13.099078,-4.2042685,-10.99032,-10.687613,-3.8932464,-9.659897,-9.0760145,937968.0,25.31,0.0,-0.111,-0.061,0.447,23.82,1.215,0.0,0.0,0.0,0.0,0.0,0.0,0.0,0.0,1.0,-1.727,-1.473,-0.2,0.0,0.0,0.0,0.0,0.0,272.0,274.0,275.0,273.0,0.589,0.0,0.0,-0.1,-0.051,0.047,0.0,6000.0,420211.0,202.0,437.0,59.95,2.0,33.0,40.0,32.0,23.88,21.24,-0.038,0.0,0.2,0.2,60.0,59.5,75.6,1.0,273.7,273.0,272.6,-0.075,0.03,0.081,1962.0,433107.0,13735.0,1967.0,-0.928,0.818,0.791,0.836,0.001,0.0,0.0,0.0,0.0,0.0,0.0,0.0,0.0,0.0,0.0,0.0,2.418,204.5,26.34,4.7,3.5,2.0,-1.0,13.59,0.005,0.283,3.0,2.0,0.0,0.0,21.53,21.53,21.43,21.37,21.22,21.12,21.93,21.98,22.38,22.44,21.6,21.07,21.85,21.7,20.92,21.74,22.35,21.85,21.48
2017-06-30 01:28:00-05:00,-10.383702,-13.099078,-4.4411287,-10.99032,-10.687613,-3.8932464,-9.659897,-9.193885,937969.0,25.29,0.0,-0.101,-0.059,0.448,23.84,1.182,0.0,0.0,0.0,0.0,0.0,0.0,0.0,0.0,1.0,-1.983,-1.467,-0.2,0.0,0.0,0.0,0.0,0.0,272.0,274.2,275.0,273.2,0.58,0.0,0.0,-0.103,-0.042,0.073,0.0,6000.0,420211.0,202.0,437.0,59.96,2.0,33.0,40.0,32.0,23.84,21.25,-0.038,0.0,0.2,0.2,60.0,59.5,75.6,1.0,274.0,273.1,272.8,-0.075,0.03,0.081,1962.0,433107.0,13735.0,1967.0,-0.928,0.818,0.791,0.836,0.001,0.0,0.0,0.0,0.0,0.0,0.0,0.0,0.0,0.0,0.0,0.0,1.62,199.8,25.33,3.9,3.5,2.0,-1.0,13.59,0.005,0.282,3.0,2.0,0.0,0.0,21.53,21.53,21.45,21.36,21.24,21.14,21.92,21.94,22.3,22.38,21.56,21.05,21.84,21.7,20.91,21.7,22.35,21.83,21.43
2017-06-30 01:29:00-05:00,-10.383702,-13.099078,-4.4411287,-10.99032,-10.816379,-3.8932464,-9.659897,-9.193885,937970.0,25.28,0.0,0.118,0.183,0.619,23.83,1.07,0.0,0.0,0.0,0.0,0.0,0.0,0.0,0.0,1.0,-1.933,-1.483,-0.2,0.0,0.0,0.0,0.0,0.0,271.9,274.1,274.9,273.1,0.59,0.0,0.0,-0.1,-0.033,0.082,0.0,6000.0,420211.0,202.0,437.0,59.95,2.0,33.0,40.0,32.0,23.86,21.18,-0.038,0.0,0.2,0.2,60.0,59.5,75.6,1.0,273.4,273.0,272.4,-0.075,0.03,0.081,1962.0,433107.0,13735.0,1967.0,-0.928,0.818,0.791,0.836,0.001,0.0,0.0,0.0,0.0,0.0,0.0,0.0,0.0,0.0,0.0,0.0,1.615,202.9,30.76,3.2,3.499,2.0,-1.0,13.4,0.0,0.283,3.0,2.0,0.0,0.001,21.53,21.43,21.38,21.35,21.24,21.1,21.88,21.9,22.34,22.36,21.52,21.01,21.8,21.67,20.87,21.67,22.3,21.77,21.39
2017-06-30 01:30:00-05:00,-10.383702,-13.099078,-4.4411287,-10.99032,-10.816379,-3.8932464,-9.659897,-9.311755,937971.0,25.28,0.0,-0.101,-0.057,0.45,23.8,0.967,0.0,0.0,0.0,0.0,0.0,0.0,0.0,0.0,1.0,-1.9,-1.55,-0.2,0.0,0.0,0.0,0.0,0.0,272.0,274.2,275.0,273.2,0.57,0.0,0.0,-0.102,-0.047,0.06,0.0,6000.0,420211.0,202.0,437.0,59.95,2.0,33.0,40.0,32.0,23.83,21.16,-0.038,0.0,0.2,0.2,60.0,59.5,75.6,1.0,273.7,273.0,272.0,-0.075,0.03,0.081,1962.0,433107.0,13735.0,1967.0,-0.928,0.818,0.791,0.836,0.0,0.0,0.001,-0.001,0.0,0.0,0.0,0.0,0.0,0.0,0.0,0.0,1.37,229.5,24.86,2.2,3.5,2.0,-1.0,13.54,0.012,0.283,3.0,2.0,0.0,0.0,21.44,21.43,21.39,21.32,21.24,21.03,21.82,21.85,22.19,22.29,21.47,20.95,21.71,21.57,20.8,21.61,22.23,21.69,21.32
2017-06-30 01:31:00-05:00,-10.630933,-13.099078,-4.7964187,-11.122734,-10.945146,-3.8932464,-9.785349,-9.547496,937972.0,25.26,0.0,-0.12,-0.056,0.451,23.76,0.946,0.0,0.0,0.0,0.0,0.0,0.0,0.0,0.0,1.0,-1.85,-1.517,-0.2,0.0,0.0,0.0,0.0,0.0,272.0,274.5,275.0,273.5,0.58,0.0,0.0,-0.1,-0.058,0.045,0.0,6000.0,420211.0,202.0,437.0,59.95,2.0,33.0,40.0,32.0,23.69,21.03,-0.038,0.0,0.2,0.2,60.0,59.5,75.6,1.0,274.0,273.3,272.9,-0.075,0.03,0.081,1962.0,433107.0,13735.0,1967.0,-0.928,0.818,0.791,0.836,0.001,0.0,0.001,0.0,0.0,0.0,0.0,0.0,0.0,0.0,0.0,0.0,1.518,290.3,37.84,3.1,3.5,2.0,-1.0,13.59,0.005,0.283,3.0,2.0,0.0,0.0,21.38,21.37,21.35,21.22,21.14,21.02,21.74,21.78,22.14,22.23,21.4,20.88,21.7,21.53,20.74,21.55,22.23,21.65,21.26
2017-06-30 01:32:00-05:00,-10.754549,-13.099078,-4.7964187,-11.122734,-10.945146,-3.8932464,-9.785349,-9.4296255,937973.0,25.25,0.0,-0.117,-0.055,0.452,23.72,0.945,0.0,0.0,0.0,0.0,0.0,0.0,0.0,0.0,1.0,-1.983,-1.533,-0.2,0.0,0.0,0.0,0.0,0.0,272.0,274.6,275.0,273.6,0.597,0.0,0.0,-0.1,-0.04,0.063,0.0,6000.0,420211.0,202.0,437.0,59.95,2.0,33.0,40.0,32.0,23.66,20.99,-0.038,0.0,0.2,0.2,60.0,59.5,75.6,1.0,274.0,274.0,273.0,-0.075,0.03,0.081,1962.0,433107.0,13735.0,1967.0,-0.928,0.818,0.791,0.836,0.001,0.0,0.0,0.0,0.0,0.0,0.0,0.0,0.0,0.0,0.0,0.0,2.072,131.6,99.4,4.6,3.5,2.0,-1.0,13.59,0.005,0.283,3.0,2.0,0.0,0.0,21.25,21.33,21.23,21.2,21.07,20.98,21.73,21.77,22.16,22.22,21.4,20.87,21.73,21.5,20.73,21.55,22.25,21.64,21.26
2017-06-30 01:33:00-05:00,-10.878164,-13.099078,-4.7964187,-10.99032,-10.816379,-3.8932464,-9.659897,-9.193885,937974.0,25.25,0.0,-0.105,-0.055,0.453,23.73,0.945,0.0,0.0,0.0,0.0,0.0,0.0,0.0,0.0,1.0,-1.95,-1.55,-0.2,0.0,0.0,0.0,0.0,0.0,272.0,274.6,275.0,273.6,0.607,0.0,0.0,-0.1,-0.043,0.058,0.0,6000.0,420211.0,202.0,437.0,59.95,2.0,33.0,40.0,32.0,23.69,20.95,-0.038,0.0,0.2,0.2,60.0,59.5,75.6,1.0,274.0,274.0,273.0,-0.075,0.03,0.081,1962.0,433107.0,13735.0,1967.0,-0.928,0.818,0.791,0.836,0.001,-0.001,0.001,0.0,0.0,0.0,0.0,0.0,0.0,0.0,0.0,0.0,1.77,16.52,76.58,4.5,3.5,2.0,-1.0,13.59,0.005,0.283,3.0,2.0,0.0,0.0,21.24,21.33,21.24,21.21,21.04,20.94,21.82,21.8,22.28,22.26,21.43,20.92,21.82,21.51,20.76,21.58,22.31,21.69,21.28
2017-06-30 01:34:00-05:00,-10.878164,-13.262816,-4.7964187,-10.725493,-10.816379,-3.8932464,-9.659897,-9.193885,937975.0,25.23,0.0,-0.107,-0.054,0.453,23.74,0.945,0.0,0.0,0.0,0.0,0.0,0.0,0.0,0.0,1.0,-1.95,-1.533,-0.2,0.0,0.0,0.0,0.0,0.0,272.0,274.9,275.0,273.9,0.602,0.0,0.0,-0.1,-0.04,0.057,0.0,6000.0,420211.0,202.0,437.0,59.96,2.0,33.0,40.0,32.0,23.68,20.91,-0.038,0.0,0.2,0.2,60.0,59.5,75.6,1.0,274.0,274.0,273.0,-0.075,0.03,0.081,1962.0,433107.0,13735.0,1967.0,-0.928,0.818,0.791,0.836,0.001,0.0,0.001,0.0,0.0,0.0,0.0,0.0,0.0,0.0,0.0,0.0,2.138,242.0,18.08,3.7,3.499,2.0,-1.0,13.59,0.005,0.283,3.0,2.0,0.0,0.0,21.24,21.3,21.24,21.17,21.0,20.93,21.82,21.79,22.21,22.25,21.42,20.93,21.78,21.52,20.77,21.59,22.3,21.69,21.3
2017-06-30 01:35:00-05:00,-10.754549,-13.590293,-4.7964187,-10.725493,-10.816379,-3.8932464,-9.659897,-9.0760145,937976.0,25.22,0.0,0.268,0.352,0.784,23.74,0.945,0.0,0.0,0.0,0.0,0.0,0.0,0.0,0.0,1.0,-1.817,-1.517,-0.2,0.0,0.0,0.0,0.0,0.0,272.0,274.9,275.0,273.9,0.582,0.0,0.0,-0.1,-0.052,0.072,0.0,6000.0,420211.0,202.0,437.0,59.98,2.0,33.0,40.0,32.0,23.69,20.88,-0.038,0.0,0.2,0.2,60.0,59.5,75.6,1.0,274.0,274.0,273.0,-0.075,0.03,0.081,1962.0,433107.0,13735.0,1967.0,-0.928,0.818,0.791,0.836,0.001,0.0,0.001,0.0,0.0,0.0,0.0,0.0,0.0,0.0,0.0,0.0,1.542,296.6,31.77,3.1,3.5,2.0,-1.0,13.49,0.006,0.283,3.0,2.0,0.0,0.0,21.24,21.24,21.19,21.12,20.98,20.85,21.89,21.76,22.16,22.22,21.39,20.91,21.84,21.51,20.74,21.58,22.31,21.68,21.28
2017-06-30 01:36:00-05:00,-10.630933,-13.754032,-4.7964187,-10.59308,-10.816379,-3.8932464,-9.659897,-9.0760145,937977.0,25.21,0.0,-0.104,-0.053,0.454,23.75,0.945,0.0,0.0,0.0,0.0,0.0,0.0,0.0,0.0,1.0,-1.933,-1.65,-0.2,0.0,0.0,0.0,0.0,0.0,272.0,275.0,275.0,274.0,0.57,0.0,0.0,-0.1,-0.035,0.073,0.0,6000.0,420211.0,202.0,437.0,59.96,2.0,33.0,40.0,32.0,23.72,20.91,-0.038,0.0,0.2,0.2,60.0,59.5,75.6,1.0,274.0,274.0,273.0,-0.075,0.03,0.081,1962.0,433107.0,13735.0,1967.0,-0.928,0.818,0.791,0.836,0.001,0.0,0.001,0.0,0.0,0.0,0.0,0.0,0.0,0.0,0.0,0.0,1.74,249.8,46.15,3.3,3.5,2.0,-1.0,13.59,0.005,0.283,3.0,2.0,0.0,0.0,21.2,21.24,21.14,21.14,20.94,20.85,21.91,21.75,22.18,22.25,21.38,20.91,21.85,21.51,20.73,21.57,22.32,21.68,21.28
2017-06-30 01:37:00-05:00,-10.630933,-13.754032,-4.7964187,-10.59308,-10.687613,-3.8932464,-9.659897,-9.0760145,937978.0,25.19,0.0,-0.127,-0.053,0.455,23.77,0.945,0.0,0.0,0.0,0.0,0.0,0.0,0.0,0.0,1.0,-1.867,-1.567,-0.2,0.0,0.0,0.0,0.0,0.0,272.0,275.0,275.0,274.0,0.585,0.0,0.0,-0.102,-0.045,0.06,0.0,6000.0,420211.0,202.0,437.0,59.96,2.0,33.0,40.0,32.0,23.65,20.84,-0.038,0.0,0.2,0.2,60.0,59.5,75.6,1.0,274.0,274.0,273.0,-0.075,0.03,0.081,1962.0,433107.0,13735.0,1967.0,-0.928,0.818,0.791,0.836,0.001,0.0,0.001,0.0,0.0,0.0,0.0,0.0,0.0,0.0,0.0,0.0,2.105,282.5,68.58,3.5,3.499,2.0,-1.0,13.59,0.005,0.283,3.0,2.0,0.0,0.0,21.14,21.15,21.14,21.09,20.86,20.8,21.92,21.75,22.15,22.24,21.38,20.92,21.89,21.52,20.75,21.58,22.34,21.7,21.3
2017-06-30 01:38:00-05:00,-10.630933,-13.590293,-4.7964187,-10.460667,-10.816379,-3.8932464,-9.659897,-9.0760145,937979.0,25.19,0.0,-0.114,-0.052,0.455,23.78,0.945,0.0,0.0,0.0,0.0,0.0,0.0,0.0,0.0,1.0,-1.9,-1.483,-0.2,0.0,0.0,0.0,0.0,0.0,272.0,275.0,275.0,274.0,0.555,0.0,0.0,-0.102,-0.055,0.075,0.0,6000.0,420211.0,202.0,437.0,59.97,2.0,33.0,40.0,32.0,23.74,20.88,-0.038,0.0,0.2,0.2,60.0,59.5,75.6,1.0,274.0,274.0,273.0,-0.075,0.03,0.081,1962.0,433107.0,13735.0,1967.0,-0.928,0.818,0.791,0.836,0.001,0.0,0.0,0.0,0.0,0.0,0.0,0.0,0.0,0.0,0.0,0.0,2.91,189.4,33.05,5.6,3.5,2.0,-1.0,13.59,0.005,0.283,3.0,2.0,0.0,0.0,21.14,21.17,21.06,21.09,20.86,20.78,21.9,21.74,22.18,22.24,21.36,20.94,21.87,21.51,20.76,21.57,22.3,21.72,21.29
2017-06-30 01:39:00-05:00,-10.507318,-13.099078,-4.7964187,-10.59308,-10.816379,-3.8932464,-9.659897,-9.0760145,937980.0,25.19,0.0,-0.128,-0.052,0.455,23.7,0.945,0.0,0.0,0.0,0.0,0.0,0.0,0.0,0.0,1.0,-1.917,-1.533,-0.2,0.0,0.0,0.0,0.0,0.0,272.0,275.0,275.0,274.0,0.562,0.0,0.0,-0.1,-0.05,0.07,0.0,6000.0,420211.0,202.0,437.0,59.96,2.0,33.0,40.0,32.0,23.7,20.85,-0.038,0.0,0.2,0.2,60.0,59.5,75.6,1.0,274.0,274.0,273.0,-0.075,0.03,0.081,1962.0,433107.0,13735.0,1967.0,-0.928,0.818,0.791,0.836,0.001,0.0,0.001,0.0,0.0,0.0,0.0,0.0,0.0,0.0,0.0,0.0,1.162,219.2,36.58,1.8,3.5,2.0,-1.0,13.59,0.005,0.283,3.0,2.0,0.0,0.0,21.14,21.14,21.07,21.06,20.88,20.78,21.82,21.68,22.1,22.17,21.32,20.9,21.8,21.48,20.74,21.51,22.23,21.65,21.22
2017-06-30 01:40:00-05:00,-10.383702,-13.099078,-4.7964187,-10.725493,-10.816379,-3.8932464,-9.659897,-9.0760145,937981.0,25.17,0.0,0.221,0.299,0.739,23.7,0.945,0.0,0.0,0.0,0.0,0.0,0.0,0.0,0.0,1.0,-1.967,-1.617,-0.2,0.0,0.0,0.0,0.0,0.0,272.0,275.0,275.0,274.0,0.567,0.0,0.0,-0.102,-0.045,0.053,0.0,6000.0,420211.0,202.0,437.0,59.97,2.0,33.0,40.0,32.0,23.64,20.82,-0.038,0.0,0.2,0.2,60.0,59.5,75.6,1.0,274.0,274.0,273.0,-0.075,0.03,0.081,1962.0,433107.0,13735.0,1967.0,-0.928,0.818,0.791,0.836,0.001,-0.001,0.001,0.0,0.0,0.0,0.0,0.0,0.0,0.0,0.0,0.0,1.545,254.5,37.47,3.1,3.5,2.0,-1.0,13.3,-0.017,0.283,1.0,2.0,0.0,0.001,21.12,21.14,21.04,21.02,20.83,20.75,21.82,21.68,22.1,22.16,21.32,20.86,21.78,21.49,20.71,21.48,22.2,21.63,21.19
2017-06-30 01:41:00-05:00,-10.383702,-13.099078,-4.7964187,-10.857907,-10.945146,-3.8932464,-9.659897,-9.193885,937982.0,25.16,0.0,-0.128,-0.052,0.456,23.69,0.996,0.0,0.0,0.0,0.0,0.0,0.0,0.0,0.0,1.0,-1.95,-1.583,-0.2,0.0,0.0,0.0,0.0,0.0,272.0,275.0,275.0,274.0,0.575,0.0,0.0,-0.102,-0.047,0.073,0.0,6000.0,420211.0,202.0,437.0,59.97,2.0,33.0,40.0,32.0,23.66,20.82,-0.038,0.0,0.2,0.2,60.0,59.5,75.6,1.0,274.0,274.0,273.0,-0.075,0.03,0.081,1962.0,433107.0,13735.0,1967.0,-0.928,0.818,0.791,0.836,0.001,0.0,0.0,0.0,0.0,0.0,0.0,0.0,0.0,0.0,0.0,0.0,1.467,241.2,30.38,2.4,3.5,2.0,-1.0,13.32,0.028,0.284,1.0,2.0,0.0,0.001,21.07,21.14,21.04,20.94,20.85,20.7,21.8,21.66,22.06,22.15,21.29,20.84,21.73,21.48,20.67,21.46,22.17,21.61,21.19
2017-06-30 01:42:00-05:00,-10.383702,-13.099078,-4.7964187,-10.857907,-10.945146,-3.8932464,-9.659897,-9.193885,937983.0,25.15,0.0,-0.117,-0.052,0.456,23.7,1.1,0.0,0.0,0.0,0.0,0.0,0.0,0.0,0.0,1.0,-1.967,-1.517,-0.2,0.0,0.0,0.0,0.0,0.0,272.0,275.0,275.0,274.0,0.558,0.0,0.0,-0.102,-0.052,0.07,0.0,6000.0,420211.0,202.0,437.0,59.95,2.0,33.0,40.0,32.0,23.73,20.79,-0.038,0.0,0.2,0.2,60.0,59.5,75.6,1.0,274.0,274.0,273.0,-0.075,0.03,0.081,1962.0,433107.0,13735.0,1967.0,-0.928,0.818,0.791,0.836,0.001,0.0,0.0,0.0,0.0,0.0,0.0,0.0,0.0,0.0,0.0,0.0,1.895,199.8,23.11,3.4,3.5,2.0,-1.0,13.59,0.005,0.283,3.0,2.0,0.0,0.0,21.1,21.14,21.04,20.93,20.85,20.67,21.74,21.62,21.99,22.13,21.26,20.8,21.65,21.44,20.63,21.44,22.12,21.59,21.15
2017-06-30 01:43:00-05:00,-10.383702,-13.099078,-4.5595584,-10.99032,-10.945146,-3.8932464,-9.910803,-9.4296255,937984.0,25.13,0.0,-0.134,-0.052,0.456,23.69,1.186,0.0,0.0,0.0,0.0,0.0,0.0,0.0,0.0,1.0,-2.0,-1.617,-0.2,0.0,0.0,0.0,0.0,0.0,272.0,275.0,275.0,274.0,0.577,0.0,0.0,-0.102,-0.037,0.063,0.0,6000.0,420211.0,202.0,437.0,59.95,2.0,33.0,40.0,32.0,23.75,20.77,-0.038,0.0,0.2,0.2,60.0,59.5,75.6,1.0,274.0,274.0,273.0,-0.075,0.03,0.081,1962.0,433107.0,13735.0,1967.0,-0.927,0.818,0.791,0.836,0.001,0.0,0.0,0.0,0.0,0.0,0.0,0.0,0.0,0.0,0.0,0.0,1.953,187.7,39.65,4.0,3.499,2.0,-1.0,13.59,0.005,0.283,3.0,2.0,0.0,0.0,21.11,21.12,21.04,20.96,20.85,20.7,21.68,21.56,21.94,22.1,21.19,20.74,21.6,21.41,20.59,21.35,22.02,21.51,21.06
2017-06-30 01:44:00-05:00,-10.260086,-12.7716,-4.322698,-10.99032,-11.073912,-3.8932464,-9.910803,-9.547496,937985.0,25.13,0.0,-0.117,-0.051,0.456,23.71,1.213,0.0,0.0,0.0,0.0,0.0,0.0,0.0,0.0,1.0,-1.8,-1.55,-0.2,0.0,0.0,0.0,0.0,0.0,272.0,275.0,275.0,274.0,0.57,0.0,0.0,-0.103,-0.042,0.068,0.0,6000.0,420211.0,202.0,437.0,59.95,2.0,33.0,40.0,32.0,23.76,20.83,-0.038,0.0,0.2,0.2,60.0,59.5,75.6,1.0,274.0,274.0,273.0,-0.075,0.03,0.081,1962.0,433107.0,13735.0,1967.0,-0.928,0.818,0.791,0.836,0.001,0.0,0.001,0.0,0.0,0.0,0.0,0.0,0.0,0.0,0.0,0.0,1.52,225.0,36.77,2.4,3.499,2.0,-1.0,13.59,0.005,0.283,3.0,2.0,0.0,0.0,21.14,21.14,21.04,20.98,20.85,20.75,21.66,21.55,21.98,22.05,21.17,20.69,21.53,21.37,20.54,21.3,22.0,21.48,21.02
2017-06-30 01:45:00-05:00,-10.260086,-12.444123,-4.085839,-11.122734,-11.073912,-3.8932464,-9.785349,-9.4296255,937986.0,25.13,0.0,-0.123,-0.051,0.456,23.73,1.215,0.0,0.0,0.0,0.0,0.0,0.0,0.0,0.0,1.0,-1.85,-1.5,-0.2,0.0,0.0,0.0,0.0,0.0,272.0,275.0,275.0,274.0,0.572,0.0,0.0,-0.102,-0.045,0.082,0.0,6000.0,420211.0,202.0,437.0,59.96,2.0,33.0,40.0,32.0,23.78,20.84,-0.038,0.0,0.2,0.2,60.0,59.5,75.6,1.0,274.0,274.0,273.0,-0.075,0.03,0.081,1962.0,433107.0,13735.0,1967.0,-0.928,0.818,0.791,0.836,0.001,0.0,0.0,0.0,0.0,0.0,0.0,0.0,0.0,0.0,0.0,0.0,2.015,202.1,50.73,4.1,3.5,2.0,-1.0,13.59,0.005,0.283,3.0,2.0,0.0,0.0,21.14,21.14,21.03,20.94,20.85,20.75,21.68,21.57,21.95,22.07,21.2,20.65,21.51,21.34,20.51,21.3,22.0,21.48,21.03
2017-06-30 01:46:00-05:00,-10.260086,-12.444123,-4.085839,-10.99032,-11.073912,-3.8932464,-9.659897,-9.311755,937987.0,25.1,0.0,0.257,0.353,0.782,23.75,1.215,0.0,0.0,0.0,0.0,0.0,0.0,0.0,0.0,1.0,-1.8,-1.5,-0.2,0.0,0.0,0.0,0.0,0.0,272.0,275.0,275.0,274.0,0.58,0.0,0.0,-0.1,-0.053,0.072,0.0,6000.0,420211.0,202.0,437.0,59.95,2.0,33.0,40.0,32.0,23.74,20.84,-0.038,0.0,0.2,0.2,60.0,59.5,75.6,1.0,274.0,274.0,273.0,-0.075,0.03,0.081,1962.0,433107.0,13735.0,1967.0,-0.928,0.818,0.791,0.836,0.001,0.0,0.0,0.0,0.0,0.0,0.0,0.0,0.0,0.0,0.0,0.0,0.9,280.4,64.99,1.7,3.5,2.0,-1.0,13.39,-0.001,0.283,3.0,2.0,0.0,0.001,21.14,21.14,21.04,20.96,20.85,20.75,21.64,21.57,21.99,22.07,21.2,20.63,21.51,21.31,20.48,21.29,22.03,21.47,21.02
2017-06-30 01:47:00-05:00,-10.383702,-12.607862,-4.085839,-10.99032,-11.073912,-3.8932464,-9.785349,-9.311755,937988.0,25.1,0.0,-0.117,-0.051,0.456,23.69,1.215,0.0,0.0,0.0,0.0,0.0,0.0,0.0,0.0,1.0,-1.767,-1.383,-0.2,0.0,0.0,0.0,0.0,0.0,272.0,275.0,275.0,274.0,0.582,0.0,0.0,-0.102,-0.048,0.06,0.0,6000.0,420211.0,202.0,437.0,59.94,2.0,33.0,40.0,32.0,23.65,20.82,-0.038,0.0,0.2,0.2,60.0,59.5,75.6,1.0,274.0,274.0,273.0,-0.075,0.03,0.081,1962.0,433107.0,13735.0,1967.0,-0.928,0.818,0.791,0.836,0.002,0.0,0.001,0.0,0.0,0.0,0.0,0.0,0.0,0.0,0.0,0.0,0.735,273.8,65.88,1.6,3.5,2.0,-1.0,13.54,0.011,0.283,3.0,2.0,0.0,0.0,21.09,21.14,21.03,20.94,20.85,20.7,21.68,21.53,21.9,22.01,21.16,20.63,21.49,21.31,20.49,21.27,21.99,21.43,21.0
2017-06-30 01:48:00-05:00,-10.507318,-12.607862,-4.085839,-10.99032,-11.073912,-3.8932464,-9.785349,-9.311755,937989.0,25.07,0.0,-0.096,-0.051,0.456,23.68,1.215,0.0,0.0,0.0,0.0,0.0,0.0,0.0,0.0,1.0,-1.717,-1.6,-0.2,0.0,0.0,0.0,0.0,0.0,272.0,275.0,275.0,274.0,0.585,0.0,0.0,-0.1,-0.045,0.07,0.0,6000.0,420211.0,202.0,437.0,59.94,2.0,33.0,40.0,32.0,23.63,20.78,-0.038,0.0,0.2,0.2,60.0,59.5,75.6,1.0,274.0,274.0,273.0,-0.075,0.03,0.081,1962.0,433107.0,13735.0,1967.0,-0.928,0.818,0.791,0.836,0.0,0.0,0.0,0.0,0.0,0.0,0.0,0.0,0.0,0.0,0.0,0.0,1.64,192.6,28.0,3.2,3.499,2.0,-1.0,13.59,0.005,0.283,3.0,2.0,0.0,0.0,21.04,21.14,21.02,20.94,20.85,20.68,21.61,21.52,21.92,22.01,21.16,20.64,21.49,21.28,20.49,21.28,22.02,21.43,21.0
2017-06-30 01:49:00-05:00,-10.630933,-12.607862,-4.085839,-10.99032,-11.073912,-3.8932464,-9.785349,-9.311755,937990.0,25.07,0.0,-0.123,-0.051,0.456,23.67,1.215,0.0,0.0,0.0,0.0,0.0,0.0,0.0,0.0,1.0,-1.6,-1.533,-0.2,0.0,0.0,0.0,0.0,0.0,272.0,275.0,275.0,274.0,0.575,0.0,0.0,-0.1,-0.055,0.062,0.0,6000.0,420211.0,202.0,437.0,59.94,2.0,33.0,40.0,32.0,23.69,20.77,-0.038,0.0,0.2,0.2,60.0,59.5,75.6,1.0,274.0,274.0,273.0,-0.075,0.03,0.081,1962.0,433107.0,13735.0,1967.0,-0.928,0.818,0.791,0.836,0.001,0.0,0.001,-0.001,0.0,0.0,0.0,0.0,0.0,0.0,0.0,0.0,1.538,183.5,21.45,2.2,3.5,2.0,-1.0,13.59,0.005,0.283,3.0,2.0,0.0,0.0,21.06,21.12,21.04,20.94,20.85,20.72,21.6,21.5,21.89,22.01,21.13,20.6,21.42,21.23,20.45,21.26,21.97,21.42,20.99
2017-06-30 01:50:00-05:00,-10.507318,-13.099078,-4.322698,-10.99032,-11.073912,-3.8932464,-9.659897,-9.193885,937991.0,25.07,0.0,-0.119,-0.051,0.456,23.67,1.215,0.0,0.0,0.0,0.0,0.0,0.0,0.0,0.0,1.017,-1.8,-1.467,-0.2,0.0,0.0,0.0,0.0,0.0,272.0,275.0,275.0,274.0,0.565,0.0,0.0,-0.1,-0.053,0.06,0.0,6000.0,420211.0,202.0,437.0,59.94,2.0,33.0,40.0,32.0,23.68,20.79,-0.038,0.0,0.2,0.2,60.0,59.5,75.6,1.0,274.0,274.0,273.0,-0.075,0.03,0.081,1962.0,433107.0,13735.0,1967.0,-0.928,0.818,0.791,0.836,0.001,0.0,0.001,0.0,0.0,0.0,0.0,0.0,0.0,0.0,0.0,0.0,1.392,246.9,31.24,2.9,3.5,2.0,-1.0,13.59,0.005,0.283,3.0,2.0,0.0,0.0,21.04,21.06,21.04,20.94,20.85,20.7,21.6,21.52,21.95,22.02,21.16,20.58,21.38,21.23,20.44,21.26,21.98,21.41,20.98
2017-06-30 01:51:00-05:00,-10.630933,-13.099078,-4.4411287,-10.857907,-10.945146,-3.8932464,-9.659897,-9.0760145,937992.0,25.05,0.0,-0.133,-0.051,0.457,23.67,1.307,0.0,0.0,0.0,0.0,0.0,0.0,0.0,0.0,1.167,-1.767,-1.45,-0.2,0.0,0.0,0.0,0.0,0.0,272.0,275.0,275.0,274.0,0.577,0.0,0.0,-0.1,-0.06,0.07,0.0,6000.0,420211.0,202.0,437.0,59.95,2.0,33.0,40.0,32.0,23.65,20.79,-0.038,0.0,0.2,0.2,60.0,59.5,75.6,1.0,274.0,274.0,273.0,-0.075,0.03,0.081,1962.0,433107.0,13735.0,1967.0,-0.928,0.818,0.791,0.836,0.001,0.0,0.0,0.0,0.0,0.0,0.0,0.0,0.0,0.0,0.0,0.0,1.253,243.1,38.65,2.3,3.5,2.0,-1.0,13.59,0.005,0.283,3.0,2.0,0.0,0.0,21.04,21.04,21.04,20.94,20.85,20.7,21.63,21.54,21.9,22.02,21.17,20.59,21.43,21.24,20.44,21.27,22.02,21.42,20.99
2017-06-30 01:52:00-05:00,-10.383702,-13.099078,-4.4411287,-10.725493,-10.816379,-3.8932464,-9.659897,-9.0760145,937993.0,25.04,0.0,0.101,0.186,0.634,23.64,1.465,0.0,0.0,0.0,0.0,0.0,0.0,0.0,0.0,1.2,-1.883,-1.55,-0.2,0.0,0.0,0.0,0.0,0.0,272.0,275.0,275.0,274.0,0.568,0.0,0.0,-0.1,-0.053,0.068,0.0,6000.0,420211.0,202.0,437.0,59.95,2.0,33.0,40.0,32.0,23.65,20.79,-0.038,0.0,0.2,0.2,60.0,59.5,75.6,1.0,274.0,274.0,273.0,-0.075,0.03,0.081,1962.0,433107.0,13735.0,1967.0,-0.928,0.818,0.791,0.836,0.001,-0.001,0.001,0.0,0.0,0.0,0.0,0.0,0.0,0.0,0.0,0.0,0.922,228.0,66.84,2.1,3.5,2.0,-1.0,13.49,0.005,0.283,3.0,2.0,0.0,0.0,21.11,21.04,21.04,20.94,20.85,20.72,21.63,21.54,21.95,22.01,21.16,20.6,21.44,21.24,20.46,21.29,22.05,21.42,21.0
2017-06-30 01:53:00-05:00,-10.383702,-13.099078,-4.4411287,-10.59308,-10.816379,-3.8932464,-9.534443,-9.0760145,937994.0,25.03,0.0,-0.14,-0.051,0.457,23.64,1.484,0.0,0.0,0.0,0.0,0.0,0.0,0.0,0.0,1.65,-1.817,-1.483,-0.2,0.0,0.0,0.0,0.0,0.0,272.0,275.0,275.0,274.0,0.573,0.0,0.0,-0.1,-0.045,0.065,0.0,6000.0,420211.0,202.0,437.0,59.95,2.0,33.0,40.0,32.0,23.64,20.83,-0.038,0.0,0.2,0.2,60.0,59.5,75.6,1.0,274.0,274.0,273.0,-0.075,0.03,0.081,1962.0,433107.0,13735.0,1967.0,-0.928,0.818,0.791,0.836,0.001,0.0,0.001,0.0,0.0,0.0,0.0,0.0,0.0,0.0,0.0,0.0,0.773,224.1,62.57,1.6,3.5,2.0,-1.0,13.59,0.005,0.283,3.0,2.0,0.0,0.0,21.04,21.04,21.04,20.94,20.78,20.68,21.59,21.57,22.04,22.05,21.2,20.63,21.48,21.23,20.5,21.33,22.09,21.47,21.04
2017-06-30 01:54:00-05:00,-10.383702,-13.099078,-4.2042685,-10.460667,-10.816379,-3.8932464,-9.534443,-9.0760145,937995.0,25.01,0.0,-0.121,-0.051,0.457,23.58,1.484,0.0,0.0,0.0,0.0,0.0,0.0,0.0,0.0,1.667,-1.883,-1.567,-0.2,0.0,0.0,0.0,0.0,0.0,272.0,275.0,275.0,274.0,0.558,0.0,0.0,-0.102,-0.048,0.07,0.0,6000.0,420211.0,202.0,437.0,59.97,2.0,33.0,40.0,32.0,23.61,20.85,-0.038,0.0,0.2,0.2,60.0,59.5,75.6,1.0,274.0,274.0,273.0,-0.075,0.03,0.081,1962.0,433107.0,13735.0,1967.0,-0.928,0.818,0.791,0.836,0.001,0.0,0.001,0.0,0.0,0.0,0.0,0.0,0.0,0.0,0.0,0.0,1.085,208.7,36.81,2.0,3.5,2.0,-1.0,13.59,0.005,0.283,3.0,2.0,0.0,0.0,21.17,21.04,21.04,20.94,20.75,20.65,21.71,21.61,22.03,22.1,21.23,20.67,21.56,21.29,20.52,21.37,22.13,21.5,21.07
2017-06-30 01:55:00-05:00,-10.260086,-12.7716,-4.085839,-10.460667,-10.816379,-3.7803986,-9.40899,-8.958144,937996.0,25.01,0.0,-0.144,-0.051,0.457,23.57,1.484,0.0,0.0,0.0,0.0,0.0,0.0,0.0,0.0,1.75,-1.717,-1.433,-0.2,0.0,0.0,0.0,0.0,0.0,272.0,275.0,275.0,274.0,0.57,0.0,0.0,-0.102,-0.048,0.063,0.0,6000.0,420211.0,202.0,437.0,59.97,2.0,33.0,40.0,32.0,23.55,20.81,-0.038,0.0,0.2,0.2,60.0,59.5,75.6,1.0,274.0,274.0,273.0,-0.075,0.03,0.081,1962.0,433107.0,13735.0,1967.0,-0.928,0.818,0.791,0.836,0.001,0.0,0.0,0.0,0.0,0.0,0.0,0.0,0.0,0.0,0.0,0.0,1.047,274.9,42.71,1.7,3.5,2.0,-1.0,13.59,0.005,0.283,3.0,2.0,0.0,0.0,21.14,21.04,20.98,20.94,20.83,20.65,21.7,21.63,22.05,22.09,21.26,20.71,21.59,21.32,20.55,21.38,22.14,21.5,21.09
2017-06-30 01:56:00-05:00,-10.260086,-12.7716,-4.085839,-10.19584,-10.687613,-3.4418554,-9.40899,-8.958144,937997.0,25.0,0.0,-0.138,-0.051,0.457,23.58,1.484,0.0,0.0,0.0,0.0,0.0,0.0,0.0,0.0,1.533,-1.883,-1.5,-0.2,0.0,0.0,0.0,0.0,0.0,272.0,275.0,275.0,274.0,0.552,0.0,0.0,-0.1,-0.043,0.07,0.0,6000.0,420211.0,202.0,437.0,59.96,2.0,33.0,40.0,32.0,23.57,20.77,-0.038,0.0,0.2,0.2,60.0,59.5,75.6,1.0,274.0,274.0,273.0,-0.075,0.03,0.081,1962.0,433107.0,13735.0,1967.0,-0.928,0.818,0.791,0.836,0.001,0.0,0.001,-0.001,0.0,0.0,0.0,0.0,0.0,0.0,0.0,0.0,1.343,234.1,29.39,2.5,3.5,2.0,-1.0,13.59,0.005,0.283,3.0,2.0,0.0,0.0,21.16,21.04,20.99,20.94,20.81,20.65,21.73,21.65,22.04,22.12,21.28,20.74,21.65,21.37,20.59,21.4,22.16,21.54,21.11
2017-06-30 01:57:00-05:00,-10.260086,-12.935339,-4.2042685,-10.19584,-10.687613,-3.4418554,-9.534443,-8.958144,937998.0,24.98,0.0,0.414,0.539,0.951,23.58,1.483,0.0,0.0,0.0,0.0,0.0,0.0,0.0,0.0,1.517,-1.783,-1.533,-0.2,0.0,0.0,0.0,0.0,0.0,272.0,275.0,275.0,274.0,0.578,0.0,0.0,-0.102,-0.048,0.065,0.0,6000.0,420211.0,202.0,437.0,59.97,2.0,33.0,40.0,32.0,23.56,20.74,-0.038,0.0,0.2,0.2,60.0,59.5,75.6,1.0,274.0,274.0,273.0,-0.075,0.03,0.081,1962.0,433107.0,13735.0,1967.0,-0.928,0.818,0.791,0.836,0.001,0.0,0.001,0.0,0.0,0.0,0.0,0.0,0.0,0.0,0.0,0.0,0.952,182.5,57.7,2.0,3.5,2.0,-1.0,13.21,-0.036,0.283,1.0,2.0,0.0,0.001,21.11,21.04,21.03,20.93,20.85,20.65,21.71,21.62,22.0,22.09,21.24,20.75,21.63,21.34,20.59,21.4,22.14,21.55,21.11
2017-06-30 01:58:00-05:00,-10.260086,-12.935339,-4.085839,-10.19584,-10.687613,-3.7803986,-9.659897,-9.0760145,937999.0,24.97,0.0,-0.133,-0.036,0.465,23.57,1.48,0.0,0.0,0.0,0.0,0.0,0.0,0.0,0.0,1.417,-1.717,-1.55,-0.2,0.0,0.0,0.0,0.0,0.0,272.0,275.0,275.0,274.0,0.575,0.0,0.0,-0.1,-0.057,0.08,0.0,6000.0,420211.0,202.0,437.0,59.97,2.0,33.0,40.0,32.0,23.6,20.77,-0.038,0.0,0.2,0.2,60.0,59.5,75.6,1.0,274.0,274.0,273.0,-0.075,0.03,0.081,1962.0,433107.0,13735.0,1967.0,-0.928,0.818,0.791,0.836,0.001,0.0,0.001,0.0,0.0,0.0,0.0,0.0,0.0,0.0,0.0,0.0,1.985,239.8,33.13,3.0,3.5,2.0,-1.0,13.21,0.048,0.287,1.0,2.0,0.0,0.001,21.2,21.04,21.03,20.94,20.83,20.65,21.73,21.58,21.93,22.07,21.19,20.72,21.55,21.33,20.58,21.35,22.06,21.47,21.06
2017-06-30 01:59:00-05:00,-10.260086,-13.099078,-4.2042685,-10.460667,-10.687613,-3.8932464,-9.659897,-9.0760145,938000.0,24.95,0.0,-0.146,-0.051,0.457,23.55,1.482,0.0,0.0,0.0,0.0,0.0,0.0,0.0,0.0,1.5,-1.767,-1.433,-0.2,0.0,0.0,0.0,0.0,0.0,272.0,275.0,275.3,274.0,0.577,0.0,0.0,-0.1,-0.055,0.073,0.0,6000.0,420211.0,202.0,437.0,59.97,2.0,33.0,40.0,32.0,23.56,20.72,-0.038,0.0,0.2,0.2,60.0,59.5,75.6,1.0,274.0,274.0,273.0,-0.075,0.03,0.081,1962.0,433107.0,13735.0,1967.0,-0.928,0.818,0.791,0.836,0.001,0.0,0.001,-0.001,0.0,0.0,0.0,0.0,0.0,0.0,0.0,0.0,0.76,231.5,38.36,1.3,3.5,2.0,-1.0,13.59,0.007,0.283,3.0,2.0,0.0,0.001,21.09,21.04,20.94,20.85,20.8,20.65,21.73,21.55,21.88,22.0,21.17,20.7,21.5,21.31,20.56,21.31,22.06,21.43,21.02
2017-06-30 02:00:00-05:00,-10.260086,-13.099078,-4.4411287,-10.725493,-10.816379,-3.8932464,-9.659897,-9.0760145,938001.0,24.95,0.0,-0.148,-0.051,0.457,23.52,1.484,0.0,0.0,0.0,0.0,0.0,0.0,0.0,0.0,1.533,-1.75,-1.467,-0.2,0.0,0.0,0.0,0.0,0.0,272.0,275.0,275.0,274.0,0.583,0.0,0.0,-0.103,-0.048,0.05,0.0,6000.0,420211.0,202.0,437.0,59.96,2.0,33.0,40.0,32.0,23.51,20.69,-0.038,0.0,0.2,0.2,60.0,59.5,75.6,1.0,274.0,274.0,273.0,-0.075,0.03,0.081,1962.0,433107.0,13735.0,1967.0,-0.928,0.818,0.791,0.836,0.001,0.0,0.0,0.0,0.0,0.0,0.0,0.0,0.0,0.0,0.0,0.0,1.007,233.2,43.59,2.2,3.499,2.0,-1.0,13.59,0.005,0.283,3.0,2.0,0.0,0.0,21.08,21.02,20.89,20.85,20.73,20.57,21.67,21.54,21.99,22.01,21.16,20.66,21.43,21.28,20.51,21.29,22.0,21.4,21.0
2017-06-30 02:01:00-05:00,-10.383702,-13.099078,-4.6779885,-10.857907,-10.816379,-3.8932464,-9.659897,-9.0760145,938002.0,24.95,0.0,-0.154,-0.051,0.457,23.53,1.484,0.0,0.0,0.0,0.0,0.0,0.0,0.0,0.0,1.417,-1.933,-1.533,-0.2,0.0,0.0,0.0,0.0,0.0,272.0,275.0,275.0,274.0,0.573,0.0,0.0,-0.102,-0.055,0.082,0.0,6000.0,420211.0,202.0,437.0,59.96,2.0,33.0,40.0,32.0,23.47,20.64,-0.038,0.0,0.2,0.2,60.0,59.5,75.6,1.0,274.0,274.0,273.0,-0.075,0.03,0.081,1962.0,433107.0,13735.0,1967.0,-0.928,0.818,0.791,0.836,0.001,0.0,0.0,0.0,0.0,0.0,0.0,0.0,0.0,0.0,0.0,0.0,1.007,288.1,31.73,1.6,3.499,2.0,-1.0,13.59,0.005,0.283,3.0,2.0,0.0,0.0,21.0,20.93,20.85,20.76,20.65,20.5,21.63,21.53,21.91,22.0,21.15,20.63,21.42,21.25,20.48,21.28,21.99,21.37,20.98
2017-06-30 02:02:00-05:00,-10.383702,-13.099078,-4.7964187,-10.857907,-10.816379,-3.8932464,-9.659897,-9.0760145,938003.0,24.92,0.0,-0.144,-0.051,0.457,23.53,1.484,0.0,0.0,0.0,0.0,0.0,0.0,0.0,0.0,1.333,-1.983,-1.65,-0.2,0.0,0.0,0.0,0.0,0.0,272.0,275.0,275.0,274.0,0.57,0.0,0.0,-0.102,-0.065,0.078,0.0,6000.0,420211.0,202.0,437.0,59.95,2.0,33.0,40.0,32.0,23.51,20.61,-0.038,0.0,0.2,0.2,60.0,59.5,75.6,1.0,274.0,274.0,273.0,-0.075,0.03,0.081,1962.0,433107.0,13735.0,1967.0,-0.928,0.818,0.791,0.836,0.001,0.0,0.001,0.0,0.0,0.0,0.0,0.0,0.0,0.0,0.0,0.0,0.928,182.5,57.62,2.1,3.5,2.0,-1.0,13.59,0.005,0.283,3.0,2.0,0.0,0.0,20.91,20.85,20.78,20.75,20.57,20.46,21.63,21.51,21.86,21.97,21.13,20.63,21.44,21.22,20.49,21.28,21.99,21.37,20.97
2017-06-30 02:03:00-05:00,-10.383702,-13.099078,-4.7964187,-10.857907,-10.687613,-3.8932464,-9.659897,-9.0760145,938004.0,24.92,0.0,0.065,0.173,0.746,23.54,1.486,0.0,0.0,0.0,0.0,0.0,0.0,0.0,0.0,1.683,-1.933,-1.6,-0.2,0.0,0.0,0.0,0.0,0.0,272.0,275.0,275.0,274.0,0.555,0.0,0.0,-0.1,-0.058,0.055,0.0,6000.0,420211.0,202.0,437.0,59.94,2.0,33.0,40.0,32.0,23.6,20.69,-0.038,0.0,0.2,0.2,60.0,59.5,75.6,1.0,274.0,274.0,273.0,-0.075,0.03,0.081,1962.0,433107.0,13735.0,1967.0,-0.928,0.818,0.791,0.836,0.001,0.0,0.001,0.0,0.0,0.0,0.0,0.0,0.0,0.0,0.0,0.0,1.637,187.8,24.61,3.5,3.5,2.0,-1.0,13.59,0.007,0.282,3.0,2.0,0.0,0.0,21.0,20.85,20.85,20.75,20.65,20.46,21.63,21.49,21.85,21.98,21.12,20.63,21.42,21.21,20.48,21.26,21.98,21.38,20.96
2017-06-30 02:04:00-05:00,-10.260086,-13.099078,-4.6779885,-10.857907,-10.816379,-3.8932464,-9.785349,-9.193885,938005.0,24.91,0.0,-0.161,-0.053,0.457,23.52,1.486,0.0,0.0,0.0,0.0,0.0,0.0,0.0,0.0,1.9,-1.933,-1.55,-0.2,0.0,0.0,0.0,0.0,0.0,272.0,275.0,275.0,274.0,0.585,0.0,0.0,-0.1,-0.043,0.067,0.0,6000.0,420211.0,202.0,437.0,59.95,2.0,33.0,40.0,32.0,23.54,20.68,-0.038,0.0,0.2,0.2,60.0,59.5,75.6,1.0,274.0,274.0,273.0,-0.075,0.03,0.081,1962.0,433107.0,13735.0,1967.0,-0.927,0.818,0.791,0.836,0.001,0.0,0.001,0.0,0.0,0.0,0.0,0.0,0.0,0.0,0.0,0.0,0.727,230.7,50.32,1.6,3.497,2.0,-1.0,13.41,0.004,0.283,3.0,2.0,0.0,0.001,21.05,20.85,20.85,20.75,20.65,20.46,21.54,21.45,21.78,21.91,21.07,20.59,21.34,21.17,20.44,21.22,21.9,21.32,20.92
2017-06-30 02:05:00-05:00,-10.383702,-13.099078,-4.4411287,-10.99032,-10.816379,-3.8932464,-9.910803,-9.311755,938006.0,24.89,0.0,-0.144,-0.051,0.457,23.5,1.484,0.0,0.0,0.0,0.0,0.0,0.0,0.0,0.0,1.883,-1.85,-1.6,-0.2,0.0,0.0,0.0,0.0,0.0,272.0,275.0,275.1,274.0,0.585,0.0,0.0,-0.1,-0.052,0.063,0.0,6000.0,420211.0,202.0,437.0,59.96,2.0,33.0,40.0,32.0,23.52,20.66,-0.038,0.0,0.2,0.2,60.0,59.5,75.6,1.0,274.0,274.0,273.0,-0.075,0.03,0.081,1962.0,433107.0,13735.0,1967.0,-0.927,0.818,0.791,0.836,0.001,-0.001,0.0,-0.001,0.0,0.0,0.0,0.0,0.0,0.0,0.0,0.0,1.035,195.4,37.79,1.6,3.5,2.0,-1.0,13.59,0.005,0.283,3.0,2.0,0.0,0.0,21.01,20.85,20.85,20.75,20.65,20.46,21.52,21.45,21.89,21.91,21.06,20.56,21.32,21.16,20.41,21.19,21.9,21.28,20.89
2017-06-30 02:06:00-05:00,-10.383702,-13.099078,-4.4411287,-10.99032,-10.816379,-3.8932464,-9.785349,-9.193885,938007.0,24.89,0.0,-0.129,-0.051,0.457,23.45,1.484,0.0,0.0,0.0,0.0,0.0,0.0,0.0,0.0,1.8,-1.917,-1.567,-0.2,0.0,0.0,0.0,0.0,0.0,272.0,275.0,275.0,274.0,0.587,0.0,0.0,-0.1,-0.055,0.047,0.0,6000.0,420211.0,202.0,437.0,59.95,2.0,33.0,40.0,32.0,23.45,20.68,-0.038,0.0,0.2,0.2,60.0,59.5,75.6,1.0,274.0,274.0,273.0,-0.075,0.03,0.081,1962.0,433107.0,13735.0,1967.0,-0.927,0.818,0.791,0.836,0.001,-0.001,0.001,0.0,0.0,0.0,0.0,0.0,0.0,0.0,0.0,0.0,1.58,239.0,41.05,3.0,3.499,2.0,-1.0,13.59,0.005,0.283,3.0,2.0,0.0,0.0,21.04,20.85,20.85,20.75,20.65,20.49,21.52,21.47,21.85,21.92,21.08,20.55,21.33,21.16,20.41,21.2,21.92,21.3,20.91
2017-06-30 02:07:00-05:00,-10.260086,-13.099078,-4.4411287,-10.725493,-10.816379,-3.8932464,-9.659897,-9.0760145,938008.0,24.87,0.0,-0.148,-0.051,0.457,23.41,1.484,0.0,0.0,0.0,0.0,0.0,0.0,0.0,0.0,1.533,-1.917,-1.583,-0.2,0.0,0.0,0.0,0.0,0.0,272.0,275.0,275.0,274.0,0.572,0.0,0.0,-0.1,-0.05,0.067,0.0,6000.0,420211.0,202.0,437.0,59.96,2.0,33.0,39.98,32.0,23.37,20.62,-0.038,0.0,0.2,0.2,60.0,59.5,75.6,1.0,274.0,274.0,273.0,-0.075,0.03,0.081,1962.0,433107.0,13735.0,1967.0,-0.927,0.818,0.791,0.836,0.001,0.0,0.0,0.0,0.0,0.0,0.0,0.0,0.0,0.0,0.0,0.0,0.657,261.4,44.79,1.4,3.502,2.0,-1.0,13.59,0.005,0.283,3.0,2.0,0.0,0.0,21.03,20.85,20.83,20.77,20.65,20.49,21.49,21.49,21.91,21.94,21.1,20.56,21.37,21.16,20.41,21.2,21.92,21.31,20.92
2017-06-30 02:08:00-05:00,-10.383702,-13.099078,-4.4411287,-10.725493,-10.816379,-3.8932464,-9.659897,-9.0760145,938009.0,24.87,0.0,-0.178,-0.051,0.457,23.41,1.427,0.0,0.0,0.0,0.0,0.0,0.0,0.0,0.0,1.067,-1.933,-1.517,-0.2,0.0,0.0,0.0,0.0,0.0,272.0,275.0,275.0,274.0,0.582,0.0,0.0,-0.103,-0.047,0.07,0.0,6000.0,420211.0,202.0,437.0,59.96,2.0,33.0,40.0,32.0,23.42,20.6,-0.038,0.0,0.2,0.2,60.0,59.5,75.6,1.0,274.0,274.0,273.0,-0.075,0.03,0.081,1962.0,433107.0,13735.0,1967.0,-0.927,0.818,0.791,0.836,0.001,0.0,0.001,0.0,0.0,0.0,0.0,0.0,0.0,0.0,0.0,0.0,0.862,242.7,55.67,1.6,3.502,2.0,-1.0,13.59,0.005,0.283,3.0,2.0,0.0,0.0,20.95,20.85,20.73,20.75,20.65,20.46,21.5,21.49,21.91,21.94,21.1,20.57,21.37,21.13,20.42,21.2,21.93,21.3,20.9
2017-06-30 02:09:00-05:00,-10.383702,-13.099078,-4.4411287,-10.725493,-10.816379,-3.8932464,-9.659897,-9.0760145,938010.0,24.85,0.0,0.125,0.22,0.662,23.41,1.279,0.0,0.0,0.0,0.0,0.0,0.0,0.0,0.0,1.033,-2.0,-1.583,-0.2,0.0,0.0,0.0,0.0,0.0,272.0,275.0,275.2,274.0,0.582,0.0,0.0,-0.102,-0.055,0.063,0.0,6000.0,420211.0,202.0,437.0,59.95,2.0,33.0,39.93,32.0,23.39,20.58,-0.038,0.0,0.2,0.2,60.0,59.5,75.6,1.0,274.0,274.0,273.0,-0.075,0.03,0.081,1962.0,433107.0,13735.0,1967.0,-0.928,0.818,0.791,0.836,0.001,-0.001,0.0,0.0,0.0,0.0,0.0,0.0,0.0,0.0,0.0,0.0,0.512,227.2,53.45,1.0,3.5,2.0,-1.0,13.3,-0.015,0.282,1.0,2.0,0.0,0.001,20.95,20.85,20.67,20.65,20.54,20.39,21.47,21.47,21.81,21.9,21.08,20.55,21.3,21.09,20.4,21.17,21.85,21.26,20.89
2017-06-30 02:10:00-05:00,-10.630933,-13.099078,-4.4411287,-10.725493,-10.945146,-3.8932464,-9.659897,-9.193885,938011.0,24.84,0.0,-0.165,-0.051,0.457,23.42,1.217,0.0,0.0,0.0,0.0,0.0,0.0,0.0,0.0,1.1,-1.817,-1.517,-0.2,0.0,0.0,0.0,0.0,0.0,272.0,275.0,275.3,274.0,0.595,0.0,0.0,-0.1,-0.043,0.07,0.0,6000.0,420211.0,202.0,437.0,59.95,2.0,32.98,39.45,32.0,23.42,20.54,-0.038,0.0,0.2,0.2,60.0,59.5,75.6,1.0,274.0,274.0,273.0,-0.075,0.03,0.081,1962.0,433107.0,13735.0,1967.0,-0.928,0.818,0.791,0.836,0.001,-0.001,0.001,0.0,0.0,0.0,0.0,0.0,0.0,0.0,0.0,0.0,1.102,290.5,38.53,3.0,3.495,2.0,-1.0,13.3,0.026,0.285,1.0,2.0,0.0,0.001,20.93,20.85,20.65,20.62,20.55,20.36,21.46,21.43,21.82,21.88,21.05,20.52,21.38,21.06,20.37,21.14,21.88,21.24,20.85
2017-06-30 02:11:00-05:00,-11.0017805,-13.099078,-4.4411287,-10.59308,-10.816379,-3.8932464,-9.659897,-9.0760145,938012.0,24.84,0.0,-0.159,-0.051,0.457,23.39,1.215,0.0,0.0,0.0,0.0,0.0,0.0,0.0,0.0,1.05,-1.833,-1.483,-0.2,0.0,0.0,0.0,0.0,0.0,272.0,275.0,275.2,274.0,0.593,0.0,0.0,-0.1,-0.052,0.08,0.0,6000.0,420211.0,202.0,437.0,59.95,2.0,32.82,39.18,32.0,23.35,20.5,-0.038,0.0,0.2,0.2,60.0,59.5,75.6,1.0,274.0,274.0,273.0,-0.075,0.03,0.081,1962.0,433107.0,13735.0,1967.0,-0.927,0.818,0.791,0.836,0.0,-0.001,0.001,0.0,0.0,0.0,0.0,0.0,0.0,0.0,0.0,0.0,0.603,277.4,59.82,1.6,3.5,2.0,-1.0,13.59,0.005,0.283,3.0,2.0,0.0,0.0,20.93,20.85,20.65,20.65,20.55,20.36,21.54,21.41,21.76,21.87,21.03,20.55,21.42,21.08,20.39,21.17,21.9,21.28,20.89
2017-06-30 02:12:00-05:00,-11.0017805,-13.099078,-4.4411287,-10.460667,-10.945146,-3.8932464,-9.659897,-9.193885,938013.0,24.82,0.0,-0.163,-0.051,0.457,23.37,1.236,0.0,0.0,0.0,0.0,0.0,0.0,0.0,0.0,1.0,-1.983,-1.583,-0.2,0.0,0.0,0.0,0.0,0.0,272.0,275.0,275.1,274.0,0.595,0.0,0.0,-0.1,-0.05,0.068,0.0,6000.0,420211.0,202.0,437.0,59.95,2.0,32.57,39.02,32.0,23.37,20.47,-0.038,0.0,0.2,0.2,60.0,59.5,75.6,1.0,274.0,274.0,273.0,-0.075,0.03,0.081,1962.0,433107.0,13735.0,1967.0,-0.928,0.818,0.791,0.836,0.001,0.0,0.001,0.0,0.0,0.0,0.0,0.0,0.0,0.0,0.0,0.0,1.033,224.4,47.21,2.1,3.5,2.0,-1.0,13.59,0.005,0.283,3.0,2.0,0.0,0.0,20.87,20.86,20.65,20.55,20.54,20.36,21.54,21.4,21.76,21.84,21.01,20.54,21.41,21.04,20.38,21.15,21.87,21.24,20.86
2017-06-30 02:13:00-05:00,-11.0017805,-13.099078,-4.4411287,-10.460667,-11.073912,-3.8932464,-9.659897,-9.311755,938014.0,24.81,0.0,-0.154,-0.051,0.457,23.38,1.375,0.0,0.0,0.0,0.0,0.0,0.0,0.0,0.0,1.25,-1.817,-1.567,-0.2,0.0,0.0,0.0,0.0,0.0,272.0,275.0,275.3,274.0,0.583,0.0,0.0,-0.1,-0.05,0.075,0.0,6000.0,420211.0,202.0,437.0,59.96,2.0,32.47,39.3,32.0,23.33,20.43,-0.038,0.0,0.2,0.2,60.0,59.5,75.6,1.0,274.0,274.0,273.0,-0.075,0.03,0.081,1962.0,433107.0,13735.0,1967.0,-0.927,0.818,0.791,0.836,0.001,0.0,0.001,0.0,0.0,0.0,0.0,0.0,0.0,0.0,0.0,0.0,1.502,310.4,34.16,3.0,3.5,2.0,-1.0,13.59,0.005,0.282,3.0,2.0,0.0,0.0,20.87,20.85,20.65,20.55,20.54,20.36,21.54,21.37,21.73,21.83,20.99,20.54,21.43,21.02,20.37,21.14,21.89,21.23,20.84
2017-06-30 02:14:00-05:00,-11.0017805,-13.099078,-4.5595584,-10.460667,-10.945146,-3.8932464,-9.659897,-9.311755,938015.0,24.8,0.0,-0.201,-0.051,0.457,23.33,1.473,0.0,0.0,0.0,0.0,0.0,0.0,0.0,0.0,1.583,-1.617,-1.383,-0.2,0.0,0.0,0.0,0.0,0.0,272.1,275.0,275.4,274.0,0.582,0.0,0.0,-0.102,-0.063,0.082,0.0,6000.0,420211.0,202.0,437.0,59.95,2.0,32.45,39.57,32.0,23.31,20.41,-0.038,0.0,0.2,0.2,60.0,59.5,75.6,1.0,274.0,274.0,273.0,-0.075,0.03,0.081,1962.0,433107.0,13735.0,1967.0,-0.928,0.818,0.791,0.836,0.0,0.0,0.001,0.0,0.0,0.0,0.0,0.0,0.0,0.0,0.0,0.0,0.942,247.0,42.86,2.0,3.5,2.0,-1.0,13.59,0.005,0.283,3.0,2.0,0.0,0.0,20.84,20.85,20.65,20.59,20.55,20.36,21.54,21.34,21.66,21.79,20.95,20.51,21.37,21.02,20.33,21.12,21.86,21.22,20.84
2017-06-30 02:15:00-05:00,-11.0017805,-13.099078,-4.6779885,-10.460667,-10.816379,-3.8932464,-9.659897,-9.311755,938016.0,24.78,0.0,0.146,0.273,0.706,23.36,1.484,0.0,0.0,0.0,0.0,0.0,0.0,0.0,0.0,1.45,-1.833,-1.533,-0.2,0.0,0.0,0.0,0.0,0.0,272.0,275.0,275.3,274.0,0.592,0.0,0.0,-0.1,-0.038,0.057,0.0,6000.0,420211.0,202.0,437.0,59.95,2.0,32.08,39.88,32.0,23.39,20.4,-0.038,0.0,0.2,0.2,60.0,59.5,75.6,1.0,274.0,274.0,273.0,-0.075,0.03,0.081,1962.0,433107.0,13735.0,1967.0,-0.927,0.818,0.791,0.836,0.0,0.0,0.0,0.0,0.0,0.0,0.0,0.0,0.0,0.0,0.0,0.0,1.235,189.0,28.14,2.3,3.5,2.0,-1.0,13.41,-0.004,0.283,1.0,2.0,0.0,0.001,20.85,20.86,20.65,20.55,20.55,20.36,21.54,21.34,21.73,21.79,20.95,20.47,21.32,20.99,20.31,21.11,21.85,21.2,20.82
2017-06-30 02:16:00-05:00,-10.878164,-13.099078,-4.4411287,-10.59308,-10.816379,-3.8932464,-9.659897,-9.193885,938017.0,24.78,0.0,-0.173,-0.051,0.457,23.35,1.484,0.0,0.0,0.0,0.0,0.0,0.0,0.0,0.0,1.7,-1.667,-1.5,-0.2,0.0,0.0,0.0,0.0,0.0,272.0,275.0,275.2,274.0,0.568,0.0,0.0,-0.1,-0.05,0.055,0.0,6000.0,420211.0,202.0,437.0,59.94,2.0,32.02,39.78,32.0,23.35,20.41,-0.038,0.0,0.2,0.2,60.0,59.5,75.6,1.0,274.0,274.0,273.0,-0.075,0.03,0.081,1962.0,433107.0,13735.0,1967.0,-0.927,0.818,0.791,0.836,0.001,0.0,0.0,0.0,0.0,0.0,0.0,0.0,0.0,0.0,0.0,0.0,0.987,176.1,60.23,1.9,3.5,2.0,-1.0,13.47,0.014,0.283,3.0,2.0,0.0,0.001,20.82,20.82,20.65,20.57,20.49,20.36,21.44,21.33,21.84,21.8,20.96,20.45,21.28,20.98,20.3,21.11,21.83,21.2,20.82
2017-06-30 02:17:00-05:00,-10.754549,-13.099078,-4.4411287,-10.59308,-10.816379,-3.8932464,-9.659897,-9.193885,938018.0,24.76,0.0,-0.178,-0.051,0.457,23.34,1.484,0.0,0.0,0.0,0.0,0.0,0.0,0.0,0.0,1.6,-1.967,-1.6,-0.2,0.0,0.0,0.0,0.0,0.0,272.1,275.0,275.1,274.0,0.58,0.0,0.0,-0.103,-0.05,0.077,0.0,6000.0,420211.0,202.0,437.0,59.94,2.0,32.0,39.58,32.0,23.37,20.41,-0.038,0.0,0.2,0.2,60.0,59.5,75.6,1.0,274.0,274.0,273.0,-0.075,0.03,0.081,1962.0,433107.0,13735.0,1967.0,-0.927,0.818,0.791,0.836,0.001,-0.001,0.001,0.0,0.0,0.0,0.0,0.0,0.0,0.0,0.0,0.0,1.168,188.5,33.69,1.7,3.5,2.0,-1.0,13.59,0.005,0.283,3.0,2.0,0.0,0.0,20.76,20.76,20.63,20.55,20.46,20.36,21.44,21.34,21.75,21.79,20.96,20.44,21.29,21.0,20.3,21.11,21.83,21.2,20.82
2017-06-30 02:18:00-05:00,-10.630933,-13.099078,-4.4411287,-10.59308,-10.816379,-3.8932464,-9.534443,-9.0760145,938019.0,24.75,0.0,-0.184,-0.051,0.457,23.32,1.484,0.0,0.0,0.0,0.0,0.0,0.0,0.0,0.0,1.567,-1.867,-1.517,-0.2,0.0,0.0,0.0,0.0,0.0,272.1,275.0,275.3,274.0,0.573,0.0,0.0,-0.102,-0.053,0.065,0.0,6000.0,420211.0,202.0,437.0,59.96,2.0,32.0,39.42,32.0,23.29,20.4,-0.038,0.0,0.2,0.2,60.0,59.5,75.6,1.0,274.0,274.0,273.0,-0.075,0.03,0.081,1962.0,433107.0,13735.0,1967.0,-0.927,0.818,0.791,0.836,0.001,0.0,0.0,0.0,0.0,0.0,0.0,0.0,0.0,0.0,0.0,0.0,1.062,243.2,51.05,1.8,3.5,2.0,-1.0,13.59,0.005,0.282,3.0,2.0,0.0,0.0,20.76,20.77,20.65,20.55,20.46,20.35,21.41,21.31,21.64,21.76,20.94,20.43,21.24,20.98,20.29,21.09,21.8,21.17,20.8
2017-06-30 02:19:00-05:00,-10.507318,-13.099078,-4.4411287,-10.59308,-10.816379,-3.8932464,-9.659897,-9.193885,938020.0,24.75,0.0,-0.176,-0.051,0.457,23.28,1.484,0.0,0.0,0.0,0.0,0.0,0.0,0.0,0.0,1.65,-1.917,-1.55,-0.2,0.0,0.0,0.0,0.0,0.0,272.1,275.0,275.5,274.0,0.552,0.0,0.0,-0.102,-0.042,0.062,0.0,6000.0,420211.0,202.0,437.0,59.97,2.0,32.0,39.12,32.0,23.23,20.39,-0.038,0.0,0.2,0.2,60.0,59.5,75.6,1.0,274.0,274.0,273.0,-0.075,0.03,0.081,1962.0,433107.0,13735.0,1967.0,-0.927,0.818,0.791,0.836,0.001,0.0,0.001,0.0,0.0,0.0,0.0,0.0,0.0,0.0,0.0,0.0,1.228,260.1,26.56,1.8,3.499,2.0,-1.0,13.59,0.005,0.282,3.0,2.0,0.0,0.0,20.76,20.77,20.59,20.52,20.46,20.33,21.34,21.27,21.65,21.72,20.9,20.39,21.2,20.97,20.25,21.06,21.75,21.13,20.77
2017-06-30 02:20:00-05:00,-10.383702,-13.099078,-4.4411287,-10.59308,-10.816379,-3.8932464,-9.659897,-9.193885,938021.0,24.72,0.0,-0.176,-0.051,0.457,23.31,1.484,0.0,0.0,0.0,0.0,0.0,0.0,0.0,0.0,1.767,-1.833,-1.567,-0.2,0.0,0.0,0.0,0.0,0.0,272.2,275.0,275.2,274.0,0.545,0.0,0.0,-0.102,-0.062,0.062,0.0,6000.0,420211.0,202.0,437.0,59.97,2.0,32.0,39.02,32.0,23.33,20.4,-0.038,0.0,0.2,0.2,60.0,59.5,75.6,1.0,274.0,274.0,273.0,-0.075,0.03,0.081,1962.0,433107.0,13735.0,1967.0,-0.927,0.818,0.791,0.836,0.001,0.0,0.001,-0.001,0.0,0.0,0.0,0.0,0.0,0.0,0.0,0.0,1.238,235.0,51.09,2.3,3.5,2.0,-1.0,13.59,0.005,0.283,3.0,2.0,0.0,0.0,20.76,20.75,20.55,20.49,20.46,20.26,21.34,21.26,21.64,21.72,20.88,20.36,21.19,20.97,20.23,21.03,21.74,21.11,20.74
2017-06-30 02:21:00-05:00,-10.383702,-13.099078,-4.4411287,-10.725493,-10.816379,-3.8932464,-9.659897,-9.193885,938022.0,24.72,0.0,0.19,0.34,0.772,23.31,1.484,0.0,0.0,0.0,0.0,0.0,0.0,0.0,0.0,1.7,-1.9,-1.55,-0.2,0.0,0.0,0.0,0.0,0.0,272.0,275.0,275.0,274.0,0.548,0.0,0.0,-0.1,-0.052,0.065,0.0,6000.0,420211.0,202.0,437.0,59.97,2.0,32.0,39.0,32.0,23.29,20.38,-0.038,0.0,0.2,0.2,60.0,59.5,75.6,1.0,274.0,274.0,273.0,-0.075,0.03,0.081,1962.0,433107.0,13735.0,1967.0,-0.927,0.818,0.791,0.836,0.001,0.0,0.001,0.0,0.0,0.0,0.0,0.0,0.0,0.0,0.0,0.0,0.937,252.3,50.42,2.4,3.5,2.0,-1.0,13.29,-0.004,0.285,1.0,2.0,0.0,0.001,20.76,20.73,20.55,20.52,20.46,20.26,21.37,21.26,21.62,21.72,20.89,20.37,21.26,20.96,20.22,21.05,21.79,21.14,20.76
2017-06-30 02:22:00-05:00,-10.383702,-13.099078,-4.4411287,-10.328253,-10.816379,-3.8932464,-9.534443,-9.0760145,938023.0,24.71,0.0,-0.195,-0.051,0.457,23.3,1.484,0.0,0.0,0.0,0.0,0.0,0.0,0.0,0.0,1.467,-1.95,-1.567,-0.2,0.0,0.0,0.0,0.0,0.0,272.0,275.0,275.0,274.0,0.565,0.0,0.0,-0.102,-0.053,0.058,0.0,6000.0,420211.0,202.0,437.0,59.96,2.0,32.0,39.0,32.0,23.31,20.37,-0.038,0.0,0.2,0.2,60.0,59.5,75.6,1.0,274.0,274.0,273.0,-0.075,0.03,0.081,1962.0,433107.0,13735.0,1967.0,-0.927,0.818,0.791,0.836,0.001,-0.001,0.001,0.0,0.0,0.0,0.0,0.0,0.0,0.0,0.0,0.0,0.66,302.2,83.9,1.7,3.5,2.0,-1.0,13.59,0.014,0.282,3.0,2.0,0.0,0.0,20.76,20.72,20.5,20.46,20.36,20.25,21.44,21.26,21.61,21.72,20.89,20.39,21.27,20.96,20.24,21.06,21.8,21.16,20.77
2017-06-30 02:23:00-05:00,-10.383702,-13.099078,-4.4411287,-10.328253,-10.816379,-3.8932464,-9.534443,-9.0760145,938024.0,24.69,0.0,-0.168,-0.048,0.46,23.31,1.484,0.0,0.0,0.0,0.0,0.0,0.0,0.0,0.0,1.4,-1.883,-1.6,-0.2,0.0,0.0,0.0,0.0,0.0,272.1,275.0,275.0,274.0,0.552,0.0,0.0,-0.102,-0.042,0.065,0.0,6000.0,420211.0,202.0,437.0,59.97,2.0,32.0,39.02,32.0,23.35,20.39,-0.038,0.0,0.2,0.2,60.0,59.5,75.6,1.0,274.0,274.0,273.0,-0.075,0.03,0.081,1962.0,433107.0,13735.0,1967.0,-0.927,0.818,0.791,0.836,0.001,0.0,0.001,0.0,0.0,0.0,0.0,0.0,0.0,0.0,0.0,0.0,0.557,230.0,68.35,1.1,3.5,2.0,-1.0,13.59,0.005,0.282,3.0,2.0,0.0,0.0,20.76,20.71,20.46,20.46,20.36,20.17,21.44,21.28,21.7,21.74,20.91,20.4,21.31,20.97,20.25,21.07,21.8,21.16,20.76
2017-06-30 02:24:00-05:00,-10.383702,-13.099078,-4.4411287,-10.328253,-10.816379,-3.8932464,-9.659897,-9.0760145,938025.0,24.69,0.0,-0.175,-0.046,0.462,23.32,1.483,0.0,0.0,0.0,0.0,0.0,0.0,0.0,0.0,1.35,-1.917,-1.6,-0.2,0.0,0.0,0.0,0.0,0.0,272.1,275.0,275.1,274.0,0.55,0.0,0.0,-0.1,-0.06,0.072,0.0,6000.0,420211.0,202.0,437.0,59.96,2.0,32.0,39.18,32.0,23.3,20.35,-0.038,0.0,0.2,0.2,60.0,59.5,75.6,1.0,274.0,274.0,273.0,-0.075,0.03,0.081,1962.0,433107.0,13735.0,1967.0,-0.927,0.818,0.791,0.836,0.001,0.0,0.001,0.0,0.0,0.0,0.0,0.0,0.0,0.0,0.0,0.0,0.848,209.1,74.82,1.7,3.499,2.0,-1.0,13.59,0.005,0.283,3.0,2.0,0.0,0.0,20.74,20.71,20.46,20.46,20.36,20.17,21.42,21.27,21.68,21.72,20.9,20.37,21.25,20.94,20.22,21.05,21.74,21.12,20.75
2017-06-30 02:25:00-05:00,-10.383702,-13.099078,-4.322698,-10.460667,-10.945146,-3.8932464,-9.659897,-9.193885,938026.0,24.67,0.0,-0.186,-0.047,0.461,23.28,1.484,0.0,0.0,0.0,0.0,0.0,0.0,0.0,0.0,1.233,-2.0,-1.6,-0.2,0.0,0.0,0.0,0.0,0.0,272.1,275.0,275.0,274.0,0.547,0.0,0.0,-0.102,-0.043,0.07,0.0,6000.0,420211.0,202.0,437.0,59.95,2.0,32.0,39.8,32.0,23.25,20.29,-0.038,0.0,0.2,0.2,60.0,59.5,75.6,1.0,274.0,274.0,273.0,-0.075,0.03,0.081,1962.0,433107.0,13735.0,1967.0,-0.928,0.818,0.791,0.836,0.001,0.0,0.001,0.0,0.0,0.0,0.0,0.0,0.0,0.0,0.0,0.0,0.882,221.3,40.76,1.7,3.5,2.0,-1.0,13.59,0.005,0.282,3.0,2.0,0.0,0.0,20.66,20.7,20.46,20.41,20.36,20.15,21.34,21.25,21.62,21.71,20.87,20.34,21.23,20.94,20.19,21.01,21.72,21.09,20.71
2017-06-30 02:26:00-05:00,-10.383702,-13.099078,-4.322698,-10.59308,-10.945146,-3.8932464,-9.534443,-9.193885,938027.0,24.66,0.0,-0.172,-0.047,0.46,23.25,1.484,0.0,0.0,0.0,0.0,0.0,0.0,0.0,0.0,1.467,-1.817,-1.55,-0.2,0.0,0.0,0.0,0.0,0.0,272.2,275.0,275.1,274.0,0.558,0.0,0.0,-0.1,-0.048,0.062,0.0,6000.0,420211.0,202.0,437.0,59.95,2.0,32.0,39.83,32.0,23.28,20.3,-0.038,0.0,0.2,0.2,60.0,59.5,75.6,1.0,274.0,274.0,273.0,-0.075,0.03,0.081,1962.0,433107.0,13735.0,1967.0,-0.927,0.818,0.791,0.836,0.001,0.0,0.001,-0.001,0.0,0.0,0.0,0.0,0.0,0.0,0.0,0.0,1.09,253.7,34.37,1.8,3.5,2.0,-1.0,13.59,0.005,0.282,3.0,2.0,0.0,0.0,20.66,20.71,20.39,20.36,20.35,20.08,21.34,21.24,21.62,21.69,20.87,20.34,21.22,20.9,20.2,21.01,21.72,21.09,20.71
2017-06-30 02:27:00-05:00,-10.383702,-13.099078,-4.4411287,-10.725493,-10.945146,-3.8932464,-9.659897,-9.0760145,938028.0,24.66,0.0,0.054,0.177,0.618,23.32,1.484,0.0,0.0,0.0,0.0,0.0,0.0,0.0,0.0,1.483,-1.967,-1.567,-0.2,0.0,0.0,0.0,0.0,0.0,272.0,275.0,275.0,274.0,0.568,0.0,0.0,-0.1,-0.045,0.077,0.0,6000.0,420211.0,202.0,437.0,59.94,2.0,32.0,39.95,32.0,23.23,20.28,-0.038,0.0,0.2,0.2,60.0,59.5,75.6,1.0,274.0,274.0,273.0,-0.075,0.03,0.081,1962.0,433107.0,13735.0,1967.0,-0.927,0.818,0.791,0.836,0.001,0.0,0.001,0.0,0.0,0.0,0.0,0.0,0.0,0.0,0.0,0.0,1.67,272.7,29.47,2.8,3.5,2.0,-1.0,13.49,0.005,0.282,3.0,2.0,0.0,0.0,20.67,20.71,20.46,20.36,20.26,20.12,21.34,21.24,21.64,21.69,20.86,20.31,21.2,20.9,20.17,21.0,21.7,21.07,20.7
2017-06-30 02:28:00-05:00,-10.383702,-13.099078,-4.4411287,-10.59308,-10.816379,-3.8932464,-9.534443,-9.0760145,938029.0,24.64,0.0,-0.192,-0.048,0.459,23.34,1.498,0.0,0.0,0.0,0.0,0.0,0.0,0.0,0.0,1.75,-1.967,-1.55,-0.2,0.0,0.0,0.0,0.0,0.0,272.1,275.0,275.0,274.0,0.56,0.0,0.0,-0.102,-0.055,0.067,0.0,6000.0,420211.0,202.0,437.0,59.96,2.0,32.0,39.67,31.95,23.21,20.26,-0.038,0.0,0.2,0.2,60.0,59.5,75.6,1.0,274.0,274.0,273.0,-0.075,0.03,0.081,1962.0,433107.0,13735.0,1967.0,-0.928,0.818,0.791,0.836,0.001,0.0,0.001,0.0,0.0,0.0,0.0,0.0,0.0,0.0,0.0,0.0,1.252,271.0,44.55,2.4,3.5,2.0,-1.0,13.59,0.005,0.282,3.0,2.0,0.0,0.0,20.66,20.64,20.46,20.36,20.28,20.09,21.37,21.26,21.65,21.7,20.87,20.32,21.27,20.92,20.18,21.01,21.72,21.08,20.7
2017-06-30 02:29:00-05:00,-10.260086,-13.099078,-4.4411287,-10.460667,-10.816379,-3.8932464,-9.534443,-9.0760145,938030.0,24.63,0.0,-0.199,-0.049,0.459,23.29,1.614,0.0,0.0,0.0,0.0,0.0,0.0,0.0,0.0,1.983,-1.933,-1.583,-0.2,0.0,0.0,0.0,0.0,0.0,272.1,275.0,275.0,274.0,0.545,0.0,0.0,-0.1,-0.047,0.055,0.0,6000.0,420211.0,202.0,437.0,59.97,2.0,32.0,39.38,31.73,23.17,20.25,-0.057,0.0,0.2,0.2,60.0,59.5,75.6,1.0,274.0,274.0,273.0,-0.075,0.03,0.081,1962.0,433107.0,13735.0,1967.0,-0.928,0.818,0.791,0.836,0.001,0.0,0.001,0.0,0.0,0.0,0.0,0.0,0.0,0.0,0.0,0.0,1.415,257.1,32.66,2.5,3.5,2.0,-1.0,13.59,0.004,0.282,3.0,2.0,0.0,0.0,20.66,20.66,20.46,20.36,20.26,20.07,21.37,21.25,21.6,21.7,20.87,20.33,21.27,20.93,20.2,21.0,21.75,21.08,20.71
2017-06-30 02:30:00-05:00,-10.136472,-13.099078,-4.4411287,-10.460667,-10.687613,-3.8932464,-9.534443,-9.0760145,938031.0,24.6,0.0,-0.201,-0.049,0.459,23.27,1.619,0.0,0.0,0.0,0.0,0.0,0.0,0.0,0.0,2.0,-1.867,-1.6,-0.2,0.0,0.0,0.0,0.0,0.0,272.2,275.0,275.1,274.0,0.542,0.0,0.0,-0.1,-0.048,0.07,0.0,6000.0,420211.0,202.0,437.0,59.96,2.0,32.0,39.15,31.35,23.18,20.23,-0.033,0.0,0.2,0.2,60.0,59.5,75.6,1.0,274.0,274.0,273.0,-0.075,0.03,0.081,1962.0,433107.0,13735.0,1967.0,-0.928,0.818,0.791,0.836,0.001,0.0,0.001,0.0,0.0,0.0,0.0,0.0,0.0,0.0,0.0,0.0,1.513,280.3,30.71,2.9,3.499,2.0,-1.0,13.59,0.005,0.282,3.0,2.0,0.0,0.0,20.62,20.66,20.37,20.36,20.26,20.07,21.41,21.25,21.62,21.74,20.87,20.36,21.27,20.94,20.21,21.01,21.79,21.1,20.71
2017-06-30 02:31:00-05:00,-10.136472,-13.099078,-4.4411287,-10.328253,-10.430079,-3.6675506,-9.534443,-8.958144,938032.0,24.6,0.0,-0.189,-0.049,0.458,23.31,1.619,0.0,0.0,0.0,0.0,0.0,0.0,0.0,0.0,2.0,-1.9,-1.533,-0.2,0.0,0.0,0.0,0.0,0.0,272.2,275.0,275.0,274.0,0.54,0.0,0.0,-0.1,-0.047,0.072,0.0,6000.0,420211.0,202.0,437.0,59.96,2.0,32.0,39.02,31.2,23.23,20.24,-0.045,0.0,0.2,0.2,60.0,59.5,75.6,1.0,274.0,274.0,273.0,-0.075,0.03,0.081,1962.0,433107.0,13735.0,1967.0,-0.928,0.818,0.791,0.836,0.001,0.0,0.001,0.0,0.0,0.0,0.0,0.0,0.0,0.0,0.0,0.0,1.255,252.1,17.53,2.4,3.499,2.0,-1.0,13.59,0.004,0.282,3.0,2.0,0.0,0.0,20.56,20.64,20.41,20.36,20.2,20.07,21.44,21.27,21.6,21.73,20.89,20.4,21.33,20.98,20.25,21.04,21.82,21.15,20.74
2017-06-30 02:32:00-05:00,-10.012856,-13.099078,-4.4411287,-10.19584,-10.430079,-3.4418554,-9.40899,-8.958144,938033.0,24.6,0.0,0.348,0.505,0.926,23.3,1.619,0.0,0.0,0.0,0.0,0.0,0.0,0.0,0.0,2.0,-1.45,-1.367,-0.2,0.0,0.0,0.0,0.0,0.0,272.3,275.0,275.1,274.0,0.533,0.0,0.0,-0.1,-0.04,0.057,0.0,6000.0,420211.0,202.0,437.0,59.96,2.0,32.0,39.03,31.37,23.21,20.24,-0.038,0.0,0.2,0.2,60.0,59.5,75.6,1.0,274.0,274.0,273.0,-0.075,0.03,0.081,1962.0,433107.0,13735.0,1967.0,-0.927,0.818,0.791,0.836,0.001,0.0,0.0,0.0,0.0,0.0,0.0,0.0,0.0,0.0,0.0,0.0,1.207,258.4,39.85,2.5,3.5,2.0,-1.0,13.22,-0.037,0.283,1.0,2.0,0.0,0.001,20.56,20.64,20.44,20.36,20.17,20.07,21.44,21.27,21.59,21.73,20.9,20.42,21.35,20.99,20.27,21.05,21.8,21.15,20.75
2017-06-30 02:33:00-05:00,-10.012856,-13.099078,-4.4411287,-10.19584,-10.558846,-3.4418554,-9.534443,-8.958144,938034.0,24.57,0.0,-0.219,-0.041,0.458,23.29,1.619,0.0,0.0,0.0,0.0,0.0,0.0,0.0,0.0,2.0,-1.783,-1.533,-0.2,0.0,0.0,0.0,0.0,0.0,272.2,275.0,275.1,274.0,0.537,0.0,0.0,-0.1,-0.053,0.063,0.0,6000.0,420211.0,202.0,437.0,59.95,2.0,32.0,39.0,31.4,23.22,20.29,-0.038,0.0,0.2,0.2,60.0,59.5,75.6,1.0,274.0,274.0,273.0,-0.075,0.03,0.081,1962.0,433107.0,13735.0,1967.0,-0.928,0.818,0.791,0.836,0.0,-0.001,0.001,0.0,0.0,0.0,0.0,0.0,0.0,0.0,0.0,0.0,1.008,187.1,37.4,3.1,3.5,2.0,-1.0,13.22,0.049,0.287,1.0,2.0,0.0,0.001,20.61,20.66,20.44,20.38,20.25,20.07,21.34,21.27,21.6,21.72,20.9,20.41,21.3,20.97,20.25,21.03,21.77,21.12,20.74
2017-06-30 02:34:00-05:00,-10.012856,-13.099078,-4.2042685,-10.19584,-10.558846,-3.7803986,-9.534443,-9.0760145,938035.0,24.57,0.0,-0.177,-0.05,0.458,23.25,1.619,0.0,0.0,0.0,0.0,0.0,0.0,0.0,0.0,2.0,-1.667,-1.5,-0.2,0.0,0.0,0.0,0.0,0.0,272.1,275.0,275.0,274.0,0.542,0.0,0.0,-0.1,-0.05,0.078,0.0,6000.0,420211.0,202.0,437.0,59.95,2.0,32.0,39.0,31.52,23.25,20.31,-0.038,0.0,0.2,0.2,60.0,59.5,75.6,1.0,274.0,274.0,273.0,-0.075,0.03,0.081,1962.0,433107.0,13735.0,1967.0,-0.928,0.818,0.791,0.836,0.001,-0.001,0.001,0.0,0.0,0.0,0.0,0.0,0.0,0.0,0.0,0.0,1.128,236.6,40.45,2.2,3.502,2.0,-1.0,13.59,0.007,0.282,3.0,2.0,0.0,0.001,20.66,20.71,20.46,20.46,20.26,20.12,21.34,21.25,21.55,21.7,20.87,20.39,21.25,20.97,20.24,21.01,21.73,21.1,20.72
2017-06-30 02:35:00-05:00,-10.012856,-12.607862,-4.085839,-10.19584,-10.558846,-3.554703,-9.534443,-8.958144,938036.0,24.56,0.0,-0.196,-0.05,0.458,23.26,1.619,0.0,0.0,0.0,0.0,0.0,0.0,0.0,0.0,2.0,-1.767,-1.5,-0.2,0.0,0.0,0.0,0.0,0.0,272.3,275.0,275.0,274.0,0.547,0.0,0.0,-0.1,-0.043,0.055,0.0,6000.0,420211.0,202.0,437.0,59.95,2.0,32.0,39.0,31.67,23.2,20.29,-0.038,0.0,0.2,0.2,60.0,59.5,75.6,1.0,274.0,274.0,273.0,-0.075,0.03,0.081,1962.0,433107.0,13735.0,1967.0,-0.928,0.818,0.791,0.836,0.001,-0.001,0.001,0.0,0.0,0.0,0.0,0.0,0.0,0.0,0.0,0.0,1.383,284.7,34.43,2.6,3.5,2.0,-1.0,13.59,0.005,0.282,3.0,2.0,0.0,0.0,20.66,20.76,20.46,20.46,20.26,20.17,21.41,21.27,21.62,21.74,20.89,20.4,21.35,21.0,20.25,21.02,21.78,21.13,20.74
2017-06-30 02:36:00-05:00,-10.012856,-12.280385,-4.085839,-10.19584,-10.558846,-3.554703,-9.40899,-8.840274,938037.0,24.54,0.0,-0.206,-0.05,0.458,23.25,1.559,0.0,0.0,0.0,0.0,0.0,0.0,0.0,0.0,2.0,-1.8,-1.45,-0.2,0.0,0.0,0.0,0.0,0.0,272.0,275.0,275.0,274.0,0.542,0.0,0.0,-0.102,-0.05,0.058,0.0,6000.0,420211.0,202.0,437.0,59.96,2.0,32.0,39.0,31.88,23.15,20.31,-0.038,0.0,0.2,0.2,60.0,59.5,75.6,1.0,274.0,274.0,273.0,-0.075,0.03,0.081,1962.0,433107.0,13735.0,1967.0,-0.928,0.818,0.791,0.836,0.001,0.0,0.001,-0.001,0.0,0.0,0.0,0.0,0.0,0.0,0.0,0.0,1.227,274.0,22.58,2.4,3.5,2.0,-1.0,13.59,0.005,0.282,3.0,2.0,0.0,0.0,20.66,20.76,20.46,20.46,20.31,20.17,21.46,21.28,21.65,21.73,20.9,20.42,21.34,21.03,20.27,21.05,21.78,21.14,20.76
2017-06-30 02:37:00-05:00,-10.136472,-12.444123,-4.085839,-10.19584,-10.558846,-3.554703,-9.534443,-8.958144,938038.0,24.54,0.0,-0.185,-0.05,0.457,23.22,1.484,0.0,0.0,0.0,0.0,0.0,0.0,0.0,0.0,1.5,-2.0,-1.6,-0.2,0.0,0.0,0.0,0.0,0.0,272.0,275.0,275.0,274.0,0.54,0.0,0.0,-0.1,-0.035,0.07,0.0,6000.0,420211.0,202.0,437.0,59.97,2.0,32.0,39.0,31.5,23.19,20.28,-0.038,0.0,0.2,0.2,60.0,59.5,75.6,1.0,274.0,274.0,273.0,-0.075,0.03,0.081,1962.0,433107.0,13735.0,1967.0,-0.928,0.818,0.791,0.836,0.001,0.0,0.001,0.0,0.0,0.0,0.0,0.0,0.0,0.0,0.0,0.0,1.217,254.8,49.41,2.0,3.5,2.0,-1.0,13.59,0.005,0.282,3.0,2.0,0.0,0.0,20.61,20.69,20.46,20.46,20.26,20.17,21.44,21.26,21.59,21.72,20.89,20.4,21.32,21.0,20.25,21.03,21.77,21.13,20.75
2017-06-30 02:38:00-05:00,-10.136472,-12.7716,-4.085839,-10.19584,-10.558846,-3.554703,-9.534443,-8.958144,938039.0,24.53,0.0,0.015,0.519,1.033,23.23,1.408,0.0,0.0,0.0,0.0,0.0,0.0,0.0,0.0,1.133,-1.867,-1.617,-0.2,0.0,0.0,0.0,0.0,0.0,272.0,275.0,275.0,274.0,0.54,0.0,0.0,-0.102,-0.065,0.058,0.0,6000.0,420211.0,202.0,437.0,59.97,2.0,32.0,39.0,31.32,23.12,20.25,-0.038,0.0,0.2,0.2,60.0,59.5,75.6,1.0,274.0,274.0,273.0,-0.075,0.03,0.081,1962.0,433107.0,13735.0,1967.0,-0.928,0.818,0.791,0.836,0.001,0.0,0.001,0.0,0.0,0.0,0.0,0.0,0.0,0.0,0.0,0.0,1.405,304.1,21.75,2.9,3.5,2.0,-1.0,13.59,0.006,0.282,3.0,2.0,0.0,0.0,20.56,20.64,20.46,20.46,20.26,20.12,21.44,21.26,21.61,21.71,20.88,20.4,21.34,20.99,20.23,21.02,21.77,21.13,20.74
2017-06-30 02:39:00-05:00,-10.260086,-13.099078,-4.322698,-10.19584,-10.558846,-3.6675506,-9.534443,-9.0760145,938040.0,24.51,0.0,-0.211,-0.05,0.485,23.22,1.215,0.0,0.0,0.0,0.0,0.0,0.0,0.0,0.0,1.167,-1.567,-1.45,-0.2,0.0,0.0,0.0,0.0,0.0,272.0,275.0,275.0,274.0,0.543,0.0,0.0,-0.103,-0.038,0.052,0.0,6000.0,420211.0,202.0,437.0,59.96,2.0,32.0,39.0,31.55,23.14,20.23,-0.038,0.0,0.2,0.2,60.0,59.5,75.6,1.0,274.0,274.0,273.0,-0.075,0.03,0.081,1962.0,433107.0,13735.0,1967.0,-0.928,0.818,0.791,0.836,0.001,0.0,0.001,0.0,0.0,0.0,0.0,0.0,0.0,0.0,0.0,0.0,0.948,275.5,33.91,1.8,3.5,2.0,-1.0,13.31,0.004,0.285,1.0,2.0,0.0,0.001,20.56,20.66,20.44,20.42,20.26,20.07,21.44,21.22,21.56,21.66,20.84,20.37,21.29,20.97,20.21,21.01,21.73,21.1,20.73
2017-06-30 02:40:00-05:00,-10.383702,-13.099078,-4.5595584,-10.328253,-10.687613,-3.8932464,-9.659897,-9.0760145,938041.0,24.5,0.0,-0.215,-0.05,0.457,23.22,1.215,0.0,0.0,0.0,0.0,0.0,0.0,0.0,0.0,1.017,-1.717,-1.483,-0.2,0.0,0.0,0.0,0.0,0.0,272.0,275.0,275.0,274.0,0.567,0.0,0.0,-0.102,-0.052,0.07,0.0,6000.0,420211.0,202.0,437.0,59.96,2.0,32.0,39.0,31.2,23.14,20.18,-0.038,0.0,0.2,0.2,60.0,59.5,75.6,1.0,274.0,274.0,273.0,-0.075,0.03,0.081,1962.0,433107.0,13735.0,1967.0,-0.928,0.818,0.791,0.836,0.001,0.0,0.001,0.0,0.0,0.0,0.0,0.0,0.0,0.0,0.0,0.0,1.165,293.3,25.12,2.2,3.499,2.0,-1.0,13.63,0.006,0.282,3.0,2.0,0.0,0.0,20.54,20.61,20.36,20.34,20.18,20.07,21.44,21.18,21.51,21.63,20.79,20.33,21.26,20.95,20.16,20.97,21.71,21.06,20.68
2017-06-30 02:41:00-05:00,-10.383702,-13.099078,-4.7964187,-10.328253,-10.816379,-3.8932464,-9.659897,-9.193885,938042.0,24.48,0.0,-0.207,-0.05,0.457,23.22,1.17,0.0,0.0,0.0,0.0,0.0,0.0,0.0,0.0,1.0,-1.5,-1.417,-0.2,0.0,0.0,0.0,0.0,0.0,272.0,275.0,275.0,274.0,0.562,0.0,0.0,-0.102,-0.043,0.053,0.0,6000.0,420211.0,202.0,437.0,59.96,2.0,32.0,39.0,31.0,23.11,20.14,-0.038,0.0,0.2,0.2,60.0,59.5,75.6,1.0,274.0,274.0,273.0,-0.075,0.03,0.081,1962.0,433107.0,13735.0,1967.0,-0.928,0.818,0.791,0.836,0.001,0.0,0.001,0.0,0.0,0.0,0.0,0.0,0.0,0.0,0.0,0.0,1.145,227.7,44.59,2.3,3.5,2.0,-1.0,13.63,0.005,0.282,3.0,2.0,0.0,0.0,20.47,20.56,20.33,20.3,20.15,20.0,21.41,21.12,21.43,21.57,20.73,20.3,21.21,20.88,20.13,20.93,21.63,21.03,20.64
2017-06-30 02:42:00-05:00,-10.383702,-13.099078,-4.7964187,-10.725493,-10.816379,-3.8932464,-9.785349,-9.311755,938043.0,24.48,0.0,-0.179,-0.05,0.457,23.19,1.041,0.0,0.0,0.0,0.0,0.0,0.0,0.0,0.0,1.0,-1.717,-1.55,-0.2,0.0,0.0,0.0,0.0,0.0,271.2,274.2,274.2,273.2,0.55,0.0,0.0,-0.103,-0.042,0.058,0.0,6000.0,420211.0,202.0,437.0,59.96,2.0,32.0,39.0,31.0,23.1,20.09,-0.038,0.0,0.2,0.2,60.0,59.5,75.6,1.0,273.2,273.2,272.2,-0.075,0.03,0.081,1962.0,433107.0,13735.0,1967.0,-0.928,0.818,0.791,0.836,0.001,0.0,0.001,0.0,0.0,0.0,0.0,0.0,0.0,0.0,0.0,0.0,1.035,239.3,54.18,2.0,3.5,2.0,-1.0,13.63,0.005,0.282,3.0,2.0,0.0,0.0,20.4,20.51,20.26,20.23,20.07,19.97,21.34,21.06,21.42,21.51,20.67,20.22,21.1,20.78,20.06,20.86,21.58,20.94,20.57
2017-06-30 02:43:00-05:00,-10.507318,-13.099078,-4.7964187,-10.857907,-11.073912,-3.8932464,-9.910803,-9.4296255,938044.0,24.48,0.0,-0.205,-0.05,0.457,23.15,0.975,0.0,0.0,0.0,0.0,0.0,0.0,0.0,0.0,1.0,-1.667,-1.467,-0.2,0.0,0.0,0.0,0.0,0.0,271.0,274.0,274.0,273.0,0.535,0.0,0.0,-0.103,-0.03,0.053,0.0,6000.0,420211.0,202.0,437.0,59.96,2.0,32.0,39.0,31.0,23.1,20.08,-0.038,0.0,0.2,0.2,60.0,59.5,75.6,1.0,273.0,273.0,272.0,-0.075,0.03,0.081,1962.0,433107.0,13735.0,1967.0,-0.928,0.818,0.791,0.836,0.0,-0.001,0.001,0.0,0.0,0.0,0.0,0.0,0.0,0.0,0.0,0.0,1.015,299.6,28.68,2.1,3.499,2.0,-1.0,13.63,0.005,0.282,3.0,2.0,0.0,0.0,20.37,20.47,20.21,20.17,20.08,19.92,21.31,21.03,21.36,21.48,20.64,20.17,21.07,20.72,20.01,20.83,21.57,20.91,20.53
2017-06-30 02:44:00-05:00,-10.878164,-13.099078,-4.7964187,-10.99032,-11.202678,-3.8932464,-10.036256,-9.547496,938045.0,24.45,0.0,0.051,0.212,0.643,23.11,0.945,0.0,0.0,0.0,0.0,0.0,0.0,0.0,0.0,1.0,-1.933,-1.55,-0.2,0.0,0.0,0.0,0.0,0.0,271.2,274.0,274.0,273.0,0.548,0.0,0.0,-0.102,-0.038,0.07,0.0,6000.0,420211.0,202.0,437.0,59.98,2.0,32.0,39.0,31.0,23.1,20.02,-0.038,0.0,0.2,0.2,60.0,59.5,75.6,1.0,273.0,273.0,272.0,-0.075,0.03,0.081,1962.0,433107.0,13735.0,1967.0,-0.928,0.818,0.791,0.836,0.001,-0.001,0.001,0.0,0.0,0.0,0.0,0.0,0.0,0.0,0.0,0.0,0.653,275.4,66.66,1.5,3.5,2.0,-1.0,13.63,0.005,0.282,3.0,2.0,0.0,0.0,20.34,20.42,20.15,20.12,20.04,19.87,21.26,20.98,21.29,21.42,20.6,20.14,21.06,20.69,19.97,20.79,21.51,20.85,20.49
2017-06-30 02:45:00-05:00,-11.125395,-13.099078,-4.7964187,-10.99032,-11.202678,-3.8932464,-10.036256,-9.665367,938046.0,24.45,0.0,-0.196,-0.055,0.451,23.12,0.945,0.0,0.0,0.0,0.0,0.0,0.0,0.0,0.0,1.0,-1.917,-1.567,-0.2,0.0,0.0,0.0,0.0,0.0,271.4,274.0,274.1,273.0,0.54,0.0,0.0,-0.1,-0.048,0.068,0.0,6000.0,420211.0,202.0,437.0,59.98,2.0,32.0,39.0,31.0,23.11,19.96,-0.038,0.0,0.2,0.2,60.0,59.5,75.6,1.0,273.0,273.0,272.0,-0.075,0.03,0.081,1962.0,433107.0,13735.0,1967.0,-0.929,0.818,0.791,0.836,0.001,0.0,0.001,0.0,0.0,0.0,0.0,0.0,0.0,0.0,0.0,0.0,0.833,253.4,44.83,1.4,3.5,2.0,-1.0,13.32,0.002,0.284,1.0,2.0,0.0,0.001,20.27,20.35,20.07,20.07,19.99,19.78,21.24,20.94,21.31,21.4,20.55,20.12,21.06,20.64,19.96,20.75,21.49,20.82,20.46
2017-06-30 02:46:00-05:00,-11.125395,-13.099078,-4.7964187,-10.99032,-11.331445,-3.8932464,-10.16171,-9.665367,938047.0,24.44,0.0,-0.22,-0.051,0.457,23.11,0.945,0.0,0.0,0.0,0.0,0.0,0.0,0.0,0.0,1.0,-1.933,-1.5,-0.2,0.0,0.0,0.0,0.0,0.0,271.4,274.0,274.4,273.0,0.543,0.0,0.0,-0.102,-0.047,0.06,0.0,6000.0,420211.0,202.0,437.0,59.98,2.0,32.0,39.0,31.0,23.06,19.88,-0.038,0.0,0.2,0.2,60.0,59.5,75.6,1.0,273.0,273.0,272.0,-0.075,0.03,0.081,1962.0,433107.0,13735.0,1967.0,-0.929,0.818,0.791,0.836,0.001,0.0,0.001,0.0,0.0,0.0,0.0,0.0,0.0,0.0,0.0,0.0,0.562,303.4,38.58,1.1,3.5,2.0,-1.0,13.59,0.005,0.282,3.0,2.0,0.0,0.0,20.21,20.27,20.02,19.99,19.94,19.71,21.15,20.9,21.22,21.37,20.5,20.07,20.98,20.61,19.91,20.73,21.47,20.8,20.43
2017-06-30 02:47:00-05:00,-11.249011,-13.590293,-4.7964187,-11.122734,-11.331445,-3.8932464,-10.287163,-9.665367,938048.0,24.42,0.0,-0.216,-0.051,0.457,23.08,0.945,0.0,0.0,0.0,0.0,0.0,0.0,0.0,0.0,1.0,-1.983,-1.633,-0.2,0.0,0.0,0.0,0.0,0.0,271.9,274.0,274.5,273.0,0.562,0.0,0.0,-0.103,-0.042,0.075,0.0,6000.0,420211.0,202.0,437.0,59.98,2.0,32.0,39.0,31.0,23.05,19.84,-0.038,0.0,0.2,0.2,60.0,59.5,75.6,1.0,273.2,273.0,272.0,-0.075,0.03,0.081,1962.0,433107.0,13735.0,1967.0,-0.929,0.818,0.791,0.836,0.001,-0.001,0.001,0.0,0.0,0.0,0.0,0.0,0.0,0.0,0.0,0.0,0.667,205.7,60.49,1.9,3.5,2.0,-1.0,13.59,0.005,0.282,3.0,2.0,0.0,0.0,20.17,20.19,19.97,19.89,19.87,19.68,21.08,20.87,21.28,21.33,20.48,20.04,20.97,20.6,19.88,20.68,21.41,20.76,20.39
2017-06-30 02:48:00-05:00,-11.249011,-13.754032,-4.7964187,-10.99032,-11.331445,-3.8932464,-10.287163,-9.7832365,938049.0,24.42,0.0,-0.209,-0.051,0.457,23.06,0.945,0.0,0.0,0.0,0.0,0.0,0.0,0.0,0.0,1.0,-1.867,-1.6,-0.2,0.0,0.0,0.0,0.0,0.0,271.8,274.0,274.5,273.0,0.548,0.0,0.0,-0.1,-0.048,0.053,0.0,6000.0,420211.0,202.0,437.0,59.98,2.0,32.0,39.0,31.0,23.03,19.79,-0.038,0.0,0.2,0.2,60.0,59.5,75.6,1.0,273.2,273.0,272.0,-0.075,0.03,0.081,1962.0,433107.0,13735.0,1967.0,-0.929,0.818,0.791,0.836,0.001,0.0,0.001,0.0,0.0,0.0,0.0,0.0,0.0,0.0,0.0,0.0,0.653,228.2,67.1,1.4,3.5,2.0,-1.0,13.59,0.004,0.282,3.0,2.0,0.0,0.0,20.09,20.17,19.92,19.87,19.87,19.58,21.05,20.84,21.2,21.3,20.46,19.98,20.87,20.57,19.84,20.64,21.36,20.71,20.35
2017-06-30 02:49:00-05:00,-11.249011,-14.081508,-4.7964187,-11.122734,-11.588977,-3.8932464,-10.287163,-9.7832365,938050.0,24.4,0.0,-0.235,-0.051,0.457,23.01,0.945,0.0,0.0,0.0,0.0,0.0,0.0,0.0,0.0,1.0,-1.9,-1.55,-0.2,0.0,0.0,0.0,0.0,0.0,272.0,274.0,274.8,273.0,0.565,0.0,0.0,-0.105,-0.048,0.058,0.0,6000.0,420211.0,202.0,437.0,59.98,2.0,32.0,39.0,31.0,23.0,19.71,-0.038,0.0,0.2,0.2,60.0,59.5,75.6,1.0,273.8,273.0,272.1,-0.075,0.03,0.081,1962.0,433107.0,13735.0,1967.0,-0.929,0.818,0.791,0.836,0.001,0.0,0.001,0.0,0.0,0.0,0.0,0.0,0.0,0.0,0.0,0.0,0.727,302.6,38.92,1.2,3.5,2.0,-1.0,13.59,0.004,0.282,3.0,2.0,0.0,0.0,20.06,20.12,19.87,19.79,19.82,19.58,20.95,20.8,21.16,21.29,20.42,19.91,20.8,20.55,19.78,20.59,21.35,20.67,20.31
2017-06-30 02:50:00-05:00,-11.249011,-13.754032,-4.7964187,-11.122734,-11.588977,-3.8932464,-10.287163,-9.7832365,938051.0,24.39,0.0,0.068,0.264,0.692,23.0,0.945,0.0,0.0,0.0,0.0,0.0,0.0,0.0,0.0,1.0,-1.883,-1.6,-0.2,0.0,0.0,0.0,0.0,0.0,271.9,274.0,274.9,273.0,0.557,0.0,0.0,-0.1,-0.048,0.075,0.0,6000.0,420211.0,202.0,437.0,59.97,2.0,32.0,39.0,31.0,23.01,19.7,-0.038,0.0,0.2,0.2,60.0,59.5,75.6,1.0,273.5,273.0,272.2,-0.075,0.03,0.081,1962.0,433107.0,13735.0,1967.0,-0.928,0.818,0.791,0.836,0.001,0.0,0.0,0.0,0.0,0.0,0.0,0.0,0.0,0.0,0.0,0.0,0.78,259.9,58.95,1.7,3.5,2.0,-1.0,13.39,0.019,0.282,1.0,2.0,0.0,0.001,20.08,20.08,19.87,19.86,19.78,19.56,20.95,20.76,21.11,21.24,20.38,19.88,20.81,20.51,19.75,20.57,21.35,20.65,20.28
2017-06-30 02:51:00-05:00,-11.249011,-13.754032,-4.7964187,-11.122734,-11.588977,-3.8932464,-10.16171,-9.7832365,938052.0,24.37,0.0,-0.233,-0.057,0.453,22.99,0.945,0.0,0.0,0.0,0.0,0.0,0.0,0.0,0.0,1.0,-1.833,-1.617,-0.2,0.0,0.0,0.0,0.0,0.0,271.8,274.0,274.6,273.0,0.558,0.0,0.0,-0.1,-0.053,0.058,0.0,6000.0,420211.0,202.0,437.0,59.96,2.0,32.0,39.0,31.0,22.98,19.71,-0.038,0.0,0.2,0.2,60.0,59.5,75.6,1.0,273.0,273.0,272.0,-0.075,0.03,0.081,1962.0,433107.0,13735.0,1967.0,-0.928,0.818,0.791,0.836,0.001,0.0,0.001,0.0,0.0,0.0,0.0,0.0,0.0,0.0,0.0,0.0,0.515,287.7,77.86,1.2,3.5,2.0,-1.0,13.31,-0.008,0.286,1.0,2.0,0.0,0.001,20.01,20.08,19.86,19.82,19.68,19.55,20.95,20.75,21.14,21.23,20.37,19.87,20.82,20.48,19.73,20.55,21.37,20.65,20.27
2017-06-30 02:52:00-05:00,-11.249011,-13.91777,-4.7964187,-11.122734,-11.588977,-3.8932464,-10.287163,-9.665367,938053.0,24.36,0.0,-0.239,-0.051,0.457,22.92,0.945,0.0,0.0,0.0,0.0,0.0,0.0,0.0,0.0,1.0,-1.767,-1.483,-0.2,0.0,0.0,0.0,0.0,0.0,271.6,274.0,274.4,273.0,0.532,0.0,0.0,-0.1,-0.04,0.053,0.0,6000.0,420211.0,202.0,437.0,59.96,2.0,32.0,39.0,31.0,22.99,19.66,-0.038,0.0,0.2,0.2,60.0,59.5,75.6,1.0,273.0,273.0,272.0,-0.075,0.03,0.081,1962.0,433107.0,13735.0,1967.0,-0.928,0.818,0.791,0.836,0.001,0.0,0.001,0.0,0.0,0.0,0.0,0.0,0.0,0.0,0.0,0.0,0.785,277.4,55.55,1.5,3.502,2.0,-1.0,13.63,0.006,0.282,3.0,2.0,0.0,0.0,19.98,20.06,19.81,19.78,19.68,19.45,20.95,20.73,21.13,21.22,20.35,19.83,20.79,20.45,19.69,20.52,21.32,20.6,20.23
2017-06-30 02:53:00-05:00,-11.249011,-14.245247,-4.7964187,-11.122734,-11.588977,-3.8932464,-10.287163,-9.665367,938054.0,24.36,0.0,-0.237,-0.051,0.457,22.92,0.945,0.0,0.0,0.0,0.0,0.0,0.0,0.0,0.0,1.0,-1.75,-1.483,-0.2,0.0,0.0,0.0,0.0,0.0,271.5,274.0,274.3,273.0,0.528,0.0,0.0,-0.102,-0.047,0.072,0.0,6000.0,420211.0,202.0,437.0,59.96,2.0,32.0,39.0,31.0,23.01,19.64,-0.038,0.0,0.2,0.2,60.0,59.5,75.6,1.0,273.0,273.0,272.0,-0.075,0.03,0.081,1962.0,433107.0,13735.0,1967.0,-0.928,0.818,0.791,0.836,0.001,0.0,0.001,0.0,0.0,0.0,0.0,0.0,0.0,0.0,0.0,0.0,0.867,217.7,42.71,1.8,3.495,2.0,-1.0,13.63,0.005,0.282,3.0,2.0,0.0,0.0,19.98,19.98,19.76,19.7,19.58,19.41,20.95,20.72,21.19,21.24,20.36,19.8,20.78,20.43,19.66,20.5,21.3,20.58,20.21
2017-06-30 02:54:00-05:00,-11.125395,-14.245247,-4.7964187,-11.122734,-11.588977,-3.8932464,-10.16171,-9.665367,938055.0,24.34,0.0,-0.211,-0.051,0.457,22.93,0.946,0.0,0.0,0.0,0.0,0.0,0.0,0.0,0.0,1.0,-1.917,-1.55,-0.2,0.0,0.0,0.0,0.0,0.0,271.6,274.0,274.2,273.0,0.54,0.0,0.0,-0.1,-0.047,0.063,0.0,6000.0,420211.0,202.0,437.0,59.96,2.0,32.0,39.0,31.0,22.95,19.63,-0.038,0.0,0.2,0.2,60.0,59.5,75.6,1.0,273.0,273.0,272.0,-0.075,0.03,0.081,1962.0,433107.0,13735.0,1967.0,-0.928,0.818,0.791,0.836,0.001,0.0,0.001,0.0,0.0,0.0,0.0,0.0,0.0,0.0,0.0,0.0,0.78,254.8,35.93,1.3,3.502,2.0,-1.0,13.63,0.005,0.282,3.0,2.0,0.0,0.0,19.98,19.98,19.76,19.68,19.6,19.39,20.87,20.72,21.14,21.23,20.34,19.79,20.78,20.4,19.64,20.49,21.26,20.58,20.2
2017-06-30 02:55:00-05:00,-11.125395,-14.245247,-4.7964187,-11.122734,-11.588977,-3.8932464,-10.287163,-9.665367,938056.0,24.33,0.0,-0.224,-0.051,0.457,22.91,0.945,0.0,0.0,0.0,0.0,0.0,0.0,0.0,0.0,1.0,-1.9,-1.6,-0.2,0.0,0.0,0.0,0.0,0.0,271.7,274.0,274.6,273.0,0.548,0.0,0.0,-0.1,-0.045,0.05,0.0,6000.0,420211.0,202.0,437.0,59.97,2.0,32.0,39.0,31.0,22.9,19.62,-0.038,0.0,0.2,0.2,60.0,59.5,75.6,1.0,273.2,273.0,272.0,-0.075,0.03,0.081,1962.0,433107.0,13735.0,1967.0,-0.928,0.818,0.791,0.836,0.001,0.0,0.001,0.0,0.0,0.0,0.0,0.0,0.0,0.0,0.0,0.0,0.775,282.0,61.51,1.6,3.5,2.0,-1.0,13.63,0.005,0.282,3.0,2.0,0.0,0.0,19.91,19.96,19.68,19.68,19.55,19.37,20.85,20.68,21.09,21.22,20.31,19.76,20.76,20.35,19.61,20.44,21.22,20.53,20.16
2017-06-30 02:56:00-05:00,-11.249011,-13.91777,-4.7964187,-11.122734,-11.588977,-3.8932464,-10.287163,-9.665367,938057.0,24.31,0.0,0.108,0.317,0.753,22.9,0.945,0.0,0.0,0.0,0.0,0.0,0.0,0.0,0.0,1.0,-1.783,-1.55,-0.2,0.0,0.0,0.0,0.0,0.0,271.9,274.0,274.8,273.0,0.558,0.0,0.0,-0.1,-0.047,0.085,0.0,6000.0,420211.0,202.0,437.0,59.97,2.0,32.0,39.0,31.0,22.84,19.6,-0.038,0.0,0.2,0.2,60.0,59.5,75.6,1.0,273.4,273.0,272.0,-0.075,0.03,0.081,1962.0,433107.0,13735.0,1967.0,-0.928,0.818,0.791,0.836,0.001,0.0,0.001,0.0,0.0,0.0,0.0,0.0,0.0,0.0,0.0,0.0,0.878,302.1,35.73,1.6,3.499,2.0,-1.0,13.49,0.023,0.281,1.0,2.0,0.0,0.001,19.85,19.9,19.68,19.68,19.5,19.29,20.85,20.67,21.1,21.18,20.3,19.73,20.73,20.3,19.58,20.4,21.2,20.49,20.11
2017-06-30 02:57:00-05:00,-11.249011,-13.590293,-4.7964187,-11.122734,-11.588977,-3.8932464,-10.287163,-9.665367,938058.0,24.3,0.0,-0.245,-0.053,0.453,22.9,0.945,0.0,0.0,0.0,0.0,0.0,0.0,0.0,0.0,1.0,-1.65,-1.467,-0.2,0.0,0.0,0.0,0.0,0.0,271.9,274.0,274.8,273.0,0.542,0.0,0.0,-0.102,-0.037,0.058,0.0,6000.0,420211.0,202.0,437.0,59.97,2.0,32.0,39.0,31.0,22.81,19.58,-0.038,0.0,0.2,0.2,60.0,59.5,75.6,1.0,273.1,273.0,272.0,-0.075,0.03,0.081,1962.0,433107.0,13735.0,1967.0,-0.928,0.818,0.791,0.836,0.001,0.0,0.001,0.0,0.0,0.0,0.0,0.0,0.0,0.0,0.0,0.0,0.623,333.8,82.1,2.1,3.495,2.0,-1.0,13.41,-0.014,0.284,1.0,2.0,0.0,0.001,19.85,19.91,19.68,19.61,19.55,19.29,20.85,20.67,21.09,21.2,20.3,19.73,20.77,20.31,19.58,20.4,21.21,20.53,20.12
2017-06-30 02:58:00-05:00,-11.249011,-13.099078,-4.7964187,-11.122734,-11.460212,-3.8932464,-10.16171,-9.547496,938059.0,24.29,0.0,-0.222,-0.051,0.457,22.9,0.945,0.0,0.0,0.0,0.0,0.0,0.0,0.0,0.0,1.0,-1.983,-1.533,-0.2,0.0,0.0,0.0,0.0,0.0,271.4,274.0,274.3,273.0,0.542,0.0,0.0,-0.1,-0.038,0.055,0.0,6000.0,420211.0,202.0,437.0,59.95,2.0,32.0,39.0,31.0,22.83,19.55,-0.038,0.0,0.2,0.2,60.0,59.5,75.6,1.0,273.0,273.0,272.0,-0.075,0.03,0.081,1962.0,433107.0,13735.0,1967.0,-0.928,0.818,0.791,0.836,0.001,0.0,0.001,0.0,0.0,0.0,0.0,0.0,0.0,0.0,0.0,0.0,1.067,223.7,33.58,2.2,3.5,2.0,-1.0,13.59,0.004,0.282,3.0,2.0,0.0,0.0,19.88,19.88,19.68,19.58,19.49,19.29,20.85,20.65,21.04,21.18,20.28,19.74,20.78,20.32,19.6,20.41,21.22,20.52,20.12
2017-06-30 02:59:00-05:00,-11.249011,-13.099078,-4.7964187,-11.122734,-11.331445,-3.8932464,-10.287163,-9.665367,938060.0,24.28,0.0,-0.25,-0.051,0.457,22.94,0.945,0.0,0.0,0.0,0.0,0.0,0.0,0.0,0.0,1.0,-1.85,-1.55,-0.2,0.0,0.0,0.0,0.0,0.0,271.7,274.0,274.4,273.0,0.558,0.0,0.0,-0.1,-0.042,0.082,0.0,6000.0,420211.0,202.0,437.0,59.95,2.0,32.0,39.0,31.0,22.9,19.55,-0.038,0.0,0.2,0.2,60.0,59.5,75.6,1.0,273.0,273.0,272.0,-0.075,0.03,0.081,1962.0,433107.0,13735.0,1967.0,-0.928,0.818,0.791,0.836,0.001,0.0,0.001,0.0,0.0,0.0,0.0,0.0,0.0,0.0,0.0,0.0,1.462,191.0,25.53,2.4,3.5,2.0,-1.0,13.59,0.004,0.282,3.0,2.0,0.0,0.0,19.85,19.88,19.68,19.58,19.53,19.29,20.79,20.63,21.05,21.17,20.26,19.72,20.68,20.3,19.58,20.4,21.2,20.5,20.11
2017-06-30 03:00:00-05:00,-11.249011,-13.099078,-4.7964187,-11.122734,-11.202678,-3.8932464,-10.16171,-9.547496,938061.0,24.26,0.0,-0.245,-0.051,0.457,22.92,0.945,0.0,0.0,0.0,0.0,0.0,0.0,0.0,0.0,1.0,-1.833,-1.583,-0.2,0.0,0.0,0.0,0.0,0.0,271.6,274.0,274.3,273.0,0.548,0.0,0.0,-0.1,-0.043,0.082,0.0,6000.0,420211.0,202.0,437.0,59.94,2.0,32.0,39.0,31.0,22.87,19.56,-0.038,0.0,0.2,0.2,60.0,59.5,75.6,1.0,273.0,273.0,272.0,-0.075,0.03,0.081,1962.0,433107.0,13735.0,1967.0,-0.928,0.818,0.791,0.836,0.001,0.0,0.001,0.0,0.0,0.0,0.0,0.0,0.0,0.0,0.0,0.0,1.273,267.4,52.44,2.7,3.5,2.0,-1.0,13.59,0.004,0.282,3.0,2.0,0.0,0.0,19.88,19.88,19.7,19.58,19.58,19.33,20.76,20.64,21.1,21.18,20.28,19.7,20.67,20.3,19.57,20.38,21.18,20.51,20.1
2017-06-30 03:01:00-05:00,-11.125395,-13.099078,-4.7964187,-10.99032,-11.202678,-3.8932464,-9.910803,-9.311755,938062.0,24.25,0.0,-0.25,-0.051,0.457,22.94,0.945,0.0,0.0,0.0,0.0,0.0,0.0,0.0,0.0,1.0,-1.967,-1.617,-0.2,0.0,0.0,0.0,0.0,0.0,271.4,274.0,274.2,273.0,0.55,0.0,0.0,-0.102,-0.043,0.057,0.0,6000.0,420211.0,202.0,437.0,59.94,2.0,32.0,39.0,31.0,22.88,19.55,-0.038,0.0,0.2,0.2,60.0,59.5,75.6,1.0,273.0,273.0,272.0,-0.075,0.03,0.081,1962.0,433107.0,13735.0,1967.0,-0.928,0.818,0.791,0.836,0.001,0.0,0.001,0.0,0.0,0.0,0.0,0.0,0.0,0.0,0.0,0.0,1.535,219.5,56.54,2.9,3.5,2.0,-1.0,13.59,0.004,0.282,3.0,2.0,0.0,0.0,19.86,19.83,19.7,19.6,19.59,19.33,20.76,20.66,21.06,21.2,20.3,19.71,20.7,20.31,19.57,20.42,21.21,20.54,20.14
2017-06-30 03:02:00-05:00,-11.0017805,-13.099078,-4.7964187,-10.99032,-11.073912,-3.8932464,-9.785349,-9.311755,938063.0,24.25,0.0,0.205,0.391,0.829,22.92,0.945,0.0,0.0,0.0,0.0,0.0,0.0,0.0,0.0,1.0,-1.783,-1.483,-0.2,0.0,0.0,0.0,0.0,0.0,271.4,274.0,274.0,273.0,0.532,0.0,0.0,-0.102,-0.055,0.073,0.0,6000.0,420211.0,202.0,437.0,59.94,2.0,32.0,39.0,31.0,22.93,19.57,-0.038,0.0,0.2,0.2,60.0,59.5,75.6,1.0,273.0,273.0,272.0,-0.075,0.03,0.081,1962.0,433107.0,13735.0,1967.0,-0.928,0.818,0.791,0.836,0.001,0.0,0.0,0.0,0.0,0.0,0.0,0.0,0.0,0.0,0.0,0.0,1.103,272.0,56.01,2.0,3.495,2.0,-1.0,13.41,-0.003,0.282,1.0,2.0,0.0,0.001,19.88,19.83,19.73,19.62,19.62,19.29,20.76,20.64,21.08,21.2,20.28,19.69,20.61,20.29,19.55,20.42,21.2,20.54,20.14
2017-06-30 03:03:00-05:00,-10.878164,-13.590293,-4.7964187,-10.99032,-11.073912,-3.8932464,-9.659897,-9.311755,938064.0,24.22,0.0,-0.266,-0.051,0.457,22.92,0.945,0.0,0.0,0.0,0.0,0.0,0.0,0.0,0.0,1.0,-1.9,-1.617,-0.2,0.0,0.0,0.0,0.0,0.0,271.7,274.0,274.1,273.0,0.548,0.0,0.0,-0.1,-0.047,0.075,0.0,6000.0,420211.0,202.0,437.0,59.96,2.0,32.0,39.0,31.0,22.95,19.56,-0.038,0.0,0.2,0.2,60.0,59.5,75.6,1.0,273.0,273.0,272.0,-0.075,0.03,0.081,1962.0,433107.0,13735.0,1967.0,-0.928,0.818,0.791,0.836,0.001,0.0,0.001,0.0,0.0,0.0,0.0,0.0,0.0,0.0,0.0,0.0,1.082,263.3,48.82,2.2,3.502,2.0,-1.0,13.49,0.013,0.283,3.0,2.0,0.0,0.0,19.88,19.78,19.75,19.61,19.55,19.34,20.76,20.65,21.11,21.2,20.29,19.74,20.7,20.33,19.59,20.42,21.22,20.56,20.14
2017-06-30 03:04:00-05:00,-11.0017805,-13.754032,-4.7964187,-10.99032,-10.945146,-3.8932464,-9.785349,-9.311755,938065.0,24.22,0.0,-0.245,-0.051,0.457,22.93,0.945,0.0,0.0,0.0,0.0,0.0,0.0,0.0,0.0,1.0,-1.95,-1.517,-0.2,0.0,0.0,0.0,0.0,0.0,271.8,274.0,274.5,273.0,0.535,0.0,0.0,-0.102,-0.048,0.06,0.0,6000.0,420211.0,202.0,437.0,59.96,2.0,32.0,39.0,31.0,22.85,19.51,-0.038,0.0,0.2,0.2,60.0,59.5,75.6,1.0,273.2,273.0,272.0,-0.075,0.03,0.081,1962.0,433107.0,13735.0,1967.0,-0.929,0.818,0.791,0.836,0.001,-0.001,0.001,0.0,0.0,0.0,0.0,0.0,0.0,0.0,0.0,0.0,1.128,243.7,79.96,1.8,3.502,2.0,-1.0,13.59,0.004,0.282,3.0,2.0,0.0,0.0,19.78,19.78,19.63,19.67,19.59,19.33,20.76,20.64,21.04,21.19,20.28,19.74,20.67,20.32,19.6,20.42,21.23,20.55,20.14
2017-06-30 03:05:00-05:00,-11.0017805,-13.590293,-4.7964187,-10.99032,-11.073912,-3.8932464,-9.785349,-9.4296255,938066.0,24.19,0.0,-0.239,-0.051,0.457,22.91,0.945,0.0,0.0,0.0,0.0,0.0,0.0,0.0,0.0,1.0,-2.0,-1.633,-0.2,0.0,0.0,0.0,0.0,0.0,271.5,274.0,274.1,273.0,0.548,0.0,0.0,-0.102,-0.04,0.065,0.0,6000.0,420211.0,202.0,437.0,59.97,2.0,32.0,39.0,31.0,22.83,19.51,-0.038,0.0,0.2,0.2,60.0,59.5,75.6,1.0,273.0,273.0,272.0,-0.075,0.03,0.081,1962.0,433107.0,13735.0,1967.0,-0.929,0.818,0.791,0.836,0.001,0.0,0.001,0.0,0.0,0.0,0.0,0.0,0.0,0.0,0.0,0.0,1.045,244.2,51.0,2.1,3.5,2.0,-1.0,13.59,0.004,0.282,3.0,2.0,0.0,0.0,19.78,19.78,19.6,19.64,19.59,19.36,20.69,20.61,20.99,21.16,20.25,19.72,20.64,20.32,19.57,20.4,21.18,20.52,20.11
2017-06-30 03:06:00-05:00,-11.125395,-13.262816,-4.7964187,-11.122734,-11.331445,-3.8932464,-9.910803,-9.547496,938067.0,24.19,0.0,-0.232,-0.046,0.462,22.87,0.945,0.0,0.0,0.0,0.0,0.0,0.0,0.0,0.0,1.0,-1.9,-1.55,-0.2,0.0,0.0,0.0,0.0,0.0,271.2,274.0,274.0,273.0,0.548,0.0,0.0,-0.102,-0.043,0.082,0.0,6000.0,420211.0,202.0,437.0,59.97,2.0,32.0,39.0,31.0,22.8,19.52,-0.038,0.0,0.2,0.2,60.0,59.5,75.6,1.0,273.0,273.0,272.0,-0.075,0.03,0.081,1962.0,433107.0,13735.0,1967.0,-0.929,0.818,0.791,0.836,0.002,-0.001,0.0,0.0,0.0,0.0,0.0,0.0,0.0,0.0,0.0,0.0,1.088,288.4,30.49,2.9,3.502,2.0,-1.0,13.59,0.004,0.282,3.0,2.0,0.0,0.0,19.78,19.78,19.66,19.63,19.59,19.31,20.66,20.58,20.93,21.11,20.22,19.68,20.64,20.3,19.54,20.37,21.16,20.48,20.08
2017-06-30 03:07:00-05:00,-11.125395,-13.262816,-4.7964187,-11.122734,-11.331445,-3.8932464,-9.910803,-9.547496,938068.0,24.18,0.0,-0.249,-0.046,0.461,22.84,0.945,0.0,0.0,0.0,0.0,0.0,0.0,0.0,0.0,1.0,-1.967,-1.583,-0.2,0.0,0.0,0.0,0.0,0.0,271.2,274.0,274.0,273.0,0.53,0.0,0.0,-0.1,-0.053,0.058,0.0,6000.0,420211.0,202.0,437.0,59.96,2.0,32.0,39.0,31.0,22.76,19.46,-0.038,0.0,0.2,0.2,60.0,59.5,75.6,1.0,273.0,273.0,272.0,-0.075,0.03,0.081,1962.0,433107.0,13735.0,1967.0,-0.929,0.818,0.791,0.836,0.001,0.0,0.001,-0.001,0.0,0.0,0.0,0.0,0.0,0.0,0.0,0.0,1.308,307.0,33.43,2.4,3.499,2.0,-1.0,13.59,0.004,0.282,3.0,2.0,0.0,0.0,19.72,19.78,19.67,19.59,19.59,19.27,20.7,20.58,20.99,21.11,20.22,19.66,20.62,20.31,19.53,20.35,21.13,20.46,20.07
2017-06-30 03:08:00-05:00,-11.125395,-13.099078,-4.7964187,-10.99032,-11.331445,-3.8932464,-9.785349,-9.547496,938069.0,24.16,0.0,0.251,0.478,0.899,22.85,0.945,0.0,0.0,0.0,0.0,0.0,0.0,0.0,0.0,1.0,-1.95,-1.583,-0.2,0.0,0.0,0.0,0.0,0.0,271.3,274.0,274.0,273.0,0.54,0.0,0.0,-0.1,-0.037,0.063,0.0,6000.0,420211.0,202.0,437.0,59.96,2.0,32.0,39.0,31.0,22.83,19.49,-0.038,0.0,0.2,0.2,60.0,59.5,75.6,1.0,273.0,273.0,272.0,-0.075,0.03,0.081,1962.0,433107.0,13735.0,1967.0,-0.929,0.818,0.791,0.836,0.001,-0.001,0.001,0.0,0.0,0.0,0.0,0.0,0.0,0.0,0.0,0.0,0.92,275.5,49.03,1.5,3.5,2.0,-1.0,13.41,0.005,0.283,1.0,2.0,0.0,0.001,19.72,19.78,19.65,19.67,19.54,19.28,20.68,20.59,20.98,21.1,20.22,19.65,20.62,20.29,19.51,20.34,21.15,20.45,20.06
2017-06-30 03:09:00-05:00,-11.0017805,-13.099078,-4.7964187,-10.99032,-11.331445,-3.8932464,-9.785349,-9.4296255,938070.0,24.14,0.0,-0.24,-0.047,0.46,22.84,0.945,0.0,0.0,0.0,0.0,0.0,0.0,0.0,0.0,1.0,-1.983,-1.617,-0.2,0.0,0.0,0.0,0.0,0.0,271.2,274.0,274.0,273.0,0.537,0.0,0.0,-0.1,-0.053,0.072,0.0,6000.0,420211.0,202.0,437.0,59.95,2.0,32.0,39.0,31.0,22.83,19.46,-0.038,0.0,0.2,0.2,60.0,59.5,75.6,1.0,273.0,273.0,272.0,-0.075,0.03,0.081,1962.0,433107.0,13735.0,1967.0,-0.929,0.818,0.791,0.836,0.001,0.0,0.001,0.0,0.0,0.0,0.0,0.0,0.0,0.0,0.0,0.0,0.615,251.5,79.08,1.4,3.499,2.0,-1.0,13.59,0.005,0.282,3.0,2.0,0.0,0.0,19.72,19.78,19.65,19.69,19.59,19.3,20.76,20.59,21.04,21.12,20.22,19.65,20.66,20.28,19.51,20.36,21.15,20.46,20.07
2017-06-30 03:10:00-05:00,-11.125395,-13.099078,-4.7964187,-10.99032,-11.331445,-3.8932464,-9.785349,-9.547496,938071.0,24.13,0.0,-0.255,-0.048,0.46,22.82,0.945,0.0,0.0,0.0,0.0,0.0,0.0,0.0,0.0,1.0,-1.883,-1.583,-0.2,0.0,0.0,0.0,0.0,0.0,271.1,274.0,274.0,273.0,0.543,0.0,0.0,-0.102,-0.05,0.052,0.0,6000.0,420211.0,202.0,437.0,59.94,2.0,32.0,39.0,31.0,22.82,19.45,-0.038,0.0,0.2,0.2,60.0,59.5,75.6,1.0,273.0,273.0,272.0,-0.075,0.03,0.081,1962.0,433107.0,13735.0,1967.0,-0.929,0.818,0.791,0.836,0.001,0.0,0.001,0.0,0.0,0.0,0.0,0.0,0.0,0.0,0.0,0.0,0.78,272.5,72.33,1.7,3.497,2.0,-1.0,13.59,0.004,0.282,3.0,2.0,0.0,0.0,19.72,19.77,19.65,19.67,19.57,19.3,20.76,20.56,20.93,21.07,20.2,19.61,20.59,20.21,19.48,20.33,21.13,20.45,20.04
2017-06-30 03:11:00-05:00,-11.125395,-13.099078,-4.7964187,-10.99032,-11.331445,-3.8932464,-9.785349,-9.547496,938072.0,24.12,0.0,-0.236,-0.048,0.459,22.77,0.945,0.0,0.0,0.0,0.0,0.0,0.0,0.0,0.0,1.0,-1.85,-1.633,-0.2,0.0,0.0,0.0,0.0,0.0,271.0,274.0,274.0,273.0,0.562,0.0,0.0,-0.102,-0.05,0.05,0.0,6000.0,420211.0,202.0,437.0,59.96,2.0,32.0,39.0,31.0,22.8,19.44,-0.038,0.0,0.2,0.2,60.0,59.5,75.6,1.0,273.0,273.0,272.0,-0.075,0.03,0.081,1962.0,433107.0,13735.0,1967.0,-0.929,0.818,0.791,0.836,0.001,0.0,0.0,0.0,0.0,0.0,0.0,0.0,0.0,0.0,0.0,0.0,0.557,207.3,64.7,1.5,3.5,2.0,-1.0,13.59,0.004,0.282,3.0,2.0,0.0,0.0,19.69,19.69,19.59,19.59,19.51,19.22,20.68,20.55,20.94,21.08,20.19,19.6,20.58,20.21,19.46,20.31,21.11,20.42,20.03
2017-06-30 03:12:00-05:00,-11.125395,-13.099078,-4.7964187,-10.99032,-11.202678,-3.8932464,-9.785349,-9.547496,938073.0,24.1,0.0,-0.245,-0.049,0.459,22.74,0.945,0.0,0.0,0.0,0.0,0.0,0.0,0.0,0.0,1.0,-1.683,-1.467,-0.2,0.0,0.0,0.0,0.0,0.0,271.0,274.0,274.0,273.0,0.552,0.0,0.0,-0.102,-0.045,0.085,0.0,6000.0,420211.0,202.0,437.0,59.96,2.0,32.0,39.0,31.0,22.81,19.43,-0.038,0.0,0.2,0.2,60.0,59.5,75.6,1.0,273.0,273.0,272.0,-0.075,0.03,0.081,1962.0,433107.0,13735.0,1967.0,-0.929,0.818,0.791,0.836,0.001,0.0,0.0,0.0,0.0,0.0,0.0,0.0,0.0,0.0,0.0,0.0,0.908,293.2,28.72,1.4,3.499,2.0,-1.0,13.59,0.004,0.282,3.0,2.0,0.0,0.0,19.69,19.69,19.59,19.59,19.49,19.25,20.66,20.52,20.86,21.05,20.16,19.58,20.55,20.2,19.43,20.3,21.1,20.4,20.01
2017-06-30 03:13:00-05:00,-11.125395,-13.099078,-4.7964187,-10.99032,-11.202678,-3.8932464,-9.910803,-9.665367,938074.0,24.1,0.0,0.367,0.593,1.014,22.79,0.945,0.0,0.0,0.0,0.0,0.0,0.0,0.0,0.0,1.0,-1.6,-1.333,-0.2,0.0,0.0,0.0,0.0,0.0,271.0,274.0,274.0,273.0,0.542,0.0,0.0,-0.103,-0.047,0.072,0.0,6000.0,420211.0,202.0,437.0,59.95,2.0,32.0,39.0,31.0,22.76,19.35,-0.038,0.0,0.2,0.2,60.0,59.5,75.6,1.0,273.0,273.0,272.0,-0.075,0.03,0.081,1962.0,433107.0,13735.0,1967.0,-0.929,0.818,0.791,0.836,0.001,0.0,0.001,0.0,0.0,0.0,0.0,0.0,0.0,0.0,0.0,0.0,0.922,296.4,27.1,1.4,3.5,2.0,-1.0,13.49,0.018,0.282,1.0,2.0,0.0,0.001,19.69,19.65,19.56,19.54,19.41,19.19,20.56,20.47,20.84,20.98,20.1,19.53,20.54,20.13,19.39,20.26,21.07,20.36,19.97
2017-06-30 03:14:00-05:00,-11.249011,-13.099078,-4.7964187,-11.122734,-11.331445,-3.8932464,-10.036256,-9.7832365,938075.0,24.07,0.0,-0.239,-0.044,0.463,22.79,0.945,0.0,0.0,0.0,0.0,0.0,0.0,0.0,0.0,1.0,-1.617,-1.517,-0.2,0.0,0.0,0.0,0.0,0.0,271.0,274.0,274.0,273.0,0.533,0.0,0.0,-0.103,-0.033,0.048,0.0,6000.0,420211.0,202.0,437.0,59.95,2.0,32.0,39.0,31.0,22.74,19.31,-0.038,0.0,0.2,0.2,60.0,59.5,75.6,1.0,273.0,273.0,272.0,-0.075,0.03,0.081,1962.0,433107.0,13735.0,1967.0,-0.929,0.818,0.791,0.836,0.001,0.0,0.001,0.0,0.0,0.0,0.0,0.0,0.0,0.0,0.0,0.0,0.587,159.3,82.8,1.1,3.5,2.0,-1.0,13.41,-0.01,0.284,1.0,2.0,0.0,0.001,19.6,19.59,19.43,19.52,19.38,19.12,20.56,20.45,20.78,20.96,20.08,19.5,20.54,20.09,19.36,20.23,21.06,20.34,19.94
2017-06-30 03:15:00-05:00,-11.249011,-13.099078,-4.7964187,-11.122734,-11.460212,-3.8932464,-10.16171,-9.665367,938076.0,24.07,0.0,-0.246,-0.045,0.462,22.77,0.945,0.0,0.0,0.0,0.0,0.0,0.0,0.0,0.0,1.0,-1.417,-1.333,-0.2,0.0,0.0,0.0,0.0,0.0,271.0,274.0,274.0,273.0,0.533,0.0,0.0,-0.1,-0.048,0.07,0.0,6000.0,420211.0,202.0,437.0,59.96,2.0,32.0,39.0,31.0,22.73,19.27,-0.038,0.0,0.2,0.2,60.0,59.5,75.6,1.0,273.0,273.0,272.0,-0.075,0.03,0.081,1962.0,433107.0,13735.0,1967.0,-0.928,0.818,0.791,0.836,0.001,0.0,0.001,0.0,0.0,0.0,0.0,0.0,0.0,0.0,0.0,0.0,0.745,216.5,60.03,1.3,3.5,2.0,-1.0,13.59,0.004,0.282,3.0,2.0,0.0,0.0,19.59,19.59,19.4,19.47,19.3,19.1,20.53,20.43,20.76,20.94,20.06,19.48,20.5,20.05,19.34,20.2,21.04,20.3,19.9
2017-06-30 03:16:00-05:00,-11.249011,-13.099078,-4.7964187,-10.99032,-11.460212,-3.8932464,-10.16171,-9.7832365,938077.0,24.05,0.0,-0.236,-0.046,0.461,22.72,0.948,0.0,0.0,0.0,0.0,0.0,0.0,0.0,0.0,1.0,-1.767,-1.55,-0.2,0.0,0.0,0.0,0.0,0.0,271.0,274.0,274.0,273.0,0.553,0.0,0.0,-0.103,-0.052,0.077,0.0,6000.0,420211.0,202.0,437.0,59.95,2.0,32.0,39.0,31.0,22.7,19.26,-0.038,0.0,0.2,0.2,60.0,59.5,75.6,1.0,273.0,273.0,272.0,-0.075,0.03,0.081,1962.0,433107.0,13735.0,1967.0,-0.928,0.818,0.791,0.836,0.001,0.0,0.001,0.0,0.0,0.0,0.0,0.0,0.0,0.0,0.0,0.0,0.817,241.5,23.23,1.2,3.5,2.0,-1.0,13.59,0.004,0.282,3.0,2.0,0.0,0.0,19.55,19.51,19.4,19.41,19.3,19.02,20.47,20.39,20.69,20.9,20.03,19.44,20.47,20.0,19.3,20.16,20.99,20.27,19.87
2017-06-30 03:17:00-05:00,-11.125395,-13.262816,-4.7964187,-11.122734,-11.588977,-3.8932464,-10.287163,-9.7832365,938078.0,24.04,0.0,-0.254,-0.047,0.461,22.69,0.957,0.0,0.0,0.0,0.0,0.0,0.0,0.0,0.0,1.0,-1.85,-1.567,-0.2,0.0,0.0,0.0,0.0,0.0,271.0,274.0,274.0,273.0,0.54,0.0,0.0,-0.1,-0.047,0.06,0.0,6000.0,420211.0,202.0,437.0,59.95,2.0,32.0,39.0,31.0,22.8,19.23,-0.038,0.0,0.2,0.2,60.0,59.5,75.6,1.0,273.0,273.0,272.0,-0.075,0.03,0.081,1962.0,433107.0,13735.0,1967.0,-0.928,0.818,0.791,0.836,0.001,0.0,0.001,0.0,0.0,0.0,0.0,0.0,0.0,0.0,0.0,0.0,0.675,228.6,26.99,1.3,3.5,2.0,-1.0,13.59,0.004,0.282,3.0,2.0,0.0,0.0,19.49,19.49,19.37,19.4,19.22,19.01,20.37,20.37,20.69,20.9,20.01,19.44,20.45,20.02,19.29,20.15,21.01,20.26,19.85
2017-06-30 03:18:00-05:00,-11.125395,-13.099078,-4.7964187,-11.255148,-11.588977,-3.8932464,-10.287163,-9.665367,938079.0,24.01,0.0,-0.263,-0.047,0.46,22.68,1.045,0.0,0.0,0.0,0.0,0.0,0.0,0.0,0.0,1.0,-1.433,-1.3,-0.2,0.0,0.0,0.0,0.0,0.0,271.0,274.0,274.0,273.0,0.538,0.0,0.0,-0.1,-0.042,0.065,0.0,6000.0,420210.0,201.0,437.0,59.97,2.0,32.0,39.0,31.0,22.71,19.21,-0.038,0.0,0.2,0.2,60.0,59.5,75.6,1.0,273.0,273.0,272.0,-0.075,0.03,0.081,1962.0,433107.0,13735.0,1967.0,-0.929,0.818,0.791,0.836,0.001,0.0,0.001,0.0,0.0,0.0,0.0,0.0,0.0,0.0,0.0,0.0,1.023,195.8,37.96,2.5,3.5,2.0,-1.0,13.59,0.004,0.282,3.0,2.0,0.0,0.0,19.49,19.49,19.36,19.4,19.27,19.01,20.37,20.37,20.76,20.89,20.0,19.39,20.39,19.96,19.25,20.14,21.0,20.24,19.85
2017-06-30 03:19:00-05:00,-11.0017805,-13.099078,-4.7964187,-11.255148,-11.588977,-3.8932464,-10.16171,-9.665367,938080.0,24.01,0.0,-0.01,0.183,0.633,22.65,1.037,0.0,0.0,0.0,0.0,0.0,0.0,0.0,0.0,1.0,-1.9,-1.6,-0.2,0.0,0.0,0.0,0.0,0.0,271.1,274.0,274.0,273.0,0.545,0.0,0.0,-0.1,-0.038,0.085,0.0,6000.0,420210.0,201.0,437.0,59.96,2.0,32.0,39.0,31.0,22.7,19.2,-0.038,0.0,0.2,0.2,60.0,59.5,75.6,1.0,273.0,273.0,272.0,-0.075,0.03,0.081,1962.0,433107.0,13735.0,1967.0,-0.928,0.818,0.791,0.836,0.001,0.0,0.001,0.0,0.0,0.0,0.0,0.0,0.0,0.0,0.0,0.0,1.275,263.2,23.2,2.4,3.495,2.0,-1.0,13.44,-0.001,0.282,3.0,2.0,0.0,0.001,19.56,19.49,19.4,19.4,19.3,19.04,20.37,20.36,20.73,20.87,20.0,19.37,20.38,19.95,19.25,20.12,20.96,20.22,19.82
2017-06-30 03:20:00-05:00,-10.754549,-13.099078,-4.7964187,-11.255148,-11.588977,-3.8932464,-9.910803,-9.547496,938081.0,24.0,0.0,-0.26,-0.046,0.461,22.71,1.039,0.0,0.0,0.0,0.0,0.0,0.0,0.0,0.0,1.0,-2.0,-1.583,-0.2,0.0,0.0,0.0,0.0,0.0,271.0,274.0,274.0,273.0,0.537,0.0,0.0,-0.1,-0.037,0.05,0.0,6000.0,420210.0,201.0,437.0,59.95,2.0,32.0,39.0,31.0,22.65,19.17,-0.038,0.0,0.2,0.2,60.0,59.5,75.6,1.0,273.0,273.0,272.0,-0.075,0.03,0.081,1962.0,433107.0,13735.0,1967.0,-0.928,0.818,0.791,0.836,0.001,0.0,0.001,0.0,0.0,0.0,0.0,0.0,0.0,0.0,0.0,0.0,0.815,239.6,55.54,2.3,3.502,2.0,-1.0,13.52,0.011,0.282,3.0,2.0,0.0,0.0,19.51,19.56,19.4,19.4,19.28,19.05,20.37,20.37,20.74,20.88,20.01,19.37,20.41,19.96,19.24,20.11,20.99,20.22,19.82
2017-06-30 03:21:00-05:00,-10.630933,-13.099078,-4.7964187,-11.122734,-11.460212,-3.8932464,-9.910803,-9.4296255,938082.0,23.99,0.0,-0.259,-0.043,0.464,22.68,1.101,0.0,0.0,0.0,0.0,0.0,0.0,0.0,0.0,1.0,-1.95,-1.567,-0.2,0.0,0.0,0.0,0.0,0.0,271.0,274.0,274.0,273.0,0.55,0.0,0.0,-0.1,-0.038,0.063,0.0,6000.0,420210.0,201.0,437.0,59.96,2.0,32.0,39.0,31.0,22.68,19.16,-0.036,0.0,0.2,0.2,60.0,59.5,75.6,1.0,273.0,273.0,272.0,-0.075,0.03,0.081,1962.0,433107.0,13735.0,1967.0,-0.928,0.818,0.791,0.836,0.001,0.0,0.001,0.0,0.0,0.0,0.0,0.0,0.0,0.0,0.0,0.0,0.907,255.9,32.87,2.7,3.5,2.0,-1.0,13.59,0.006,0.282,3.0,2.0,0.0,0.0,19.49,19.49,19.4,19.4,19.22,19.01,20.3,20.36,20.68,20.88,20.0,19.37,20.41,19.97,19.24,20.11,20.99,20.23,19.82
2017-06-30 03:22:00-05:00,-10.630933,-13.099078,-4.7964187,-10.99032,-11.331445,-3.8932464,-9.785349,-9.4296255,938083.0,23.97,0.0,-0.248,-0.04,0.467,22.71,1.12,0.0,0.0,0.0,0.0,0.0,0.0,0.0,0.0,1.0,-1.717,-1.417,-0.2,0.0,0.0,0.0,0.0,0.0,271.0,274.0,274.0,273.0,0.553,0.0,0.0,-0.1,-0.032,0.078,0.0,6000.0,420210.0,201.0,437.0,59.94,2.0,32.0,39.0,31.0,22.61,19.13,-0.041,0.0,0.2,0.2,60.0,59.5,75.6,1.0,273.0,273.0,272.0,-0.075,0.03,0.081,1962.0,433107.0,13735.0,1967.0,-0.928,0.818,0.791,0.836,0.001,0.0,0.0,0.0,0.0,0.0,0.0,0.0,0.0,0.0,0.0,0.0,1.278,233.1,68.88,2.8,3.5,2.0,-1.0,13.63,0.004,0.282,3.0,2.0,0.0,0.0,19.41,19.49,19.38,19.4,19.2,19.01,20.32,20.41,20.84,20.91,20.04,19.39,20.45,20.02,19.26,20.13,21.03,20.25,19.83
2017-06-30 03:23:00-05:00,-10.507318,-13.099078,-4.7964187,-10.725493,-11.202678,-3.8932464,-9.659897,-9.193885,938084.0,23.96,0.0,-0.254,-0.041,0.467,22.74,1.155,0.0,0.0,0.0,0.0,0.0,0.0,0.0,0.0,1.0,-1.95,-1.633,-0.2,0.0,0.0,0.0,0.0,0.0,271.0,274.0,274.0,273.0,0.563,0.0,0.0,-0.1,-0.06,0.065,0.0,6000.0,420210.0,201.0,437.0,59.95,2.0,32.0,39.0,31.0,22.74,19.14,-0.038,0.0,0.2,0.2,60.0,59.5,75.6,1.0,273.0,273.0,272.0,-0.075,0.03,0.081,1962.0,433107.0,13735.0,1967.0,-0.928,0.818,0.791,0.836,0.001,-0.001,0.0,0.0,0.0,0.0,0.0,0.0,0.0,0.0,0.0,0.0,0.697,158.9,74.18,1.4,3.499,2.0,-1.0,13.63,0.004,0.282,3.0,2.0,0.0,0.0,19.46,19.49,19.33,19.4,19.2,19.01,20.37,20.42,20.84,20.92,20.05,19.41,20.48,20.04,19.28,20.15,21.05,20.28,19.85
2017-06-30 03:24:00-05:00,-10.630933,-13.099078,-4.7964187,-10.59308,-11.073912,-3.8932464,-9.659897,-9.193885,938085.0,23.94,0.0,-0.245,-0.042,0.466,22.75,1.19,0.0,0.0,0.0,0.0,0.0,0.0,0.0,0.0,1.0,-1.8,-1.533,-0.2,0.0,0.0,0.0,0.0,0.0,271.0,274.0,274.0,273.0,0.565,0.0,0.0,-0.1,-0.05,0.062,0.0,6000.0,420210.0,201.0,437.0,59.95,2.0,32.0,39.0,31.0,22.73,19.17,-0.038,0.0,0.2,0.2,60.0,59.5,75.6,1.0,273.0,273.0,272.0,-0.075,0.03,0.081,1962.0,433107.0,13735.0,1967.0,-0.928,0.818,0.791,0.836,0.001,0.0,0.001,0.0,0.0,0.0,0.0,0.0,0.0,0.0,0.0,0.0,0.622,327.2,43.77,1.2,3.5,2.0,-1.0,13.62,0.004,0.281,3.0,2.0,0.0,0.0,19.45,19.47,19.3,19.4,19.2,19.01,20.37,20.41,20.76,20.91,20.04,19.4,20.48,19.99,19.27,20.15,21.02,20.25,19.84
2017-06-30 03:25:00-05:00,-10.754549,-13.099078,-4.7964187,-10.460667,-11.073912,-3.8932464,-9.659897,-9.311755,938086.0,23.93,0.0,-0.255,-0.039,0.469,22.72,1.215,0.0,0.0,0.0,0.0,0.0,0.0,0.0,0.0,1.0,-1.833,-1.5,-0.2,0.0,0.0,0.0,0.0,0.0,271.0,274.0,274.0,273.0,0.547,0.0,0.0,-0.1,-0.035,0.07,0.0,6000.0,420210.0,201.0,437.0,59.95,2.0,32.0,39.0,31.0,22.66,19.12,-0.038,0.0,0.2,0.2,60.0,59.5,75.6,1.0,273.0,273.0,272.0,-0.075,0.03,0.081,1962.0,433107.0,13735.0,1967.0,-0.928,0.818,0.791,0.836,0.001,0.0,0.001,0.0,0.0,0.0,0.0,0.0,0.0,0.0,0.0,0.0,1.162,328.7,15.63,1.8,3.502,2.0,-1.0,13.63,0.004,0.282,3.0,2.0,0.0,0.0,19.4,19.46,19.3,19.4,19.15,19.01,20.42,20.38,20.74,20.89,20.01,19.39,20.46,19.94,19.24,20.12,20.99,20.23,19.81
2017-06-30 03:26:00-05:00,-10.754549,-13.099078,-4.7964187,-10.460667,-10.945146,-3.8932464,-9.785349,-9.311755,938087.0,23.91,0.0,0.047,0.265,0.702,22.66,1.215,0.0,0.0,0.0,0.0,0.0,0.0,0.0,0.0,1.017,-1.567,-1.383,-0.2,0.0,0.0,0.0,0.0,0.0,271.0,274.0,274.0,273.0,0.538,0.0,0.0,-0.1,-0.052,0.062,0.0,6000.0,420210.0,201.0,437.0,59.95,2.0,32.0,39.0,31.0,22.64,19.09,-0.038,0.0,0.2,0.2,60.0,59.5,75.6,1.0,273.0,273.0,272.0,-0.075,0.03,0.081,1962.0,433107.0,13735.0,1967.0,-0.928,0.818,0.791,0.836,0.001,0.0,0.001,0.0,0.0,0.0,0.0,0.0,0.0,0.0,0.0,0.0,0.975,246.3,34.9,1.7,3.5,2.0,-1.0,13.46,0.003,0.281,1.0,2.0,0.0,0.001,19.4,19.44,19.27,19.4,19.2,18.96,20.47,20.38,20.74,20.88,20.01,19.38,20.46,19.95,19.25,20.11,20.98,20.23,19.81
2017-06-30 03:27:00-05:00,-10.878164,-13.099078,-4.7964187,-10.460667,-10.816379,-3.8932464,-9.785349,-9.193885,938088.0,23.9,0.0,-0.263,-0.041,0.466,22.65,1.215,0.0,0.0,0.0,0.0,0.0,0.0,0.0,0.0,1.017,-1.867,-1.567,-0.2,0.0,0.0,0.0,0.0,0.0,271.0,274.0,274.0,273.0,0.557,0.0,0.0,-0.1,-0.055,0.065,0.0,6000.0,420210.0,201.0,437.0,59.95,2.0,32.0,39.0,31.0,22.61,19.08,-0.038,0.0,0.2,0.2,60.0,59.5,75.6,1.0,273.0,273.0,272.0,-0.075,0.03,0.081,1962.0,433107.0,13735.0,1967.0,-0.928,0.818,0.791,0.836,0.001,0.0,0.001,0.0,0.0,0.0,0.0,0.0,0.0,0.0,0.0,0.0,0.647,274.5,65.46,1.5,3.502,2.0,-1.0,13.46,0.011,0.282,3.0,2.0,0.0,0.0,19.38,19.4,19.2,19.3,19.1,18.91,20.48,20.39,20.82,20.89,20.03,19.38,20.49,19.94,19.25,20.11,20.97,20.22,19.81
2017-06-30 03:28:00-05:00,-11.0017805,-13.099078,-4.7964187,-10.328253,-10.816379,-3.8932464,-9.659897,-9.193885,938089.0,23.89,0.0,-0.276,-0.043,0.465,22.66,1.225,0.0,0.0,0.0,0.0,0.0,0.0,0.0,0.0,1.017,-1.933,-1.617,-0.2,0.0,0.0,0.0,0.0,0.0,271.0,274.0,274.0,273.0,0.542,0.0,0.0,-0.102,-0.053,0.075,0.0,6000.0,420210.0,201.0,437.0,59.95,2.0,32.0,39.0,31.0,22.52,19.05,-0.038,0.0,0.2,0.2,60.0,59.5,75.6,1.0,273.0,273.0,272.0,-0.075,0.03,0.081,1962.0,433107.0,13735.0,1967.0,-0.928,0.818,0.791,0.836,0.001,0.0,0.001,0.0,0.0,0.0,0.0,0.0,0.0,0.0,0.0,0.0,1.13,310.0,28.2,2.3,3.5,2.0,-1.0,13.63,0.004,0.282,3.0,2.0,0.0,0.0,19.35,19.4,19.2,19.25,19.02,18.84,20.58,20.4,20.78,20.92,20.04,19.43,20.53,19.95,19.28,20.14,20.99,20.25,19.83
2017-06-30 03:29:00-05:00,-11.0017805,-13.099078,-4.7964187,-10.19584,-10.816379,-3.8932464,-9.659897,-9.0760145,938090.0,23.87,0.0,-0.276,-0.044,0.464,22.66,1.401,0.0,0.0,0.0,0.0,0.0,0.0,0.0,0.0,1.083,-1.933,-1.6,-0.2,0.0,0.0,0.0,0.0,0.0,271.0,274.0,274.0,273.0,0.552,0.0,0.0,-0.102,-0.058,0.073,0.0,6000.0,420210.0,201.0,437.0,59.96,2.0,32.0,39.0,31.0,22.51,19.06,-0.038,0.0,0.2,0.2,60.0,59.5,75.6,1.0,273.0,273.0,272.0,-0.075,0.03,0.081,1962.0,433107.0,13735.0,1967.0,-0.928,0.818,0.791,0.836,0.001,0.0,0.0,0.0,0.0,0.0,0.0,0.0,0.0,0.0,0.0,0.0,0.458,15.77,71.48,1.0,3.5,2.0,-1.0,13.63,0.004,0.281,3.0,2.0,0.0,0.0,19.31,19.4,19.2,19.34,19.01,18.91,20.58,20.38,20.73,20.89,20.02,19.42,20.49,19.93,19.28,20.12,20.95,20.22,19.81
2017-06-30 03:30:00-05:00,-11.0017805,-13.099078,-4.5595584,-10.460667,-10.687613,-3.8932464,-9.659897,-9.193885,938091.0,23.86,0.0,-0.254,-0.044,0.463,22.61,1.482,0.0,0.0,0.0,0.0,0.0,0.0,0.0,0.0,1.45,-1.7,-1.5,-0.2,0.0,0.0,0.0,0.0,0.0,271.0,274.0,274.0,273.0,0.545,0.0,0.0,-0.102,-0.04,0.053,0.0,6000.0,420210.0,201.0,437.0,59.94,2.0,32.0,39.0,31.0,22.51,19.06,-0.038,0.0,0.2,0.2,60.0,59.5,75.6,1.0,273.0,273.0,272.0,-0.075,0.03,0.081,1962.0,433107.0,13735.0,1967.0,-0.929,0.818,0.791,0.836,0.001,0.0,0.001,0.0,0.0,0.0,0.0,0.0,0.0,0.0,0.0,0.0,0.885,230.4,53.98,2.0,3.5,2.0,-1.0,13.63,0.004,0.282,3.0,2.0,0.0,0.0,19.33,19.4,19.2,19.3,19.01,18.91,20.5,20.41,20.78,20.91,20.03,19.4,20.45,19.95,19.26,20.12,20.96,20.22,19.82
2017-06-30 03:31:00-05:00,-10.878164,-13.099078,-4.4411287,-10.725493,-10.687613,-3.8932464,-9.659897,-9.0760145,938092.0,23.84,0.0,-0.256,-0.041,0.467,22.56,1.484,0.0,0.0,0.0,0.0,0.0,0.0,0.0,0.0,1.467,-1.95,-1.6,-0.2,0.0,0.0,0.0,0.0,0.0,271.0,274.0,274.0,273.0,0.545,0.0,0.0,-0.102,-0.045,0.062,0.0,6000.0,420210.0,201.0,437.0,59.95,2.0,32.0,39.0,31.0,22.47,19.07,-0.038,0.0,0.2,0.2,60.0,59.5,75.6,1.0,273.0,273.0,272.0,-0.075,0.03,0.081,1962.0,433107.0,13735.0,1967.0,-0.929,0.818,0.791,0.836,0.001,0.0,0.001,0.0,0.0,0.0,0.0,0.0,0.0,0.0,0.0,0.0,0.63,332.6,73.21,1.6,3.5,2.0,-1.0,13.63,0.004,0.281,3.0,2.0,0.0,0.0,19.36,19.4,19.19,19.3,19.07,18.91,20.52,20.44,20.87,20.93,20.07,19.43,20.49,20.0,19.28,20.14,21.0,20.25,19.84
2017-06-30 03:32:00-05:00,-10.754549,-13.099078,-4.4411287,-10.857907,-10.687613,-3.8932464,-9.659897,-9.0760145,938093.0,23.83,0.0,0.341,0.597,1.015,22.57,1.484,0.0,0.0,0.0,0.0,0.0,0.0,0.0,0.0,1.55,-1.983,-1.667,-0.2,0.0,0.0,0.0,0.0,0.0,271.0,274.0,274.0,273.0,0.542,0.0,0.0,-0.1,-0.043,0.077,0.0,6000.0,420210.0,201.0,437.0,59.97,2.0,32.0,39.0,31.0,22.53,19.1,-0.038,0.0,0.2,0.2,60.0,59.5,75.6,1.0,273.0,273.0,272.0,-0.075,0.03,0.081,1962.0,433107.0,13735.0,1967.0,-0.929,0.818,0.791,0.836,0.001,0.0,0.0,0.0,0.0,0.0,0.0,0.0,0.0,0.0,0.0,0.0,0.587,246.8,61.24,1.2,3.502,2.0,-1.0,13.43,0.004,0.282,3.0,2.0,0.0,0.001,19.4,19.4,19.2,19.3,19.14,18.91,20.47,20.44,20.77,20.92,20.07,19.44,20.45,20.0,19.29,20.14,20.98,20.23,19.84
2017-06-30 03:33:00-05:00,-10.630933,-13.099078,-4.4411287,-10.857907,-10.687613,-3.8932464,-9.659897,-9.193885,938094.0,23.81,0.0,-0.261,-0.043,0.465,22.59,1.567,0.0,0.0,0.0,0.0,0.0,0.0,0.0,0.0,1.883,-1.983,-1.567,-0.2,0.0,0.0,0.0,0.0,0.0,271.0,274.0,274.0,273.0,0.535,0.0,0.0,-0.103,-0.052,0.062,0.0,6000.0,420210.0,201.0,437.0,59.96,2.0,32.0,39.0,31.0,22.56,19.15,-0.038,0.0,0.2,0.2,60.0,59.5,75.6,1.0,273.0,273.0,272.0,-0.075,0.03,0.081,1962.0,433107.0,13735.0,1967.0,-0.929,0.818,0.791,0.836,0.001,0.0,0.001,0.0,0.0,0.0,0.0,0.0,0.0,0.0,0.0,0.0,0.86,284.2,40.18,1.5,3.5,2.0,-1.0,13.62,0.006,0.282,3.0,2.0,0.0,0.0,19.4,19.48,19.2,19.3,19.1,18.91,20.47,20.42,20.73,20.91,20.05,19.42,20.42,19.99,19.27,20.14,20.98,20.23,19.83
2017-06-30 03:34:00-05:00,-10.630933,-13.099078,-4.4411287,-10.857907,-10.687613,-3.8932464,-9.659897,-9.193885,938095.0,23.81,0.0,-0.271,-0.044,0.463,22.59,1.619,0.0,0.0,0.0,0.0,0.0,0.0,0.0,0.0,2.0,-1.883,-1.6,-0.2,0.0,0.0,0.0,0.0,0.0,271.0,274.0,274.0,273.0,0.54,0.0,0.0,-0.102,-0.052,0.053,0.0,6000.0,420210.0,201.0,437.0,59.96,2.0,32.0,39.0,31.0,22.58,19.23,-0.038,0.0,0.2,0.2,60.0,59.5,75.6,1.0,273.0,273.0,272.0,-0.075,0.03,0.081,1962.0,433107.0,13735.0,1967.0,-0.929,0.818,0.791,0.836,0.001,0.0,0.001,0.0,0.0,0.0,0.0,0.0,0.0,0.0,0.0,0.0,1.24,234.4,27.53,2.3,3.5,2.0,-1.0,13.63,0.004,0.281,3.0,2.0,0.0,0.0,19.43,19.49,19.2,19.3,19.1,18.91,20.49,20.43,20.76,20.92,20.06,19.42,20.42,19.97,19.26,20.15,20.96,20.23,19.86
2017-06-30 03:35:00-05:00,-10.383702,-12.7716,-4.2042685,-10.725493,-10.687613,-3.8932464,-9.534443,-9.0760145,938096.0,23.78,0.0,-0.278,-0.045,0.462,22.6,1.694,0.0,0.0,0.0,0.0,0.0,0.0,0.0,0.0,2.0,-1.85,-1.567,-0.2,0.0,0.0,0.0,0.0,0.0,271.0,274.0,274.0,273.0,0.548,0.0,0.0,-0.1,-0.038,0.075,0.0,6000.0,420210.0,201.0,437.0,59.95,2.0,32.0,39.0,31.0,22.59,19.23,-0.038,0.0,0.2,0.2,60.0,59.5,75.6,1.0,273.0,273.0,272.0,-0.075,0.03,0.081,1962.0,433107.0,13735.0,1967.0,-0.929,0.818,0.791,0.836,0.001,0.0,0.0,0.0,0.0,0.0,0.0,0.0,0.0,0.0,0.0,0.0,1.002,214.4,45.15,1.7,3.499,2.0,-1.0,13.63,0.004,0.282,3.0,2.0,0.0,0.0,19.49,19.49,19.2,19.3,19.1,18.91,20.47,20.45,20.78,20.93,20.08,19.41,20.38,20.0,19.26,20.16,21.01,20.28,19.88
2017-06-30 03:36:00-05:00,-10.260086,-12.607862,-4.085839,-10.725493,-10.687613,-3.8932464,-9.534443,-9.0760145,938097.0,23.78,0.0,-0.262,-0.046,0.462,22.54,1.889,0.0,0.0,0.0,0.0,0.0,0.0,0.0,0.0,2.0,-1.95,-1.633,-0.2,0.0,0.0,0.0,0.0,0.0,271.0,274.0,274.0,273.0,0.537,0.0,0.0,-0.102,-0.045,0.06,0.0,6000.0,420210.0,201.0,437.0,59.95,2.0,32.0,39.0,31.0,22.6,19.28,-0.038,0.0,0.2,0.2,60.0,59.5,75.6,1.0,273.0,273.0,272.0,-0.075,0.03,0.081,1962.0,433107.0,13735.0,1967.0,-0.929,0.818,0.791,0.836,0.001,-0.001,0.001,0.0,0.0,0.0,0.0,0.0,0.0,0.0,0.0,0.0,1.323,181.0,31.48,2.4,3.5,2.0,-1.0,13.63,0.004,0.281,3.0,2.0,0.0,0.0,19.51,19.54,19.25,19.4,19.17,18.97,20.5,20.46,20.78,20.95,20.1,19.42,20.35,20.03,19.27,20.18,21.0,20.29,19.89
2017-06-30 03:37:00-05:00,-10.136472,-12.607862,-4.085839,-10.725493,-10.687613,-3.7803986,-9.534443,-8.958144,938098.0,23.77,0.0,-0.034,0.19,0.63,22.56,1.889,0.0,0.0,0.0,0.0,0.0,0.0,0.0,0.0,2.0,-1.867,-1.667,-0.2,0.0,0.0,0.0,0.0,0.0,271.0,274.0,274.0,273.0,0.535,0.0,0.0,-0.1,-0.06,0.062,0.0,6000.0,420210.0,201.0,437.0,59.95,2.0,32.0,39.0,31.0,22.63,19.3,-0.038,0.0,0.2,0.2,60.0,59.5,75.6,1.0,273.0,273.0,272.0,-0.075,0.03,0.081,1962.0,433107.0,13735.0,1967.0,-0.929,0.818,0.791,0.836,0.001,0.0,0.001,0.0,0.0,0.0,0.0,0.0,0.0,0.0,0.0,0.0,1.02,257.4,28.24,1.6,3.5,2.0,-1.0,13.63,0.006,0.282,3.0,2.0,0.0,0.0,19.59,19.59,19.35,19.4,19.23,19.01,20.45,20.48,20.8,20.96,20.11,19.43,20.38,20.03,19.28,20.2,21.0,20.3,19.91
2017-06-30 03:38:00-05:00,-10.012856,-12.444123,-4.085839,-10.460667,-10.558846,-3.554703,-9.40899,-8.958144,938099.0,23.75,0.0,-0.27,-0.044,0.46,22.6,1.889,0.0,0.0,0.0,0.0,0.0,0.0,0.0,0.0,2.0,-1.833,-1.5,-0.2,0.0,0.0,0.0,0.0,0.0,271.0,274.0,274.0,273.0,0.548,0.0,0.0,-0.102,-0.042,0.073,0.0,6000.0,420210.0,201.0,437.0,59.95,2.0,32.0,39.0,31.0,22.6,19.32,-0.038,0.0,0.2,0.2,60.0,59.5,75.6,1.0,273.0,273.0,272.0,-0.075,0.03,0.081,1962.0,433107.0,13735.0,1967.0,-0.929,0.818,0.791,0.836,0.001,0.0,0.001,-0.001,0.0,0.0,0.0,0.0,0.0,0.0,0.0,0.0,0.758,328.5,90.4,1.9,3.5,2.0,-1.0,13.43,0.004,0.282,1.0,2.0,0.0,0.001,19.59,19.6,19.4,19.43,19.28,19.09,20.47,20.49,20.79,20.98,20.13,19.46,20.42,20.09,19.31,20.23,21.02,20.33,19.94
2017-06-30 03:39:00-05:00,-10.136472,-12.116648,-4.085839,-10.328253,-10.687613,-3.4418554,-9.40899,-8.958144,938100.0,23.75,0.0,-0.269,-0.043,0.465,22.58,1.889,0.0,0.0,0.0,0.0,0.0,0.0,0.0,0.0,2.0,-1.333,-1.333,-0.2,0.0,0.0,0.0,0.0,0.0,271.0,274.0,274.0,273.0,0.533,0.0,0.0,-0.102,-0.058,0.062,0.0,6000.0,420210.0,201.0,437.0,59.94,2.0,32.0,39.0,31.0,22.59,19.36,-0.038,0.0,0.2,0.2,60.0,59.5,75.6,1.0,273.0,273.0,272.0,-0.075,0.03,0.081,1962.0,433107.0,13735.0,1967.0,-0.929,0.818,0.791,0.836,0.001,0.0,0.001,-0.001,0.0,0.0,0.0,0.0,0.0,0.0,0.0,0.0,0.775,303.4,78.72,1.6,3.5,2.0,-1.0,13.62,0.004,0.281,3.0,2.0,0.0,0.0,19.59,19.67,19.4,19.49,19.3,19.1,20.49,20.49,20.87,20.98,20.12,19.47,20.42,20.07,19.32,20.22,21.01,20.32,19.93
2017-06-30 03:40:00-05:00,-10.012856,-12.116648,-4.085839,-10.19584,-10.687613,-3.4418554,-9.534443,-8.958144,938101.0,23.72,0.0,-0.272,-0.044,0.463,22.57,1.889,0.0,0.0,0.0,0.0,0.0,0.0,0.0,0.0,2.0,-1.833,-1.533,-0.2,0.0,0.0,0.0,0.0,0.0,271.0,274.0,274.0,273.0,0.54,0.0,0.0,-0.102,-0.047,0.05,0.0,6000.0,420210.0,201.0,437.0,59.95,2.0,32.0,39.0,31.0,22.6,19.4,-0.038,0.0,0.2,0.2,60.0,59.5,75.6,1.0,273.0,273.0,272.0,-0.075,0.03,0.081,1962.0,433107.0,13735.0,1967.0,-0.929,0.818,0.791,0.836,0.001,-0.001,0.0,0.0,0.0,0.0,0.0,0.0,0.0,0.0,0.0,0.0,1.083,267.7,45.74,1.7,3.5,2.0,-1.0,13.63,0.004,0.281,3.0,2.0,0.0,0.0,19.59,19.69,19.4,19.46,19.3,19.1,20.58,20.52,20.93,21.0,20.14,19.48,20.45,20.09,19.33,20.23,21.03,20.33,19.95
2017-06-30 03:41:00-05:00,-10.136472,-12.444123,-4.085839,-10.19584,-10.687613,-3.4418554,-9.40899,-8.958144,938102.0,23.72,0.0,-0.278,-0.045,0.462,22.57,1.889,0.0,0.0,0.0,0.0,0.0,0.0,0.0,0.0,2.0,-1.967,-1.633,-0.2,0.0,0.0,0.0,0.0,0.0,271.0,274.0,274.0,273.0,0.547,0.0,0.0,-0.102,-0.055,0.08,0.0,6000.0,420210.0,201.0,437.0,59.97,2.0,31.98,39.0,31.0,22.53,19.38,-0.038,0.0,0.2,0.2,60.0,59.5,75.6,1.0,273.0,273.0,272.0,-0.075,0.03,0.081,1962.0,433107.0,13735.0,1967.0,-0.929,0.818,0.791,0.836,0.001,0.0,0.001,0.0,0.0,0.0,0.0,0.0,0.0,0.0,0.0,0.0,0.558,271.5,42.27,1.3,3.499,2.0,-1.0,13.62,0.004,0.281,3.0,2.0,0.0,0.0,19.59,19.67,19.4,19.44,19.3,19.1,20.56,20.51,20.86,21.0,20.14,19.5,20.47,20.1,19.34,20.25,21.03,20.33,19.96
2017-06-30 03:42:00-05:00,-10.260086,-12.607862,-4.085839,-10.19584,-10.687613,-3.4418554,-9.534443,-9.0760145,938103.0,23.71,0.0,-0.278,-0.046,0.462,22.54,1.889,0.0,0.0,0.0,0.0,0.0,0.0,0.0,0.0,2.0,-1.567,-1.483,-0.2,0.0,0.0,0.0,0.0,0.0,271.0,274.0,274.0,273.0,0.533,0.0,0.0,-0.1,-0.045,0.07,0.0,6000.0,420210.0,201.0,437.0,59.96,2.0,31.85,39.0,31.0,22.53,19.38,-0.038,0.0,0.2,0.2,60.0,59.5,75.6,1.0,273.0,273.0,272.0,-0.075,0.03,0.081,1962.0,433107.0,13735.0,1967.0,-0.929,0.818,0.791,0.836,0.001,0.0,0.001,0.0,0.0,0.0,0.0,0.0,0.0,0.0,0.0,0.0,0.857,331.9,47.49,1.8,3.499,2.0,-1.0,13.63,0.004,0.281,3.0,2.0,0.0,0.0,19.59,19.69,19.4,19.42,19.3,19.1,20.58,20.51,20.89,20.99,20.14,19.52,20.5,20.1,19.36,20.25,21.05,20.33,19.96
2017-06-30 03:43:00-05:00,-10.383702,-12.607862,-4.085839,-10.063426,-10.687613,-3.4418554,-9.40899,-8.958144,938104.0,23.7,0.0,-0.002,0.237,0.668,22.55,1.889,0.0,0.0,0.0,0.0,0.0,0.0,0.0,0.0,2.0,-1.767,-1.517,-0.2,0.0,0.0,0.0,0.0,0.0,271.0,274.0,274.0,273.0,0.528,0.0,0.0,-0.1,-0.03,0.063,0.0,6000.0,420210.0,201.0,437.0,59.97,2.0,31.62,39.0,31.0,22.6,19.38,-0.038,0.0,0.2,0.2,60.0,59.5,75.6,1.0,273.0,273.0,272.0,-0.075,0.03,0.081,1962.0,433107.0,13735.0,1967.0,-0.928,0.818,0.791,0.836,0.001,0.0,0.001,0.0,0.0,0.0,0.0,0.0,0.0,0.0,0.0,0.0,0.81,258.5,59.89,1.7,3.5,2.0,-1.0,13.48,-0.008,0.281,1.0,2.0,0.0,0.001,19.59,19.69,19.4,19.4,19.27,19.1,20.69,20.5,20.83,20.97,20.13,19.54,20.52,20.1,19.37,20.25,21.03,20.33,19.95
2017-06-30 03:44:00-05:00,-10.383702,-12.607862,-4.085839,-10.19584,-10.558846,-3.4418554,-9.534443,-9.0760145,938105.0,23.68,0.0,-0.284,-0.047,0.46,22.57,1.901,0.0,0.0,0.0,0.0,0.0,0.0,0.0,0.0,2.067,-1.633,-1.483,-0.2,0.0,0.0,0.0,0.0,0.0,271.0,274.0,274.0,273.0,0.542,0.0,0.0,-0.1,-0.048,0.07,0.0,6000.0,420210.0,201.0,437.0,59.96,2.0,31.62,39.0,31.0,22.47,19.35,-0.038,0.0,0.2,0.2,60.0,59.5,75.6,1.0,273.0,273.0,272.0,-0.075,0.03,0.081,1962.0,433107.0,13735.0,1967.0,-0.929,0.818,0.791,0.836,0.001,0.0,0.001,0.0,0.0,0.0,0.0,0.0,0.0,0.0,0.0,0.0,1.247,250.5,41.96,1.9,3.5,2.0,-1.0,13.59,0.015,0.282,3.0,2.0,0.0,0.0,19.61,19.59,19.4,19.4,19.3,19.1,20.66,20.49,20.86,20.96,20.12,19.55,20.5,20.07,19.38,20.25,21.01,20.32,19.95
2017-06-30 03:45:00-05:00,-10.383702,-12.607862,-4.085839,-10.19584,-10.430079,-3.4418554,-9.534443,-9.0760145,938106.0,23.67,0.0,-0.274,-0.046,0.462,22.61,2.074,0.0,0.0,0.0,0.0,0.0,0.0,0.0,0.0,2.283,-1.6,-1.483,-0.2,0.0,0.0,0.0,0.0,0.0,271.1,274.0,274.0,273.0,0.533,0.0,0.0,-0.1,-0.053,0.065,0.0,6000.0,420210.0,201.0,437.0,59.96,2.0,31.48,39.0,31.0,22.42,19.32,-0.038,0.0,0.2,0.2,60.0,59.5,75.6,1.0,273.0,273.0,272.0,-0.075,0.03,0.081,1962.0,433107.0,13735.0,1967.0,-0.929,0.818,0.791,0.836,0.0,0.0,0.001,0.0,0.0,0.0,0.0,0.0,0.0,0.0,0.0,0.0,1.022,272.0,52.68,1.9,3.5,2.0,-1.0,13.63,0.004,0.281,3.0,2.0,0.0,0.0,19.59,19.59,19.4,19.4,19.2,19.09,20.68,20.49,20.85,20.96,20.11,19.56,20.55,20.1,19.38,20.24,21.01,20.32,19.94
2017-06-30 03:46:00-05:00,-10.260086,-12.607862,-4.085839,-10.063426,-10.430079,-3.4418554,-9.534443,-9.0760145,938107.0,23.67,0.0,-0.282,-0.043,0.465,22.59,2.159,0.0,0.0,0.0,0.0,0.0,0.0,0.0,0.0,2.65,-1.633,-1.5,-0.2,0.0,0.0,0.0,0.0,0.0,271.6,274.0,274.2,273.0,0.54,0.0,0.0,-0.102,-0.042,0.063,0.0,6000.0,420210.0,201.0,437.0,59.96,2.0,31.45,39.0,31.0,22.52,19.31,-0.038,0.0,0.2,0.2,60.0,59.5,75.6,1.0,273.0,273.0,272.0,-0.075,0.03,0.081,1962.0,433107.0,13735.0,1967.0,-0.928,0.818,0.791,0.836,0.001,0.0,0.001,0.0,0.0,0.0,0.0,0.0,0.0,0.0,0.0,0.0,1.298,291.1,39.17,2.5,3.5,2.0,-1.0,13.63,0.004,0.281,3.0,2.0,0.0,0.0,19.59,19.63,19.4,19.49,19.24,19.1,20.78,20.49,20.84,20.96,20.11,19.58,20.56,20.09,19.4,20.25,21.02,20.33,19.95
2017-06-30 03:47:00-05:00,-10.136472,-12.607862,-4.085839,-10.063426,-10.172546,-3.554703,-9.40899,-9.0760145,938108.0,23.65,0.0,-0.279,-0.04,0.468,22.59,2.341,0.0,0.0,0.0,0.0,0.0,0.0,0.0,0.0,2.917,-1.9,-1.617,-0.2,0.0,0.0,0.0,0.0,0.0,271.6,274.0,274.4,273.0,0.525,0.0,0.0,-0.1,-0.047,0.063,0.0,6000.0,420210.0,201.0,437.0,59.96,2.0,31.35,39.0,31.0,22.55,19.31,-0.038,0.0,0.2,0.2,60.0,59.5,75.6,1.0,273.0,273.0,272.0,-0.075,0.03,0.081,1962.0,433107.0,13735.0,1967.0,-0.928,0.818,0.791,0.836,0.001,0.0,0.001,0.0,0.0,0.0,0.0,0.0,0.0,0.0,0.0,0.0,0.713,188.8,21.01,1.0,3.5,2.0,-1.0,13.63,0.004,0.281,3.0,2.0,0.0,0.0,19.66,19.59,19.4,19.43,19.28,19.1,20.77,20.48,20.83,20.94,20.1,19.57,20.55,20.07,19.39,20.25,21.01,20.32,19.94
2017-06-30 03:48:00-05:00,-10.136472,-12.607862,-4.085839,-10.063426,-10.301313,-3.554703,-9.534443,-9.0760145,938109.0,23.64,0.0,0.031,0.264,0.721,22.57,2.448,0.0,0.0,0.0,0.0,0.0,0.0,0.0,0.0,3.0,-1.867,-1.483,-0.2,0.0,0.0,0.0,0.0,0.0,271.7,274.0,274.3,273.0,0.537,0.0,0.0,-0.1,-0.047,0.078,0.0,6000.0,420210.0,201.0,437.0,59.96,2.0,31.58,39.0,31.0,22.54,19.31,-0.038,0.0,0.2,0.2,60.0,59.5,75.6,1.0,273.0,273.0,272.0,-0.075,0.03,0.081,1962.0,433107.0,13735.0,1967.0,-0.928,0.818,0.791,0.836,0.001,-0.001,0.001,0.0,0.0,0.0,0.0,0.0,0.0,0.0,0.0,0.0,1.132,194.0,49.72,1.7,3.5,2.0,-1.0,13.63,0.006,0.281,3.0,2.0,0.0,0.0,19.59,19.59,19.41,19.49,19.3,19.12,20.76,20.47,20.76,20.92,20.09,19.56,20.53,20.04,19.39,20.23,20.99,20.29,19.93
2017-06-30 03:49:00-05:00,-10.136472,-12.116648,-4.085839,-10.19584,-10.430079,-3.7803986,-9.534443,-9.0760145,938110.0,23.64,0.0,-0.24,-0.033,0.47,22.56,2.668,0.0,0.0,0.0,0.0,0.0,0.0,0.0,0.0,3.0,-2.0,-1.567,-0.2,0.0,0.0,0.0,0.0,0.0,271.6,274.0,274.3,273.0,0.552,0.0,0.0,-0.1,-0.043,0.063,0.0,6000.0,420210.0,201.0,437.0,59.96,2.0,31.83,39.0,31.0,22.54,19.31,-0.038,0.0,0.2,0.2,60.0,59.5,75.6,1.0,273.0,273.0,272.0,-0.075,0.03,0.081,1962.0,433107.0,13735.0,1967.0,-0.928,0.818,0.791,0.836,0.001,-0.001,0.001,0.0,0.0,0.0,0.0,0.0,0.0,0.0,0.0,0.0,0.58,229.5,29.31,1.4,3.499,2.0,-1.0,13.43,-0.002,0.282,1.0,2.0,0.0,0.001,19.59,19.67,19.41,19.49,19.3,19.14,20.75,20.43,20.7,20.88,20.05,19.54,20.49,19.98,19.37,20.2,20.94,20.26,19.9
2017-06-30 03:50:00-05:00,-10.136472,-12.116648,-4.085839,-10.19584,-10.558846,-3.8932464,-9.659897,-9.0760145,938111.0,23.61,0.0,-0.272,-0.044,0.464,22.56,2.778,0.0,0.0,0.0,0.0,0.0,0.0,0.0,0.0,3.0,-1.95,-1.617,-0.2,0.0,0.0,0.0,0.0,0.0,271.4,274.0,274.1,273.0,0.533,0.0,0.0,-0.1,-0.052,0.063,0.0,6000.0,420210.0,201.0,437.0,59.96,2.0,31.92,39.0,31.0,22.54,19.32,-0.038,0.0,0.2,0.2,60.0,59.5,75.6,1.0,273.0,273.0,272.0,-0.075,0.03,0.081,1962.0,433107.0,13735.0,1967.0,-0.929,0.818,0.791,0.836,0.001,0.0,0.0,0.0,0.0,0.0,0.0,0.0,0.0,0.0,0.0,0.0,0.458,228.3,46.17,0.9,3.5,2.0,-1.0,13.62,0.004,0.281,3.0,2.0,0.0,0.0,19.59,19.59,19.4,19.4,19.23,19.1,20.65,20.42,20.77,20.86,20.03,19.51,20.47,19.97,19.34,20.17,20.91,20.23,19.88
2017-06-30 03:51:00-05:00,-10.136472,-12.444123,-4.085839,-10.19584,-10.430079,-3.8932464,-9.659897,-9.0760145,938112.0,23.61,0.0,-0.292,-0.044,0.463,22.56,3.006,0.0,0.0,0.0,0.0,0.0,0.0,0.0,0.0,3.0,-1.833,-1.567,-0.2,0.0,0.0,0.0,0.0,0.0,271.0,274.0,274.0,273.0,0.547,0.0,0.0,-0.102,-0.035,0.077,0.0,6000.0,420210.0,201.0,437.0,59.97,2.0,31.87,39.0,31.0,22.57,19.35,-0.038,0.0,0.2,0.2,60.0,59.5,75.6,1.0,273.0,273.0,272.0,-0.075,0.03,0.081,1962.0,433107.0,13735.0,1967.0,-0.929,0.818,0.791,0.836,0.001,-0.001,0.001,0.0,0.0,0.0,0.0,0.0,0.0,0.0,0.0,0.0,0.735,223.7,17.67,1.1,3.5,2.0,-1.0,13.63,0.004,0.281,3.0,2.0,0.0,0.0,19.59,19.59,19.41,19.41,19.22,19.1,20.65,20.42,20.81,20.9,20.03,19.51,20.49,19.99,19.35,20.18,20.91,20.23,19.89
2017-06-30 03:52:00-05:00,-10.012856,-12.607862,-4.085839,-10.328253,-10.558846,-3.7803986,-9.659897,-9.0760145,938113.0,23.6,0.0,-0.29,-0.045,0.462,22.53,3.305,0.0,0.0,0.0,0.0,0.0,0.0,0.0,0.0,3.433,-1.983,-1.6,-0.2,0.0,0.0,0.0,0.0,0.0,271.0,274.0,274.0,273.0,0.55,0.0,0.0,-0.1,-0.042,0.068,0.0,6000.0,420210.0,201.0,437.0,59.96,2.0,31.17,39.0,31.0,22.55,19.32,-0.038,0.0,0.2,0.2,60.0,59.5,75.6,1.0,273.0,273.0,272.0,-0.075,0.03,0.081,1962.0,433107.0,13735.0,1967.0,-0.929,0.818,0.791,0.836,0.001,0.0,0.001,0.0,0.0,0.0,0.0,0.0,0.0,0.0,0.0,0.0,1.157,245.1,15.04,1.8,3.499,2.0,-1.0,13.63,0.004,0.281,3.0,2.0,0.0,0.0,19.59,19.59,19.4,19.4,19.24,19.1,20.67,20.38,20.68,20.85,20.0,19.49,20.44,19.98,19.34,20.16,20.88,20.22,19.87
2017-06-30 03:53:00-05:00,-10.012856,-12.7716,-4.085839,-10.328253,-10.687613,-3.8932464,-9.659897,-9.0760145,938114.0,23.59,0.0,-0.285,-0.046,0.461,22.57,3.582,0.0,0.0,0.0,0.0,0.0,0.0,0.0,0.0,3.983,-1.95,-1.617,-0.2,0.0,0.0,0.0,0.0,0.0,271.1,274.0,274.0,273.0,0.543,0.0,0.0,-0.103,-0.045,0.062,0.0,6000.0,420210.0,201.0,437.0,59.97,2.0,31.08,39.0,31.0,22.44,19.31,-0.038,0.0,0.2,0.2,60.0,59.5,75.6,1.0,273.0,273.0,272.0,-0.075,0.03,0.081,1962.0,433107.0,13735.0,1967.0,-0.928,0.818,0.791,0.836,0.001,-0.001,0.001,0.0,0.0,0.0,0.0,0.0,0.0,0.0,0.0,0.0,1.113,247.6,16.77,1.3,3.499,2.0,-1.0,13.63,0.004,0.282,3.0,2.0,0.0,0.0,19.59,19.59,19.4,19.4,19.2,19.07,20.62,20.38,20.79,20.85,20.0,19.47,20.39,19.97,19.32,20.15,20.86,20.21,19.86
2017-06-30 03:54:00-05:00,-10.136472,-12.607862,-4.085839,-10.328253,-10.558846,-3.8932464,-9.659897,-9.0760145,938115.0,23.58,0.0,0.095,0.315,0.755,22.55,3.925,0.0,0.0,0.0,0.0,0.0,0.0,0.0,0.0,4.083,-1.95,-1.567,-0.2,0.0,0.0,0.0,0.0,0.0,271.1,274.0,274.0,273.0,0.563,0.0,0.0,-0.1,-0.055,0.07,0.0,6000.0,420210.0,201.0,437.0,59.95,2.0,31.03,39.0,31.0,22.42,19.3,-0.038,0.0,0.2,0.2,60.0,59.5,75.6,1.0,273.0,273.0,272.0,-0.075,0.03,0.081,1962.0,433107.0,13735.0,1967.0,-0.928,0.818,0.791,0.836,0.001,0.0,0.001,0.0,0.0,0.0,0.0,0.0,0.0,0.0,0.0,0.0,0.713,270.6,19.92,1.1,3.5,2.0,-1.0,13.43,-0.004,0.281,1.0,2.0,0.0,0.001,19.59,19.59,19.4,19.4,19.22,19.01,20.55,20.37,20.67,20.82,19.98,19.45,20.34,19.96,19.3,20.12,20.82,20.18,19.84
2017-06-30 03:55:00-05:00,-10.136472,-12.607862,-4.085839,-10.328253,-10.558846,-3.8932464,-9.659897,-9.0760145,938116.0,23.56,0.0,-0.286,-0.051,0.456,22.51,4.397,0.0,0.0,0.0,0.0,0.0,0.0,0.0,0.0,4.883,-1.833,-1.617,-0.2,0.0,0.0,0.0,0.0,0.0,271.0,274.0,274.0,273.0,0.53,0.0,0.0,-0.1,-0.05,0.067,0.0,6000.0,420210.0,201.0,437.0,59.97,2.0,31.02,39.0,31.0,22.43,19.29,-0.038,0.0,0.2,0.2,60.0,59.5,75.6,1.0,273.0,273.0,272.0,-0.075,0.03,0.081,1962.0,433107.0,13735.0,1967.0,-0.928,0.818,0.791,0.836,0.001,0.0,0.001,0.0,0.0,0.0,0.0,0.0,0.0,0.0,0.0,0.0,0.992,254.3,19.0,1.7,3.5,2.0,-1.0,13.43,0.014,0.283,3.0,2.0,0.0,0.001,19.59,19.57,19.4,19.4,19.2,19.01,20.55,20.36,20.65,20.8,19.97,19.44,20.33,19.98,19.29,20.1,20.83,20.16,19.82
2017-06-30 03:56:00-05:00,-10.012856,-12.607862,-4.085839,-10.328253,-10.558846,-3.8932464,-9.534443,-9.0760145,938117.0,23.55,0.0,-0.293,-0.048,0.46,22.51,5.002,0.0,0.0,0.0,0.0,0.0,0.0,0.0,0.0,5.017,-1.467,-1.483,-0.2,0.0,0.0,0.0,0.0,0.0,271.0,274.0,274.0,273.0,0.538,0.0,0.0,-0.102,-0.042,0.058,0.0,6000.0,420210.0,201.0,437.0,59.96,2.0,31.02,39.0,31.0,22.44,19.29,-0.038,0.0,0.2,0.2,60.0,59.5,75.6,1.0,273.0,273.0,272.0,-0.075,0.03,0.081,1962.0,433107.0,13735.0,1967.0,-0.928,0.818,0.791,0.836,0.001,-0.001,0.001,0.0,0.0,0.0,0.0,0.0,0.0,0.0,0.0,0.0,0.968,276.0,27.04,2.2,3.5,2.0,-1.0,13.62,0.004,0.281,3.0,2.0,0.0,0.0,19.59,19.58,19.4,19.4,19.2,19.01,20.52,20.38,20.75,20.85,20.0,19.45,20.35,20.01,19.3,20.12,20.87,20.19,19.83
2017-06-30 03:57:00-05:00,-9.88924,-12.607862,-4.085839,-10.19584,-10.301313,-3.554703,-9.534443,-8.958144,938118.0,23.55,0.0,-0.288,-0.045,0.463,22.5,5.737,0.0,0.0,0.0,0.0,0.0,0.0,0.0,0.0,6.117,-1.517,-1.417,-0.2,0.0,0.0,0.0,0.0,0.0,271.0,274.0,274.0,273.0,0.53,0.0,0.0,-0.1,-0.048,0.073,0.0,6000.0,420210.0,201.0,437.0,59.96,2.0,31.0,39.0,31.0,22.46,19.3,-0.038,0.0,0.2,0.2,60.0,59.5,75.6,1.0,273.0,273.0,272.0,-0.075,0.03,0.081,1962.0,433107.0,13735.0,1967.0,-0.928,0.818,0.791,0.836,0.001,0.0,0.001,0.0,0.0,0.0,0.0,0.0,0.0,0.0,0.0,0.0,0.91,255.4,64.56,1.7,3.499,2.0,-1.0,13.63,0.004,0.281,3.0,2.0,0.0,0.0,19.59,19.61,19.4,19.4,19.2,19.01,20.62,20.4,20.72,20.86,20.02,19.49,20.43,20.08,19.34,20.18,20.94,20.26,19.88
2017-06-30 03:58:00-05:00,-9.88924,-12.116648,-4.085839,-10.19584,-10.043779,-3.4418554,-9.283538,-8.958144,938119.0,23.55,0.0,-0.289,-0.044,0.464,22.5,6.605,0.0,0.0,0.0,0.0,0.0,0.0,0.0,0.0,6.933,-1.667,-1.45,-0.2,0.0,0.0,0.0,0.0,0.0,271.0,274.0,274.0,273.0,0.533,0.0,0.0,-0.1,-0.048,0.077,0.0,6000.0,420210.0,201.0,437.0,59.95,2.0,31.0,39.0,31.0,22.56,19.33,-0.038,0.0,0.2,0.2,60.0,59.5,75.6,1.0,273.0,273.0,272.0,-0.075,0.03,0.081,1962.0,433107.0,13735.0,1967.0,-0.928,0.818,0.791,0.836,0.0,0.0,0.0,0.0,0.0,0.0,0.0,0.0,0.0,0.0,0.0,0.0,1.212,286.8,45.77,2.1,3.5,2.0,-1.0,13.63,0.004,0.281,3.0,2.0,0.0,0.0,19.59,19.59,19.4,19.4,19.2,19.07,20.67,20.41,20.77,20.87,20.03,19.52,20.48,20.09,19.36,20.2,20.95,20.28,19.9
2017-06-30 03:59:00-05:00,-9.642009,-12.116648,-4.085839,-10.063426,-9.915014,-3.4418554,-9.283538,-8.958144,938120.0,23.52,0.0,-0.292,-0.045,0.463,22.51,7.62,0.0,0.0,0.0,0.0,0.0,0.0,0.0,0.0,7.85,-1.85,-1.633,-0.2,0.0,0.0,0.0,0.0,0.0,271.0,274.0,274.0,273.0,0.538,0.0,0.0,-0.103,-0.052,0.05,0.0,6000.0,420210.0,201.0,437.0,59.94,2.0,31.0,39.0,31.0,22.48,19.36,-0.038,0.0,0.2,0.2,60.0,59.5,75.6,1.0,273.0,273.0,272.0,-0.075,0.03,0.081,1962.0,433107.0,13735.0,1967.0,-0.928,0.818,0.791,0.836,0.001,0.0,0.001,0.0,0.0,0.0,0.0,0.0,0.0,0.0,0.0,0.0,0.963,271.0,32.56,1.8,3.5,2.0,-1.0,13.63,0.004,0.281,3.0,2.0,0.0,0.0,19.61,19.59,19.4,19.4,19.2,19.1,20.67,20.4,20.66,20.85,20.01,19.55,20.52,20.11,19.38,20.22,20.94,20.3,19.92
2017-06-30 04:00:00-05:00,-9.642009,-12.116648,-4.085839,-10.063426,-10.043779,-3.4418554,-9.40899,-8.958144,938121.0,23.52,0.0,-0.033,0.208,0.652,22.5,8.75,0.0,0.0,0.0,0.0,0.0,0.0,0.0,0.0,9.02,-1.933,-1.55,-0.2,0.0,0.0,0.0,0.0,0.0,271.0,274.0,274.0,273.0,0.537,0.0,0.0,-0.1,-0.057,0.068,0.0,6000.0,420210.0,201.0,437.0,59.93,2.0,31.0,39.0,31.0,22.43,19.36,-0.038,0.0,0.2,0.2,60.0,59.5,75.6,1.0,273.0,273.0,272.0,-0.075,0.03,0.081,1962.0,433107.0,13735.0,1967.0,-0.928,0.818,0.791,0.836,0.001,-0.001,0.0,0.0,0.0,0.0,0.0,0.0,0.0,0.0,0.0,0.0,0.94,275.7,28.94,1.8,3.499,2.0,-1.0,13.44,0.002,0.282,1.0,2.0,0.0,0.001,19.59,19.59,19.4,19.4,19.2,19.1,20.67,20.38,20.69,20.84,19.99,19.56,20.49,20.1,19.4,20.21,20.96,20.3,19.92
2017-06-30 04:01:00-05:00,-9.642009,-12.116648,-4.085839,-10.063426,-10.043779,-3.4418554,-9.283538,-8.958144,938122.0,23.52,0.0,-0.285,-0.041,0.466,22.56,10.03,0.0,0.0,0.0,0.0,0.0,0.0,0.0,0.0,10.42,-1.75,-1.6,-0.2,0.0,0.0,0.0,0.0,0.0,271.0,273.8,274.0,272.8,0.523,0.0,0.0,-0.102,-0.042,0.08,0.0,6000.0,420210.0,201.0,437.0,59.92,2.0,31.0,39.0,31.0,22.42,19.33,-0.038,0.0,0.2,0.2,60.0,59.5,75.6,1.0,273.0,272.8,272.0,-0.075,0.03,0.08,1962.0,433107.0,13735.0,1967.0,-0.928,0.818,0.791,0.836,0.001,0.0,0.001,0.0,0.0,0.0,0.0,0.0,0.0,0.0,0.0,0.0,1.058,236.0,58.01,2.1,3.499,2.0,-1.0,13.62,0.008,0.281,3.0,2.0,0.0,0.0,19.61,19.59,19.4,19.4,19.2,19.1,20.67,20.41,20.79,20.86,20.03,19.57,20.48,20.14,19.4,20.22,20.98,20.3,19.93
2017-06-30 04:02:00-05:00,-9.642009,-12.116648,-4.085839,-10.063426,-10.043779,-3.3290076,-9.158084,-8.840274,938123.0,23.5,0.0,-0.286,-0.043,0.465,22.53,11.52,0.0,0.0,0.0,0.0,0.0,0.0,0.0,0.0,11.77,-1.85,-1.567,-0.2,0.0,0.0,0.0,0.0,0.0,271.0,273.5,274.0,272.5,0.52,0.0,0.0,-0.1,-0.045,0.053,0.0,6000.0,420210.0,201.0,437.0,59.93,2.0,31.0,39.0,31.0,22.5,19.35,-0.038,0.0,0.2,0.2,60.0,59.5,75.6,1.0,273.0,272.2,272.0,-0.075,0.03,0.08,1962.0,433107.0,13735.0,1967.0,-0.928,0.818,0.791,0.836,0.001,-0.001,0.001,0.0,0.0,0.0,0.0,0.0,0.0,0.0,0.0,0.0,0.905,281.0,58.9,1.7,3.5,2.0,-1.0,13.63,0.004,0.281,3.0,2.0,0.0,0.0,19.62,19.59,19.4,19.4,19.2,19.1,20.67,20.44,20.8,20.9,20.06,19.58,20.54,20.15,19.42,20.25,20.99,20.33,19.95
2017-06-30 04:03:00-05:00,-9.765624,-12.116648,-4.085839,-9.931012,-9.915014,-3.21616,-9.032631,-8.722404,938124.0,23.5,0.0,-0.292,-0.044,0.463,22.54,13.31,0.0,0.0,0.0,0.0,0.0,0.0,0.0,0.0,13.55,-1.35,-1.483,-0.2,0.0,0.0,0.0,0.0,0.0,271.0,273.1,274.0,272.1,0.525,0.0,0.0,-0.102,-0.048,0.06,0.0,6000.0,420210.0,201.0,437.0,59.93,2.0,31.0,39.0,31.0,22.4,19.32,-0.038,0.0,0.2,0.2,60.0,59.5,75.6,1.0,273.0,272.0,271.6,-0.075,0.03,0.08,1962.0,433107.0,13735.0,1967.0,-0.929,0.818,0.791,0.836,0.001,0.0,0.001,0.0,0.0,0.0,0.0,0.0,0.0,0.0,0.0,0.0,1.208,293.8,34.82,2.4,3.5,2.0,-1.0,13.63,0.004,0.281,3.0,2.0,0.0,0.0,19.64,19.59,19.4,19.4,19.2,19.1,20.69,20.47,20.81,20.93,20.08,19.61,20.57,20.16,19.44,20.28,21.03,20.37,19.98
2017-06-30 04:04:00-05:00,-9.765624,-12.280385,-4.085839,-9.931012,-9.915014,-3.3290076,-9.032631,-8.722404,938125.0,23.5,0.0,-0.287,-0.041,0.466,22.55,15.51,0.0,0.0,0.0,0.0,0.0,0.0,0.0,0.0,15.72,-1.417,-1.4,-0.2,0.0,0.0,0.0,0.0,0.0,271.0,273.0,274.0,272.0,0.527,0.0,0.0,-0.1,-0.042,0.072,0.0,6000.0,420210.0,201.0,437.0,59.94,2.0,31.0,39.0,31.0,22.38,19.33,-0.038,0.0,0.2,0.2,60.0,59.5,75.6,1.0,273.0,272.0,271.3,-0.075,0.03,0.08,1962.0,433107.0,13735.0,1967.0,-0.929,0.818,0.791,0.836,0.0,0.0,0.0,0.0,0.0,0.0,0.0,0.0,0.0,0.0,0.0,0.0,1.218,276.8,38.3,2.6,3.5,2.0,-1.0,13.63,0.004,0.281,3.0,2.0,0.0,0.0,19.62,19.61,19.4,19.4,19.2,19.1,20.73,20.46,20.75,20.91,20.08,19.6,20.54,20.16,19.43,20.29,21.04,20.38,20.0
2017-06-30 04:05:00-05:00,-9.88924,-12.607862,-4.085839,-9.931012,-10.043779,-3.4418554,-9.158084,-8.840274,938126.0,23.47,0.0,0.026,0.265,0.707,22.57,18.26,0.0,0.0,0.0,0.0,0.0,0.0,0.0,0.0,18.43,-1.317,-1.367,-0.2,0.0,0.0,0.0,0.0,0.0,271.0,273.0,274.0,272.0,0.532,0.0,0.0,-0.102,-0.053,0.057,0.0,6000.0,420210.0,201.0,437.0,59.96,2.0,31.0,39.0,31.0,22.41,19.34,-0.038,0.0,0.2,0.2,60.0,59.5,75.6,1.0,273.0,272.0,271.2,-0.075,0.03,0.08,1962.0,433107.0,13735.0,1967.0,-0.929,0.818,0.791,0.836,0.001,0.0,0.001,0.0,0.0,0.0,0.0,0.0,0.0,0.0,0.0,0.0,0.677,344.1,94.2,1.7,3.5,2.0,-1.0,13.63,0.006,0.281,3.0,2.0,0.0,0.0,19.64,19.61,19.4,19.4,19.2,19.1,20.68,20.44,20.72,20.88,20.06,19.59,20.55,20.14,19.42,20.27,21.0,20.36,19.97
2017-06-30 04:06:00-05:00,-10.012856,-12.607862,-4.085839,-10.063426,-10.043779,-3.4418554,-9.283538,-8.722404,938127.0,23.47,0.0,-0.284,-0.047,0.467,22.54,21.68,0.0,0.0,0.0,0.0,0.0,0.0,0.0,0.0,21.83,-1.55,-1.5,-0.2,0.0,0.0,0.0,0.0,0.0,271.2,273.9,274.0,272.9,0.528,0.0,0.0,-0.102,-0.038,0.062,0.0,6000.0,420210.0,201.0,437.0,59.97,2.0,31.0,39.0,31.0,22.42,19.32,-0.038,0.0,0.2,0.2,60.0,59.5,75.6,1.0,273.0,272.9,271.9,-0.075,0.03,0.081,1962.0,433107.0,13735.0,1967.0,-0.928,0.818,0.791,0.836,0.001,0.0,0.001,0.0,0.0,0.0,0.0,0.0,0.0,0.0,0.0,0.0,0.918,257.7,35.15,1.4,3.499,2.0,-1.0,13.44,0.003,0.282,1.0,2.0,0.0,0.001,19.63,19.59,19.4,19.4,19.2,19.07,20.67,20.42,20.66,20.85,20.03,19.58,20.51,20.11,19.41,20.24,20.96,20.32,19.94
2017-06-30 04:07:00-05:00,-9.88924,-12.607862,-4.085839,-10.063426,-10.172546,-3.4418554,-9.40899,-9.0760145,938128.0,23.47,0.0,-0.291,-0.038,0.47,22.52,25.77,0.0,0.0,0.0,0.0,0.0,0.0,0.0,0.0,25.9,-1.8,-1.65,-0.2,0.0,0.0,0.0,0.0,0.0,271.1,274.0,274.0,273.0,0.52,0.0,0.0,-0.102,-0.045,0.077,0.0,6000.0,420210.0,201.0,437.0,59.96,2.0,31.0,39.0,31.0,22.45,19.29,-0.038,0.0,0.2,0.2,60.0,59.5,75.6,1.0,273.0,273.0,272.0,-0.075,0.03,0.081,1962.0,433107.0,13735.0,1967.0,-0.928,0.818,0.791,0.836,0.001,0.0,0.001,0.0,0.0,0.0,0.0,0.0,0.0,0.0,0.0,0.0,0.923,264.8,43.01,1.7,3.5,2.0,-1.0,13.62,0.004,0.281,3.0,2.0,0.0,0.0,19.58,19.52,19.4,19.38,19.14,19.01,20.6,20.4,20.67,20.84,20.01,19.55,20.46,20.08,19.38,20.22,20.93,20.29,19.92
2017-06-30 04:08:00-05:00,-9.88924,-12.444123,-4.085839,-10.19584,-10.301313,-3.4418554,-9.40899,-8.958144,938129.0,23.44,0.0,-0.279,-0.036,0.472,22.51,30.44,0.0,0.0,0.0,0.0,0.0,0.0,0.0,0.0,30.55,-1.5,-1.6,-0.2,0.0,0.0,0.0,0.0,0.0,271.0,274.0,274.0,273.0,0.542,0.0,0.0,-0.102,-0.05,0.067,0.0,6000.0,420210.0,201.0,437.0,59.96,2.0,31.0,39.0,31.0,22.45,19.32,-0.038,0.0,0.2,0.2,60.0,59.5,75.6,1.0,273.0,273.0,272.0,-0.075,0.03,0.081,1962.0,433107.0,13735.0,1967.0,-0.928,0.818,0.791,0.836,0.001,0.0,0.001,0.0,0.0,0.0,0.0,0.0,0.0,0.0,0.0,0.0,1.007,232.4,27.25,2.2,3.5,2.0,-1.0,13.62,0.004,0.281,3.0,2.0,0.0,0.0,19.61,19.56,19.4,19.4,19.14,19.01,20.57,20.4,20.69,20.85,20.02,19.52,20.42,20.07,19.36,20.21,20.95,20.29,19.92
2017-06-30 04:09:00-05:00,-9.642009,-12.116648,-4.085839,-10.19584,-10.172546,-3.4418554,-9.40899,-8.840274,938130.0,23.44,0.0,-0.279,-0.034,0.474,22.52,35.48,0.0,0.0,0.0,0.0,0.0,0.0,0.0,0.0,35.52,-1.517,-1.65,-0.2,0.0,0.0,0.0,0.0,0.0,271.5,274.0,274.4,273.0,0.547,0.0,0.0,-0.1,-0.04,0.043,0.0,6000.0,420210.0,201.0,437.0,59.95,2.0,31.0,39.0,31.0,22.52,19.37,-0.038,0.0,0.2,0.2,60.0,59.5,75.6,1.0,273.3,273.0,272.2,-0.075,0.03,0.081,1962.0,433107.0,13735.0,1967.0,-0.928,0.818,0.791,0.836,0.001,0.0,0.001,0.0,0.0,0.0,0.0,0.0,0.0,0.0,0.0,0.0,0.957,239.5,15.35,1.8,3.5,2.0,-1.0,13.62,0.004,0.281,3.0,2.0,0.0,0.0,19.64,19.58,19.4,19.4,19.2,19.07,20.57,20.42,20.7,20.87,20.04,19.54,20.44,20.12,19.38,20.24,20.99,20.31,19.94
2017-06-30 04:10:00-05:00,-9.5183935,-12.116648,-4.085839,-10.063426,-10.301313,-3.3290076,-9.158084,-8.840274,938131.0,23.44,0.0,-0.27,-0.033,0.475,22.52,40.92,0.0,0.0,0.0,0.0,0.0,0.0,0.0,0.0,41.02,-1.6,-1.65,-0.2,0.0,0.0,0.0,0.0,0.0,272.0,274.5,275.0,273.5,0.532,0.0,0.0,-0.1,-0.052,0.06,0.0,6000.0,420210.0,201.0,437.0,59.95,2.0,31.0,39.0,31.0,22.51,19.41,-0.038,0.0,0.2,0.2,60.0,59.5,75.6,1.0,274.0,273.8,273.0,-0.075,0.03,0.081,1962.0,433107.0,13735.0,1967.0,-0.927,0.818,0.791,0.836,0.001,-0.001,0.0,0.0,0.0,0.0,0.0,0.0,0.0,0.0,0.0,0.0,0.79,274.6,36.44,1.8,3.5,2.0,-1.0,13.62,0.004,0.282,3.0,2.0,0.0,0.0,19.66,19.59,19.49,19.45,19.2,19.1,20.57,20.43,20.73,20.88,20.04,19.56,20.47,20.14,19.4,20.27,21.0,20.34,19.97
2017-06-30 04:11:00-05:00,-9.5183935,-12.116648,-4.085839,-10.063426,-10.172546,-3.103312,-9.032631,-8.604533,938132.0,23.44,0.0,0.078,0.323,0.761,22.49,46.95,0.0,0.0,0.0,0.0,0.0,0.0,0.0,0.0,47.05,-1.083,-1.5,-0.2,0.0,0.0,0.0,0.0,0.0,272.0,274.9,275.0,273.9,0.542,0.0,0.0,-0.1,-0.045,0.085,0.0,6000.0,420210.0,201.0,437.0,59.96,2.0,31.0,38.98,31.0,22.48,19.43,-0.038,0.0,0.2,0.2,60.0,59.5,75.6,1.0,274.0,274.0,273.0,-0.075,0.03,0.081,1962.0,433107.0,13735.0,1967.0,-0.927,0.818,0.791,0.836,0.001,0.0,0.0,0.0,0.0,0.0,0.0,0.0,0.0,0.0,0.0,0.0,1.187,301.2,30.38,2.2,3.499,2.0,-1.0,13.44,-0.005,0.281,1.0,2.0,0.0,0.001,19.76,19.59,19.49,19.49,19.27,19.1,20.57,20.45,20.74,20.91,20.07,19.58,20.52,20.16,19.42,20.3,21.02,20.37,20.0
2017-06-30 04:12:00-05:00,-9.642009,-12.116648,-4.085839,-9.798599,-9.915014,-3.103312,-9.158084,-8.604533,938133.0,23.42,0.0,-0.271,-0.026,0.482,22.51,53.8,0.0,0.0,0.0,0.0,0.0,0.0,0.0,0.0,53.87,-1.35,-1.583,-0.2,0.0,0.0,0.0,0.0,0.0,272.0,274.6,275.0,273.6,0.543,0.0,0.0,-0.102,-0.043,0.057,0.0,6000.0,420210.0,201.0,437.0,59.95,2.0,31.0,38.75,31.0,22.45,19.42,-0.038,0.0,0.2,0.2,60.0,59.5,75.6,1.0,274.0,273.9,273.0,-0.075,0.03,0.081,1962.0,433107.0,13735.0,1967.0,-0.927,0.818,0.791,0.836,0.001,0.0,0.001,0.0,0.0,0.0,0.0,0.0,0.0,0.0,0.0,0.0,0.66,283.1,46.01,1.8,3.499,2.0,-1.0,13.44,0.014,0.282,3.0,2.0,0.0,0.001,19.74,19.59,19.49,19.49,19.3,19.13,20.65,20.46,20.73,20.91,20.07,19.6,20.52,20.16,19.44,20.31,21.04,20.39,20.01
2017-06-30 04:13:00-05:00,-9.765624,-12.116648,-4.085839,-9.666185,-9.915014,-3.103312,-9.032631,-8.486663,938134.0,23.41,0.0,-0.265,-0.026,0.482,22.46,61.54,0.0,0.0,0.0,0.0,0.0,0.0,0.0,0.0,61.52,-1.15,-1.533,-0.2,0.0,0.0,0.0,0.0,0.0,272.0,274.1,275.0,273.1,0.527,0.0,0.0,-0.102,-0.062,0.063,0.0,6000.0,420210.0,201.0,437.0,59.95,2.0,31.0,38.73,31.0,22.43,19.43,-0.038,0.0,0.2,0.2,60.0,59.5,75.6,1.0,274.0,273.4,273.0,-0.075,0.03,0.081,1962.0,433107.0,13735.0,1967.0,-0.927,0.818,0.791,0.836,0.001,-0.001,0.001,-0.001,0.0,0.0,0.0,0.0,0.0,0.0,0.0,0.0,1.008,233.7,71.76,1.7,3.5,2.0,-1.0,13.63,0.004,0.281,3.0,2.0,0.0,0.0,19.76,19.71,19.48,19.49,19.3,19.1,20.67,20.48,20.79,20.93,20.1,19.63,20.6,20.19,19.46,20.33,21.07,20.42,20.04
2017-06-30 04:14:00-05:00,-9.765624,-12.116648,-4.085839,-9.666185,-9.915014,-3.103312,-9.032631,-8.486663,938135.0,23.41,0.0,-0.273,-0.026,0.482,22.44,69.98,0.0,0.0,0.0,0.0,0.0,0.0,0.0,0.0,69.97,-1.117,-1.733,-0.2,0.0,0.0,0.0,0.0,0.0,272.0,274.0,274.7,273.0,0.543,0.0,0.0,-0.1,-0.045,0.078,0.0,6000.0,420210.0,201.0,437.0,59.95,2.0,31.0,38.25,31.0,22.39,19.41,-0.038,0.0,0.2,0.2,60.0,59.5,75.6,1.0,274.0,273.1,272.3,-0.075,0.03,0.081,1962.0,433107.0,13735.0,1967.0,-0.927,0.818,0.791,0.836,0.001,0.0,0.0,-0.001,0.0,0.0,0.0,0.0,0.0,0.0,0.0,0.0,0.707,279.0,33.1,1.5,3.5,2.0,-1.0,13.62,0.004,0.281,3.0,2.0,0.0,0.0,19.74,19.67,19.49,19.49,19.3,19.1,20.67,20.47,20.74,20.89,20.09,19.65,20.59,20.18,19.48,20.33,21.03,20.41,20.03
2017-06-30 04:15:00-05:00,-9.88924,-12.116648,-4.085839,-9.666185,-9.915014,-3.103312,-9.158084,-8.604533,938136.0,23.41,0.0,-0.277,-0.026,0.482,22.42,78.99,0.0,0.0,0.0,0.0,0.0,0.0,0.0,0.0,78.87,-1.1,-1.417,-0.2,0.0,0.0,0.0,0.0,0.0,272.0,274.0,274.3,273.0,0.552,0.0,0.0,-0.102,-0.057,0.053,0.0,6000.0,420210.0,201.0,437.0,59.94,2.0,31.0,38.4,31.0,22.36,19.44,-0.038,0.0,0.2,0.2,60.0,59.5,75.6,1.0,273.8,273.0,272.0,-0.075,0.03,0.081,1962.0,433107.0,13735.0,1967.0,-0.927,0.818,0.791,0.836,0.001,-0.001,0.001,-0.001,0.0,0.0,0.0,0.0,0.0,0.0,0.0,0.0,0.62,267.4,38.38,1.5,3.5,2.0,-1.0,13.62,0.004,0.281,3.0,2.0,0.0,0.0,19.76,19.67,19.45,19.43,19.3,19.1,20.67,20.45,20.72,20.87,20.06,19.62,20.53,20.15,19.45,20.3,21.01,20.38,20.01
2017-06-30 04:16:00-05:00,-9.88924,-12.116648,-4.085839,-9.931012,-10.043779,-3.103312,-9.283538,-8.722404,938137.0,23.38,0.0,-0.269,-0.026,0.482,22.41,88.5,0.0,0.0,0.0,0.0,0.0,0.0,0.0,0.0,88.4,-1.0,-1.617,-0.2,0.0,0.0,0.0,0.0,0.0,270.3,273.1,273.2,272.1,0.545,0.0,0.0,-0.102,-0.047,0.062,0.0,6000.0,420210.0,201.0,437.0,59.94,2.0,31.0,38.03,30.97,22.35,19.41,-0.038,0.0,0.2,0.2,60.0,59.5,75.6,1.0,272.2,272.1,271.2,-0.075,0.03,0.081,1962.0,433107.0,13735.0,1967.0,-0.928,0.818,0.791,0.836,0.001,0.0,0.001,0.0,0.0,0.0,0.0,0.0,0.0,0.0,0.0,0.0,0.983,260.3,30.6,1.8,3.5,2.0,-1.0,13.62,0.004,0.282,3.0,2.0,0.0,0.0,19.76,19.61,19.4,19.4,19.23,19.1,20.62,20.45,20.74,20.88,20.06,19.61,20.53,20.14,19.43,20.28,21.0,20.36,19.99
2017-06-30 04:17:00-05:00,-9.88924,-12.116648,-4.085839,-9.931012,-10.043779,-3.103312,-9.283538,-8.722404,938138.0,23.38,0.0,0.141,0.403,0.843,22.4,98.8,0.0,0.0,0.0,0.0,0.0,0.0,0.0,0.0,98.5,-1.0,-1.6,-0.2,0.0,0.0,0.0,0.0,0.0,270.0,273.0,273.0,272.0,0.533,0.0,0.0,-0.102,-0.052,0.075,0.0,6000.0,420210.0,201.0,437.0,59.94,2.0,31.0,38.0,30.87,22.32,19.38,-0.036,0.0,0.2,0.2,60.0,59.5,75.6,1.0,272.0,272.0,271.0,-0.075,0.03,0.08,1962.0,433107.0,13735.0,1967.0,-0.928,0.818,0.791,0.836,0.001,0.0,0.001,0.0,0.0,0.0,0.0,0.0,0.0,0.0,0.0,0.0,1.205,294.1,36.1,1.9,3.499,2.0,-1.0,13.43,0.006,0.281,3.0,2.0,0.0,0.001,19.77,19.59,19.4,19.4,19.2,19.04,20.64,20.44,20.76,20.89,20.06,19.62,20.61,20.15,19.45,20.3,21.04,20.4,20.0
2017-06-30 04:18:00-05:00,-9.88924,-12.116648,-4.085839,-9.798599,-10.043779,-3.103312,-9.158084,-8.722404,938139.0,23.38,0.0,-0.278,-0.031,0.477,22.42,109.7,0.0,0.0,0.0,0.0,0.0,0.0,0.0,0.0,109.6,-1.0,-1.65,-0.2,0.0,0.0,0.0,0.0,0.0,270.1,273.0,273.0,272.0,0.537,0.0,0.0,-0.103,-0.058,0.06,0.0,6000.0,420210.0,201.0,437.0,59.95,2.0,31.0,38.0,30.72,22.4,19.36,-0.031,0.0,0.2,0.2,60.0,59.5,75.6,1.0,272.0,272.0,271.0,-0.075,0.03,0.08,1962.0,433107.0,13735.0,1967.0,-0.928,0.818,0.791,0.836,0.001,0.0,0.001,0.0,0.0,0.0,0.0,0.0,0.0,0.0,0.0,0.0,0.877,199.0,40.0,1.5,3.502,2.0,-1.0,13.62,0.004,0.281,3.0,2.0,0.0,0.0,19.69,19.59,19.4,19.4,19.22,19.05,20.67,20.42,20.73,20.85,20.03,19.63,20.57,20.13,19.45,20.3,21.05,20.4,20.0
2017-06-30 04:19:00-05:00,-9.88924,-12.116648,-4.085839,-9.931012,-10.043779,-3.4418554,-9.40899,-8.840274,938140.0,23.38,0.0,-0.274,-0.026,0.481,22.36,121.4,0.0,0.0,0.0,0.0,0.0,0.0,0.0,0.0,121.2,-1.0,-1.633,-0.2,0.0,0.0,0.0,0.0,0.0,270.0,272.7,273.0,271.7,0.532,0.0,0.0,-0.102,-0.043,0.053,0.0,6000.0,420210.0,201.0,437.0,59.96,2.0,31.0,38.0,30.47,22.41,19.34,-0.036,0.0,0.2,0.2,60.0,59.5,75.6,1.0,272.0,272.0,271.0,-0.075,0.03,0.08,1962.0,433107.0,13735.0,1967.0,-0.928,0.818,0.791,0.836,0.0,0.0,0.0,0.0,0.0,0.0,0.0,0.0,0.0,0.0,0.0,0.0,0.748,250.7,39.53,1.5,3.5,2.0,-1.0,13.62,0.004,0.281,3.0,2.0,0.0,0.0,19.69,19.59,19.4,19.4,19.2,19.09,20.67,20.39,20.74,20.83,20.0,19.59,20.51,20.14,19.41,20.25,20.97,20.34,19.96
2017-06-30 04:20:00-05:00,-9.88924,-12.116648,-4.085839,-9.931012,-10.043779,-3.4418554,-9.40899,-8.958144,938141.0,23.35,0.0,-0.278,-0.024,0.483,22.31,133.5,0.0,0.0,0.0,0.0,0.0,0.0,0.0,0.0,133.2,-1.0,-1.533,-0.2,0.0,0.0,0.0,0.0,0.0,270.0,272.9,273.0,271.9,0.522,0.0,0.0,-0.1,-0.028,0.078,0.0,6000.0,420210.0,201.0,437.0,59.96,2.0,31.0,38.0,30.13,22.4,19.32,-0.027,0.0,0.2,0.2,60.0,59.5,75.6,1.0,272.0,272.0,271.0,-0.075,0.03,0.08,1962.0,433107.0,13735.0,1967.0,-0.929,0.818,0.791,0.836,0.001,0.0,0.001,0.0,0.0,0.0,0.0,0.0,0.0,0.0,0.0,0.0,0.953,260.0,35.02,1.5,3.5,2.0,-1.0,13.63,0.004,0.281,3.0,2.0,0.0,0.0,19.69,19.61,19.38,19.33,19.2,19.02,20.67,20.36,20.67,20.81,19.97,19.55,20.46,20.14,19.38,20.22,20.94,20.31,19.92
2017-06-30 04:21:00-05:00,-10.012856,-12.116648,-4.085839,-10.063426,-10.301313,-3.4418554,-9.534443,-8.958144,938142.0,23.35,0.0,-0.266,-0.025,0.483,22.33,145.6,0.0,0.0,0.0,0.0,0.0,0.0,0.0,0.0,145.3,-1.0,-1.6,-0.2,0.0,0.0,0.0,0.0,0.0,270.0,272.9,273.0,271.9,0.518,0.0,0.0,-0.102,-0.055,0.065,0.0,6000.0,420210.0,201.0,437.0,59.95,2.0,31.0,38.0,30.02,22.34,19.29,-0.01,0.0,0.2,0.2,60.0,59.5,75.6,1.0,272.0,272.0,271.0,-0.075,0.03,0.08,1962.0,433107.0,13735.0,1967.0,-0.928,0.818,0.791,0.836,0.001,-0.001,0.001,0.0,0.0,0.0,0.0,0.0,0.0,0.0,0.0,0.0,0.74,279.9,53.19,1.0,3.5,2.0,-1.0,13.63,0.004,0.282,3.0,2.0,0.0,0.0,19.66,19.56,19.3,19.3,19.17,19.01,20.58,20.31,20.7,20.76,19.93,19.52,20.42,20.11,19.34,20.18,20.92,20.27,19.89
2017-06-30 04:22:00-05:00,-10.012856,-12.116648,-4.085839,-10.063426,-10.430079,-3.4418554,-9.534443,-8.958144,938143.0,23.35,0.0,0.019,0.267,0.698,22.35,157.7,0.0,0.0,0.0,0.0,0.0,0.0,0.0,0.0,157.4,-1.0,-1.633,-0.2,0.0,0.0,0.0,0.0,0.0,270.0,272.8,273.0,271.8,0.515,0.0,0.0,-0.1,-0.033,0.05,0.0,6000.0,420210.0,201.0,437.0,59.96,2.0,31.0,38.0,30.0,22.31,19.25,0.02,0.0,0.2,0.2,60.0,59.5,75.6,1.0,272.0,272.0,271.0,-0.075,0.03,0.08,1962.0,433107.0,13735.0,1967.0,-0.929,0.818,0.791,0.836,0.001,0.0,0.001,0.0,0.0,0.0,0.0,0.0,0.0,0.0,0.0,0.0,1.002,247.0,25.04,1.5,3.502,2.0,-1.0,13.43,-0.004,0.281,1.0,2.0,0.0,0.001,19.6,19.53,19.27,19.22,19.1,18.97,20.57,20.32,20.78,20.78,19.94,19.49,20.41,20.07,19.32,20.17,20.9,20.26,19.87
2017-06-30 04:23:00-05:00,-10.012856,-12.444123,-4.085839,-10.19584,-10.430079,-3.554703,-9.534443,-8.958144,938144.0,23.33,0.0,-0.274,-0.02,0.488,22.36,170.1,0.0,0.0,0.0,0.0,0.0,0.0,0.0,0.0,169.7,-1.0,-1.517,-0.2,0.0,0.0,0.0,0.0,0.0,270.0,272.6,273.0,271.6,0.523,0.0,0.0,-0.102,-0.05,0.082,0.0,6000.0,420210.0,201.0,437.0,59.97,2.0,31.0,38.0,30.0,22.24,19.19,0.038,0.0,0.2,0.2,60.0,59.5,75.6,1.0,272.0,272.0,271.0,-0.074,0.03,0.08,1962.0,433107.0,13735.0,1967.0,-0.929,0.818,0.791,0.836,0.001,-0.001,0.001,0.0,0.0,0.0,0.0,0.0,0.0,0.0,0.0,0.0,0.983,260.0,28.64,1.7,3.5,2.0,-1.0,13.43,0.014,0.283,3.0,2.0,0.0,0.001,19.53,19.46,19.2,19.15,19.02,18.91,20.54,20.31,20.73,20.76,19.93,19.46,20.34,20.04,19.29,20.13,20.86,20.21,19.85
2017-06-30 04:24:00-05:00,-10.012856,-12.607862,-4.085839,-10.19584,-10.558846,-3.7803986,-9.534443,-8.958144,938145.0,23.32,0.0,-0.272,-0.021,0.487,22.35,182.7,0.0,0.0,0.0,0.0,0.0,0.0,0.0,0.0,182.3,-1.0,-1.517,-0.2,0.0,0.0,0.0,0.0,0.0,270.0,272.9,273.0,271.9,0.533,0.0,0.0,-0.1,-0.047,0.073,0.0,6000.0,420210.0,201.0,437.0,59.98,2.0,31.0,38.0,30.0,22.28,19.15,0.038,0.0,0.2,0.2,60.0,59.5,75.6,1.0,272.0,272.0,271.0,-0.075,0.03,0.08,1962.0,433107.0,13735.0,1967.0,-0.929,0.818,0.791,0.836,0.001,0.0,0.0,0.0,0.0,0.0,0.0,0.0,0.0,0.0,0.0,0.0,1.34,266.4,44.31,2.1,3.5,2.0,-1.0,13.63,0.004,0.281,3.0,2.0,0.0,0.0,19.5,19.4,19.14,19.1,18.99,18.84,20.49,20.28,20.64,20.74,19.89,19.42,20.31,20.06,19.26,20.09,20.77,20.17,19.81
2017-06-30 04:25:00-05:00,-10.012856,-12.607862,-4.085839,-10.19584,-10.558846,-3.7803986,-9.534443,-8.958144,938146.0,23.32,0.0,-0.269,-0.022,0.486,22.38,195.2,0.0,0.0,0.0,0.0,0.0,0.0,0.0,0.0,194.8,-1.0,-1.65,-0.2,0.0,0.0,0.0,0.0,0.0,270.0,272.9,273.0,271.9,0.528,0.0,0.0,-0.1,-0.038,0.052,0.0,6000.0,420210.0,201.0,437.0,59.97,2.0,31.0,38.0,30.0,22.24,19.1,0.038,0.0,0.2,0.2,60.0,59.5,75.6,1.0,272.0,272.0,271.0,-0.075,0.03,0.08,1962.0,433107.0,13735.0,1967.0,-0.928,0.818,0.791,0.836,0.001,0.0,0.001,0.0,0.0,0.0,0.0,0.0,0.0,0.0,0.0,0.0,1.11,301.8,34.43,1.7,3.5,2.0,-1.0,13.63,0.004,0.282,3.0,2.0,0.0,0.0,19.42,19.37,19.1,19.1,18.92,18.81,20.47,20.24,20.61,20.7,19.86,19.39,20.32,20.02,19.23,20.07,20.8,20.15,19.79
2017-06-30 04:26:00-05:00,-10.136472,-13.099078,-4.4411287,-10.19584,-10.430079,-3.554703,-9.534443,-8.958144,938147.0,23.32,0.0,-0.272,-0.022,0.486,22.34,207.2,0.0,0.0,0.0,0.0,0.0,0.0,0.0,0.0,206.8,-1.0,-1.55,-0.2,0.0,0.0,0.0,0.0,0.0,270.9,273.3,273.9,272.3,0.533,0.0,0.0,-0.1,-0.027,0.072,0.0,6000.0,420210.0,201.0,437.0,59.96,2.0,31.0,38.0,30.0,22.19,19.01,0.039,0.0,0.2,0.2,60.0,59.5,75.6,1.0,272.8,272.0,271.3,-0.075,0.03,0.081,1962.0,433107.0,13735.0,1967.0,-0.928,0.818,0.791,0.836,0.001,0.0,0.001,0.0,0.0,0.0,0.0,0.0,0.0,0.0,0.0,0.0,1.387,307.8,21.62,2.6,3.5,2.0,-1.0,13.62,0.004,0.282,3.0,2.0,0.0,0.0,19.37,19.3,19.06,19.1,18.91,18.81,20.49,20.23,20.63,20.7,19.85,19.39,20.39,20.0,19.24,20.06,20.82,20.15,19.79
2017-06-30 04:27:00-05:00,-10.260086,-13.099078,-4.4411287,-10.19584,-10.301313,-3.4418554,-9.40899,-8.958144,938148.0,23.32,0.0,-0.238,-0.022,0.485,22.38,218.6,0.0,0.0,0.0,0.0,0.0,0.0,0.0,0.0,218.1,-1.0,-1.6,-0.2,0.0,0.0,0.0,0.0,0.0,271.0,273.5,274.0,272.5,0.543,0.0,0.0,-0.102,-0.043,0.082,0.0,6000.0,420210.0,201.0,437.0,59.98,2.0,31.0,38.0,30.0,22.18,18.93,0.102,0.0,0.2,0.2,60.0,59.5,75.6,1.0,273.0,272.3,271.4,-0.075,0.03,0.081,1962.0,433107.0,13735.0,1967.0,-0.928,0.818,0.791,0.836,0.001,0.0,0.001,0.0,0.0,0.0,0.0,0.0,0.0,0.0,0.0,0.0,0.855,265.7,31.9,1.8,3.5,2.0,-1.0,13.62,0.004,0.282,3.0,2.0,0.0,0.0,19.3,19.33,19.01,19.02,18.87,18.73,20.54,20.23,20.62,20.71,19.85,19.41,20.39,20.02,19.24,20.05,20.79,20.13,19.77
2017-06-30 04:28:00-05:00,-10.383702,-13.099078,-4.4411287,-10.063426,-10.172546,-3.4418554,-9.40899,-8.840274,938149.0,23.3,0.0,0.237,0.328,0.749,22.37,228.9,0.0,0.0,0.0,0.0,0.0,0.0,0.0,0.0,228.5,-0.967,-1.567,-0.2,0.0,0.0,0.0,0.0,0.0,271.0,273.5,274.0,272.5,0.532,0.0,0.0,-0.1,-0.055,0.052,0.0,6000.0,420210.0,201.0,437.0,59.96,2.0,31.0,38.0,30.0,22.27,18.94,0.114,0.0,0.2,0.2,60.0,59.5,75.6,1.0,273.0,272.1,271.2,-0.075,0.03,0.081,1962.0,433107.0,13735.0,1967.0,-0.928,0.818,0.791,0.836,0.001,0.0,0.0,0.0,0.0,0.0,0.0,0.0,0.0,0.0,0.0,0.0,0.715,305.4,51.42,1.6,3.5,2.0,-1.0,13.44,0.002,0.282,1.0,2.0,0.0,0.001,19.29,19.23,19.01,19.01,18.81,18.71,20.54,20.2,20.59,20.68,19.82,19.39,20.37,19.97,19.23,20.03,20.76,20.1,19.73
2017-06-30 04:29:00-05:00,-10.383702,-13.099078,-4.4411287,-10.063426,-10.301313,-3.4418554,-9.40899,-8.840274,938150.0,23.29,0.0,-0.034,-0.023,0.484,22.37,237.8,0.0,0.0,0.0,0.0,0.0,0.0,0.0,0.0,237.3,-0.767,-1.533,-0.2,0.0,0.0,0.0,0.0,0.0,271.0,273.1,273.9,272.1,0.538,0.0,0.0,-0.102,-0.048,0.058,0.0,6000.0,420210.0,201.0,437.0,59.94,2.0,31.0,38.0,30.0,22.36,18.94,0.127,0.0,0.2,0.2,60.0,59.5,75.6,1.0,272.9,272.0,271.0,-0.075,0.03,0.081,1962.0,433107.0,13735.0,1967.0,-0.928,0.818,0.791,0.836,0.001,0.0,0.0,0.0,0.0,0.0,0.0,0.0,0.0,0.0,0.0,0.0,0.813,257.2,42.33,1.5,3.5,2.0,-1.0,13.63,0.007,0.282,3.0,2.0,0.0,0.0,19.3,19.22,19.04,19.02,18.81,18.71,20.47,20.18,20.64,20.66,19.81,19.33,20.31,19.89,19.17,19.98,20.69,20.05,19.7
2017-06-30 04:30:00-05:00,-10.260086,-13.099078,-4.322698,-10.063426,-10.172546,-3.4418554,-9.534443,-8.840274,938151.0,23.29,0.0,-0.024,0.0,0.484,22.33,245.9,0.0,0.0,0.0,0.0,0.0,0.0,0.0,0.0,245.4,-0.633,-1.55,-0.2,0.0,0.0,0.0,0.0,0.0,271.0,273.2,273.9,272.2,0.533,0.0,0.0,-0.1,-0.045,0.077,0.0,6000.0,420210.0,201.0,437.0,59.95,2.0,31.0,38.0,30.0,22.31,18.91,0.254,0.0,0.2,0.2,60.0,59.5,75.6,1.0,273.0,272.0,271.0,-0.075,0.03,0.081,1962.0,433107.0,13735.0,1967.0,-0.928,0.818,0.791,0.836,0.001,0.0,0.001,0.0,0.0,0.0,0.0,0.0,0.0,0.0,0.0,0.0,0.675,274.7,26.28,1.0,3.5,2.0,-1.0,13.63,0.004,0.282,3.0,2.0,0.0,0.0,19.25,19.24,19.01,19.01,18.81,18.71,20.38,20.18,20.61,20.65,19.81,19.29,20.27,19.86,19.12,19.94,20.68,20.01,19.66
2017-06-30 04:31:00-05:00,-10.012856,-12.7716,-4.085839,-10.19584,-10.301313,-3.4418554,-9.40899,-8.840274,938152.0,23.27,0.0,-0.029,0.124,0.585,22.31,253.7,0.0,0.0,0.0,0.0,0.0,0.0,0.0,0.0,253.3,-0.233,-1.483,-0.2,0.0,0.0,0.0,0.0,0.0,271.0,273.0,273.7,272.0,0.528,0.0,-0.003,-0.102,-0.05,0.067,0.0,6000.0,420210.0,201.0,437.0,59.95,2.0,31.0,38.0,30.0,22.28,18.89,0.267,0.0,0.2,0.2,60.0,59.5,75.6,1.0,272.7,272.0,271.0,-0.075,0.03,0.081,1962.0,433107.0,13735.0,1967.0,-0.928,0.818,0.791,0.836,0.001,0.0,0.001,0.0,0.0,0.0,0.0,0.0,0.0,0.0,0.0,0.0,0.897,247.6,37.88,1.7,3.502,2.0,-1.0,13.62,0.004,0.282,3.0,2.0,0.0,0.0,19.21,19.22,19.01,19.01,18.81,18.66,20.34,20.17,20.57,20.64,19.8,19.27,20.27,19.84,19.1,19.91,20.66,19.99,19.63
2017-06-30 04:32:00-05:00,-9.765624,-12.607862,-4.085839,-10.19584,-10.043779,-3.103312,-9.283538,-8.722404,938153.0,23.27,0.0,-0.026,0.249,0.729,22.3,261.6,0.0,0.0,0.0,0.0,0.0,0.0,0.0,0.0,261.1,-0.417,-1.517,-0.2,0.0,0.0,0.0,0.0,0.0,271.0,273.0,273.5,272.0,0.533,0.0,-0.002,-0.1,-0.037,0.065,0.0,6000.0,420210.0,201.0,437.0,59.95,2.0,31.0,38.0,30.0,22.29,18.87,0.324,0.0,0.2,0.2,60.0,59.5,75.6,1.0,272.5,272.0,271.0,-0.075,0.03,0.081,1962.0,433107.0,13735.0,1967.0,-0.928,0.818,0.791,0.836,0.001,0.0,0.001,0.0,0.0,0.0,0.0,0.0,0.0,0.0,0.0,0.0,1.148,300.3,33.2,2.3,3.502,2.0,-1.0,13.63,0.004,0.282,3.0,2.0,0.0,0.0,19.21,19.2,19.01,19.01,18.73,18.62,20.38,20.17,20.56,20.65,19.81,19.28,20.3,19.84,19.12,19.94,20.7,20.02,19.65
2017-06-30 04:33:00-05:00,-9.642009,-12.607862,-4.085839,-9.931012,-9.915014,-3.103312,-9.032631,-8.604533,938154.0,23.27,0.0,0.379,0.814,1.146,22.32,269.5,0.0,0.0,0.0,0.0,0.0,0.0,0.0,0.0,268.9,-0.25,-1.517,-0.2,0.0,0.0,0.0,0.0,0.0,271.0,273.1,273.8,272.1,0.535,0.0,0.0,-0.1,-0.045,0.073,0.0,6000.0,420210.0,201.0,437.0,59.97,2.0,31.0,38.0,30.0,22.3,18.88,0.357,0.0,0.2,0.2,60.0,59.5,75.6,1.0,272.8,272.0,271.1,-0.075,0.03,0.081,1962.0,433107.0,13735.0,1967.0,-0.928,0.818,0.791,0.836,0.001,-0.001,0.0,0.0,0.0,0.0,0.0,0.0,0.0,0.0,0.0,0.0,1.322,266.4,30.17,2.0,3.502,2.0,-1.0,13.63,0.005,0.282,3.0,2.0,0.0,0.0,19.21,19.22,19.01,19.01,18.78,18.67,20.38,20.16,20.52,20.63,19.8,19.27,20.28,19.82,19.09,19.94,20.69,20.01,19.65
2017-06-30 04:34:00-05:00,-9.5183935,-12.116648,-3.9674082,-9.666185,-9.915014,-3.103312,-8.907177,-8.368793,938155.0,23.26,0.0,0.013,0.468,0.965,22.34,277.3,0.0,0.0,0.0,0.0,0.0,0.0,0.0,0.0,276.7,-0.267,-1.683,-0.2,0.0,0.0,0.0,0.0,0.0,271.0,273.0,274.0,272.0,0.528,0.0,0.0,-0.1,-0.048,0.063,0.0,6000.0,420210.0,201.0,437.0,59.97,2.0,31.0,38.0,30.0,22.34,18.84,0.423,0.0,0.2,0.2,60.0,59.5,75.6,1.0,273.0,272.0,271.1,-0.075,0.03,0.081,1962.0,433107.0,13735.0,1967.0,-0.928,0.818,0.791,0.836,0.001,-0.001,0.001,0.0,0.0,0.0,0.0,0.0,0.0,0.0,0.0,0.0,0.723,245.3,32.11,1.2,3.5,2.0,-1.0,13.35,0.004,0.284,1.0,2.0,0.0,0.001,19.21,19.17,19.01,19.01,18.71,18.62,20.36,20.19,20.55,20.66,19.83,19.28,20.3,19.81,19.1,19.94,20.72,20.02,19.66
2017-06-30 04:35:00-05:00,-9.394778,-12.116648,-3.730548,-9.401358,-9.657481,-3.103312,-8.781725,-8.133052,938156.0,23.24,0.0,0.265,0.491,0.999,22.34,284.8,0.0,0.0,0.0,0.0,0.0,0.0,0.0,0.0,284.2,-0.033,-1.533,-0.2,0.0,0.0,0.0,0.0,0.0,271.0,273.0,273.8,272.0,0.538,0.0,-0.007,-0.103,-0.05,0.053,0.0,6000.0,420210.0,201.0,437.0,59.95,2.0,31.0,38.0,30.0,22.33,18.88,0.511,0.0,0.2,0.2,60.0,59.5,75.6,1.0,272.4,272.0,271.1,-0.075,0.03,0.081,1962.0,433107.0,13735.0,1967.0,-0.928,0.818,0.791,0.836,0.001,0.0,0.001,0.0,0.0,0.0,0.0,0.0,0.0,0.0,0.0,0.0,0.9,254.7,42.09,1.5,3.5,2.0,-1.0,13.63,0.005,0.282,3.0,2.0,0.0,0.0,19.16,19.16,19.01,19.01,18.71,18.62,20.29,20.22,20.57,20.68,19.86,19.3,20.31,19.84,19.13,19.97,20.77,20.05,19.68
2017-06-30 04:36:00-05:00,-9.147548,-12.116648,-3.4936879,-9.268946,-9.399948,-2.764769,-8.530818,-8.015182,938157.0,23.24,0.0,0.482,0.493,1.024,22.39,291.7,0.0,0.0,0.0,0.0,0.0,0.0,0.0,0.0,291.1,-0.017,-1.45,-0.2,0.0,0.0,0.0,0.0,0.0,271.0,273.0,274.0,272.0,0.538,0.0,-0.015,-0.1,-0.032,0.078,0.0,6000.0,420210.0,201.0,437.0,59.95,2.0,31.0,38.0,30.0,22.35,18.93,0.671,0.0,0.2,0.2,60.0,59.5,75.6,1.0,272.9,272.0,271.1,-0.075,0.03,0.081,1962.0,433107.0,13735.0,1967.0,-0.927,0.818,0.791,0.836,0.001,0.0,0.001,0.0,0.0,0.0,0.0,0.0,0.0,0.0,0.0,0.0,1.45,241.2,31.92,2.6,3.5,2.0,-1.0,13.63,0.004,0.282,3.0,2.0,0.0,0.0,19.19,19.23,19.01,19.01,18.78,18.65,20.3,20.27,20.69,20.74,19.92,19.34,20.31,19.9,19.17,20.02,20.8,20.11,19.73
2017-06-30 04:37:00-05:00,-8.7767,-11.625431,-3.2568276,-9.004118,-9.013649,-2.313378,-8.154458,-7.6615705,938158.0,23.23,0.0,0.491,0.662,1.25,22.39,297.6,0.0,0.0,0.0,0.0,0.0,0.0,0.0,0.0,297.0,0.0,-1.45,-0.2,0.0,0.0,0.0,0.0,0.0,271.0,273.6,274.0,272.6,0.523,0.0,-0.017,-0.102,-0.057,0.07,0.0,6000.0,420210.0,201.0,437.0,59.97,2.0,31.0,38.0,30.0,22.39,19.0,0.764,0.0,0.2,0.2,60.0,59.5,75.6,1.0,273.0,272.5,272.0,-0.075,0.03,0.081,1962.0,433107.0,13735.0,1967.0,-0.927,0.818,0.791,0.836,0.001,0.0,0.001,0.0,0.0,0.0,0.0,0.0,0.0,0.0,0.0,0.0,0.945,258.1,35.57,1.8,3.5,2.0,-1.0,13.63,0.004,0.282,3.0,2.0,0.0,0.0,19.3,19.29,19.1,19.06,18.88,18.75,20.38,20.33,20.72,20.81,19.97,19.41,20.35,19.97,19.24,20.08,20.86,20.16,19.79
2017-06-30 04:38:00-05:00,-8.653086,-11.134215,-3.2568276,-8.739291,-8.756116,-2.313378,-8.029005,-7.4258304,938159.0,23.21,0.0,0.49,0.898,1.433,22.39,302.2,0.0,0.0,0.0,0.0,0.0,0.0,0.0,0.0,301.6,0.0,-1.5,-0.2,0.0,0.0,0.0,0.0,0.0,271.0,273.3,274.0,272.3,0.538,0.0,-0.015,-0.102,-0.047,0.057,0.0,6000.0,420210.0,201.0,437.0,59.98,2.0,31.0,38.0,30.0,22.4,19.07,0.854,0.0,0.2,0.2,60.0,59.5,75.6,1.0,273.0,272.0,271.6,-0.075,0.03,0.081,1962.0,433107.0,13735.0,1967.0,-0.928,0.818,0.791,0.836,0.001,0.0,0.0,0.0,0.0,0.0,0.0,0.0,0.0,0.0,0.0,0.0,1.052,268.4,28.19,2.1,3.5,2.0,-1.0,13.63,0.004,0.282,3.0,2.0,0.0,0.0,19.32,19.33,19.15,19.15,18.91,18.81,20.39,20.39,20.78,20.86,20.03,19.47,20.43,20.03,19.3,20.14,20.94,20.24,19.84
2017-06-30 04:39:00-05:00,-8.158624,-10.970478,-2.9015374,-8.474463,-8.369817,-2.313378,-7.903552,-7.30796,938160.0,23.21,0.0,1.164,1.46,1.896,22.41,305.9,0.0,0.0,0.0,0.0,0.0,0.0,0.0,0.0,305.3,0.0,-1.5,-0.2,0.0,0.0,0.0,0.0,0.0,271.0,273.0,274.0,272.0,0.527,0.0,-0.023,-0.102,-0.053,0.075,0.0,6000.0,420210.0,201.0,437.0,59.97,2.0,31.0,38.0,30.0,22.42,19.1,0.999,0.0,0.2,0.2,60.0,59.5,75.6,1.0,272.9,272.0,271.0,-0.075,0.03,0.081,1962.0,433107.0,13735.0,1967.0,-0.928,0.818,0.791,0.836,0.001,0.0,0.001,0.0,0.0,0.0,0.0,0.0,0.0,0.0,0.0,0.0,0.843,287.6,55.13,2.1,3.5,2.0,-1.0,13.36,0.01,0.281,1.0,2.0,0.0,0.001,19.4,19.37,19.2,19.2,18.96,18.86,20.47,20.44,20.77,20.88,20.07,19.54,20.52,20.08,19.36,20.2,20.96,20.29,19.9
2017-06-30 04:40:00-05:00,-8.035007,-10.970478,-2.7831073,-8.342051,-8.24105,-1.974835,-7.7780986,-7.190089,938161.0,23.21,0.0,0.918,1.026,1.506,22.42,309.0,0.0,0.0,0.0,0.0,0.0,0.0,0.0,0.0,308.4,0.0,-1.467,-0.2,0.0,0.0,0.0,0.0,0.0,271.0,273.2,274.0,272.2,0.543,0.0,-0.042,-0.102,-0.058,0.067,0.0,6000.0,420210.0,201.0,437.0,59.98,2.0,31.0,38.0,30.0,22.42,19.13,1.085,0.0,0.2,0.2,60.0,59.5,75.6,1.0,272.9,272.1,271.3,-0.075,0.03,0.081,1962.0,433107.0,13735.0,1967.0,-0.928,0.818,0.791,0.836,0.001,-0.001,0.001,0.0,0.0,0.0,0.0,0.0,0.0,0.0,0.0,0.0,0.973,238.6,28.0,1.8,3.5,2.0,-1.0,13.35,-0.002,0.286,1.0,2.0,0.0,0.001,19.4,19.48,19.22,19.22,19.01,18.91,20.57,20.47,20.82,20.92,20.09,19.57,20.52,20.1,19.39,20.21,20.97,20.3,19.91
2017-06-30 04:41:00-05:00,-7.9113917,-10.970478,-2.4278169,-8.342051,-8.24105,-1.7491397,-7.7780986,-7.0722194,938162.0,23.19,0.0,0.999,1.134,1.557,22.39,312.1,0.0,0.0,0.0,0.0,0.0,0.0,0.0,0.0,311.4,0.0,-1.433,-0.2,0.0,0.0,0.0,0.0,0.0,271.0,273.1,274.0,272.1,0.525,0.0,-0.058,-0.103,-0.042,0.053,0.0,6000.0,420210.0,201.0,437.0,59.96,2.0,31.0,38.0,30.0,22.38,19.17,1.172,0.0,0.2,0.2,60.0,59.5,75.6,1.0,272.8,272.1,271.3,-0.075,0.03,0.081,1962.0,433107.0,13735.0,1967.0,-0.928,0.818,0.791,0.836,0.001,-0.001,0.001,0.0,0.0,0.0,0.0,0.0,0.0,0.0,0.0,0.0,0.577,246.2,29.99,1.1,3.5,2.0,-1.0,13.63,0.005,0.282,3.0,2.0,0.0,0.0,19.44,19.4,19.25,19.23,19.02,18.91,20.55,20.45,20.79,20.9,20.08,19.57,20.49,20.1,19.4,20.22,20.98,20.32,19.92
2017-06-30 04:42:00-05:00,-7.9113917,-10.479261,-2.4278169,-8.342051,-8.24105,-1.5234442,-7.7780986,-7.0722194,938163.0,23.18,0.0,1.028,1.339,1.845,22.36,315.2,0.0,0.0,0.0,0.0,0.0,0.0,0.0,0.0,314.5,-0.017,-1.45,-0.2,0.0,0.0,0.0,0.0,0.0,270.8,273.0,273.8,272.0,0.552,0.0,-0.062,-0.1,-0.045,0.058,0.0,6000.0,420210.0,201.0,437.0,59.95,2.0,31.0,38.0,30.0,22.32,19.17,1.297,0.0,0.2,0.2,60.0,59.5,75.6,1.0,272.1,272.0,271.0,-0.075,0.03,0.081,1962.0,433107.0,13735.0,1967.0,-0.928,0.818,0.791,0.836,0.001,0.0,0.001,0.0,0.0,0.0,0.0,0.0,0.0,0.0,0.0,0.0,0.872,293.4,54.04,1.9,3.5,2.0,-1.0,13.63,0.004,0.282,3.0,2.0,0.0,0.0,19.45,19.46,19.22,19.2,19.01,18.91,20.55,20.43,20.75,20.88,20.06,19.55,20.52,20.07,19.38,20.21,20.93,20.29,19.89
2017-06-30 04:43:00-05:00,-7.9113917,-10.315524,-2.4278169,-8.209637,-8.24105,-1.5234442,-7.903552,-7.0722194,938164.0,23.18,0.0,1.323,1.509,2.017,22.34,318.4,0.0,0.0,0.0,0.0,0.0,0.0,0.0,0.0,317.7,0.0,-1.45,-0.2,0.0,0.0,0.0,0.0,0.0,270.9,273.0,273.5,272.0,0.538,0.0,-0.06,-0.1,-0.048,0.083,0.0,6000.0,420210.0,201.0,437.0,59.95,2.0,31.0,38.0,30.0,22.28,19.14,1.461,0.0,0.2,0.2,60.0,59.5,75.6,1.0,272.2,272.0,271.0,-0.075,0.03,0.081,1962.0,433107.0,13735.0,1967.0,-0.928,0.818,0.791,0.836,0.001,0.0,0.001,0.0,0.0,0.0,0.0,0.0,0.0,0.0,0.0,0.0,1.028,325.2,27.95,1.8,3.5,2.0,-1.0,13.63,0.004,0.282,3.0,2.0,0.0,0.0,19.4,19.43,19.2,19.2,19.01,18.89,20.57,20.41,20.72,20.85,20.04,19.54,20.51,20.05,19.38,20.18,20.91,20.27,19.88
2017-06-30 04:44:00-05:00,-7.9113917,-10.315524,-2.0725267,-8.209637,-8.112285,-1.5234442,-7.652645,-6.954349,938165.0,23.18,0.0,1.511,1.534,2.044,22.29,321.6,0.0,0.0,0.0,0.0,0.0,0.0,0.0,0.0,321.0,0.0,-1.417,-0.2,0.0,0.0,0.0,0.0,0.0,270.9,273.0,273.1,272.0,0.542,0.0,-0.077,-0.1,-0.053,0.053,0.0,6000.0,420210.0,201.0,437.0,59.95,2.0,31.0,38.0,30.0,22.24,19.13,1.61,0.0,0.2,0.2,60.0,59.5,75.6,1.0,272.0,272.0,271.0,-0.075,0.03,0.081,1962.0,433107.0,13735.0,1967.0,-0.928,0.818,0.791,0.836,0.001,0.0,0.001,0.0,0.0,0.0,0.0,0.0,0.0,0.0,0.0,0.0,0.577,246.8,48.68,1.3,3.5,2.0,-1.0,13.63,0.004,0.282,3.0,2.0,0.0,0.0,19.39,19.49,19.22,19.28,19.01,18.91,20.57,20.39,20.77,20.83,20.02,19.53,20.51,20.01,19.36,20.17,20.88,20.25,19.86
2017-06-30 04:45:00-05:00,-7.787777,-9.988047,-1.7172364,-8.077223,-7.9835176,-1.4105965,-7.401739,-6.7186084,938166.0,23.16,0.0,1.959,2.219,2.712,22.29,324.9,0.0,0.0,0.0,0.0,0.0,0.0,0.0,0.0,324.1,0.0,-1.483,-0.2,0.0,0.0,0.0,0.0,0.0,270.9,273.0,273.2,272.0,0.523,0.0,-0.077,-0.1,-0.052,0.063,0.0,6000.0,420210.0,201.0,437.0,59.94,2.0,31.0,38.0,30.0,22.29,19.13,1.85,0.0,0.2,0.2,60.0,59.5,75.6,1.0,272.1,272.0,271.0,-0.075,0.03,0.081,1962.0,433107.0,13735.0,1967.0,-0.928,0.818,0.791,0.836,0.002,0.0,0.001,0.0,0.001,0.0,0.0,0.0,0.0,0.0,0.0,0.0,1.217,293.2,41.49,2.0,3.5,2.0,-1.0,13.63,0.004,0.282,3.0,2.0,0.0,0.0,19.4,19.5,19.2,19.3,19.01,18.91,20.57,20.4,20.77,20.83,20.02,19.53,20.51,20.0,19.36,20.17,20.9,20.26,19.86
2017-06-30 04:46:00-05:00,-7.664161,-9.824308,-1.5988063,-7.679983,-7.5972185,-0.9592056,-7.1508327,-6.4828677,938167.0,23.15,0.0,2.017,2.034,2.531,22.31,327.9,0.0,0.0,0.0,0.0,0.0,0.0,0.0,0.0,327.1,0.0,-1.45,-0.2,0.0,0.0,0.0,0.0,0.0,270.8,273.0,273.2,272.0,0.528,0.0,-0.055,-0.102,-0.038,0.072,0.0,6000.0,420210.0,201.0,437.0,59.95,2.0,31.0,38.0,30.0,22.35,19.15,2.042,0.0,0.2,0.2,60.0,59.5,75.6,1.0,272.0,272.0,271.0,-0.075,0.03,0.081,1962.0,433107.0,13735.0,1967.0,-0.928,0.818,0.791,0.836,0.001,-0.001,0.001,0.0,0.0,0.0,0.0,0.0,0.0,0.0,0.0,0.0,1.513,334.7,22.84,2.8,3.5,2.0,-1.0,13.53,0.005,0.282,3.0,2.0,0.0,0.0,19.4,19.48,19.2,19.28,19.04,18.91,20.64,20.41,20.79,20.82,20.03,19.54,20.55,20.01,19.36,20.18,20.91,20.26,19.88
2017-06-30 04:47:00-05:00,-7.293315,-9.496831,-1.3619462,-7.415156,-7.339686,-0.73351014,-7.025379,-6.247127,938168.0,23.15,0.0,2.146,2.368,2.833,22.32,330.7,0.0,0.0,0.0,0.0,0.0,0.0,0.0,0.0,330.1,0.0,-1.367,-0.2,0.0,0.0,0.0,0.0,0.0,270.9,273.0,273.4,272.0,0.538,0.0,-0.087,-0.103,-0.042,0.072,0.0,6000.0,420210.0,201.0,437.0,59.95,2.0,31.0,38.0,30.0,22.35,19.14,2.279,0.0,0.2,0.2,60.0,59.5,75.6,1.0,272.1,272.0,271.0,-0.075,0.03,0.081,1962.0,433107.0,13735.0,1967.0,-0.928,0.818,0.791,0.836,0.001,0.0,0.001,0.0,0.0,0.0,0.0,0.0,0.0,0.0,0.0,0.0,0.872,222.4,70.81,1.9,3.5,2.0,-1.0,13.62,0.004,0.282,3.0,2.0,0.0,0.0,19.4,19.5,19.23,19.3,19.1,18.91,20.67,20.39,20.75,20.81,20.01,19.53,20.56,20.01,19.36,20.17,20.88,20.25,19.86
2017-06-30 04:48:00-05:00,-7.046084,-9.333093,-0.88822573,-7.2827425,-7.210919,-0.6206625,-6.7744727,-6.0113864,938169.0,23.15,0.0,2.527,2.536,3.062,22.33,333.5,0.0,0.0,0.0,0.0,0.0,0.0,0.0,0.0,332.7,7.583,-1.517,-0.2,0.0,0.0,0.0,0.0,0.0,271.0,273.0,273.4,272.0,0.525,0.0,-0.097,-0.1,-0.043,0.053,0.0,6000.0,420210.0,201.0,437.0,59.95,2.033333,31.0,38.0,30.0,22.32,19.15,2.532,0.048,0.242,0.228,60.0,59.5,75.6,1.0,272.2,272.0,271.0,-0.082,0.012,0.098,1962.0,433107.0,13735.0,1967.0,-0.877,0.818,0.791,0.836,0.001,0.0,0.001,0.0,0.0,0.0,0.0,0.0,0.0,0.0,0.0,0.0,0.965,253.8,32.97,1.7,3.502,2.0,-1.0,13.63,0.004,0.282,3.0,2.0,0.0,0.0,19.43,19.5,19.2,19.3,19.1,18.91,20.64,20.38,20.79,20.8,20.01,19.51,20.46,19.98,19.34,20.16,20.86,20.24,19.86
2017-06-30 04:49:00-05:00,-6.798853,-8.841877,-0.7697956,-7.0179157,-6.8246202,-0.28211942,-6.6490197,-5.6577754,938170.0,23.13,0.0,2.824,2.917,3.427,22.36,292.3,0.0,0.0,0.0,0.0,0.0,0.0,0.0,0.0,291.8,286.8,-1.1,-0.298,0.983,0.7,0.75,0.55,0.0,271.0,273.0,273.3,272.0,0.538,0.0,-0.26,-0.325,-0.06,0.768,0.0,6000.0,420210.0,201.0,437.0,59.95,6.6,31.0,38.0,30.0,22.32,19.13,2.811,1.407,1.222,1.23,60.0,59.5,75.6,1.0,272.6,272.0,271.0,-0.325,0.135,0.428,1962.0,433107.0,13735.0,1967.0,-0.693,0.818,0.791,0.836,0.123,0.123,0.123,0.092,0.035,0.035,0.035,0.026,0.0,0.0,0.0,0.0,0.97,252.5,19.99,1.4,3.5,2.0,-1.0,13.63,0.004,0.282,3.0,2.0,0.0,0.0,19.4,19.44,19.2,19.28,19.07,18.91,20.57,20.37,20.76,20.8,20.0,19.5,20.46,20.01,19.33,20.14,20.86,20.23,19.84
2017-06-30 04:50:00-05:00,-6.3043904,-8.678139,-0.5329354,-6.6206746,-6.4383206,-0.05642397,-6.3981133,-5.4220343,938171.0,23.12,0.0,3.147,3.214,3.68,22.36,283.8,0.0,0.0,0.0,0.0,0.0,0.0,0.0,0.0,283.0,283.7,-1.0,-0.3,1.0,0.6,0.933,0.567,0.0,271.0,273.0,273.2,272.0,0.525,0.0,-0.217,-0.3,-0.125,0.777,0.0,6000.0,420210.0,201.0,437.0,59.95,7.0,31.0,38.0,30.0,22.3,19.1,3.138,1.367,1.193,1.27,60.0,59.5,75.6,1.0,272.8,272.0,271.0,-0.289,0.212,0.359,1962.0,433107.0,13735.0,1967.0,-0.807,0.818,0.791,0.836,0.162,0.162,0.163,0.121,0.046,0.046,0.046,0.034,0.0,0.0,0.0,0.0,0.575,245.9,59.74,1.2,3.5,2.0,-1.0,13.63,0.004,0.282,3.0,2.0,0.0,0.0,19.37,19.43,19.2,19.25,19.03,18.91,20.51,20.35,20.72,20.76,19.97,19.5,20.46,19.99,19.33,20.14,20.85,20.23,19.83
2017-06-30 04:51:00-05:00,-5.933544,-8.5144005,-0.059215166,-6.4882617,-6.180788,0.39496696,-6.147207,-5.0684237,938172.0,23.12,0.0,3.752,3.756,4.22,22.36,283.9,0.0,0.0,0.0,0.0,0.0,0.0,0.0,0.0,283.0,283.9,-0.967,-0.3,1.0,0.583,0.867,0.55,0.0,271.0,273.0,273.3,272.0,0.523,0.0,-0.172,-0.3,-0.102,0.762,0.0,6000.0,420210.0,201.0,437.0,59.95,7.0,31.0,38.0,30.73,22.37,19.11,3.539,1.308,1.158,1.248,60.0,59.5,75.6,1.0,272.7,272.0,271.0,-0.266,0.199,0.333,1962.0,433107.0,13735.0,1967.0,-0.8,0.818,0.791,0.836,0.185,0.183,0.184,0.138,0.053,0.052,0.052,0.039,0.0,0.0,0.0,0.0,1.088,255.3,40.67,2.5,3.502,2.0,-1.0,13.33,-0.012,0.283,1.0,2.0,0.0,0.001,19.3,19.39,19.2,19.22,19.01,18.83,20.45,20.31,20.65,20.73,19.93,19.47,20.37,19.98,19.29,20.11,20.82,20.2,19.8
2017-06-30 04:52:00-05:00,-5.439082,-7.859447,0.41450527,-6.2234344,-5.7944884,0.8463579,-5.645394,-4.7148128,938173.0,23.12,0.0,4.074,4.087,4.563,22.37,284.1,0.0,0.0,0.0,0.0,0.0,0.0,0.0,0.0,283.3,284.0,-0.767,-0.3,1.0,0.2,1.0,0.2,0.0,271.0,273.0,273.6,272.0,0.527,0.0,-0.128,-0.3,-0.153,0.753,0.0,6000.0,420210.0,201.0,437.0,59.95,7.0,31.0,38.0,31.0,22.38,19.09,3.981,1.3,1.108,1.3,60.0,59.5,75.6,1.0,272.8,272.0,271.0,-0.242,0.24,0.342,1962.0,433107.0,13735.0,1967.0,-0.71,0.818,0.791,0.836,0.21,0.209,0.209,0.156,0.06,0.059,0.059,0.044,0.0,0.0,0.0,0.0,1.012,220.8,22.75,1.9,3.5,2.0,-1.0,13.47,0.021,0.282,3.0,2.0,0.0,0.001,19.34,19.4,19.2,19.2,19.01,18.83,20.38,20.31,20.64,20.73,19.92,19.44,20.33,19.95,19.29,20.1,20.84,20.2,19.8
2017-06-30 04:53:00-05:00,-4.8210044,-7.204493,0.88822573,-5.6937804,-5.4081893,1.4105964,-5.3944874,-4.125461,938174.0,23.1,0.0,4.612,4.638,5.139,22.38,284.3,0.0,0.0,0.0,0.0,0.0,0.0,0.0,0.0,283.9,284.0,-0.5,-0.3,1.0,0.533,1.0,0.533,0.0,271.0,273.1,273.9,272.1,0.533,0.0,-0.073,-0.298,-0.09,0.745,0.0,6000.0,420210.0,201.0,437.0,59.94,7.0,31.0,38.0,31.0,22.37,19.11,4.5,1.272,1.103,1.258,60.0,59.5,75.6,1.0,273.0,272.0,271.3,-0.211,0.183,0.28,1962.0,433107.0,13735.0,1967.0,-0.755,0.818,0.791,0.836,0.237,0.236,0.237,0.177,0.067,0.067,0.067,0.05,0.0,0.0,0.0,0.0,0.915,228.8,23.83,1.8,3.5,2.0,-1.0,13.63,0.004,0.282,3.0,2.0,0.0,0.0,19.37,19.4,19.2,19.24,19.01,18.84,20.38,20.29,20.64,20.71,19.91,19.42,20.31,19.96,19.27,20.1,20.82,20.2,19.8
2017-06-30 04:54:00-05:00,-4.3265424,-6.713278,1.5988064,-5.1641264,-4.7643576,1.9748348,-4.7672215,-3.5361097,938175.0,23.1,0.0,5.287,5.296,5.719,22.37,284.5,0.0,0.0,0.0,0.0,0.0,0.0,0.0,0.0,284.0,284.0,-0.067,-0.3,1.0,0.4,1.0,0.4,0.0,271.0,273.1,273.8,272.1,0.513,0.0,-0.032,-0.247,-0.1,0.753,0.0,6000.0,420210.0,201.0,437.0,59.95,7.0,31.0,38.0,31.0,22.35,19.1,5.164,1.2,1.1,1.288,60.0,59.5,75.6,1.0,273.0,272.0,271.2,-0.178,0.189,0.26,1962.0,433107.0,13735.0,1967.0,-0.685,0.818,0.791,0.836,0.269,0.268,0.269,0.201,0.077,0.076,0.077,0.057,0.0,0.0,0.0,0.0,0.958,249.4,46.25,1.4,3.5,2.0,-1.0,13.63,0.004,0.282,3.0,2.0,0.0,0.0,19.35,19.38,19.21,19.2,19.01,18.81,20.38,20.28,20.6,20.69,19.9,19.42,20.33,19.95,19.28,20.07,20.8,20.18,19.78
2017-06-30 04:55:00-05:00,-3.708465,-5.8945847,2.3093867,-4.502059,-4.249292,2.6519213,-4.390862,-3.0646281,938176.0,23.1,0.0,5.905,5.797,6.345,22.34,284.7,0.0,0.0,0.0,0.0,0.0,0.0,0.0,0.0,284.0,284.0,0.0,-0.3,1.0,0.15,1.0,0.15,0.0,271.0,273.2,273.9,272.2,0.523,0.0,0.0,-0.203,-0.158,0.757,0.0,6000.0,420210.0,201.0,437.0,59.95,7.0,31.0,38.0,31.0,22.34,19.12,5.865,1.2,1.1,1.3,60.0,59.5,75.6,1.0,273.0,272.0,271.2,-0.144,0.23,0.271,1962.0,433107.0,13735.0,1967.0,-0.531,0.818,0.791,0.836,0.303,0.302,0.303,0.226,0.086,0.086,0.086,0.064,0.0,0.0,0.0,0.0,0.768,249.5,66.71,1.3,3.5,2.0,-1.0,13.63,0.004,0.282,3.0,2.0,0.0,0.0,19.37,19.32,19.22,19.2,19.01,18.81,20.36,20.27,20.62,20.68,19.89,19.43,20.31,19.93,19.28,20.06,20.79,20.16,19.76
2017-06-30 04:56:00-05:00,-3.0903873,-5.2396307,3.0199673,-3.8399916,-3.6054592,3.2161596,-3.763596,-2.3574064,938177.0,23.1,0.0,6.546,6.405,6.931,22.32,284.9,0.0,0.0,0.0,0.0,0.0,0.0,0.0,0.0,284.0,284.4,0.0,-0.3,1.0,0.0,1.0,0.0,0.0,271.0,273.8,274.0,272.8,0.532,0.0,0.002,-0.185,-0.282,0.8,0.0,6000.0,420210.0,201.0,437.0,59.97,7.0,31.0,38.0,31.08,22.26,19.08,6.537,1.258,1.1,1.43,60.0,59.5,75.6,1.0,273.0,272.9,272.0,-0.114,0.334,0.353,1962.0,433107.0,13735.0,1967.0,-0.325,0.818,0.791,0.836,0.336,0.335,0.336,0.251,0.096,0.095,0.096,0.071,0.0,0.0,0.0,0.0,0.805,223.1,41.65,1.5,3.5,2.0,-1.0,13.63,0.004,0.282,3.0,2.0,0.0,0.0,19.32,19.3,19.2,19.2,19.02,18.81,20.38,20.26,20.6,20.67,19.89,19.42,20.32,19.94,19.28,20.07,20.79,20.17,19.77
2017-06-30 04:57:00-05:00,-2.47231,-4.4209385,3.730548,-3.1779242,-2.8328612,3.893246,-3.3872364,-1.7680545,938178.0,23.08,0.0,7.441,7.361,7.841,22.32,285.0,0.0,0.0,0.0,0.0,0.0,0.0,0.0,0.0,284.0,284.9,0.0,-0.3,0.883,0.05,1.0,0.05,0.0,271.0,273.6,274.0,272.6,0.54,0.0,0.037,-0.107,-0.263,0.797,0.0,6000.0,420210.0,201.0,437.0,59.97,7.0,31.0,38.0,31.82,22.26,19.06,7.328,1.2,1.1,1.418,60.0,59.5,75.6,1.0,273.0,272.5,271.8,-0.074,0.309,0.318,1962.0,433107.0,13735.0,1967.0,-0.237,0.818,0.791,0.836,0.373,0.372,0.373,0.279,0.106,0.106,0.106,0.079,0.0,0.0,0.0,0.0,0.553,281.3,55.03,1.3,3.502,2.0,-1.0,13.34,0.002,0.284,1.0,2.0,0.0,0.001,19.3,19.3,19.2,19.19,19.01,18.81,20.31,20.22,20.53,20.64,19.85,19.39,20.27,19.89,19.25,20.02,20.73,20.11,19.73
2017-06-30 04:58:00-05:00,-1.6070015,-3.6022465,4.322698,-2.2510293,-1.9314959,4.4574847,-2.7599704,-0.9429623,938179.0,23.07,0.0,8.15,8.07,8.53,22.32,292.1,0.0,0.0,0.0,0.0,0.0,0.0,0.0,0.0,291.1,291.9,0.0,-0.3,0.3,0.0,1.0,0.0,0.0,271.0,273.1,273.8,272.1,0.537,0.0,0.1,-0.068,-0.273,0.725,0.0,6000.0,420210.0,201.0,437.0,59.97,7.0,31.0,38.0,32.0,22.25,19.08,8.28,1.09,1.1,1.365,60.0,59.5,75.6,1.0,272.9,272.1,271.2,-0.026,0.323,0.324,1962.0,433107.0,13735.0,1967.0,-0.076,0.818,0.791,0.836,0.413,0.413,0.414,0.31,0.121,0.121,0.121,0.091,0.0,0.0,0.0,0.0,1.062,303.2,33.3,2.1,3.499,2.0,-1.0,13.63,0.007,0.282,3.0,2.0,0.0,0.0,19.3,19.3,19.22,19.19,19.06,18.81,20.36,20.22,20.55,20.63,19.84,19.38,20.27,19.87,19.23,20.01,20.72,20.09,19.71
2017-06-30 04:59:00-05:00,-0.86530846,-2.6198153,5.1517096,-1.3241347,-0.9013648,5.473114,-1.8817977,-0.23574068,938180.0,23.07,0.0,8.99,8.97,9.43,22.31,349.3,0.0,0.0,0.0,0.0,0.0,0.0,0.0,0.0,348.2,207.1,-1.133,-0.22,0.0,0.0,0.2,0.0,0.0,271.0,273.0,273.5,272.0,0.527,0.0,-0.177,-0.08,-0.082,0.182,0.0,6000.0,420210.0,201.0,437.0,59.95,2.916667,31.0,38.0,32.0,22.2,19.02,9.28,0.21,0.39,0.425,60.0,59.5,75.6,1.0,272.7,272.0,271.0,-0.058,0.079,0.118,1962.0,433107.0,13735.0,1967.0,-0.722,0.818,0.791,0.836,0.081,0.08,0.081,0.06,0.024,0.024,0.024,0.018,0.0,0.0,0.0,0.0,1.0,307.2,21.66,1.8,3.5,2.0,-1.0,13.63,0.004,0.282,3.0,2.0,0.0,0.0,19.3,19.3,19.17,19.14,19.02,18.81,20.39,20.27,20.67,20.68,19.89,19.39,20.3,19.89,19.25,20.02,20.76,20.11,19.74
2017-06-30 05:00:00-05:00,-0.123615295,-1.8011233,5.98072,-0.7944807,-0.38629907,6.3758955,-1.0036254,0.5893515,938181.0,23.06,0.0,9.82,9.76,10.16,22.3,363.6,0.0,0.0,0.0,0.0,0.0,0.0,0.0,0.0,362.8,51.23,-1.467,-0.2,0.0,0.0,0.0,0.0,0.0,271.0,273.0,273.6,272.0,0.535,0.0,-0.133,-0.102,-0.042,0.05,0.0,6000.0,420210.0,201.0,437.0,59.94,2.0,31.0,38.0,32.0,22.2,19.0,10.13,0.0,0.2,0.2,60.0,59.5,75.6,1.0,272.3,272.0,271.0,-0.075,0.032,0.081,1962.0,433107.0,13735.0,1967.0,-0.921,0.818,0.791,0.836,0.001,-0.001,0.001,0.0,0.0,0.0,0.0,0.0,0.0,0.0,0.0,0.0,0.522,253.9,47.66,1.5,3.5,2.0,-1.0,13.62,0.004,0.282,3.0,2.0,0.0,0.0,19.3,19.35,19.15,19.12,19.01,18.83,20.47,20.29,20.61,20.69,19.92,19.4,20.33,19.9,19.26,20.06,20.79,20.15,19.76
2017-06-30 05:01:00-05:00,0.12361576,-1.1461692,6.6913004,-0.26482704,0.38629955,7.052982,-0.75271887,1.296574,938182.0,23.05,0.0,10.4,10.29,10.68,22.31,364.8,0.0,0.0,0.0,0.0,0.0,0.0,0.0,0.0,364.1,11.75,-1.45,-0.2,0.0,0.0,0.0,0.0,0.0,270.2,273.0,273.0,272.0,0.538,0.0,-0.1,-0.1,-0.032,0.055,0.0,6000.0,420210.0,201.0,437.0,59.93,2.0,31.0,38.0,32.0,22.18,19.01,10.71,0.0,0.2,0.2,60.0,59.5,75.6,1.0,272.0,272.0,271.0,-0.075,0.032,0.081,1962.0,433107.0,13735.0,1967.0,-0.922,0.818,0.791,0.836,0.001,0.0,0.0,0.0,0.001,0.0,0.0,0.0,0.0,0.0,0.0,0.0,1.422,315.5,21.68,1.9,3.5,2.0,-1.0,13.62,0.004,0.282,3.0,2.0,0.0,0.0,19.3,19.37,19.1,19.12,19.02,18.85,20.47,20.31,20.69,20.72,19.94,19.42,20.37,19.9,19.26,20.08,20.79,20.17,19.79
2017-06-30 05:02:00-05:00,0.74169314,-0.6549534,7.1650205,0.26482704,1.0301319,7.504372,-0.50181246,1.885925,938183.0,23.04,0.0,11.14,11.05,11.38,22.33,365.9,0.0,0.0,0.0,0.0,0.0,0.0,0.0,0.0,365.1,2.436,-1.418,-0.2,0.0,0.0,0.0,0.0,0.0,270.0,272.7,273.0,271.7,0.558,0.0,-0.1,-0.102,-0.06,0.055,0.0,6000.0,420210.0,201.0,437.0,59.92,2.0,31.0,38.0,32.0,22.21,19.05,11.27,0.0,0.2,0.2,60.0,59.5,75.6,1.0,272.0,272.0,271.0,-0.075,0.031,0.081,1962.0,433107.0,13735.0,1967.0,-0.922,0.818,0.791,0.836,0.001,-0.001,0.0,-0.001,0.0,0.0,0.0,0.0,0.0,0.0,0.0,0.0,1.082,274.5,41.18,1.8,3.5,2.0,-1.0,13.62,0.011,0.282,3.0,2.0,0.0,0.0,19.3,19.4,19.12,19.15,19.01,18.83,20.47,20.33,20.72,20.74,19.94,19.42,20.37,19.9,19.27,20.08,20.77,20.16,19.78
2017-06-30 05:03:00-05:00,1.359771,-0.327477,7.8756003,0.79448116,1.5451968,8.068612,0.0,2.3574064,938184.0,23.04,0.0,11.61,11.48,11.83,22.33,367.0,0.0,0.0,0.0,0.0,0.0,0.0,0.0,0.0,366.0,0.436,-1.491,-0.2,0.0,0.0,0.0,0.0,0.0,270.0,272.7,273.0,271.7,0.569,0.0,-0.1,-0.1,-0.04,0.065,0.0,6000.0,420210.0,201.0,437.0,59.93,2.0,31.0,38.0,32.0,22.25,19.09,11.87,0.0,0.2,0.2,60.0,59.5,75.6,1.0,272.0,272.0,271.0,-0.075,0.031,0.081,1962.0,433107.0,13735.0,1967.0,-0.923,0.818,0.791,0.836,0.0,0.0,0.0,0.0,0.0,0.0,0.0,0.0,0.0,0.0,0.0,0.0,0.616,298.5,48.73,1.3,3.5,2.0,-1.0,13.44,-0.003,0.283,1.0,2.0,0.0,0.001,19.3,19.39,19.22,19.19,19.01,18.83,20.47,20.34,20.75,20.75,19.95,19.42,20.34,19.89,19.26,20.08,20.78,20.16,19.78
2017-06-30 05:04:00-05:00,1.8542331,0.1637388,8.349321,1.1917214,2.0602624,8.63285,0.25090647,2.8288877,938185.0,23.04,0.0,12.12,11.9,12.3,22.32,367.8,0.0,0.0,0.0,0.0,0.0,0.0,0.0,0.0,366.9,0.0,-1.436,-0.2,0.0,0.0,0.0,0.0,0.0,270.0,272.8,273.0,271.8,0.571,0.0,-0.1,-0.1,-0.058,0.056,0.0,6000.0,420210.0,201.0,437.0,59.93,2.0,31.0,38.0,32.0,22.24,19.14,12.3,0.0,0.2,0.2,60.0,59.5,75.6,1.0,272.0,272.0,271.0,-0.075,0.031,0.081,1962.0,433107.0,13735.0,1967.0,-0.923,0.818,0.791,0.836,0.0,-0.001,0.0,-0.001,0.0,0.0,0.0,0.0,0.0,0.0,0.0,0.0,0.624,253.7,55.06,1.3,3.5,2.0,-1.0,13.63,0.004,0.282,3.0,2.0,0.0,0.0,19.3,19.4,19.2,19.2,19.02,18.83,20.47,20.33,20.69,20.72,19.94,19.42,20.37,19.89,19.27,20.08,20.77,20.15,19.79
2017-06-30 05:05:00-05:00,2.5959258,0.8186922,8.941472,1.5889618,2.4465625,9.197088,0.75271934,3.300369,938186.0,23.02,0.0,12.61,12.43,12.81,22.31,368.6,0.0,0.0,0.0,0.0,0.0,0.0,0.0,0.0,367.7,0.0,-1.455,-0.2,0.0,0.0,0.0,0.0,0.0,270.0,272.7,273.0,271.7,0.571,0.0,-0.1,-0.102,-0.053,0.058,0.0,6000.0,420210.0,201.0,437.0,59.95,2.0,31.0,38.0,32.0,22.28,19.15,12.73,0.0,0.2,0.2,60.0,59.5,75.6,1.0,272.0,272.0,271.0,-0.075,0.031,0.081,1962.0,433107.0,13735.0,1967.0,-0.923,0.818,0.791,0.836,0.0,-0.001,0.0,0.0,0.0,0.0,0.0,0.0,0.0,0.0,0.0,0.0,0.982,216.4,16.22,1.4,3.5,2.0,-1.0,13.62,0.004,0.282,3.0,2.0,0.0,0.0,19.38,19.4,19.23,19.22,19.01,18.88,20.47,20.32,20.65,20.72,19.94,19.42,20.33,19.88,19.26,20.07,20.76,20.14,19.78
2017-06-30 05:06:00-05:00,3.4612343,1.4736462,9.770482,2.2510297,3.090394,9.874176,1.3799857,4.007591,938187.0,23.01,0.0,13.35,13.12,13.51,22.32,369.7,0.0,0.0,0.0,0.0,0.0,0.0,0.0,0.0,368.7,0.0,-1.364,-0.2,0.0,0.0,0.0,0.0,0.0,270.8,272.9,273.5,271.9,0.551,0.0,-0.1,-0.1,-0.038,0.06,0.0,6000.0,420210.0,201.0,437.0,59.95,2.0,31.0,38.0,31.65,22.33,19.18,13.48,0.0,0.2,0.2,60.0,59.5,75.6,1.0,272.2,271.9,271.0,-0.075,0.031,0.081,1962.0,433107.0,13735.0,1967.0,-0.923,0.818,0.791,0.836,0.001,-0.001,0.001,-0.001,0.0,0.0,0.0,0.0,0.0,0.0,0.0,0.0,0.729,212.7,51.14,1.3,3.5,2.0,-1.0,13.63,0.004,0.282,3.0,2.0,0.0,0.0,19.4,19.45,19.28,19.26,19.07,18.91,20.47,20.35,20.74,20.77,19.96,19.43,20.34,19.95,19.27,20.1,20.83,20.17,19.8
2017-06-30 05:07:00-05:00,4.697389,2.4560778,10.717923,3.0455103,4.1205254,11.002652,2.258158,5.1862946,938188.0,23.01,0.0,14.33,13.97,14.43,22.3,371.0,0.0,0.0,0.0,0.0,0.0,0.0,0.0,0.0,370.2,0.0,-1.46,-0.2,0.0,0.0,0.0,0.0,0.0,270.9,273.2,273.7,272.2,0.562,0.0,-0.1,-0.102,-0.062,0.068,0.0,6000.0,420210.0,201.0,437.0,59.94,2.0,31.0,38.0,31.68,22.33,19.21,14.49,0.0,0.2,0.2,60.0,59.5,75.6,1.0,272.4,272.3,271.3,-0.075,0.031,0.081,1962.0,433107.0,13735.0,1967.0,-0.923,0.818,0.791,0.836,0.0,-0.001,0.0,-0.001,0.0,0.0,0.0,0.0,0.0,0.0,0.0,0.0,0.906,264.8,55.59,1.5,3.5,2.0,-1.0,13.63,0.004,0.282,3.0,2.0,0.0,0.0,19.47,19.48,19.3,19.3,19.13,18.91,20.47,20.39,20.72,20.79,20.01,19.47,20.38,19.99,19.31,20.14,20.86,20.22,19.85
2017-06-30 05:08:00-05:00,5.5626974,3.2747695,11.546934,3.9724057,5.02189,11.792585,3.010877,6.011387,938189.0,23.01,0.0,15.36,15.03,15.39,22.32,372.1,0.0,0.0,0.0,0.0,0.0,0.0,0.0,0.0,371.3,0.0,-1.38,-0.2,0.0,0.0,0.0,0.0,0.0,271.0,273.9,274.0,272.9,0.542,0.0,-0.098,-0.102,-0.048,0.054,0.0,6000.0,420210.0,201.0,437.0,59.94,2.0,31.0,38.0,31.28,22.3,19.22,15.32,0.0,0.2,0.2,60.0,59.5,75.6,1.0,273.0,273.0,272.0,-0.075,0.031,0.081,1962.0,433107.0,13735.0,1967.0,-0.923,0.818,0.791,0.836,0.0,-0.001,0.0,-0.001,0.0,0.0,0.0,0.0,0.0,0.0,0.0,0.0,0.692,269.4,48.41,1.3,3.5,2.0,-1.0,13.34,-0.007,0.282,1.0,2.0,0.0,0.001,19.5,19.47,19.32,19.3,19.12,19.02,20.54,20.43,20.79,20.83,20.05,19.51,20.46,20.02,19.35,20.18,20.9,20.26,19.89
2017-06-30 05:09:00-05:00,6.304391,4.257201,12.375944,4.8993,6.052022,12.695368,3.6381433,6.8364787,938190.0,22.98,0.0,15.89,15.56,15.99,22.3,325.7,0.0,0.0,0.0,0.0,0.0,0.0,0.0,0.0,325.1,254.4,0.378,-0.278,0.156,0.778,0.644,0.0,0.0,271.0,273.9,274.0,272.9,0.549,0.0,0.244,0.102,-0.02,0.667,0.0,6000.0,420210.0,201.0,437.0,59.95,5.733333,31.0,38.0,31.0,22.36,19.26,16.13,0.893,1.231,1.216,60.0,59.5,75.6,1.0,273.0,273.0,272.0,0.163,0.064,0.439,1962.0,433107.0,13735.0,1967.0,0.448,0.818,0.791,0.836,0.52,0.519,0.52,0.389,0.157,0.156,0.157,0.117,0.0,0.0,0.0,0.0,1.084,192.6,37.65,1.9,3.5,2.0,-1.0,13.34,0.023,0.284,1.0,2.0,0.0,0.001,19.5,19.5,19.4,19.41,19.17,19.01,20.57,20.42,20.73,20.82,20.04,19.54,20.43,20.03,19.39,20.21,20.9,20.28,19.91
2017-06-30 05:10:00-05:00,7.1696997,5.0758924,13.204955,5.693781,6.8246202,13.598149,4.265409,7.6615705,938191.0,22.98,0.0,16.67,16.4,16.78,22.28,300.5,0.0,0.0,0.0,0.0,0.0,0.0,0.0,0.0,299.6,300.2,1.891,-0.3,0.0,1.0,1.0,0.0,0.0,271.0,273.5,274.0,272.5,0.545,0.0,0.504,0.349,-0.156,0.804,0.0,6000.0,420210.0,201.0,437.0,59.95,7.0,31.0,38.0,31.47,22.34,19.28,17.07,0.9,1.4,1.54,60.0,59.5,75.6,1.0,272.9,272.5,271.8,0.441,0.206,0.487,1962.0,433107.0,13735.0,1967.0,0.905,0.818,0.791,0.836,0.825,0.823,0.824,0.617,0.248,0.247,0.248,0.186,0.0,0.0,0.0,0.0,0.853,222.9,38.8,1.2,3.502,2.0,-1.0,13.63,0.004,0.282,3.0,2.0,0.0,0.0,19.5,19.5,19.4,19.4,19.23,19.01,20.54,20.44,20.74,20.82,20.05,19.55,20.44,20.06,19.38,20.22,20.89,20.29,19.93
2017-06-30 05:11:00-05:00,8.405855,6.2220616,14.270826,6.4882617,7.983518,14.613779,5.0181284,8.604533,938192.0,22.98,0.0,17.6,17.39,17.77,22.29,301.1,0.0,0.0,0.0,0.0,0.0,0.0,0.0,0.0,300.5,300.8,2.0,-0.3,0.0,1.0,1.0,0.0,0.0,271.0,273.5,274.0,272.5,0.552,0.0,0.538,0.403,-0.145,0.847,0.0,6000.0,420210.0,201.0,437.0,59.95,7.0,31.0,38.0,32.0,22.28,19.32,18.76,0.9,1.402,1.593,60.0,59.5,75.6,1.0,273.0,272.3,271.7,0.492,0.194,0.529,1962.0,433107.0,13735.0,1967.0,0.93,0.818,0.791,0.836,0.869,0.868,0.869,0.651,0.262,0.261,0.262,0.196,0.0,0.0,0.0,0.0,0.8,194.4,37.46,1.5,3.5,2.0,-1.0,13.63,0.004,0.282,3.0,2.0,0.0,0.0,19.5,19.5,19.4,19.41,19.27,19.03,20.47,20.44,20.77,20.86,20.06,19.56,20.47,20.06,19.4,20.24,20.91,20.31,19.94
2017-06-30 05:12:00-05:00,9.88924,7.2044935,15.218267,7.415156,8.884882,15.516561,5.645394,9.547496,938193.0,22.98,0.0,18.48,18.28,18.62,22.28,300.8,0.0,0.0,0.0,0.0,0.0,0.0,0.0,0.0,300.1,300.5,2.0,-0.3,0.0,1.0,1.0,0.0,0.0,271.0,273.0,273.9,272.0,0.545,0.0,0.623,0.465,-0.08,0.872,0.0,6000.0,420210.0,201.0,437.0,59.94,7.0,31.0,38.0,32.0,22.29,19.33,20.22,0.9,1.5,1.6,60.0,59.5,75.6,1.0,272.9,272.0,271.1,0.538,0.152,0.56,1962.0,433107.0,13735.0,1967.0,0.962,0.818,0.791,0.836,0.91,0.909,0.909,0.681,0.274,0.273,0.273,0.205,0.0,0.0,0.0,0.0,0.518,251.0,50.25,1.4,3.5,2.0,-1.0,13.63,0.004,0.282,3.0,2.0,0.0,0.0,19.57,19.5,19.4,19.41,19.3,19.04,20.47,20.45,20.79,20.87,20.06,19.57,20.47,20.06,19.41,20.24,20.9,20.31,19.95
2017-06-30 05:13:00-05:00,10.260087,8.023185,15.928847,8.077224,9.528715,16.306496,6.147207,10.254718,938194.0,22.98,0.0,19.1,18.95,19.31,22.26,308.5,0.0,0.0,0.0,0.0,0.0,0.0,0.0,0.0,308.2,308.9,2.0,-0.355,0.0,1.0,1.0,0.0,0.0,270.9,273.0,273.5,272.0,0.535,0.0,0.684,0.5,-0.213,0.947,0.0,6000.0,420210.0,201.0,437.0,59.96,7.0,31.0,38.0,32.0,22.33,19.32,20.57,0.955,1.5,1.709,60.0,59.5,75.6,1.0,272.4,272.0,271.0,0.585,0.25,0.638,1962.0,433107.0,13735.0,1967.0,0.918,0.818,0.791,0.836,0.935,0.934,0.935,0.7,0.289,0.288,0.288,0.216,0.0,0.0,0.0,0.0,0.529,263.8,46.01,1.3,3.5,2.0,-1.0,13.63,0.004,0.282,3.0,2.0,0.0,0.0,19.6,19.5,19.43,19.43,19.33,19.04,20.47,20.46,20.77,20.86,20.07,19.58,20.53,20.07,19.44,20.24,20.92,20.31,19.94
2017-06-30 05:14:00-05:00,,,,,,,,,,,,,,,,,,,,,,,,,,,,,,,,,,,,,,,,,,,,,,,,,,,,,,,,,,,,,,,,,,,,,,,,,,,,,,,,,,,,,,,,,,,,,,,,,,,,,,,,,,,,,,,,,,,,,,,,,,
2017-06-30 05:15:00-05:00,11.24901,9.169354,16.994719,9.136531,10.6876135,17.209274,7.025379,11.433422,938195.0,22.95,0.0,20.0,19.8,20.2,22.23,307.9,0.0,0.0,0.0,0.0,0.0,0.0,0.0,0.0,307.1,307.7,2.0,-0.35,0.0,1.0,1.0,0.0,0.0,270.8,273.0,273.2,272.0,0.529,0.0,0.732,0.5,-0.18,0.964,0.0,6000.0,420210.0,201.0,437.0,59.96,7.0,31.0,38.0,32.39,22.28,19.38,20.96,0.925,1.55,1.721,60.0,59.5,75.6,1.0,272.0,272.0,271.0,0.63,0.225,0.67,1962.0,433107.0,13735.0,1967.0,0.941,0.818,0.791,0.836,0.976,0.975,0.976,0.731,0.3,0.3,0.3,0.225,0.0,0.0,0.0,0.0,0.771,295.6,28.14,1.2,3.5,2.0,-1.0,13.36,0.024,0.283,1.0,2.0,0.0,0.001,19.65,19.57,19.45,19.4,19.41,19.12,20.57,20.49,20.8,20.88,20.1,19.64,20.57,20.11,19.5,20.27,20.96,20.35,19.98
2017-06-30 05:16:00-05:00,11.743473,9.824308,17.586868,9.666185,11.202678,17.773516,7.527192,12.022773,938196.0,22.95,0.0,20.48,20.21,20.63,22.28,323.9,0.0,0.0,0.0,0.0,0.0,0.0,0.0,0.0,323.0,323.7,2.0,-0.4,0.0,1.0,1.0,0.0,0.0,270.9,273.7,273.9,272.7,0.552,0.0,0.8,0.557,-0.075,1.003,0.0,6000.0,420210.0,201.0,437.0,59.94,7.0,31.0,38.0,33.0,22.31,19.44,21.2,0.905,1.6,1.73,60.0,59.5,75.6,1.0,272.9,272.8,271.9,0.684,0.151,0.701,1962.0,433107.0,13735.0,1967.0,0.976,0.818,0.791,0.836,0.983,0.981,0.982,0.736,0.318,0.318,0.318,0.238,0.0,0.0,0.0,0.0,1.068,198.0,80.5,2.1,3.5,2.0,-1.0,13.63,0.004,0.282,3.0,2.0,0.0,0.0,19.69,19.6,19.49,19.46,19.4,19.15,20.57,20.54,20.91,20.93,20.16,19.71,20.64,20.19,19.56,20.32,20.99,20.4,20.03
2017-06-30 05:17:00-05:00,12.485166,10.643001,18.29745,10.460667,11.975276,18.450602,8.154458,12.729994,938197.0,22.95,0.0,21.04,20.74,21.15,22.27,308.8,0.0,0.0,0.0,0.0,0.0,0.0,0.0,0.0,307.0,307.5,2.0,-0.34,0.0,1.0,1.0,0.0,0.0,271.0,274.0,274.0,273.0,0.558,0.0,0.778,0.544,-0.16,1.031,0.0,6000.0,420210.0,201.0,437.0,59.95,7.0,31.0,38.0,33.0,22.33,19.46,21.8,0.902,1.6,1.798,60.0,59.5,75.6,1.0,273.0,273.0,272.0,0.682,0.195,0.709,1962.0,433107.0,13735.0,1967.0,0.961,0.818,0.791,0.836,1.022,1.021,1.023,0.766,0.316,0.315,0.316,0.236,0.0,0.0,0.0,0.0,0.724,254.3,60.72,1.6,3.5,2.0,-1.0,13.63,0.004,0.282,3.0,2.0,0.0,0.0,19.74,19.65,19.53,19.55,19.48,19.22,20.57,20.58,20.94,20.96,20.19,19.74,20.59,20.22,19.6,20.34,20.97,20.43,20.06
2017-06-30 05:18:00-05:00,13.226858,11.461692,19.12646,12.446869,12.747874,19.127687,8.781724,13.555086,938198.0,22.95,0.0,21.7,21.43,21.81,22.25,322.1,0.0,0.0,0.0,0.0,0.0,0.0,0.0,0.0,321.2,321.8,2.1,-0.4,0.0,1.0,1.0,0.0,0.0,271.0,274.0,274.0,273.0,0.573,0.0,0.812,0.623,-0.123,1.07,0.0,6000.0,420210.0,201.0,437.0,59.95,7.0,31.0,38.0,33.0,22.31,19.49,22.36,0.995,1.685,1.822,60.0,59.5,75.6,1.0,273.0,273.0,272.0,0.749,0.185,0.772,1962.0,433107.0,13735.0,1967.0,0.971,0.818,0.791,0.836,1.043,1.042,1.043,0.781,0.336,0.336,0.336,0.252,0.0,0.0,0.0,0.0,0.96,197.8,31.55,2.4,3.5,2.0,-1.0,13.63,0.004,0.282,3.0,2.0,0.0,0.0,19.79,19.69,19.59,19.58,19.54,19.22,20.57,20.6,20.92,20.97,20.21,19.77,20.64,20.29,19.63,20.36,21.0,20.44,20.08
2017-06-30 05:19:00-05:00,13.968551,12.444125,19.83704,16.684101,13.64924,19.917622,9.408991,14.380178,938199.0,22.95,0.0,22.35,22.06,22.45,22.28,323.6,0.0,0.0,0.0,0.0,0.0,0.0,0.0,0.0,322.7,323.3,2.436,-0.4,0.0,1.0,1.0,0.0,0.0,271.0,274.0,274.0,273.0,0.555,0.0,0.853,0.689,-0.264,1.1,0.0,6000.0,420210.0,201.0,437.0,59.97,7.0,31.0,38.0,33.0,22.23,19.49,22.84,1.065,1.7,1.942,60.0,59.5,75.6,1.0,273.0,273.0,272.0,0.787,0.282,0.837,1962.0,433107.0,13735.0,1967.0,0.94,0.818,0.791,0.836,1.073,1.071,1.073,0.804,0.347,0.347,0.347,0.26,0.0,0.0,0.0,0.0,1.091,269.5,39.81,2.2,3.502,2.0,-1.0,13.63,0.004,0.282,3.0,2.0,0.0,0.0,19.79,19.69,19.59,19.59,19.59,19.31,20.57,20.63,20.99,21.01,20.25,19.81,20.63,20.33,19.68,20.38,21.01,20.48,20.1
2017-06-30 05:20:00-05:00,14.957475,13.099078,20.54762,21.5834,14.550604,20.707554,9.910803,15.205271,938200.0,22.93,0.0,23.09,22.84,23.14,22.3,323.9,0.0,0.0,0.0,0.0,0.0,0.0,0.0,0.0,322.9,323.5,2.767,-0.4,0.0,1.0,1.1,0.1,0.0,271.1,274.0,274.0,273.0,0.545,0.0,0.9,0.723,-0.268,1.1,0.0,6000.0,420210.0,201.0,437.0,59.97,7.0,31.0,38.0,33.2,22.19,19.52,23.66,1.082,1.7,1.958,60.0,59.5,75.6,1.0,273.0,273.0,272.0,0.827,0.285,0.875,1962.0,433107.0,13735.0,1967.0,0.946,0.818,0.791,0.836,1.106,1.105,1.106,0.829,0.358,0.358,0.358,0.268,0.0,0.0,0.0,0.0,0.908,294.9,43.59,1.3,3.5,2.0,-1.0,13.46,0.006,0.282,1.0,2.0,0.0,0.001,19.79,19.69,19.59,19.59,19.59,19.3,20.59,20.66,20.98,21.02,20.27,19.87,20.69,20.39,19.73,20.4,21.03,20.49,20.12
2017-06-30 05:21:00-05:00,18.047863,13.917769,21.258202,24.893738,15.451971,21.723185,10.538068,16.148233,938201.0,22.92,0.0,23.63,23.55,23.95,22.31,325.3,0.0,0.0,0.0,0.0,0.0,0.0,0.0,0.0,324.6,325.3,3.0,-0.4,0.0,1.0,1.345,0.345,0.0,271.9,274.6,274.8,273.6,0.556,0.0,0.964,0.787,-0.255,1.102,0.0,6000.0,420210.0,201.0,437.0,59.97,7.0,31.0,38.0,33.87,22.23,19.55,25.94,1.096,1.767,2.0,60.0,59.5,75.6,1.0,273.9,273.7,272.8,0.873,0.27,0.914,1962.0,433107.0,13735.0,1967.0,0.955,0.818,0.791,0.836,1.14,1.138,1.141,0.854,0.371,0.37,0.371,0.278,0.0,0.0,0.0,0.0,0.873,266.5,24.48,1.5,3.5,2.0,-1.0,13.63,0.004,0.282,3.0,2.0,0.0,0.0,19.79,19.69,19.66,19.68,19.62,19.31,20.73,20.68,20.98,21.04,20.29,19.94,20.75,20.46,19.81,20.44,21.03,20.54,20.15
2017-06-30 05:22:00-05:00,24.105022,14.736464,22.087212,26.482698,16.353336,22.851662,12.2944145,17.091196,938202.0,22.92,0.0,24.39,24.39,24.79,22.34,332.5,0.0,0.0,0.0,0.0,0.0,0.0,0.0,0.0,331.1,331.9,3.0,-0.4,0.05,1.0,1.85,0.85,0.0,272.0,274.9,275.0,273.9,0.568,0.0,1.065,0.8,-0.268,1.172,0.0,6000.0,420210.0,201.0,437.0,59.97,7.0,31.0,38.0,34.0,22.34,19.62,31.89,1.115,1.8,2.047,60.0,59.5,75.6,1.0,274.0,274.0,273.0,0.93,0.284,0.973,1962.0,433107.0,13735.0,1967.0,0.956,0.818,0.791,0.836,1.169,1.168,1.169,0.876,0.389,0.388,0.389,0.291,0.0,0.0,0.0,0.0,0.77,220.6,39.52,1.4,3.5,2.0,-1.0,13.62,0.004,0.282,3.0,2.0,0.0,0.0,19.88,19.76,19.7,19.69,19.67,19.37,20.69,20.7,21.03,21.07,20.31,20.03,20.81,20.51,19.9,20.48,21.08,20.57,20.19
2017-06-30 05:23:00-05:00,29.04964,15.718894,23.034653,25.423393,17.383465,24.657225,18.943434,18.034159,938203.0,22.92,0.0,25.16,25.45,25.91,22.37,327.8,0.0,0.0,0.0,0.0,0.0,0.0,0.0,0.0,326.6,327.1,3.0,-0.382,0.4,1.0,2.0,1.0,0.0,272.0,274.9,275.0,273.9,0.571,0.0,1.098,0.813,-0.298,1.202,0.0,6000.0,420210.0,201.0,437.0,59.98,7.0,31.0,38.24,34.0,22.38,19.62,37.12,1.173,1.86,2.111,60.0,59.5,75.6,1.0,274.0,274.0,273.0,0.967,0.309,1.015,1962.0,433107.0,13735.0,1967.0,0.952,0.818,0.791,0.836,1.214,1.213,1.214,0.91,0.397,0.397,0.397,0.298,0.0,0.0,0.0,0.0,0.789,190.9,39.76,1.5,3.5,2.0,-1.0,13.63,0.004,0.282,3.0,2.0,0.0,0.0,19.89,19.77,19.72,19.72,19.73,19.43,20.67,20.72,21.03,21.09,20.33,20.1,20.86,20.57,19.97,20.52,21.11,20.62,20.23
2017-06-30 05:24:00-05:00,,,,,,,,,,,,,,,,,,,,,,,,,,,,,,,,,,,,,,,,,,,,,,,,,,,,,,,,,,,,,,,,,,,,,,,,,,,,,,,,,,,,,,,,,,,,,,,,,,,,,,,,,,,,,,,,,,,,,,,,,,
2017-06-30 05:25:00-05:00,33.376186,17.847494,24.929535,26.350286,26.139584,40.907295,27.09789,20.391565,938204.0,22.92,0.0,27.05,31.88,32.44,22.42,326.0,0.0,0.0,0.0,0.0,0.0,0.0,0.0,0.0,324.8,325.6,3.265,-0.4,1.0,1.408,2.0,1.0,0.0,272.0,275.0,275.0,274.0,0.576,0.0,1.21,1.006,-0.247,1.314,0.0,6000.0,420210.0,201.0,437.0,59.97,7.0,31.0,38.84,34.0,22.44,19.74,41.66,1.2,1.986,2.2,60.0,59.5,75.6,1.0,274.0,274.0,273.0,1.114,0.257,1.143,1962.0,433107.0,13735.0,1967.0,0.974,0.818,0.791,0.836,1.335,1.335,1.336,1.001,0.435,0.435,0.436,0.326,0.0,0.0,0.0,0.0,1.027,250.7,51.02,2.2,3.502,2.0,-1.0,13.45,0.014,0.281,1.0,2.0,0.0,0.001,19.99,19.89,19.87,19.83,19.87,19.51,20.69,20.79,21.13,21.15,20.4,20.24,20.98,20.72,20.1,20.61,21.18,20.7,20.32
2017-06-30 05:26:00-05:00,36.713802,18.829924,25.995405,32.441307,34.766933,48.46809,30.61058,22.74897,938205.0,22.92,0.0,27.77,34.6,35.33,22.41,324.9,0.0,0.0,0.0,0.0,0.0,0.0,0.0,0.0,324.2,324.7,3.891,-0.4,1.0,2.0,2.0,1.0,0.0,270.3,273.2,273.2,272.2,0.571,0.0,1.298,1.087,-0.247,1.398,0.0,6000.0,420210.0,201.0,437.0,59.97,7.0,31.0,38.96,34.09,22.49,19.76,44.91,1.267,2.045,2.278,60.0,59.5,75.6,1.0,272.2,272.2,271.2,1.19,0.249,1.216,1962.0,433107.0,13735.0,1967.0,0.979,0.818,0.791,0.836,1.395,1.394,1.395,1.045,0.453,0.453,0.453,0.34,0.0,0.0,0.0,0.0,0.751,221.7,54.0,1.6,3.498,2.0,-1.0,13.44,-0.006,0.284,1.0,2.0,0.0,0.001,20.01,19.89,19.89,19.91,19.85,19.58,20.76,20.82,21.11,21.17,20.42,20.3,21.07,20.78,20.18,20.66,21.26,20.77,20.38
2017-06-30 05:27:00-05:00,39.433346,19.648619,26.942844,37.075783,41.462788,51.740677,32.994194,26.638695,938206.0,22.92,0.0,28.65,36.55,37.33,22.43,333.2,0.0,0.0,0.0,0.0,0.0,0.0,0.0,0.0,331.7,332.6,3.964,-0.404,1.0,2.0,2.0,1.0,0.0,270.0,272.7,272.9,271.7,0.578,0.0,1.391,1.124,-0.224,1.404,0.0,6000.0,420210.0,201.0,437.0,59.96,7.0,31.0,39.0,35.0,22.53,19.82,47.43,1.331,2.133,2.351,60.0,59.5,75.6,1.0,272.0,272.0,271.0,1.274,0.227,1.295,1962.0,433107.0,13735.0,1967.0,0.984,0.818,0.791,0.836,1.436,1.434,1.435,1.075,0.478,0.478,0.478,0.358,0.0,0.0,0.0,0.0,0.675,258.8,27.28,1.1,3.5,2.0,-1.0,13.63,0.004,0.283,3.0,2.0,0.0,0.0,20.07,19.89,19.89,19.99,19.82,19.6,20.78,20.87,21.15,21.21,20.47,20.38,21.08,20.85,20.27,20.73,21.3,20.85,20.47
2017-06-30 05:28:00-05:00,41.411194,20.794786,27.890287,39.06198,43.909348,54.110477,34.87599,37.12915,938207.0,22.92,0.0,29.59,38.34,39.15,22.44,331.0,0.0,0.0,0.0,0.0,0.0,0.0,0.0,0.0,330.3,331.1,4.0,-0.396,1.0,2.0,2.0,1.0,0.0,270.0,272.9,273.0,271.8,0.564,0.0,1.427,1.2,-0.258,1.487,0.0,6000.0,420211.0,202.0,437.0,59.96,7.0,31.0,39.0,35.0,22.51,19.83,49.43,1.418,2.231,2.456,60.0,59.5,75.6,1.0,272.0,272.0,270.9,1.342,0.238,1.363,1962.0,433107.0,13735.0,1967.0,0.984,0.818,0.791,0.836,1.495,1.493,1.495,1.12,0.494,0.494,0.494,0.37,0.0,0.0,0.0,0.0,0.476,265.2,38.51,1.0,3.5,2.0,-1.0,13.63,0.004,0.283,3.0,2.0,0.0,0.0,20.08,19.89,20.0,19.99,19.83,19.61,20.77,20.95,21.26,21.29,20.55,20.48,21.17,20.94,20.37,20.83,21.38,20.94,20.57
2017-06-30 05:29:00-05:00,43.018196,21.777218,28.837727,40.91577,45.840847,56.14174,36.381428,47.73748,938208.0,22.92,0.0,30.54,39.97,40.83,22.46,312.9,0.0,0.0,0.0,0.0,0.0,0.0,0.0,0.0,311.4,311.9,4.545,-0.355,1.0,2.0,2.0,1.0,0.0,270.0,272.8,273.0,271.8,0.576,0.0,1.435,1.247,-0.171,1.544,0.0,6000.0,420211.0,202.0,437.0,59.95,7.0,31.0,39.0,35.0,22.57,19.89,50.98,1.493,2.325,2.525,60.0,59.5,75.6,1.0,272.0,272.0,271.0,1.36,0.185,1.373,1962.0,433107.0,13735.0,1967.0,0.991,0.818,0.791,0.836,1.587,1.585,1.586,1.189,0.496,0.496,0.496,0.372,0.0,0.0,0.0,0.0,1.075,303.7,20.65,1.8,3.5,2.0,-1.0,13.63,0.004,0.283,3.0,2.0,0.0,0.0,20.08,19.94,19.98,20.12,19.9,19.59,20.86,21.04,21.36,21.4,20.65,20.62,21.26,21.04,20.49,20.93,21.46,21.03,20.67
2017-06-30 05:30:00-05:00,44.87243,22.923388,30.022026,42.901974,47.901108,58.39869,37.886868,52.805904,938209.0,22.92,0.0,31.59,41.77,42.69,22.49,325.6,0.0,0.0,0.0,0.0,0.0,0.0,0.0,0.0,324.4,325.3,5.0,-0.4,1.0,2.0,2.0,1.0,0.0,270.0,272.5,272.9,271.5,0.567,0.0,1.582,1.393,-0.2,1.653,0.0,6000.0,420211.0,202.0,437.0,59.96,7.0,31.0,39.0,35.0,22.63,19.96,52.83,1.557,2.432,2.607,60.0,59.5,75.6,1.0,272.0,271.9,270.9,1.491,0.196,1.504,1962.0,433107.0,13735.0,1967.0,0.991,0.818,0.791,0.836,1.636,1.635,1.636,1.226,0.533,0.532,0.533,0.399,0.0,0.0,0.0,0.0,0.57,258.6,67.99,1.3,3.5,2.0,-1.0,13.63,0.004,0.283,3.0,2.0,0.0,0.0,20.15,20.04,20.1,20.15,20.02,19.71,20.95,21.14,21.48,21.51,20.74,20.73,21.37,21.13,20.6,21.01,21.52,21.11,20.77
2017-06-30 05:31:00-05:00,47.097507,24.397034,31.324759,45.41783,50.6052,61.219887,40.019573,55.634792,938210.0,22.92,0.0,33.05,44.09,45.0,22.49,335.4,0.0,0.0,0.0,0.0,0.0,0.0,0.0,0.0,334.3,335.2,5.0,-0.412,1.0,2.0,2.0,1.0,0.0,269.8,272.0,272.5,271.0,0.57,0.0,1.707,1.478,-0.097,1.708,0.0,6000.0,420211.0,202.0,437.0,59.94,7.0,31.0,39.0,35.0,22.72,20.02,55.03,1.638,2.537,2.71,60.0,59.5,75.6,1.0,271.7,271.3,270.4,1.61,0.118,1.614,1962.0,433107.0,13735.0,1967.0,0.997,0.818,0.791,0.836,1.687,1.686,1.686,1.264,0.566,0.565,0.565,0.424,0.0,0.0,0.0,0.0,1.127,283.0,39.79,1.6,3.5,2.0,-1.0,13.43,-0.004,0.284,1.0,2.0,0.0,0.001,20.17,20.12,20.13,20.2,20.05,19.73,21.01,21.25,21.6,21.61,20.85,20.84,21.48,21.23,20.71,21.11,21.6,21.2,20.86
2017-06-30 05:32:00-05:00,49.569817,26.198156,32.864353,47.933685,53.18053,64.15392,42.152275,58.46368,938211.0,22.93,0.0,34.08,46.24,47.2,22.51,338.9,0.0,0.0,0.0,0.0,0.0,0.0,0.0,0.0,337.9,338.7,5.0,-0.408,1.0,2.0,2.0,1.0,0.0,269.6,272.0,272.5,271.0,0.575,0.0,1.818,1.61,-0.12,1.788,0.0,6000.0,420211.0,202.0,437.0,59.95,7.0,31.0,39.0,35.02,22.61,20.09,57.4,1.765,2.665,2.83,60.0,59.5,75.6,1.0,271.7,271.3,270.4,1.721,0.135,1.727,1962.0,433107.0,13735.0,1967.0,0.997,0.818,0.791,0.836,1.758,1.758,1.758,1.318,0.595,0.595,0.596,0.446,0.0,0.0,0.0,0.0,0.972,231.1,26.52,1.7,3.5,2.0,-1.0,13.56,0.013,0.284,3.0,2.0,0.0,0.0,20.25,20.21,20.17,20.3,20.1,19.78,21.06,21.35,21.7,21.72,20.94,20.96,21.58,21.34,20.83,21.21,21.68,21.3,20.98
2017-06-30 05:33:00-05:00,52.28936,28.326756,34.522373,50.58196,55.627094,67.08797,44.410435,61.174698,938212.0,22.95,0.0,35.15,48.46,49.43,22.55,336.2,0.0,0.0,0.0,0.0,0.0,0.0,0.0,0.0,335.1,336.1,5.417,-0.4,1.0,2.0,2.017,1.017,0.0,269.7,272.0,272.7,271.0,0.57,0.0,1.932,1.693,-0.282,1.907,0.0,6000.0,420211.0,202.0,437.0,59.98,7.0,31.0,39.0,35.92,22.58,20.17,59.8,1.933,2.772,2.977,60.0,59.5,75.6,1.0,271.8,271.2,270.6,1.804,0.277,1.826,1962.0,433107.0,13735.0,1967.0,0.988,0.818,0.791,0.836,1.839,1.838,1.839,1.378,0.618,0.618,0.618,0.463,0.0,0.0,0.0,0.0,0.58,244.1,53.75,1.4,3.5,2.0,-1.0,13.62,0.004,0.284,3.0,2.0,0.0,0.0,20.28,20.3,20.29,20.44,20.19,19.91,21.06,21.45,21.82,21.83,21.05,21.07,21.66,21.45,20.94,21.32,21.77,21.41,21.09
2017-06-30 05:34:00-05:00,54.26721,29.800402,35.943535,52.303333,57.68736,69.57062,46.417686,63.41423,938213.0,22.95,0.0,36.03,50.34,51.29,22.61,338.4,0.0,0.0,0.0,0.0,0.0,0.0,0.0,0.0,337.2,338.1,5.967,-0.402,1.0,2.0,2.567,1.567,0.0,269.5,272.0,272.5,271.0,0.595,0.0,1.997,1.71,-0.3,1.987,0.0,6000.0,420211.0,202.0,437.0,59.98,7.0,31.0,39.0,36.0,22.61,20.26,61.63,2.01,2.848,3.087,60.0,59.5,75.6,1.0,271.5,271.2,270.5,1.881,0.297,1.905,1962.0,433107.0,13735.0,1967.0,0.988,0.818,0.791,0.836,1.89,1.889,1.889,1.415,0.64,0.639,0.639,0.479,0.0,0.0,0.0,0.0,0.767,235.8,57.24,1.9,3.5,2.0,-1.0,13.62,0.004,0.284,3.0,2.0,0.0,0.0,20.38,20.41,20.4,20.5,20.26,20.02,21.15,21.57,21.93,21.94,21.15,21.19,21.79,21.56,21.07,21.44,21.87,21.53,21.21
2017-06-30 05:35:00-05:00,56.98675,30.946571,37.009403,54.951603,60.262684,72.504654,48.92675,66.24312,938214.0,22.97,0.0,36.88,52.5,53.46,22.68,344.5,0.0,0.0,0.0,0.0,0.0,0.0,0.0,0.0,343.3,344.2,5.983,-0.407,1.0,2.267,2.983,1.983,0.0,269.5,272.0,272.4,271.0,0.578,0.0,2.045,1.818,-0.243,2.0,0.0,6000.0,420211.0,202.0,437.0,59.97,7.0,31.0,39.0,36.0,22.66,20.37,64.21,2.075,2.935,3.133,60.0,59.5,75.6,1.0,271.5,271.3,270.4,1.965,0.215,1.977,1962.0,433107.0,13735.0,1967.0,0.994,0.818,0.791,0.836,1.924,1.923,1.924,1.441,0.662,0.662,0.662,0.496,0.0,0.0,0.0,0.0,1.163,180.3,17.0,1.8,3.5,2.0,-1.0,13.63,0.004,0.284,3.0,2.0,0.0,0.0,20.44,20.51,20.5,20.63,20.33,20.13,21.17,21.69,22.05,22.05,21.27,21.33,21.89,21.69,21.2,21.55,21.96,21.63,21.32
2017-06-30 05:36:00-05:00,58.964596,32.747692,38.548992,56.93781,62.32295,74.76161,50.808548,68.48265,938215.0,22.98,0.0,37.81,54.33,55.28,22.73,344.7,0.0,0.0,0.0,0.0,0.0,0.0,0.0,0.0,343.8,344.6,6.0,-0.435,1.55,2.933,3.0,2.0,0.0,269.9,272.8,272.9,271.8,0.593,0.0,2.175,1.94,-0.218,2.097,0.0,6000.0,420211.0,202.0,437.0,59.97,7.0,31.0,39.0,36.0,22.67,20.43,66.07,2.185,3.057,3.257,60.0,59.5,75.6,1.0,271.9,271.9,270.9,2.055,0.196,2.064,1962.0,433107.0,13735.0,1967.0,0.995,0.818,0.791,0.836,1.989,1.988,1.99,1.49,0.685,0.685,0.686,0.514,0.0,0.0,0.0,0.0,0.798,281.4,48.86,1.5,3.5,2.0,-1.0,13.63,0.004,0.284,3.0,2.0,0.0,0.0,20.51,20.62,20.63,20.78,20.47,20.22,21.25,21.8,22.17,22.16,21.39,21.45,22.0,21.81,21.32,21.65,22.05,21.74,21.44
2017-06-30 05:37:00-05:00,60.695213,33.730125,40.325447,58.526764,63.996906,76.79287,52.690346,70.48645,938216.0,23.0,0.0,38.96,55.92,56.91,22.71,355.3,0.0,0.0,0.0,0.0,0.0,0.0,0.0,0.0,354.2,355.1,6.0,-0.412,1.9,2.967,3.0,2.0,0.0,270.0,273.0,273.0,272.0,0.6,0.0,2.26,1.993,-0.202,2.152,0.0,6000.0,420211.0,202.0,437.0,59.96,7.0,31.0,39.0,36.0,22.76,20.52,67.7,2.215,3.107,3.295,60.0,59.5,75.6,1.0,272.0,272.0,271.0,2.12,0.184,2.128,1962.0,433107.0,13735.0,1967.0,0.996,0.818,0.791,0.836,1.989,1.99,1.989,1.493,0.707,0.707,0.707,0.53,0.0,0.0,0.0,0.0,0.925,281.1,25.03,1.5,3.5,2.0,-1.0,13.42,0.005,0.285,1.0,2.0,0.0,0.001,20.57,20.67,20.71,20.87,20.55,20.32,21.32,21.92,22.26,22.26,21.49,21.59,22.12,21.92,21.45,21.76,22.13,21.84,21.55
2017-06-30 05:38:00-05:00,62.92029,35.04003,41.39132,60.91021,66.314705,79.27552,55.07396,72.72599,938217.0,23.02,0.0,40.16,57.85,58.86,22.7,359.3,0.0,0.0,0.0,0.0,0.0,0.0,0.0,0.0,358.3,359.2,6.0,-0.408,1.95,3.0,3.0,2.0,0.0,270.0,273.0,273.0,272.0,0.598,0.0,2.29,2.0,-0.143,2.195,0.0,6000.0,420211.0,202.0,437.0,59.95,7.0,31.0,39.0,36.6,22.82,20.58,69.96,2.24,3.138,3.312,60.0,59.5,75.6,1.0,272.0,272.0,271.0,2.159,0.125,2.162,1962.0,433107.0,13735.0,1967.0,0.998,0.818,0.791,0.836,1.991,1.989,1.993,1.495,0.715,0.715,0.716,0.537,0.0,0.0,0.0,0.0,1.185,314.7,17.45,1.9,3.5,2.0,-1.0,13.63,0.004,0.284,3.0,2.0,0.0,0.0,20.65,20.73,20.81,20.98,20.64,20.4,21.43,22.03,22.37,22.36,21.6,21.72,22.22,22.03,21.58,21.87,22.21,21.95,21.66
2017-06-30 05:39:00-05:00,65.51621,50.103973,48.97084,63.690895,69.4051,82.548096,58.084835,75.908485,938218.0,23.04,0.0,41.79,60.19,61.22,22.68,361.4,0.0,0.0,0.0,0.0,0.0,0.0,0.0,0.0,360.4,361.3,6.033,-0.407,2.0,3.0,3.0,2.0,0.0,270.0,273.0,273.0,272.0,0.592,0.0,2.312,2.048,-0.152,2.27,0.0,6000.0,420211.0,202.0,437.0,59.95,7.0,31.0,39.0,37.0,22.74,20.69,72.84,2.337,3.232,3.393,60.0,59.5,75.6,1.0,272.0,272.0,271.0,2.226,0.137,2.23,1962.0,433107.0,13735.0,1967.0,0.998,0.818,0.791,0.836,2.037,2.034,2.038,1.528,0.736,0.735,0.736,0.552,0.0,0.0,0.0,0.0,0.937,247.3,27.6,1.6,3.5,2.0,-1.0,13.62,0.004,0.284,3.0,2.0,0.0,0.0,20.73,20.81,20.9,21.13,20.76,20.53,21.5,22.13,22.46,22.47,21.7,21.84,22.32,22.14,21.7,21.98,22.3,22.04,21.77
2017-06-30 05:40:00-05:00,66.62875,66.150345,60.932285,64.750206,70.563995,83.902275,59.339367,76.85145,938219.0,23.06,0.0,44.89,61.45,62.48,22.73,351.0,0.0,0.0,0.0,0.0,0.0,0.0,0.0,0.0,350.6,351.4,6.833,-0.423,2.0,3.0,3.0,2.0,0.0,270.0,273.0,273.0,272.0,0.578,0.0,2.485,2.245,-0.202,2.412,0.0,6000.0,420211.0,202.0,437.0,59.96,7.0,31.0,39.0,37.0,22.8,20.79,74.13,2.548,3.438,3.632,60.0,59.5,75.6,1.0,272.0,272.0,271.0,2.377,0.155,2.382,1962.0,433107.0,13735.0,1967.0,0.998,0.818,0.791,0.836,2.202,2.205,2.206,1.65,0.772,0.774,0.774,0.579,0.0,0.0,0.0,0.0,0.493,283.6,46.36,1.2,3.5,2.0,-1.0,13.63,0.004,0.284,3.0,2.0,0.0,0.0,20.83,20.86,21.04,21.26,20.83,20.61,21.56,22.24,22.56,22.56,21.8,21.96,22.41,22.25,21.82,22.09,22.38,22.15,21.88
2017-06-30 05:41:00-05:00,68.73022,71.55372,66.1432,67.00123,72.75303,86.61062,61.597523,79.32672,938220.0,23.08,0.0,46.99,63.28,64.38,22.75,355.9,0.0,0.0,0.0,0.0,0.0,0.0,0.0,0.0,354.9,355.9,7.0,-0.438,2.0,3.0,3.0,2.0,0.0,270.0,272.7,272.9,271.7,0.568,0.0,2.59,2.3,-0.263,2.537,0.0,6000.0,420211.0,202.0,437.0,59.97,7.0,31.0,39.0,37.0,22.78,20.88,76.37,2.663,3.542,3.755,60.0,59.5,75.6,1.0,272.0,272.0,270.9,2.472,0.201,2.48,1962.0,433107.0,13735.0,1967.0,0.997,0.818,0.791,0.836,2.251,2.249,2.25,1.686,0.801,0.801,0.801,0.6,0.0,0.0,0.0,0.0,1.317,206.5,21.29,1.7,3.5,2.0,-1.0,13.62,0.004,0.285,3.0,2.0,0.0,0.0,20.93,20.98,21.17,21.39,20.95,20.74,21.64,22.34,22.67,22.66,21.9,22.09,22.52,22.36,21.95,22.2,22.47,22.26,22.0
2017-06-30 05:42:00-05:00,69.3483,72.04493,66.97222,67.53088,73.39686,87.17486,62.350243,79.79821,938221.0,23.1,0.0,47.54,63.9,64.95,22.77,360.7,0.0,0.0,0.0,0.0,0.0,0.0,0.0,0.0,359.5,360.5,6.933,-0.422,2.0,3.0,3.0,2.0,0.0,270.0,272.8,273.0,271.8,0.567,0.0,2.577,2.29,-0.18,2.502,0.0,6000.0,420211.0,202.0,437.0,59.96,7.0,31.0,39.0,37.0,22.79,20.98,76.74,2.63,3.517,3.703,60.0,59.5,75.6,1.0,272.0,272.0,271.0,2.455,0.147,2.46,1962.0,433107.0,13735.0,1967.0,0.998,0.818,0.791,0.836,2.218,2.211,2.21,1.658,0.8,0.797,0.797,0.598,0.0,0.0,0.0,0.0,1.145,225.5,19.16,1.8,3.5,2.0,-1.0,13.33,-0.003,0.284,1.0,2.0,0.0,0.001,21.06,21.06,21.26,21.5,21.03,20.85,21.66,22.44,22.77,22.77,22.0,22.21,22.63,22.47,22.08,22.3,22.55,22.36,22.11
2017-06-30 05:43:00-05:00,52.16574,55.01613,54.89235,51.111614,56.657223,66.86227,46.041325,61.056828,938222.0,23.13,0.0,44.55,53.72,54.48,22.77,363.3,0.0,0.0,0.0,0.0,0.0,0.0,0.0,0.0,362.2,363.3,5.667,-0.402,1.283,2.533,2.6,1.6,0.0,269.9,272.2,272.6,271.2,0.56,0.0,2.138,1.903,-0.152,2.085,0.0,6000.0,420211.0,202.0,437.0,59.95,7.0,31.0,39.0,37.23,22.77,21.06,59.02,2.102,2.995,3.168,60.0,59.5,75.6,1.0,271.8,271.6,270.6,2.04,0.134,2.044,1962.0,433107.0,13735.0,1967.0,0.997,0.818,0.791,0.836,1.883,1.88,1.88,1.414,0.684,0.683,0.683,0.513,0.0,0.0,0.0,0.0,0.862,205.8,19.11,1.7,3.5,2.0,-1.0,13.33,0.011,0.287,1.0,2.0,0.0,0.001,21.14,21.14,21.36,21.62,21.17,20.97,21.71,22.52,22.82,22.82,22.08,22.3,22.67,22.55,22.17,22.37,22.61,22.43,22.18
2017-06-30 05:44:00-05:00,62.549442,65.167915,63.182457,59.453663,64.38321,76.45433,53.568516,68.60053,938223.0,23.15,0.0,48.5,60.39,61.26,22.76,352.6,0.0,0.0,0.0,0.0,0.0,0.0,0.0,0.0,351.6,352.5,7.0,-0.433,1.9,2.95,2.967,1.967,0.0,270.0,272.2,272.5,271.2,0.565,0.0,2.567,2.317,-0.123,2.497,0.0,6000.0,420211.0,202.0,437.0,59.95,7.0,31.0,39.0,37.95,22.73,21.11,70.72,2.612,3.533,3.707,60.0,59.5,75.6,1.0,271.9,271.5,270.5,2.465,0.096,2.467,1962.0,433107.0,13735.0,1967.0,0.999,0.818,0.791,0.836,2.284,2.283,2.286,1.71,0.803,0.803,0.804,0.602,0.0,0.0,0.0,0.0,0.705,235.4,43.85,1.4,3.5,2.0,-1.0,13.63,0.004,0.284,3.0,2.0,0.0,0.0,21.19,21.24,21.37,21.68,21.18,21.0,21.74,22.53,22.81,22.8,22.08,22.31,22.67,22.55,22.18,22.37,22.6,22.42,22.18
2017-06-30 05:45:00-05:00,74.540146,77.61203,72.65686,72.695015,78.805046,93.15579,67.61928,85.33811,938224.0,23.18,0.0,52.02,69.11,70.21,22.8,351.5,0.0,0.0,0.0,0.0,0.0,0.0,0.0,0.0,350.4,351.3,8.0,-0.465,2.0,3.75,3.567,2.85,0.0,269.5,272.1,272.3,271.1,0.58,0.0,2.895,2.608,-0.073,2.852,0.0,6000.0,420211.0,202.0,437.0,59.94,7.0,31.0,39.0,38.0,22.78,21.19,81.4,2.993,3.973,4.097,60.0,59.5,75.6,1.0,271.6,271.3,270.1,2.801,0.044,2.802,1962.0,433107.0,13735.0,1967.0,0.933,0.818,0.791,0.836,2.528,2.527,2.527,1.894,0.889,0.888,0.888,0.666,0.0,0.0,0.0,0.0,1.258,236.1,56.2,2.0,3.5,2.0,-1.0,13.63,0.004,0.285,3.0,2.0,0.0,0.0,21.25,21.35,21.49,21.78,21.3,21.08,21.77,22.63,22.9,22.9,22.18,22.43,22.78,22.66,22.29,22.47,22.68,22.52,22.28
2017-06-30 05:46:00-05:00,75.40546,78.430725,73.48587,73.75432,79.96394,94.50996,68.74835,86.752556,938225.0,23.21,0.0,52.34,69.88,70.92,22.74,350.2,0.0,0.0,0.0,0.0,0.0,0.0,0.0,0.0,349.0,350.0,8.0,-0.488,2.0,3.367,3.783,2.8,0.0,270.1,272.9,272.9,271.9,0.555,0.0,2.897,2.628,-0.145,2.86,0.0,6000.0,420211.0,202.0,437.0,59.95,7.0,31.0,39.0,38.0,22.81,21.27,81.7,2.997,3.948,4.132,60.0,59.5,75.6,1.0,271.9,271.9,270.9,2.803,0.109,2.805,1962.0,433107.0,13735.0,1967.0,0.999,0.818,0.791,0.836,2.535,2.536,2.536,1.901,0.888,0.888,0.888,0.666,0.0,0.0,0.0,0.0,1.173,270.2,44.18,1.9,3.5,2.0,-1.0,13.63,0.004,0.285,3.0,2.0,0.0,0.0,21.35,21.45,21.57,21.88,21.34,21.2,21.84,22.73,23.0,23.0,22.27,22.55,22.86,22.76,22.41,22.58,22.77,22.62,22.39
2017-06-30 05:47:00-05:00,71.20253,74.17353,70.16983,69.384674,75.71465,88.98042,63.981133,81.448395,938226.0,23.23,0.0,50.96,66.68,67.75,22.74,347.4,0.0,0.0,0.0,0.0,0.0,0.0,0.0,0.0,346.3,347.2,7.8,-0.438,2.0,3.0,3.0,2.0,0.0,270.6,273.0,273.2,272.0,0.567,0.0,2.76,2.515,-0.173,2.687,0.0,6000.0,420211.0,202.0,437.0,59.95,7.0,31.0,39.0,38.0,22.81,21.34,77.14,2.85,3.783,3.958,60.0,59.5,75.6,1.0,272.0,272.0,271.0,2.661,0.121,2.664,1962.0,433108.0,13735.0,1967.0,0.999,0.818,0.791,0.836,2.444,2.45,2.452,1.834,0.849,0.851,0.852,0.637,0.0,0.0,0.0,0.0,1.225,195.8,16.16,1.9,3.5,2.0,-1.0,13.63,0.004,0.285,3.0,2.0,0.0,0.0,21.43,21.56,21.68,22.01,21.47,21.29,21.92,22.81,23.06,23.07,22.35,22.65,22.94,22.85,22.51,22.67,22.84,22.7,22.48
2017-06-30 05:48:00-05:00,69.3483,71.38998,68.39338,69.649506,75.07082,89.65751,65.73748,82.39136,938227.0,23.26,0.0,50.43,67.03,68.14,22.8,343.6,0.0,0.0,0.0,0.0,0.0,0.0,0.0,0.0,342.5,343.3,7.717,-0.413,2.0,3.0,3.0,2.0,0.0,270.5,273.0,273.1,272.0,0.562,0.0,2.712,2.455,-0.122,2.635,0.0,6000.0,420211.0,202.0,437.0,59.95,7.0,31.0,39.0,38.0,22.82,21.39,75.15,2.777,3.737,3.887,60.0,59.5,75.6,1.0,272.0,272.0,271.0,2.608,0.092,2.61,1962.0,433108.0,13735.0,1967.0,0.999,0.818,0.791,0.836,2.431,2.43,2.43,1.821,0.835,0.835,0.835,0.625,0.0,0.0,0.0,0.0,1.285,237.7,38.56,2.2,3.5,2.0,-1.0,13.43,-0.004,0.285,1.0,2.0,0.0,0.001,21.5,21.69,21.73,22.07,21.54,21.36,21.93,22.87,23.1,23.13,22.41,22.74,23.02,22.93,22.6,22.74,22.91,22.76,22.55
2017-06-30 05:49:00-05:00,61.931366,65.33165,63.893036,59.453663,65.928406,76.68002,53.819424,70.01497,938228.0,23.29,0.0,48.48,58.88,60.45,22.8,353.1,0.0,0.0,0.0,0.0,0.0,0.0,0.0,0.0,352.1,353.0,7.0,-0.453,2.0,3.0,3.0,2.0,0.0,270.0,273.0,273.0,272.0,0.577,0.0,2.562,2.297,-0.138,2.503,0.0,6000.0,420211.0,202.0,437.0,59.95,7.0,31.0,39.0,38.82,22.86,21.45,67.13,2.63,3.537,3.703,60.0,59.5,75.6,1.0,272.0,272.0,271.0,2.454,0.112,2.456,1962.0,433108.0,13735.0,1967.0,0.999,0.818,0.791,0.836,2.249,2.248,2.25,1.685,0.794,0.794,0.795,0.595,0.0,0.0,0.0,0.0,0.893,298.6,55.58,1.8,3.502,2.0,-1.0,13.5,0.013,0.285,3.0,2.0,0.0,0.001,21.56,21.71,21.78,22.12,21.57,21.44,21.98,22.92,23.15,23.15,22.46,22.8,23.03,22.97,22.65,22.77,22.92,22.79,22.59
2017-06-30 05:50:00-05:00,50.558743,53.051266,54.655487,48.86058,54.596962,63.363995,42.905,57.04924,938229.0,23.32,0.0,45.16,49.28,51.17,22.81,346.6,0.0,0.0,0.0,0.0,0.0,0.0,0.0,0.0,345.5,346.4,6.617,-0.433,1.9,2.967,3.0,2.0,0.0,270.0,273.0,273.0,272.0,0.583,0.0,2.327,2.103,-0.193,2.287,0.0,6000.0,420211.0,202.0,437.0,59.96,7.0,31.07,39.0,39.0,22.81,21.47,56.18,2.407,3.295,3.482,60.0,59.5,75.6,1.0,272.0,272.0,271.0,2.247,0.164,2.253,1962.0,433108.0,13735.0,1967.0,0.997,0.818,0.791,0.836,2.13,2.131,2.128,1.596,0.738,0.738,0.738,0.553,0.0,0.0,0.0,0.0,0.97,206.9,46.37,1.8,3.5,2.0,-1.0,13.63,0.004,0.284,3.0,2.0,0.0,0.0,21.61,21.8,21.83,22.12,21.63,21.44,22.01,22.91,23.12,23.1,22.44,22.79,23.01,22.95,22.64,22.73,22.87,22.76,22.56
2017-06-30 05:51:00-05:00,33.376186,35.203773,40.799168,32.044067,36.31213,42.487167,26.470627,37.36489,938230.0,23.36,0.0,39.79,40.57,41.22,22.77,351.1,0.0,0.0,0.0,0.0,0.0,0.0,0.0,0.0,350.0,351.0,5.067,-0.408,1.0,2.0,2.033,1.033,0.0,270.0,273.0,273.0,272.0,0.572,0.0,1.953,1.708,-0.295,1.913,0.0,6000.0,420211.0,202.0,437.0,59.98,7.0,31.47,39.0,39.0,22.73,21.47,39.85,1.918,2.733,2.96,60.0,59.5,75.6,1.0,272.0,272.0,271.0,1.833,0.277,1.854,1962.0,433108.0,13735.0,1967.0,0.989,0.818,0.791,0.836,1.794,1.79,1.794,1.345,0.63,0.628,0.63,0.472,0.0,0.0,0.0,0.0,1.133,212.6,25.65,1.9,3.5,2.0,-1.0,13.62,0.004,0.284,3.0,2.0,0.0,0.0,21.64,21.75,21.83,22.12,21.57,21.44,21.93,22.84,23.04,23.0,22.37,22.72,22.92,22.87,22.57,22.66,22.78,22.69,22.49
2017-06-30 05:52:00-05:00,38.19719,39.78845,44.94422,35.221992,39.531292,44.63127,29.230598,40.07591,938231.0,23.39,0.0,41.82,42.94,43.18,22.75,351.8,0.0,0.0,0.0,0.0,0.0,0.0,0.0,0.0,350.7,351.7,5.7,-0.408,1.0,2.433,2.767,1.767,0.0,270.0,272.4,272.8,271.4,0.567,0.0,2.057,1.815,-0.26,2.008,0.0,6000.0,420211.0,202.0,437.0,59.97,7.0,31.77,39.0,39.0,22.65,21.43,44.55,2.042,2.905,3.127,60.0,59.5,75.6,1.0,272.0,271.8,271.0,1.962,0.232,1.976,1962.0,433108.0,13735.0,1967.0,0.993,0.818,0.791,0.836,1.895,1.894,1.892,1.42,0.666,0.666,0.666,0.5,0.0,0.0,0.0,0.0,0.945,240.1,39.3,1.9,3.499,2.0,-1.0,13.63,0.004,0.284,3.0,2.0,0.0,0.0,21.54,21.65,21.76,22.12,21.54,21.44,21.93,22.75,22.93,22.87,22.27,22.63,22.82,22.77,22.48,22.58,22.69,22.59,22.39
2017-06-30 05:53:00-05:00,44.254353,46.17425,50.392006,41.1806,45.583313,49.822266,35.503258,46.794518,938232.0,23.42,0.0,44.49,47.35,47.68,22.72,354.5,0.0,0.0,0.0,0.0,0.0,0.0,0.0,0.0,353.4,354.4,6.117,-0.423,1.467,2.767,3.0,2.0,0.0,270.0,272.8,273.0,271.8,0.582,0.0,2.198,1.955,-0.232,2.127,0.0,6000.0,420211.0,202.0,437.0,59.97,7.0,31.67,39.0,39.0,22.65,21.43,50.21,2.205,3.077,3.268,60.0,59.5,75.6,1.0,272.0,272.0,271.0,2.101,0.202,2.111,1962.0,433108.0,13735.0,1967.0,0.995,0.818,0.791,0.836,1.989,1.991,1.99,1.491,0.705,0.706,0.705,0.528,0.0,0.0,0.0,0.0,1.222,212.8,24.59,2.7,3.5,2.0,-1.0,13.63,0.004,0.284,3.0,2.0,0.0,0.0,21.53,21.7,21.81,22.12,21.54,21.44,21.93,22.69,22.84,22.79,22.21,22.57,22.75,22.71,22.42,22.5,22.61,22.51,22.31
2017-06-30 05:54:00-05:00,61.560524,64.84044,65.78791,59.05642,65.02704,67.99075,54.32124,68.24692,938233.0,23.45,0.0,51.54,60.29,61.0,22.73,351.8,0.0,0.0,0.0,0.0,0.0,0.0,0.0,0.0,350.8,351.8,7.233,-0.467,2.0,3.0,3.0,2.0,0.0,269.7,272.1,272.6,271.1,0.588,0.0,2.672,2.417,-0.233,2.602,0.0,6000.0,420211.0,202.0,437.0,59.96,7.0,31.27,39.0,39.0,22.64,21.44,65.67,2.777,3.67,3.863,60.0,59.5,75.6,1.0,271.8,271.4,270.7,2.569,0.168,2.575,1962.0,433108.0,13735.0,1967.0,0.998,0.818,0.791,0.836,2.349,2.349,2.351,1.762,0.827,0.826,0.827,0.62,0.0,0.0,0.0,0.0,1.278,201.8,38.27,2.1,3.499,2.0,-1.0,13.44,0.005,0.285,1.0,2.0,0.0,0.001,21.63,21.73,21.83,22.12,21.55,21.5,21.93,22.69,22.83,22.8,22.21,22.59,22.78,22.72,22.43,22.45,22.57,22.46,22.25
2017-06-30 05:55:00-05:00,49.4462,51.905098,55.01078,50.18472,54.468197,63.363995,48.42494,59.76025,938234.0,23.49,0.0,46.95,54.45,55.16,22.71,344.2,0.0,0.0,0.0,0.0,0.0,0.0,0.0,0.0,343.3,344.1,6.867,-0.413,2.0,3.0,3.0,2.0,0.0,269.8,272.2,272.6,271.2,0.567,0.0,2.447,2.21,-0.205,2.393,0.0,6000.0,420211.0,202.0,437.0,59.96,7.0,31.6,39.0,39.0,22.61,21.47,53.98,2.513,3.412,3.613,60.0,59.5,75.6,1.0,271.9,271.6,270.8,2.341,0.171,2.348,1962.0,433108.0,13735.0,1967.0,0.997,0.818,0.791,0.836,2.218,2.218,2.218,1.663,0.764,0.763,0.763,0.572,0.0,0.0,0.0,0.0,1.048,266.4,54.65,2.0,3.499,2.0,-1.0,13.63,0.004,0.284,3.0,2.0,0.0,0.0,21.64,21.78,21.83,22.12,21.62,21.54,21.93,22.72,22.85,22.82,22.24,22.63,22.81,22.75,22.47,22.41,22.53,22.41,22.2
2017-06-30 05:56:00-05:00,47.8392,49.121544,52.760605,50.052303,53.695595,64.605316,47.797672,59.053032,938235.0,23.51,0.0,46.57,54.84,55.54,22.72,333.5,0.0,0.0,0.0,0.0,0.0,0.0,0.0,0.0,332.5,333.3,7.0,-0.4,2.0,3.0,3.0,2.0,0.0,270.0,272.9,272.9,271.9,0.565,0.0,2.385,2.142,-0.19,2.347,0.0,6000.0,420211.0,202.0,437.0,59.96,7.0,31.98,39.0,39.32,22.62,21.46,52.74,2.438,3.365,3.565,60.0,59.5,75.6,1.0,272.0,271.9,270.9,2.295,0.15,2.3,1962.0,433108.0,13735.0,1967.0,0.998,0.818,0.791,0.836,2.248,2.247,2.246,1.685,0.749,0.749,0.749,0.562,0.0,0.0,0.0,0.0,0.735,217.6,45.19,1.5,3.5,2.0,-1.0,13.62,0.004,0.284,3.0,2.0,0.0,0.0,21.62,21.75,21.84,22.12,21.63,21.54,21.97,22.72,22.86,22.82,22.24,22.62,22.78,22.74,22.47,22.38,22.51,22.38,22.16
2017-06-30 05:57:00-05:00,43.265427,44.700603,49.44456,44.22611,48.158638,56.705975,40.64684,51.74507,938236.0,23.55,0.0,45.24,50.59,51.17,22.69,323.2,0.0,0.0,0.0,0.0,0.0,0.0,0.0,0.0,322.0,322.9,6.933,-0.4,1.983,3.0,3.0,2.0,0.0,270.0,273.0,273.0,272.0,0.593,0.0,2.252,1.992,-0.245,2.275,0.0,6000.0,420211.0,202.0,437.0,59.97,7.0,32.0,39.0,39.25,22.6,21.48,48.56,2.292,3.175,3.41,60.0,59.5,75.6,1.0,272.0,272.0,271.0,2.143,0.202,2.153,1962.0,433108.0,13735.0,1967.0,0.996,0.818,0.791,0.836,2.191,2.19,2.19,1.642,0.708,0.708,0.708,0.531,0.0,0.0,0.0,0.0,0.56,286.4,42.79,1.2,3.5,2.0,-1.0,13.63,0.004,0.284,3.0,2.0,0.0,0.0,21.59,21.75,21.83,22.12,21.63,21.54,22.03,22.71,22.83,22.79,22.23,22.6,22.75,22.72,22.44,22.34,22.49,22.34,22.12
2017-06-30 05:58:00-05:00,43.265427,46.17425,50.747295,39.724052,44.424416,50.273655,33.872368,44.908596,938237.0,23.57,0.0,46.17,46.67,47.22,22.61,327.5,0.0,0.0,0.0,0.0,0.0,0.0,0.0,0.0,326.4,327.3,6.583,-0.4,1.983,3.0,3.0,2.0,0.0,270.1,273.1,273.2,272.0,0.61,0.0,2.247,2.008,-0.165,2.257,0.0,6000.0,420212.0,203.0,437.0,59.95,7.0,32.0,39.0,39.57,22.56,21.46,48.54,2.292,3.19,3.402,60.0,59.5,75.6,1.0,272.0,272.0,271.0,2.151,0.145,2.156,1962.0,433108.0,13735.0,1967.0,0.998,0.818,0.791,0.836,2.172,2.171,2.172,1.627,0.712,0.711,0.711,0.533,0.0,0.0,0.0,0.0,0.98,240.3,48.19,2.1,3.5,2.0,-1.0,13.63,0.004,0.284,3.0,2.0,0.0,0.0,21.55,21.73,21.83,22.12,21.63,21.54,22.02,22.67,22.79,22.74,22.2,22.57,22.7,22.68,22.4,22.32,22.46,22.32,22.08
2017-06-30 05:59:00-05:00,36.59019,37.987324,44.11521,35.751648,39.402523,45.872593,31.237846,40.901,938238.0,23.6,0.0,43.31,44.32,44.8,22.59,326.8,0.0,0.0,0.0,0.0,0.0,0.0,0.0,0.0,325.6,326.4,6.0,-0.4,1.083,3.0,3.0,2.0,0.0,270.5,273.2,273.5,272.2,0.593,0.0,2.062,1.868,-0.163,2.098,0.0,6000.0,420212.0,203.0,437.0,59.95,7.0,32.0,39.0,40.0,22.51,21.44,41.75,2.118,3.012,3.22,60.0,59.5,75.6,1.0,272.3,272.2,271.2,1.999,0.142,2.004,1962.0,433108.0,13735.0,1967.0,0.997,0.818,0.791,0.836,2.051,2.05,2.05,1.537,0.67,0.67,0.67,0.502,0.0,0.0,0.0,0.0,1.09,262.5,41.37,1.8,3.5,2.0,-1.0,13.62,0.026,0.284,1.0,2.0,0.0,0.001,21.55,21.73,21.83,22.12,21.63,21.54,22.01,22.62,22.75,22.67,22.15,22.51,22.66,22.63,22.36,22.29,22.44,22.29,22.06
2017-06-30 06:00:00-05:00,36.342957,37.82359,44.35207,34.824753,38.62993,44.63127,29.857864,39.48656,938239.0,23.63,0.0,43.36,43.38,43.94,22.55,335.2,0.0,0.0,0.0,0.0,0.0,0.0,0.0,0.0,334.1,335.0,6.0,-0.4,1.683,3.0,3.0,2.0,0.0,271.0,274.0,274.0,273.0,0.595,0.0,2.148,1.932,-0.212,2.173,0.0,6000.0,420212.0,203.0,437.0,59.96,7.0,32.0,39.0,40.0,22.51,21.42,41.66,2.2,3.095,3.3,60.0,59.5,75.6,1.0,273.0,273.0,272.0,2.058,0.187,2.068,1962.0,433108.0,13735.0,1967.0,0.995,0.818,0.791,0.836,2.056,2.055,2.056,1.54,0.689,0.689,0.689,0.516,0.0,0.0,0.0,0.0,0.933,226.7,53.1,2.0,3.5,2.0,-1.0,13.43,-0.017,0.285,1.0,2.0,0.0,0.001,21.54,21.75,21.83,22.07,21.63,21.52,21.92,22.57,22.69,22.61,22.09,22.45,22.59,22.57,22.3,22.26,22.41,22.26,22.03
2017-06-30 06:01:00-05:00,36.59019,37.987324,44.70736,35.089577,38.75869,44.969814,29.983315,39.48656,938240.0,23.66,0.0,43.93,43.78,44.29,22.54,334.3,0.0,0.0,0.0,0.0,0.0,0.0,0.0,0.0,333.2,334.1,6.0,-0.4,1.867,3.0,3.0,2.0,0.0,271.0,274.0,274.0,273.0,0.615,0.0,2.188,1.988,-0.058,2.195,0.0,6000.0,420212.0,203.0,437.0,59.94,7.0,32.0,39.0,40.0,22.48,21.4,41.78,2.202,3.1,3.3,60.0,59.5,75.6,1.0,273.0,273.0,272.0,2.096,0.066,2.097,1962.0,433108.0,13735.0,1967.0,0.999,0.818,0.791,0.836,2.088,2.087,2.088,1.565,0.698,0.698,0.698,0.523,0.0,0.0,0.0,0.0,1.058,238.2,45.32,2.0,3.5,2.0,-1.0,13.63,0.004,0.284,3.0,2.0,0.0,0.0,21.5,21.73,21.83,22.02,21.63,21.52,21.86,22.52,22.65,22.56,22.05,22.4,22.53,22.52,22.24,22.24,22.39,22.24,22.0
2017-06-30 06:02:00-05:00,37.826344,39.133495,45.89166,36.2813,40.046356,46.66253,31.488752,41.01887,938241.0,23.68,0.0,45.05,45.16,45.66,22.51,332.9,0.0,0.0,0.0,0.0,0.0,0.0,0.0,0.0,331.9,332.8,6.567,-0.4,2.0,3.0,3.0,2.0,0.0,270.9,273.5,273.9,272.5,0.605,0.0,2.277,2.008,-0.003,2.267,0.0,6000.0,420212.0,203.0,437.0,59.92,7.0,32.0,39.0,40.0,22.47,21.39,42.89,2.275,3.228,3.375,60.0,59.5,75.6,1.0,272.3,272.4,271.5,2.162,0.0,2.162,1962.0,433108.0,13735.0,1967.0,-0.167,0.818,0.791,0.836,2.148,2.147,2.148,1.61,0.715,0.715,0.715,0.536,0.0,0.0,0.0,0.0,0.92,245.5,46.0,2.0,3.499,2.0,-1.0,13.63,0.004,0.284,3.0,2.0,0.0,0.0,21.52,21.72,21.78,22.02,21.63,21.54,21.86,22.48,22.61,22.52,22.01,22.36,22.48,22.47,22.2,22.24,22.39,22.23,21.99
2017-06-30 06:03:00-05:00,38.44442,39.62471,46.60224,36.678543,40.56142,47.001072,31.990566,41.254612,938242.0,23.71,0.0,45.66,45.34,45.86,22.49,333.3,0.0,0.0,0.0,0.0,0.0,0.0,0.0,0.0,332.0,333.0,6.867,-0.4,2.0,3.0,3.0,2.0,0.0,271.0,273.8,274.0,272.8,0.607,0.0,2.3,2.023,0.0,2.3,0.0,6000.0,420212.0,203.0,437.0,59.92,7.0,32.0,39.0,40.0,22.43,21.38,43.21,2.3,3.263,3.4,60.0,59.5,75.6,1.0,272.8,272.8,271.9,2.196,-0.049,2.197,1962.0,433108.0,13735.0,1967.0,-1.0,0.818,0.791,0.836,2.173,2.172,2.172,1.628,0.724,0.724,0.724,0.543,0.0,0.0,0.0,0.0,1.022,213.9,29.18,1.8,3.499,2.0,-1.0,13.63,0.004,0.284,3.0,2.0,0.0,0.0,21.59,21.67,21.73,22.02,21.63,21.52,21.83,22.45,22.58,22.48,21.98,22.31,22.45,22.43,22.16,22.23,22.38,22.22,21.97
2017-06-30 06:04:00-05:00,39.062496,40.11593,47.194393,36.943367,40.94772,47.22677,32.116024,41.372486,938243.0,23.73,0.0,46.14,45.62,46.14,22.47,333.3,0.0,0.0,0.0,0.0,0.0,0.0,0.0,0.0,332.1,333.0,7.0,-0.4,2.0,3.0,3.0,2.0,0.0,270.3,273.2,273.6,272.1,0.618,0.0,2.3,2.062,0.003,2.3,0.0,6000.0,420212.0,203.0,437.0,59.91,7.0,32.0,39.0,40.0,22.41,21.39,43.58,2.345,3.3,3.4,60.0,59.5,75.6,1.0,272.0,272.0,271.1,2.217,-0.063,2.218,1962.0,433108.0,13735.0,1967.0,-1.0,0.818,0.791,0.836,2.189,2.187,2.188,1.64,0.729,0.729,0.729,0.547,0.0,0.0,0.0,0.0,0.88,202.7,37.98,1.7,3.502,2.0,-1.0,13.63,0.004,0.284,3.0,2.0,0.0,0.0,21.52,21.66,21.73,22.02,21.61,21.54,21.83,22.43,22.56,22.46,21.96,22.29,22.43,22.4,22.13,22.23,22.37,22.22,21.97
2017-06-30 06:05:00-05:00,39.433346,40.279663,47.43125,36.943367,41.205254,47.56531,32.366924,41.608223,938244.0,23.75,0.0,46.17,45.66,46.17,22.44,333.3,0.0,0.0,0.0,0.0,0.0,0.0,0.0,0.0,332.0,333.0,7.0,-0.4,2.0,3.0,3.0,2.0,0.0,270.6,273.7,273.9,272.5,0.628,0.0,2.3,2.047,0.0,2.3,0.0,6000.0,420212.0,203.0,437.0,59.92,7.0,32.0,39.0,40.0,22.39,21.39,43.48,2.312,3.297,3.4,60.0,59.5,75.6,1.0,272.3,272.6,271.6,2.214,-0.014,2.214,1962.0,433108.0,13735.0,1967.0,-0.567,0.818,0.791,0.836,2.187,2.187,2.187,1.639,0.729,0.729,0.729,0.546,0.0,0.0,0.0,0.0,1.565,211.7,22.68,2.2,3.498,2.0,-1.0,13.44,-0.001,0.284,1.0,2.0,0.0,0.001,21.54,21.65,21.73,22.0,21.63,21.52,21.83,22.41,22.54,22.44,21.94,22.26,22.41,22.37,22.1,22.23,22.37,22.22,21.96
2017-06-30 06:06:00-05:00,39.927807,40.770878,47.78654,37.47302,41.591553,48.016705,32.743286,42.079704,938245.0,23.78,0.0,46.31,45.92,46.36,22.42,333.2,0.0,0.0,0.0,0.0,0.0,0.0,0.0,0.0,332.1,333.0,7.0,-0.4,2.0,3.0,3.0,2.0,0.0,271.0,274.0,274.0,273.0,0.638,0.0,2.312,2.073,0.0,2.3,0.0,6000.0,420212.0,203.0,437.0,59.93,7.0,32.0,39.0,40.0,22.38,21.4,43.69,2.397,3.3,3.437,60.0,59.5,75.6,1.0,272.9,273.0,272.0,2.227,0.005,2.227,1962.0,433108.0,13735.0,1967.0,0.6,0.818,0.791,0.836,2.199,2.198,2.198,1.648,0.733,0.732,0.733,0.549,0.0,0.0,0.0,0.0,1.217,239.3,39.15,2.3,3.499,2.0,-1.0,13.51,0.012,0.284,3.0,2.0,0.0,0.0,21.55,21.63,21.73,21.92,21.63,21.52,21.83,22.39,22.52,22.42,21.93,22.24,22.38,22.35,22.08,22.23,22.37,22.22,21.95
2017-06-30 06:07:00-05:00,40.793114,41.589573,48.61555,38.2675,42.492916,48.806637,33.370552,42.904797,938246.0,23.79,0.0,46.94,46.55,47.02,22.39,333.2,0.0,0.0,0.0,0.0,0.0,0.0,0.0,0.0,332.2,333.1,7.0,-0.4,2.0,3.0,3.0,2.0,0.0,270.7,273.8,273.9,272.6,0.637,0.0,2.362,2.11,-0.035,2.307,0.0,6000.0,420212.0,203.0,437.0,59.94,7.0,32.0,39.0,40.0,22.35,21.4,44.24,2.407,3.3,3.503,60.0,59.5,75.6,1.0,272.2,272.7,271.6,2.262,0.044,2.263,1962.0,433108.0,13735.0,1967.0,1.0,0.818,0.791,0.836,2.228,2.227,2.228,1.67,0.742,0.742,0.742,0.556,0.0,0.0,0.0,0.0,1.477,179.2,31.39,2.5,3.499,2.0,-1.0,13.63,0.004,0.284,3.0,2.0,0.0,0.0,21.54,21.63,21.73,21.92,21.63,21.5,21.84,22.38,22.49,22.4,21.91,22.23,22.38,22.34,22.07,22.23,22.37,22.22,21.95
2017-06-30 06:08:00-05:00,42.400116,43.226955,50.036713,39.724052,44.16688,50.386505,34.87599,44.31924,938247.0,23.81,0.0,48.13,47.93,48.4,22.4,335.5,0.0,0.0,0.0,0.0,0.0,0.0,0.0,0.0,334.5,335.3,7.0,-0.4,2.0,3.0,3.0,2.0,0.0,270.3,273.6,273.8,272.2,0.642,0.0,2.45,2.208,-0.212,2.383,0.0,6000.0,420212.0,203.0,437.0,59.96,7.0,32.0,39.0,40.03,22.35,21.41,45.57,2.525,3.368,3.617,60.0,59.5,75.6,1.0,272.0,272.4,271.4,2.341,0.166,2.347,1962.0,433108.0,13735.0,1967.0,0.997,0.818,0.791,0.836,2.28,2.278,2.28,1.709,0.765,0.764,0.765,0.573,0.0,0.0,0.0,0.0,0.832,227.5,29.69,1.6,3.5,2.0,-1.0,13.63,0.004,0.284,3.0,2.0,0.0,0.0,21.54,21.67,21.78,21.92,21.63,21.54,21.87,22.37,22.48,22.39,21.91,22.2,22.35,22.32,22.04,22.23,22.37,22.22,21.95
2017-06-30 06:09:00-05:00,44.6252,45.683033,52.28689,42.239906,46.484676,52.756306,37.13415,46.323036,938248.0,23.84,0.0,49.95,50.0,50.48,22.38,331.0,0.0,0.0,0.0,0.0,0.0,0.0,0.0,0.0,330.0,330.8,7.133,-0.4,2.0,3.0,3.0,2.0,0.0,270.1,273.4,273.5,272.1,0.637,0.0,2.552,2.283,-0.137,2.49,0.0,6000.0,420212.0,203.0,437.0,59.95,7.0,32.0,39.0,40.78,22.34,21.41,47.59,2.598,3.463,3.698,60.0,59.5,75.6,1.0,272.0,272.3,271.2,2.424,0.113,2.426,1962.0,433108.0,13735.0,1967.0,0.999,0.818,0.791,0.836,2.373,2.373,2.373,1.778,0.786,0.785,0.786,0.589,0.0,0.0,0.0,0.0,0.953,258.3,29.94,1.5,3.5,2.0,-1.0,13.63,0.004,0.284,3.0,2.0,0.0,0.0,21.54,21.67,21.76,21.92,21.63,21.54,21.85,22.37,22.48,22.39,21.91,22.2,22.35,22.32,22.05,22.23,22.37,22.22,21.95
2017-06-30 06:10:00-05:00,49.817047,50.758926,56.90566,47.536446,51.764103,58.62439,42.528637,49.151924,938249.0,23.84,0.0,53.63,54.85,55.28,22.35,342.2,0.0,0.0,0.0,0.0,0.0,0.0,0.0,0.0,341.3,342.2,8.05,-0.422,2.033,3.083,3.567,2.567,0.0,270.1,273.3,273.4,272.1,0.645,0.0,2.835,2.553,-0.25,2.755,0.0,6000.0,420212.0,203.0,437.0,59.97,7.0,32.0,39.0,41.0,22.32,21.4,52.85,2.943,3.802,4.053,60.0,59.5,75.6,1.0,272.0,272.2,271.1,2.72,0.177,2.726,1962.0,433108.0,13735.0,1967.0,0.998,0.818,0.791,0.836,2.539,2.538,2.539,1.902,0.869,0.869,0.869,0.651,0.0,0.0,0.0,0.0,1.167,267.4,30.02,2.0,3.5,2.0,-1.0,13.63,0.004,0.284,3.0,2.0,0.0,0.0,21.54,21.73,21.83,21.92,21.63,21.54,21.85,22.38,22.49,22.41,21.92,22.22,22.36,22.33,22.06,22.27,22.39,22.25,21.98
2017-06-30 06:11:00-05:00,90.61016,91.52981,93.85585,88.18739,90.5228,106.47182,86.56271,59.288776,938250.0,23.87,0.0,79.04,91.1,91.0,22.36,358.9,0.0,0.0,0.0,0.0,0.0,0.0,0.0,0.0,357.8,358.8,11.88,-0.435,3.9,5.05,5.05,4.05,0.0,270.1,273.3,273.3,272.0,0.643,0.0,4.337,4.015,-0.118,4.137,0.844,6000.0,420212.0,203.0,437.0,59.95,7.0,32.0,39.0,41.0,22.36,21.47,94.8,4.682,5.553,5.792,60.0,59.5,75.6,1.0,272.0,272.2,271.1,4.219,0.016,4.22,1962.0,433108.0,13735.0,1967.0,0.233,0.818,0.791,0.836,3.549,3.546,3.546,2.657,1.276,1.275,1.275,0.956,0.0,0.0,0.0,0.0,1.098,220.5,39.43,2.0,3.5,2.0,-1.0,13.43,0.005,0.286,1.0,2.0,0.0,0.001,21.6,21.76,21.86,22.03,21.7,21.59,21.96,22.47,22.54,22.53,22.02,22.33,22.5,22.46,22.19,22.39,22.5,22.36,22.1
2017-06-30 06:12:00-05:00,139.19107,143.76239,140.75417,136.2535,144.08963,165.15263,135.36403,64.59293,938251.0,23.88,0.0,109.3,133.0,132.2,22.45,367.6,0.0,0.0,0.0,0.0,0.0,0.0,0.0,0.0,366.3,367.2,16.17,-0.407,5.983,7.0,7.0,6.0,0.0,270.0,273.0,273.0,272.0,0.625,0.0,6.077,5.72,-0.015,5.78,0.989,6000.0,420212.0,203.0,437.0,59.93,7.0,32.0,39.0,41.0,22.48,21.72,140.4,6.738,7.623,7.843,60.0,59.5,75.6,1.0,272.0,272.0,271.0,5.943,-0.129,5.945,1962.0,433109.0,13735.0,1967.0,-1.0,0.818,0.791,0.836,4.699,4.696,4.697,3.521,1.727,1.726,1.726,1.294,0.0,0.0,0.0,0.0,1.35,208.5,41.33,2.7,3.5,2.0,-1.0,13.63,0.004,0.287,3.0,2.0,0.0,0.0,21.83,22.04,22.1,22.25,21.96,21.83,22.19,22.76,22.75,22.92,22.34,22.74,22.95,22.87,22.6,22.77,22.89,22.73,22.48
2017-06-30 06:13:00-05:00,132.39221,138.6865,136.25383,131.61902,140.7417,160.0745,130.8477,63.060627,938252.0,23.9,0.0,107.0,129.5,128.8,22.5,368.0,0.0,0.0,0.0,0.0,0.0,0.0,0.0,0.0,366.8,367.9,15.9,-0.4,5.783,6.883,6.9,5.9,0.0,270.1,273.1,273.2,272.0,0.623,0.0,5.935,5.593,-0.038,5.643,0.988,6000.0,420212.0,203.0,437.0,59.94,7.0,32.0,39.0,41.28,22.58,22.0,132.6,6.553,7.437,7.677,60.0,59.5,75.6,1.0,272.0,272.1,271.0,5.807,-0.105,5.808,1962.0,433109.0,13735.0,1967.0,-1.0,0.818,0.791,0.836,4.582,4.58,4.58,3.435,1.686,1.685,1.685,1.264,0.0,0.0,0.0,0.0,1.023,269.1,64.8,1.9,3.5,2.0,-1.0,13.63,0.004,0.287,3.0,2.0,0.0,0.0,22.1,22.37,22.4,22.58,22.27,22.09,22.43,23.13,23.06,23.34,22.73,23.19,23.34,23.3,23.06,23.18,23.25,23.11,22.91
2017-06-30 06:14:00-05:00,140.3036,145.39977,143.24121,135.59143,143.18826,163.00853,133.48221,68.48265,938253.0,23.9,0.0,113.6,133.5,132.7,22.55,367.7,0.0,0.0,0.0,0.0,0.0,0.0,0.0,0.0,366.6,367.5,16.83,-0.402,5.967,7.35,7.45,6.45,0.0,270.0,273.0,273.0,272.0,0.618,0.0,6.303,5.915,-0.057,5.987,0.989,6000.0,420212.0,203.0,437.0,59.94,7.0,32.0,39.0,42.0,22.66,22.23,142.4,6.977,7.872,8.09,60.0,59.5,75.6,1.0,272.0,272.0,271.0,6.161,-0.101,6.161,1962.0,433109.0,13735.0,1967.0,-1.0,0.818,0.791,0.836,4.864,4.864,4.865,3.644,1.788,1.788,1.788,1.34,0.0,0.0,0.0,0.0,1.122,278.4,30.16,2.4,3.5,2.0,-1.0,13.62,0.004,0.287,3.0,2.0,0.0,0.0,22.33,22.59,22.61,22.8,22.53,22.31,22.64,23.43,23.3,23.66,23.04,23.54,23.68,23.65,23.41,23.5,23.52,23.41,23.24
2017-06-30 06:15:00-05:00,152.1707,157.8439,154.84735,149.49486,158.12517,179.93568,147.90933,65.5359,938254.0,23.93,0.0,122.2,146.5,145.5,22.56,364.5,0.0,0.0,0.0,0.0,0.0,0.0,0.0,0.0,363.3,364.4,18.57,-0.41,6.933,8.0,8.0,7.0,0.0,270.0,273.0,273.0,272.0,0.643,0.0,6.837,6.458,-0.06,6.505,0.991,6000.0,420212.0,203.0,437.0,59.94,7.0,32.0,39.02,42.02,22.75,22.53,153.6,7.653,8.52,8.76,60.0,59.5,75.6,1.0,272.0,272.0,271.0,6.701,-0.12,6.703,1962.0,433109.0,13735.0,1967.0,-1.0,0.818,0.791,0.836,5.287,5.286,5.287,3.964,1.927,1.927,1.927,1.445,0.0,0.0,0.0,0.0,1.18,249.6,52.34,1.9,3.5,2.0,-1.0,13.63,0.004,0.288,3.0,2.0,0.0,0.0,22.59,22.9,22.9,23.11,22.8,22.59,22.88,23.79,23.6,24.02,23.4,23.96,24.05,24.04,23.85,23.88,23.84,23.76,23.63
2017-06-30 06:16:00-05:00,156.74446,162.75604,159.70299,153.99692,163.14706,185.23952,152.42564,92.76395,938255.0,23.95,0.0,126.3,151.1,150.0,22.65,367.7,0.0,0.0,0.0,0.0,0.0,0.0,0.0,0.0,366.8,367.8,19.0,-0.405,7.0,8.0,8.0,7.0,0.0,270.0,273.0,273.0,272.0,0.64,0.0,7.098,6.718,-0.077,6.778,0.992,6000.0,420213.0,204.0,437.0,59.94,7.0,32.0,39.68,42.93,22.78,22.79,157.9,7.915,8.8,9.06,60.0,59.5,75.6,1.0,272.0,272.0,271.0,6.942,-0.12,6.943,1962.0,433109.0,13735.0,1967.0,-1.0,0.818,0.791,0.836,5.41,5.404,5.404,4.055,1.989,1.987,1.987,1.491,0.0,0.0,0.0,0.0,0.832,233.3,56.82,1.6,3.5,2.0,-1.0,13.44,0.013,0.287,1.0,2.0,0.0,0.001,22.83,23.19,23.19,23.4,23.15,22.85,23.09,24.12,23.86,24.34,23.73,24.34,24.39,24.42,24.25,24.25,24.14,24.09,24.01
2017-06-30 06:17:00-05:00,156.86809,162.5923,160.29514,153.99692,163.0183,184.90099,152.42564,75.55487,938256.0,23.96,0.0,127.2,151.2,150.1,22.75,366.8,0.0,0.0,0.0,0.0,0.0,0.0,0.0,0.0,365.7,366.8,19.1,-0.405,7.0,8.0,8.0,7.0,0.0,270.0,273.0,273.0,272.0,0.627,0.0,7.128,6.78,-0.087,6.795,0.993,6000.0,420213.0,204.0,437.0,59.94,7.0,32.0,39.75,43.0,22.89,23.08,157.9,7.987,8.88,9.13,60.0,59.5,75.6,1.0,272.0,272.0,271.0,6.991,-0.114,6.992,1962.0,433109.0,13735.0,1967.0,-1.0,0.818,0.791,0.836,5.455,5.456,5.46,4.091,2.001,2.001,2.003,1.5,0.0,0.0,0.0,0.0,1.022,308.2,59.08,2.0,3.5,2.0,-1.0,13.44,-0.004,0.29,1.0,2.0,0.0,0.001,23.11,23.45,23.44,23.68,23.38,23.11,23.32,24.44,24.17,24.63,24.03,24.61,24.56,24.63,24.61,24.57,24.39,24.37,24.34
2017-06-30 06:18:00-05:00,158.96954,164.72092,162.66374,156.38036,165.33609,187.38364,154.80927,85.220245,938257.0,23.98,0.0,129.5,153.5,152.4,22.82,362.2,0.0,0.0,0.0,0.0,0.0,0.0,0.0,0.0,361.2,362.2,19.98,-0.42,7.0,8.0,8.65,7.65,0.0,270.0,273.0,273.0,272.0,0.625,0.0,7.287,6.862,-0.182,6.915,0.992,6000.0,420213.0,204.0,437.0,59.95,7.0,32.0,39.03,43.9,22.88,23.32,160.2,8.16,9.04,9.29,60.0,59.5,75.6,1.0,272.0,272.0,271.0,7.126,-0.061,7.127,1962.0,433109.0,13735.0,1967.0,-0.8,0.818,0.791,0.836,5.625,5.623,5.624,4.218,2.037,2.037,2.037,1.528,0.0,0.0,0.0,0.0,1.403,185.9,30.78,2.6,3.5,2.0,-1.0,13.63,0.004,0.288,3.0,2.0,0.0,0.0,23.37,23.73,23.68,23.97,23.68,23.36,23.54,24.75,24.48,24.93,24.33,24.92,24.89,24.99,24.91,24.88,24.65,24.64,24.66
2017-06-30 06:19:00-05:00,159.71124,165.53961,163.96646,157.17484,166.23744,188.39928,155.93834,83.92367,938258.0,24.01,0.0,130.8,154.6,153.5,22.89,356.8,0.0,0.0,0.0,0.0,0.0,0.0,0.0,0.0,355.8,356.8,20.23,-0.42,7.0,8.03,8.82,7.817,0.0,269.7,272.8,272.8,271.5,0.628,0.0,7.332,6.923,-0.28,6.99,0.992,6000.0,420213.0,204.0,437.0,59.97,7.0,32.0,39.02,44.0,23.03,23.58,160.9,8.23,9.11,9.34,60.0,59.5,75.6,1.0,271.9,272.0,270.9,7.177,0.037,7.177,1962.0,433109.0,13735.0,1967.0,0.7,0.818,0.791,0.836,5.76,5.756,5.755,4.316,2.055,2.053,2.053,1.539,0.0,0.0,0.0,0.0,1.255,320.3,37.79,2.1,3.5,2.0,-1.0,13.62,0.004,0.289,3.0,2.0,0.0,0.0,23.54,23.99,23.97,24.22,23.95,23.58,23.75,25.04,24.83,25.17,24.6,25.21,25.12,25.33,25.24,25.18,24.85,24.88,24.96
2017-06-30 06:20:00-05:00,164.03778,170.12428,168.70367,161.27965,170.61551,193.13887,160.0783,88.756355,938259.0,24.02,0.0,135.0,159.1,157.9,22.91,359.6,0.0,0.0,0.0,0.0,0.0,0.0,0.0,0.0,358.6,359.5,21.0,-0.413,7.75,8.75,9.0,8.0,0.0,269.8,272.9,272.9,271.7,0.615,0.0,7.625,7.202,-0.297,7.253,0.993,6000.0,420213.0,204.0,437.0,59.98,7.0,32.0,39.42,44.83,23.14,23.8,165.7,8.58,9.43,9.68,60.0,59.5,75.6,1.0,271.9,272.0,271.0,7.449,0.04,7.449,1962.0,433109.0,13735.0,1967.0,1.0,0.818,0.791,0.836,5.907,5.904,5.907,4.429,2.124,2.122,2.123,1.592,0.0,0.0,0.0,0.0,1.445,226.3,68.56,2.1,3.5,2.0,-1.0,13.63,0.004,0.289,3.0,2.0,0.0,0.0,23.77,24.2,24.16,24.47,24.18,23.81,23.9,25.3,25.05,25.38,24.84,25.49,25.26,25.51,25.5,25.42,25.02,25.09,25.22
2017-06-30 06:21:00-05:00,168.11708,174.38148,173.32245,165.38448,175.37987,197.99132,164.46916,84.15941,938260.0,24.06,0.0,139.2,163.7,162.3,22.98,365.7,0.0,0.0,0.0,0.0,0.0,0.0,0.0,0.0,364.6,365.6,21.1,-0.405,8.0,9.0,9.0,8.0,0.0,269.8,272.9,272.9,271.7,0.623,0.0,7.933,7.458,-0.247,7.482,0.995,6000.0,420213.0,204.0,437.0,59.97,7.0,32.0,39.97,45.0,23.0,24.01,169.9,8.9,9.77,10.0,60.0,59.5,75.6,1.0,272.0,272.0,271.0,7.723,-0.027,7.723,1962.0,433110.0,13735.0,1967.0,-0.433,0.818,0.791,0.836,6.006,6.009,6.006,4.499,2.196,2.198,2.196,1.645,0.0,0.0,0.0,0.0,1.38,194.5,28.11,2.1,3.5,2.0,-1.0,13.63,0.004,0.289,3.0,2.0,0.0,0.0,23.9,24.46,24.42,24.73,24.44,24.05,24.08,25.57,25.32,25.63,25.09,25.76,25.56,25.81,25.79,25.69,25.32,25.3,25.47
2017-06-30 06:22:00-05:00,169.35324,175.85512,175.21733,166.7086,177.44012,199.68404,166.10005,81.802,938261.0,24.08,0.0,141.1,165.5,164.0,22.99,368.2,0.0,0.0,0.0,0.0,0.0,0.0,0.0,0.0,367.1,368.0,21.37,-0.4,8.0,9.0,9.0,8.0,0.0,270.0,273.2,273.4,272.0,0.632,0.0,8.01,7.57,-0.258,7.607,0.995,6000.0,420213.0,204.0,437.0,59.97,7.0,32.0,39.55,45.78,22.86,24.27,170.7,9.01,9.88,10.1,60.0,59.5,75.6,1.0,272.0,272.1,271.0,7.822,-0.018,7.822,1962.0,433110.0,13735.0,1967.0,-0.167,0.818,0.791,0.836,6.043,6.037,6.042,4.531,2.225,2.223,2.224,1.668,1.0,1.0,1.0,0.0,1.535,264.7,27.09,2.1,3.494,2.0,-1.0,13.42,-0.001,0.289,3.0,2.0,0.0,0.001,24.17,24.67,24.64,24.94,24.65,24.28,24.29,25.82,25.64,25.84,25.31,26.07,25.81,26.08,26.11,25.97,25.52,25.53,25.75
2017-06-30 06:23:00-05:00,154.14854,161.11867,162.19002,150.0245,160.95802,179.93568,148.5366,82.27348,938262.0,24.12,0.0,132.5,150.7,149.4,22.99,366.5,0.0,0.0,0.0,0.0,0.0,0.0,0.0,0.0,365.2,366.2,20.12,-0.408,7.367,8.45,8.92,7.917,0.0,270.0,273.1,273.2,272.0,0.632,0.0,7.468,7.037,-0.24,7.095,0.993,6000.0,420213.0,204.0,437.0,59.96,7.0,32.0,39.12,46.0,23.07,24.48,155.8,8.37,9.24,9.46,60.0,59.5,75.6,1.0,272.0,272.0,271.0,7.293,-0.012,7.293,1962.0,433110.0,13735.0,1967.0,-0.033,0.818,0.791,0.836,5.693,5.685,5.691,4.265,2.086,2.084,2.085,1.563,1.0,1.0,1.0,0.0,0.998,305.0,46.09,2.7,3.499,2.0,-1.0,13.6,0.009,0.289,3.0,2.0,0.0,0.0,24.36,24.88,24.81,25.16,24.86,24.47,24.44,26.02,25.87,25.99,25.5,26.29,25.83,26.23,26.32,26.16,25.64,25.69,25.94
2017-06-30 06:24:00-05:00,139.06744,144.41733,146.79411,138.2397,148.21014,165.94258,137.37126,106.4369,938263.0,24.15,0.0,122.1,140.6,139.5,23.05,367.6,0.0,0.0,0.0,0.0,0.0,0.0,0.0,0.0,366.5,367.5,18.48,-0.4,6.7,7.833,8.02,7.017,0.0,270.0,273.0,273.0,272.0,0.615,0.0,6.942,6.505,-0.293,6.56,0.991,6000.0,420213.0,204.0,437.0,59.98,7.0,32.0,39.82,46.75,23.1,24.61,140.9,7.717,8.58,8.83,60.0,59.5,75.6,1.0,272.0,272.0,271.0,6.75,0.069,6.75,1962.0,433110.0,13735.0,1967.0,1.0,0.818,0.791,0.836,5.277,5.279,5.277,3.952,1.94,1.94,1.94,1.453,1.0,1.0,1.0,0.0,0.887,253.4,71.29,1.7,3.499,2.0,-1.0,13.63,0.004,0.288,3.0,2.0,0.0,0.0,24.46,25.01,24.99,25.3,25.01,24.6,24.47,26.11,25.71,26.01,25.58,26.37,25.87,26.34,26.39,26.24,25.6,25.74,26.02
2017-06-30 06:25:00-05:00,101.364716,102.50028,107.8306,110.69769,116.91991,135.13515,114.41332,93.11755,938264.0,24.19,0.0,94.6,116.4,115.7,22.97,366.1,0.0,0.0,0.0,0.0,0.0,0.0,0.0,0.0,365.2,366.2,14.58,-0.413,5.1,6.183,6.333,5.333,0.0,269.9,272.9,272.9,271.8,0.618,0.0,5.458,5.063,-0.3,5.15,0.982,6000.0,420214.0,205.0,437.0,59.98,7.0,32.0,40.0,47.0,22.89,24.64,103.0,5.942,6.81,7.075,60.0,59.5,75.6,1.0,272.0,272.0,271.0,5.277,0.134,5.279,1962.0,433110.0,13735.0,1967.0,1.0,0.818,0.791,0.836,4.212,4.207,4.209,3.157,1.542,1.54,1.541,1.156,1.0,1.0,1.0,0.0,1.215,271.2,50.86,2.7,3.5,2.0,-1.0,13.63,0.004,0.287,3.0,2.0,0.0,0.0,24.46,25.02,25.04,25.33,25.02,24.65,24.49,26.12,25.88,25.96,25.57,26.35,25.84,26.27,26.39,26.22,25.54,25.72,26.02
2017-06-30 06:26:00-05:00,75.529076,77.448296,84.97359,74.548805,79.96394,89.65751,71.131966,78.26589,938265.0,24.23,0.0,79.54,82.9,82.8,22.96,366.6,0.0,0.0,0.0,0.0,0.0,0.0,0.0,0.0,365.6,366.6,11.12,-0.402,3.783,4.817,5.0,4.0,0.0,270.0,273.0,273.0,272.0,0.632,0.0,4.162,3.807,-0.3,3.913,0.969,6000.0,420214.0,205.0,437.0,59.98,7.0,32.0,40.0,47.0,22.76,24.51,79.91,4.42,5.26,5.528,60.0,59.5,75.6,1.0,272.0,272.0,271.0,3.991,0.188,3.996,1962.0,433110.0,13735.0,1967.0,0.999,0.818,0.791,0.836,3.302,3.303,3.305,2.478,1.211,1.211,1.212,0.908,1.0,1.0,1.0,0.0,1.29,196.8,40.6,2.2,3.499,2.0,-1.0,13.63,0.004,0.286,3.0,2.0,0.0,0.0,24.37,24.89,24.91,25.25,24.83,24.59,24.46,25.94,25.6,25.65,25.37,26.21,25.65,26.07,26.19,26.01,25.31,25.53,25.8
2017-06-30 06:27:00-05:00,78.74308,80.23186,88.408066,77.197075,81.89544,92.02731,73.51558,82.509224,938266.0,24.27,0.0,83.2,86.1,86.0,22.92,366.3,0.0,0.0,0.0,0.0,0.0,0.0,0.0,0.0,365.2,366.2,11.65,-0.402,4.0,5.1,5.133,4.133,0.0,269.9,272.8,272.8,271.7,0.622,0.0,4.447,4.092,-0.3,4.205,0.975,6000.0,420214.0,205.0,437.0,59.98,7.0,32.0,40.0,47.0,22.73,24.39,83.9,4.79,5.627,5.898,60.0,59.5,75.6,1.0,271.9,272.0,270.9,4.297,0.187,4.301,1962.0,433110.0,13735.0,1967.0,0.999,0.818,0.791,0.836,3.535,3.537,3.539,2.658,1.295,1.296,1.296,0.973,1.0,1.0,1.0,0.0,1.198,196.4,27.0,1.9,3.5,2.0,-1.0,13.63,0.006,0.286,3.0,2.0,0.0,0.0,24.26,24.8,24.83,25.11,24.67,24.46,24.36,25.72,25.46,25.41,25.13,25.99,25.4,25.87,25.99,25.83,25.14,25.32,25.59
2017-06-30 06:28:00-05:00,87.148926,89.07372,97.17189,85.27429,90.78032,101.50652,82.046394,91.46738,938267.0,24.31,0.0,90.5,94.2,94.0,22.86,363.4,0.0,0.0,0.0,0.0,0.0,0.0,0.0,0.0,362.3,363.2,13.6,-0.417,4.367,5.883,5.917,4.917,0.0,269.8,272.8,272.9,271.7,0.615,0.0,5.097,4.72,-0.27,4.81,0.982,6000.0,420214.0,205.0,437.0,59.97,7.0,32.0,40.0,47.0,22.68,24.34,92.0,5.537,6.402,6.635,60.0,59.5,75.6,1.0,272.0,272.0,271.0,4.933,0.118,4.935,1962.0,433110.0,13735.0,1967.0,1.0,0.818,0.791,0.836,4.046,4.048,4.042,3.028,1.469,1.47,1.468,1.1,1.0,1.0,1.0,0.0,1.523,273.4,48.72,2.8,3.5,2.0,-1.0,13.43,0.002,0.287,3.0,2.0,0.0,0.001,24.26,24.73,24.78,25.04,24.57,24.46,24.29,25.57,25.21,25.19,24.95,25.88,25.26,25.74,25.87,25.73,25.0,25.17,25.47
2017-06-30 06:29:00-05:00,114.838806,116.090576,123.108086,114.93491,119.62401,136.37646,115.04059,124.23532,938268.0,24.35,0.0,111.1,123.2,122.7,22.8,359.8,0.0,0.0,0.0,0.0,0.0,0.0,0.0,0.0,358.7,359.6,18.15,-0.438,6.533,7.567,7.717,6.717,0.0,269.7,272.6,272.7,271.4,0.62,0.0,6.66,6.253,-0.3,6.31,0.989,6000.0,420214.0,205.0,437.0,59.98,7.0,32.0,40.0,47.77,22.73,24.36,120.0,7.42,8.28,8.51,60.0,59.5,75.6,1.0,271.9,272.0,271.0,6.494,0.093,6.495,1962.0,433110.0,13735.0,1967.0,1.0,0.818,0.791,0.836,5.228,5.229,5.231,3.921,1.883,1.883,1.884,1.412,1.0,1.0,1.0,0.0,0.973,270.0,49.24,2.3,3.499,2.0,-1.0,13.63,0.004,0.287,3.0,2.0,0.0,0.0,24.26,24.7,24.77,25.04,24.49,24.46,24.26,25.49,25.24,25.11,24.86,25.75,25.07,25.63,25.76,25.63,24.86,25.09,25.37
2017-06-30 06:30:00-05:00,110.26503,114.78067,121.331635,107.51976,116.66238,127.80004,104.627975,117.1631,938269.0,24.39,0.0,108.5,114.8,114.3,22.81,365.1,0.0,0.0,0.0,0.0,0.0,0.0,0.0,0.0,364.0,365.0,16.88,-0.402,6.0,7.067,7.367,6.367,0.0,269.5,272.6,272.8,271.3,0.612,0.0,6.297,5.88,-0.287,5.94,0.989,6000.0,420214.0,205.0,437.0,59.97,7.0,32.0,40.0,48.0,22.75,24.44,113.0,6.98,7.822,8.07,60.0,59.5,75.6,1.0,271.9,271.9,270.9,6.122,0.079,6.123,1962.0,433110.0,13735.0,1967.0,1.0,0.818,0.791,0.836,4.862,4.859,4.859,3.643,1.775,1.774,1.774,1.33,1.0,1.0,1.0,0.0,0.768,267.6,41.93,1.3,3.5,2.0,-1.0,13.63,0.004,0.287,3.0,2.0,0.0,0.0,24.36,24.83,24.85,25.14,24.64,24.55,24.36,25.56,25.21,25.19,24.95,25.8,25.15,25.67,25.83,25.68,24.96,25.17,25.4
2017-06-30 06:31:00-05:00,100.499405,101.681595,108.77804,104.87149,109.83775,125.76878,106.88613,117.1631,938270.0,24.43,0.0,99.2,113.3,112.9,22.79,366.3,0.0,0.0,0.0,0.0,0.0,0.0,0.0,0.0,365.2,366.2,15.65,-0.4,5.5,6.683,6.783,5.783,0.0,269.6,272.6,272.6,271.5,0.627,0.0,5.823,5.41,-0.282,5.487,0.987,6000.0,420214.0,205.0,437.0,59.97,7.0,32.0,40.0,48.0,22.71,24.45,103.9,6.387,7.228,7.475,60.0,59.5,75.6,1.0,271.6,271.7,270.6,5.638,0.093,5.638,1962.0,433111.0,13735.0,1967.0,1.0,0.818,0.791,0.836,4.503,4.502,4.503,3.375,1.649,1.649,1.649,1.236,1.0,1.0,1.0,0.0,0.888,240.6,39.17,1.9,3.5,2.0,-1.0,13.63,0.004,0.287,3.0,2.0,0.0,0.0,24.36,24.83,24.85,25.14,24.58,24.55,24.36,25.53,25.25,25.15,24.92,25.78,25.11,25.65,25.79,25.64,24.92,25.13,25.36
2017-06-30 06:32:00-05:00,154.51938,155.55154,160.65042,155.45346,160.3142,184.33675,158.1965,163.95763,938271.0,24.47,0.0,138.6,160.7,159.5,22.8,361.9,0.0,0.0,0.0,0.0,0.0,0.0,0.0,0.0,360.8,361.7,22.35,-0.427,8.38,9.32,9.58,8.58,0.0,270.0,273.0,273.0,272.0,0.627,0.0,8.25,7.793,-0.27,7.825,0.994,6000.0,420214.0,205.0,437.0,59.97,7.0,32.0,40.0,48.25,22.68,24.45,158.5,9.32,10.18,10.41,60.0,59.5,75.6,1.0,272.0,272.0,271.0,8.07,-0.024,8.07,1962.0,433111.0,13735.0,1967.0,-0.467,0.818,0.791,0.836,6.391,6.385,6.385,4.789,2.313,2.311,2.311,1.733,1.0,1.0,1.0,0.0,1.658,172.6,29.18,3.0,3.5,2.0,-1.0,13.63,0.004,0.288,3.0,2.0,0.0,0.0,24.39,24.86,24.91,25.17,24.6,24.62,24.36,25.58,25.21,25.17,24.97,25.85,25.23,25.72,25.88,25.71,25.02,25.18,25.41
2017-06-30 06:33:00-05:00,204.70728,211.0589,212.8781,200.20923,211.692,236.58525,201.72876,193.4252,938272.0,24.51,0.0,177.5,202.2,200.3,22.91,366.4,0.0,0.0,0.0,0.0,0.0,0.0,0.0,0.0,365.2,366.2,28.12,-0.403,11.0,12.0,12.0,11.0,0.0,270.0,273.0,273.0,272.0,0.637,0.0,10.46,9.92,-0.26,9.95,0.997,6000.0,420214.0,205.0,437.0,59.97,7.0,32.0,40.0,49.5,22.87,24.81,204.9,11.98,12.8,13.02,60.0,59.5,75.6,1.0,272.0,272.0,271.0,10.23,-0.116,10.23,1962.0,433111.0,13735.0,1967.0,-1.0,0.818,0.791,0.836,7.838,7.838,7.838,5.876,2.872,2.872,2.872,2.153,1.0,1.0,1.0,1.0,0.872,325.3,44.3,1.6,3.5,2.0,-1.0,13.55,0.025,0.29,3.0,2.0,0.0,0.001,24.69,25.12,25.19,25.43,24.86,24.88,24.65,25.99,25.71,25.62,25.37,26.26,25.66,26.16,26.31,26.08,25.39,25.51,25.79
2017-06-30 06:34:00-05:00,214.10207,221.04695,221.5235,209.21333,221.47824,246.40298,210.5105,194.83966,938273.0,24.55,0.0,184.8,211.1,209.1,23.04,359.2,0.0,0.0,0.0,0.0,0.0,0.0,0.0,0.0,358.1,359.1,29.73,-0.463,11.4,12.0,12.92,11.92,0.0,270.0,273.0,273.0,272.0,0.635,0.0,10.76,10.25,-0.208,10.28,0.997,6000.0,420215.0,206.0,437.0,59.96,7.0,32.0,40.0,50.13,23.06,25.12,213.2,12.39,13.21,13.44,60.0,59.5,75.6,1.0,272.0,272.0,271.0,10.56,-0.165,10.56,1962.0,433111.0,13735.0,1967.0,-1.0,0.818,0.791,0.836,8.24,8.24,8.24,6.177,2.96,2.96,2.96,2.219,1.0,1.0,1.0,1.0,0.718,284.8,68.6,1.8,3.5,2.0,-1.0,13.44,-0.018,0.292,3.0,2.0,0.0,0.001,24.98,25.48,25.53,25.79,25.25,25.21,24.93,26.45,26.25,26.11,25.84,26.68,26.02,26.55,26.76,26.47,25.72,25.82,26.19
2017-06-30 06:35:00-05:00,217.19246,224.32172,224.36581,212.39127,224.6974,249.67558,213.52136,202.85483,938274.0,24.59,0.0,187.3,213.8,211.9,23.17,366.9,0.0,0.0,0.0,0.0,0.0,0.0,0.0,0.0,365.4,366.5,29.48,-0.42,12.0,12.93,13.0,12.0,0.0,270.0,273.0,273.0,272.0,0.643,0.0,10.98,10.4,-0.125,10.42,0.996,6000.0,420215.0,206.0,437.0,59.95,7.0,32.0,40.0,51.0,23.12,25.49,215.3,12.58,13.42,13.66,60.0,59.5,75.6,1.0,272.0,272.0,271.0,10.73,-0.246,10.74,1962.0,433111.0,13735.0,1967.0,-1.0,0.818,0.791,0.836,8.2,8.2,8.2,6.147,3.008,3.008,3.008,2.255,1.0,1.0,1.0,1.0,0.673,246.3,48.55,1.2,3.5,2.0,-1.0,13.59,0.003,0.292,3.0,2.0,0.0,0.0,25.29,25.84,25.89,26.2,25.64,25.56,25.21,26.93,26.72,26.59,26.31,27.11,26.43,26.9,27.18,26.86,26.08,26.08,26.59
2017-06-30 06:36:00-05:00,218.30498,225.4679,225.43169,213.71541,225.85631,250.69121,214.525,226.4289,938275.0,24.62,0.0,188.4,214.9,213.0,23.23,367.1,0.0,0.0,0.0,0.0,0.0,0.0,0.0,0.0,365.6,366.7,29.58,-0.412,12.0,13.0,13.0,12.0,0.0,269.8,272.8,272.9,271.7,0.645,0.0,11.0,10.41,-0.297,10.43,0.997,6000.0,420215.0,206.0,437.0,59.98,7.0,32.67,40.0,51.05,23.25,25.85,216.1,12.63,13.46,13.69,60.0,59.5,75.6,1.0,271.9,272.0,271.0,10.76,-0.062,10.76,1962.0,433111.0,13735.0,1967.0,-1.0,0.818,0.791,0.836,8.22,8.21,8.22,6.162,3.015,3.013,3.017,2.262,1.0,1.0,1.0,1.0,1.332,237.4,16.49,2.6,3.499,2.0,-1.0,13.59,0.003,0.292,3.0,2.0,0.0,0.0,25.63,26.2,26.23,26.54,26.03,25.87,25.48,27.33,27.1,27.0,26.7,27.53,26.81,27.28,27.61,27.25,26.38,26.36,26.98
2017-06-30 06:37:00-05:00,220.90091,227.92397,227.91873,216.09885,228.68916,253.62523,217.28497,240.33759,938276.0,24.67,0.0,191.1,217.7,215.7,23.24,366.1,0.0,0.0,0.0,0.0,0.0,0.0,0.0,0.0,365.0,365.9,30.17,-0.413,12.0,13.0,13.0,12.0,0.0,269.9,273.0,273.0,271.8,0.653,0.0,11.22,10.64,-0.3,10.65,0.998,6000.0,420215.0,206.0,437.0,59.99,7.0,33.0,40.0,52.0,23.33,26.14,218.6,12.87,13.66,13.92,60.0,59.5,75.6,1.0,272.0,272.0,271.0,10.94,-0.052,10.94,1962.0,433112.0,13735.0,1967.0,-1.0,0.818,0.791,0.836,8.37,8.38,8.38,6.28,3.065,3.066,3.067,2.299,1.0,1.0,1.0,1.0,0.912,205.1,27.41,2.5,3.5,2.0,-1.0,13.59,0.003,0.292,3.0,2.0,0.0,0.0,25.94,26.5,26.52,26.86,26.39,26.18,25.81,27.69,27.42,27.36,27.05,27.96,27.2,27.65,28.0,27.59,26.69,26.62,27.31
2017-06-30 06:38:00-05:00,222.50792,229.7251,230.05048,217.6878,230.4919,255.4308,219.16676,242.57713,938277.0,24.71,0.0,193.4,219.8,217.7,23.38,363.2,0.0,0.0,0.0,0.0,0.0,0.0,0.0,0.0,362.0,363.0,30.8,-0.43,12.0,13.0,13.0,12.0,0.0,269.4,272.7,272.9,271.3,0.632,0.0,11.35,10.77,-0.3,10.78,0.997,6000.0,420215.0,206.0,437.0,59.98,7.0,33.0,40.0,52.0,23.32,26.44,220.5,13.08,13.9,14.11,60.0,59.5,75.6,1.0,271.9,272.0,270.9,11.11,-0.104,11.11,1962.0,433112.0,13735.0,1967.0,-1.0,0.818,0.791,0.836,8.58,8.57,8.58,6.428,3.114,3.114,3.115,2.335,1.0,1.0,1.0,1.0,0.79,196.2,50.84,1.8,3.5,2.0,-1.0,13.59,0.003,0.292,3.0,2.0,0.0,0.0,26.15,26.78,26.81,27.14,26.7,26.47,26.11,27.99,27.74,27.6,27.35,28.29,27.44,27.96,28.32,27.89,26.86,26.8,27.63
2017-06-30 06:39:00-05:00,225.35107,232.99986,233.48494,220.73332,233.196,258.47772,222.05219,245.64177,938278.0,24.75,0.0,196.9,223.1,220.8,23.44,362.3,0.0,0.0,0.0,0.0,0.0,0.0,0.0,0.0,361.0,361.9,31.38,-0.44,12.2,13.0,13.48,12.48,0.0,269.3,272.5,272.8,271.2,0.638,0.0,11.57,10.99,-0.29,11.0,0.997,6000.0,420215.0,206.0,437.0,59.97,7.0,33.0,40.0,52.9,23.13,26.59,223.7,13.34,14.16,14.39,60.0,59.5,75.6,1.0,271.7,271.8,270.9,11.32,-0.146,11.32,1962.0,433112.0,13735.0,1967.0,-1.0,0.818,0.791,0.836,8.75,8.75,8.75,6.562,3.171,3.169,3.171,2.377,1.0,1.0,1.0,1.0,1.502,231.4,19.07,2.6,3.5,2.0,-1.0,13.49,0.005,0.292,3.0,2.0,0.0,0.001,26.37,27.01,27.02,27.42,26.96,26.68,26.39,28.28,27.85,27.87,27.62,28.66,27.84,28.3,28.68,28.16,27.11,27.01,27.9
2017-06-30 06:40:00-05:00,229.05954,236.76585,237.15627,224.17607,236.9302,262.3145,225.81578,249.76721,938279.0,24.79,0.0,200.6,226.8,224.4,23.32,361.7,0.0,0.0,0.0,0.0,0.0,0.0,0.0,0.0,360.4,361.5,32.15,-0.433,13.0,13.75,14.0,13.0,0.0,269.3,272.3,272.7,271.1,0.625,0.0,11.84,11.26,-0.203,11.26,0.998,6000.0,420216.0,207.0,437.0,59.96,7.0,33.0,40.0,53.0,23.01,26.81,227.2,13.64,14.49,14.7,60.0,59.5,75.6,1.0,271.6,271.8,270.8,11.58,-0.225,11.58,1962.0,433112.0,13735.0,1967.0,-1.0,0.818,0.791,0.836,8.95,8.95,8.96,6.713,3.238,3.238,3.24,2.428,1.0,1.0,1.0,1.0,1.448,270.6,24.24,2.2,3.5,2.0,-1.0,13.59,0.003,0.293,3.0,2.0,0.0,0.0,26.54,27.19,27.22,27.64,27.21,26.9,26.62,28.55,28.15,28.09,27.87,29.05,28.08,28.63,29.06,28.46,27.34,27.16,28.19
2017-06-30 06:41:00-05:00,230.66653,239.05818,239.16957,225.76503,238.73296,263.78156,227.44667,251.77103,938280.0,24.84,0.0,202.5,228.7,226.2,23.27,364.8,0.0,0.0,0.0,0.0,0.0,0.0,0.0,0.0,363.7,364.6,32.27,-0.422,13.0,14.0,14.0,13.0,0.0,269.1,272.1,272.2,271.0,0.627,0.0,11.92,11.32,-0.217,11.33,0.998,6000.0,420216.0,207.0,437.0,59.96,7.0,33.0,40.0,53.83,23.12,27.09,228.7,13.75,14.6,14.8,60.0,59.5,75.6,1.0,271.2,271.4,270.4,11.66,-0.217,11.66,1962.0,433112.0,13735.0,1967.0,-1.0,0.818,0.791,0.836,8.93,8.93,8.93,6.696,3.259,3.258,3.258,2.442,1.0,1.0,1.0,1.0,1.108,286.4,40.48,2.1,3.499,2.0,-1.0,13.59,0.003,0.293,3.0,2.0,0.0,0.0,26.79,27.46,27.5,27.87,27.48,27.18,26.78,28.82,28.53,28.34,28.11,29.34,28.22,28.81,29.36,28.72,27.47,27.37,28.45
2017-06-30 06:42:00-05:00,231.53185,239.87688,239.76173,226.82434,239.50554,264.68433,228.19939,252.83183,938281.0,24.89,0.0,203.6,229.9,227.2,23.39,361.0,0.0,0.0,0.0,0.0,0.0,0.0,0.0,0.0,359.9,360.9,32.77,-0.447,13.0,14.0,14.0,13.0,0.0,269.0,272.0,272.0,271.0,0.625,0.0,11.99,11.38,-0.228,11.4,0.998,6000.0,420216.0,207.0,437.0,59.96,7.0,33.0,40.0,54.0,23.47,27.39,229.3,13.86,14.69,14.91,60.0,59.5,75.6,1.0,271.0,271.0,270.0,11.74,-0.216,11.74,1962.0,433113.0,13735.0,1967.0,-1.0,0.818,0.791,0.836,9.09,9.09,9.09,6.817,3.283,3.28,3.281,2.461,1.0,1.0,1.0,1.0,0.772,321.7,38.24,1.4,3.499,2.0,-1.0,13.59,0.003,0.293,3.0,2.0,0.0,0.0,27.1,27.73,27.74,28.09,27.77,27.41,26.96,29.14,28.78,28.61,28.42,29.62,28.4,29.12,29.64,28.96,27.72,27.54,28.72
2017-06-30 06:43:00-05:00,234.12778,243.15164,242.48563,229.73743,242.20964,267.84406,231.21027,256.01437,938282.0,24.94,0.0,206.3,233.0,230.3,23.56,350.4,0.0,0.0,0.0,0.0,0.0,0.0,0.0,0.0,349.2,350.1,33.85,-0.49,13.0,14.0,14.0,13.0,0.0,269.0,272.0,272.0,271.0,0.617,0.0,12.01,11.49,-0.148,11.49,0.998,6000.0,420216.0,207.0,437.0,59.95,7.0,33.0,40.0,54.72,23.55,27.61,232.1,13.92,14.79,15.01,60.0,59.5,75.6,1.0,271.0,271.0,270.0,11.8,-0.266,11.81,1962.0,433113.0,13735.0,1967.0,-1.0,0.818,0.791,0.836,9.42,9.42,9.42,7.06,3.3,3.301,3.301,2.474,1.0,1.0,1.0,1.0,0.717,226.6,34.35,1.1,3.499,2.0,-1.0,13.59,0.003,0.293,3.0,2.0,0.0,0.0,27.33,27.96,27.91,28.34,27.99,27.64,27.14,29.49,29.38,29.0,28.77,29.97,28.81,29.47,29.98,29.27,27.96,27.65,29.03
2017-06-30 06:44:00-05:00,229.30676,238.89445,238.1037,224.44089,237.18774,261.5246,225.69032,250.47444,938283.0,24.99,0.0,203.2,228.3,225.5,23.69,340.5,0.0,0.0,0.0,0.0,0.0,0.0,0.0,0.0,339.1,340.0,34.25,-0.402,12.82,13.45,14.0,13.0,0.0,269.0,272.0,272.0,271.0,0.615,0.0,11.7,11.17,-0.128,11.19,0.998,6000.0,420216.0,207.0,437.0,59.95,7.0,33.0,40.0,55.0,23.57,27.8,227.2,13.56,14.44,14.66,60.0,59.5,75.6,1.0,271.0,271.0,270.0,11.51,-0.277,11.51,1962.0,433113.0,13735.0,1967.0,-1.0,0.818,0.791,0.836,9.45,9.45,9.45,7.089,3.219,3.218,3.218,2.414,1.0,1.0,1.0,1.0,1.41,170.0,38.29,3.0,3.499,2.0,-1.0,13.49,0.0,0.293,3.0,2.0,0.0,0.0,27.49,28.16,28.15,28.58,28.2,27.81,27.36,29.8,29.56,29.24,29.06,30.25,29.05,29.71,30.28,29.56,28.3,27.76,29.33
2017-06-30 06:45:00-05:00,230.41931,240.04062,238.93274,226.4271,238.4754,263.78156,228.82664,252.71397,938284.0,25.05,0.0,204.9,231.0,228.3,23.85,341.7,0.0,0.0,0.0,0.0,0.0,0.0,0.0,0.0,340.4,341.3,34.52,-0.425,12.83,13.57,14.22,13.22,0.0,269.0,272.0,272.0,271.0,0.62,0.0,11.91,11.36,-0.163,11.37,0.998,6000.0,420217.0,208.0,437.0,59.96,7.0,33.0,40.0,55.33,23.44,27.89,228.9,13.82,14.66,14.9,60.0,59.5,75.6,1.0,271.0,271.0,270.0,11.7,-0.256,11.71,1962.0,433113.0,13735.0,1967.0,-1.0,0.818,0.791,0.836,9.58,9.58,9.58,7.179,3.273,3.272,3.273,2.454,1.0,1.0,1.0,1.0,1.192,199.3,43.01,2.0,3.5,2.0,-1.0,13.49,0.008,0.293,3.0,2.0,0.0,0.0,27.67,28.32,28.28,28.72,28.3,27.93,27.54,30.01,29.66,29.4,29.25,30.52,29.28,29.96,30.54,29.83,28.49,27.74,29.61
2017-06-30 06:46:00-05:00,242.41,253.30344,251.72316,237.81465,250.57947,276.64618,240.7447,264.9725,938285.0,25.11,0.0,215.3,242.0,239.0,23.89,349.0,0.0,0.0,0.0,0.0,0.0,0.0,0.0,0.0,347.7,348.5,35.93,-0.483,14.0,15.0,15.0,14.0,0.0,269.0,272.0,272.0,271.0,0.613,0.0,12.68,12.11,-0.263,12.13,0.998,6000.0,420217.0,208.0,437.0,59.97,7.0,33.0,40.0,56.0,23.43,28.04,240.6,14.73,15.58,15.82,60.0,59.5,75.6,1.0,271.0,271.0,270.0,12.45,-0.212,12.45,1962.0,433113.0,13736.0,1967.0,-1.0,0.818,0.791,0.836,9.96,9.96,9.96,7.467,3.474,3.474,3.474,2.605,2.0,2.0,2.0,1.0,1.357,216.5,35.93,2.3,3.499,2.0,-1.0,13.59,0.003,0.293,3.0,2.0,0.0,0.0,27.87,28.48,28.51,28.91,28.43,28.15,27.71,30.3,29.89,29.73,29.55,30.84,29.55,30.19,30.83,30.17,28.91,27.86,29.97
2017-06-30 06:47:00-05:00,242.28639,254.12212,252.5522,237.54984,250.96576,276.1948,240.4938,264.8546,938286.0,25.17,0.0,216.0,241.8,238.9,23.72,344.0,0.0,0.0,0.0,0.0,0.0,0.0,0.0,0.0,342.8,343.7,36.33,-0.43,13.83,14.82,14.92,13.92,0.0,269.6,272.4,272.5,271.4,0.61,0.0,12.65,12.09,-0.295,12.11,0.998,6000.0,420217.0,208.0,437.0,59.98,7.0,33.0,40.0,56.07,23.59,28.3,240.3,14.66,15.52,15.76,60.0,59.5,75.6,1.0,271.6,271.6,270.6,12.42,-0.17,12.42,1962.0,433114.0,13736.0,1967.0,-1.0,0.818,0.791,0.836,10.06,10.05,10.05,7.539,3.459,3.458,3.457,2.593,2.0,2.0,2.0,1.0,1.143,245.7,50.63,2.8,3.5,2.0,-1.0,13.59,0.003,0.294,3.0,2.0,0.0,0.0,28.01,28.61,28.69,29.12,28.56,28.31,27.85,30.42,29.65,29.7,29.66,31.11,29.83,30.39,31.11,30.43,28.96,28.03,30.23
2017-06-30 06:48:00-05:00,226.34,237.91202,236.68256,223.514,236.41516,260.05756,226.81941,250.12082,938287.0,25.23,0.0,204.3,229.4,226.7,23.74,347.6,0.0,0.0,0.0,0.0,0.0,0.0,0.0,0.0,346.4,347.4,34.17,-0.487,13.0,14.0,14.0,13.0,0.0,269.9,272.8,272.7,271.6,0.608,0.0,12.04,11.48,-0.25,11.5,0.997,6000.0,420217.0,208.0,437.0,59.97,7.0,33.0,40.0,57.0,23.61,28.47,225.1,13.9,14.76,15.01,60.0,59.5,75.6,1.0,272.0,272.0,271.0,11.81,-0.189,11.81,1962.0,433114.0,13736.0,1967.0,-1.0,0.818,0.791,0.836,9.49,9.48,9.49,7.115,3.299,3.297,3.298,2.473,2.0,2.0,2.0,1.0,0.977,226.5,32.05,1.8,3.5,2.0,-1.0,13.59,0.003,0.293,3.0,2.0,0.0,0.0,28.24,28.76,28.83,29.29,28.75,28.49,27.9,30.52,29.89,29.65,29.73,31.15,29.76,30.33,31.17,30.47,28.89,28.13,30.26
2017-06-30 06:49:00-05:00,180.60226,190.42787,191.08696,175.97755,188.38528,204.53648,175.13268,196.72557,938288.0,25.29,0.0,166.5,181.7,179.9,23.73,348.3,0.0,0.0,0.0,0.0,0.0,0.0,0.0,0.0,347.0,348.0,27.3,-0.498,10.02,11.0,11.37,10.37,0.0,270.2,273.1,273.0,271.9,0.603,0.0,9.67,9.19,-0.217,9.21,0.996,6000.0,420217.0,208.0,437.0,59.96,7.0,33.0,40.0,57.0,23.46,28.46,178.2,11.02,11.91,12.14,60.0,59.5,75.6,1.0,272.3,272.3,271.2,9.48,-0.121,9.48,1962.0,433114.0,13736.0,1967.0,-1.0,0.818,0.791,0.836,7.658,7.654,7.655,5.742,2.668,2.666,2.666,2.0,2.0,2.0,2.0,1.0,1.032,207.7,40.13,2.1,3.499,2.0,-1.0,13.59,0.003,0.291,3.0,2.0,0.0,0.0,28.25,28.77,28.83,29.32,28.8,28.51,27.9,30.49,29.81,29.66,29.71,31.23,29.8,30.34,31.2,30.48,28.94,28.13,30.3
2017-06-30 06:50:00-05:00,193.21104,202.70824,203.4037,190.41063,200.10301,221.1251,191.94342,211.3415,938289.0,25.35,0.0,179.1,198.7,196.6,23.59,354.2,0.0,0.0,0.0,0.0,0.0,0.0,0.0,0.0,352.9,353.8,29.38,-0.488,11.22,12.23,12.35,11.35,0.0,271.0,274.0,274.0,273.0,0.6,0.0,10.59,10.06,-0.19,10.08,0.997,6000.0,420217.0,208.0,437.0,59.96,7.0,33.0,40.02,57.0,23.19,28.3,194.4,12.04,12.94,13.18,60.0,59.5,75.6,1.0,273.0,273.0,272.0,10.36,-0.176,10.36,1962.0,433114.0,13736.0,1967.0,-1.0,0.818,0.791,0.836,8.27,8.26,8.26,6.193,2.931,2.929,2.93,2.196,2.0,2.0,2.0,1.0,1.858,224.7,25.04,3.3,3.499,2.0,-1.0,13.41,0.004,0.292,1.0,2.0,0.0,0.001,28.03,28.62,28.67,29.2,28.59,28.38,27.8,30.39,29.98,29.54,29.58,31.14,29.58,30.25,31.09,30.34,28.79,28.05,30.15
2017-06-30 06:51:00-05:00,238.70155,251.17484,250.42044,235.03398,247.23154,272.24512,238.61201,260.4934,938290.0,25.42,0.0,217.4,241.9,238.9,23.47,366.3,0.0,0.0,0.0,0.0,0.0,0.0,0.0,0.0,365.0,366.1,34.9,-0.427,13.78,14.8,15.03,14.03,0.0,271.0,274.0,274.0,273.0,0.602,0.0,12.94,12.28,-0.118,12.3,0.998,6000.0,420218.0,209.0,437.0,59.95,7.0,33.0,40.68,57.8,23.33,28.47,238.5,14.85,15.73,15.96,60.0,59.5,75.6,1.0,273.0,273.0,271.9,12.63,-0.328,12.64,1962.0,433114.0,13736.0,1967.0,-1.0,0.818,0.791,0.836,9.61,9.6,9.61,7.205,3.52,3.517,3.52,2.64,2.0,2.0,2.0,1.0,1.472,254.3,40.53,2.5,3.499,2.0,-1.0,13.59,0.004,0.293,3.0,2.0,0.0,0.0,28.1,28.64,28.8,29.27,28.65,28.49,27.92,30.55,30.14,29.67,29.73,31.25,29.66,30.24,31.19,30.48,28.73,28.12,30.26
2017-06-30 06:52:00-05:00,250.93947,264.43765,263.2109,247.21602,260.49448,286.1254,251.15733,274.16638,938291.0,25.48,0.0,227.9,253.4,250.2,23.5,369.9,0.0,0.0,0.0,0.0,0.0,0.0,0.0,0.0,368.3,369.5,35.85,-0.407,14.43,15.43,15.52,14.52,0.0,271.0,274.0,273.9,272.9,0.605,0.0,13.38,12.72,-0.137,12.73,0.998,6000.0,420218.0,209.0,437.0,59.95,7.0,33.0,41.0,58.0,23.59,28.76,249.8,15.38,16.26,16.5,60.0,59.5,75.6,1.0,273.0,273.0,271.9,13.07,-0.334,13.07,1962.0,433115.0,13736.0,1967.0,-1.0,0.818,0.791,0.836,9.86,9.88,9.85,7.385,3.646,3.653,3.642,2.731,2.0,2.0,2.0,1.0,0.85,245.9,82.0,1.9,3.499,2.0,-1.0,13.59,0.003,0.294,3.0,2.0,0.0,0.0,28.37,28.9,29.06,29.5,28.82,28.72,28.02,30.78,30.44,29.9,29.95,31.44,29.85,30.53,31.39,30.66,28.79,28.21,30.44
2017-06-30 06:53:00-05:00,253.16457,266.72998,265.5795,249.46704,262.94104,288.49518,253.29002,276.52377,938292.0,25.55,0.0,230.9,256.2,253.0,23.74,366.6,0.0,0.0,0.0,0.0,0.0,0.0,0.0,0.0,365.4,366.4,37.18,-0.423,14.9,15.97,16.15,15.15,0.0,271.0,273.9,274.0,272.9,0.585,0.0,13.8,13.11,-0.087,13.12,0.998,6000.0,420218.0,209.0,437.0,59.94,7.0,33.0,41.0,58.67,23.62,28.98,252.1,15.88,16.78,16.98,60.0,59.5,75.6,1.0,273.0,272.9,271.8,13.47,-0.385,13.48,1962.0,433115.0,13736.0,1967.0,-1.0,0.818,0.791,0.836,10.23,10.23,10.23,7.669,3.75,3.749,3.749,2.811,2.0,2.0,2.0,1.0,1.363,189.1,35.73,2.6,3.499,2.0,-1.0,13.59,0.003,0.294,3.0,2.0,0.0,0.0,28.54,29.16,29.25,29.73,28.98,28.96,28.24,31.05,30.64,30.08,30.21,31.69,30.27,30.84,31.7,30.9,29.11,28.28,30.7
2017-06-30 06:54:00-05:00,262.06488,276.39056,275.29077,258.33875,272.08347,298.53864,262.19724,285.95343,938293.0,25.61,0.0,239.4,265.3,262.0,23.85,355.2,0.0,0.0,0.0,0.0,0.0,0.0,0.0,0.0,353.9,354.8,40.03,-0.498,16.0,17.0,17.0,16.0,0.0,270.9,273.8,273.9,272.7,0.607,0.0,14.39,13.71,-0.077,13.71,0.998,6000.0,420218.0,209.0,437.0,59.94,7.0,33.0,41.0,59.0,23.64,29.17,261.2,16.68,17.56,17.76,60.0,59.5,75.6,1.0,272.8,272.7,271.7,14.11,-0.42,14.12,1962.0,433115.0,13736.0,1967.0,-1.0,0.818,0.791,0.836,11.05,11.05,11.06,8.29,3.926,3.926,3.926,2.943,2.0,2.0,2.0,1.0,0.932,222.0,58.82,2.1,3.5,2.0,-1.0,13.59,0.003,0.295,3.0,2.0,0.0,0.0,28.64,29.38,29.43,29.94,29.14,29.14,28.44,31.3,30.74,30.25,30.44,31.98,30.27,31.04,31.96,31.17,29.22,28.5,30.97
2017-06-30 06:55:00-05:00,265.2789,279.82907,278.84366,261.7815,275.43137,302.14975,265.7099,289.6074,938294.0,25.68,0.0,243.1,269.0,265.7,23.82,355.5,0.0,0.0,0.0,0.0,0.0,0.0,0.0,0.0,354.1,355.2,40.82,-0.498,16.0,17.0,17.0,16.0,0.0,270.5,273.4,273.8,272.2,0.607,0.0,14.64,13.98,-0.04,13.98,0.999,6000.0,420219.0,210.0,437.0,59.94,7.0,33.0,41.0,59.77,23.52,29.33,264.5,17.0,17.87,18.07,60.0,59.5,75.6,1.0,272.2,272.1,271.3,14.37,-0.462,14.38,1962.0,433115.0,13736.0,1967.0,-0.999,0.818,0.791,0.836,11.24,11.24,11.23,8.43,3.995,3.995,3.994,2.995,2.0,2.0,2.0,1.0,1.342,227.3,69.37,2.5,3.5,2.0,-1.0,13.53,0.024,0.294,3.0,2.0,0.0,0.001,28.78,29.47,29.64,30.08,29.38,29.35,28.54,31.41,30.95,30.21,30.52,32.18,30.4,31.14,32.12,31.28,29.24,28.68,31.06
2017-06-30 06:56:00-05:00,268.8637,283.10385,282.63342,264.827,278.65054,305.5352,268.5953,292.7899,938295.0,25.76,0.0,246.8,272.5,269.1,23.67,345.6,0.0,0.0,0.0,0.0,0.0,0.0,0.0,0.0,344.4,345.3,42.25,-0.447,16.0,17.0,17.0,16.0,0.0,269.2,272.2,272.2,271.1,0.597,0.0,14.71,14.05,-0.068,14.05,0.999,6000.0,420219.0,210.0,437.0,59.94,7.0,33.0,41.0,60.0,23.49,29.53,267.9,17.19,18.06,18.27,60.0,59.5,75.6,1.0,271.1,271.1,270.1,14.46,-0.443,14.46,1962.0,433115.0,13736.0,1967.0,-1.0,0.818,0.791,0.836,11.62,11.62,11.62,8.71,4.016,4.015,4.016,3.011,2.0,2.0,2.0,1.0,1.905,231.6,19.94,3.5,3.5,2.0,-1.0,13.41,-0.017,0.296,3.0,2.0,0.0,0.001,29.01,29.71,29.86,30.29,29.61,29.5,28.65,31.66,31.14,30.46,30.77,32.46,30.64,31.35,32.38,31.53,29.58,28.66,31.3
2017-06-30 06:57:00-05:00,272.32495,286.3786,286.0679,268.00494,281.99847,309.03348,271.85712,295.85452,938296.0,25.84,0.0,250.6,276.1,272.7,23.64,334.8,0.0,0.0,0.0,0.0,0.0,0.0,0.0,0.0,333.6,334.3,43.53,-0.4,16.0,17.0,17.13,16.13,0.0,269.0,272.0,272.0,271.0,0.588,0.0,14.67,14.06,-0.128,14.06,0.999,6000.0,420219.0,210.0,437.0,59.95,7.0,33.0,41.0,58.85,23.62,29.74,271.3,17.19,18.06,18.28,60.0,59.5,75.6,1.0,271.0,271.0,270.0,14.45,-0.396,14.45,1962.0,433116.0,13736.0,1967.0,-1.0,0.818,0.791,0.836,11.98,11.98,11.98,8.98,4.011,4.011,4.012,3.007,2.0,2.0,2.0,2.0,1.31,179.9,48.58,2.0,3.498,2.0,-1.0,13.59,0.004,0.295,3.0,2.0,0.0,0.0,29.22,30.0,30.13,30.52,29.97,29.74,28.85,31.86,31.16,30.71,30.94,32.72,30.86,31.63,32.65,31.79,29.7,28.74,31.53
2017-06-30 06:58:00-05:00,275.41537,289.8171,289.62082,271.05048,285.08884,312.30606,274.99344,298.91913,938297.0,25.91,0.0,254.3,279.6,276.2,23.85,328.1,0.0,0.0,0.0,0.0,0.0,0.0,0.0,0.0,326.9,327.6,44.4,-0.4,16.0,17.0,17.7,16.7,0.0,269.0,271.9,271.9,270.9,0.578,0.0,14.71,14.13,-0.108,14.13,0.999,6000.0,420219.0,210.0,437.0,59.95,7.0,33.0,41.0,58.32,23.68,29.83,274.6,17.27,18.15,18.37,60.0,59.5,75.6,1.0,271.0,270.9,269.8,14.51,-0.421,14.51,1962.0,433116.0,13736.0,1967.0,-1.0,0.818,0.791,0.836,12.25,12.25,12.25,9.19,4.02,4.019,4.019,3.014,2.0,2.0,2.0,2.0,2.005,182.7,20.87,3.6,3.499,2.0,-1.0,13.59,0.003,0.295,3.0,2.0,0.0,0.0,29.39,30.18,30.3,30.7,30.48,29.92,29.04,32.01,30.94,30.75,31.08,33.01,31.2,31.92,32.94,32.01,29.83,28.93,31.75
2017-06-30 06:59:00-05:00,278.2585,292.92813,293.1737,273.83115,288.05048,315.35294,278.0043,301.5123,938298.0,25.97,0.0,257.7,282.8,279.6,23.94,320.4,0.0,0.0,0.0,0.0,0.0,0.0,0.0,0.0,319.2,319.8,45.38,-0.4,16.0,17.0,17.42,16.42,0.0,269.0,272.0,272.0,271.0,0.59,0.0,14.68,14.09,-0.098,14.09,0.999,6000.0,420219.0,210.0,437.0,59.95,7.0,33.43,41.0,59.12,23.65,29.95,277.6,17.23,18.11,18.34,60.0,59.5,75.6,1.0,271.0,271.0,269.9,14.47,-0.423,14.48,1962.0,433116.0,13736.0,1967.0,-1.0,0.818,0.791,0.836,12.51,12.51,12.51,9.38,4.009,4.009,4.009,3.005,2.0,2.0,2.0,2.0,1.98,207.0,31.64,3.4,3.5,2.0,-1.0,13.59,0.003,0.295,3.0,2.0,0.0,0.0,29.47,30.26,30.41,30.8,31.01,30.05,29.22,32.18,31.37,30.79,31.25,33.27,31.59,32.2,33.21,32.28,30.18,29.1,32.03
2017-06-30 07:00:00-05:00,280.48358,295.54797,296.13443,276.347,290.49704,317.83557,280.26245,303.75183,938299.0,26.04,0.0,260.5,285.5,282.3,23.83,316.3,0.0,0.0,0.0,0.0,0.0,0.0,0.0,0.0,315.0,315.6,46.0,-0.4,16.0,17.0,17.65,16.65,0.0,269.0,271.9,271.9,270.9,0.593,0.0,14.71,14.14,-0.118,14.15,0.998,6000.0,420220.0,211.0,437.0,59.95,7.0,33.6,41.0,60.0,23.51,30.06,280.1,17.3,18.17,18.39,60.0,59.5,75.6,1.0,270.9,271.0,269.7,14.51,-0.419,14.52,1962.0,433116.0,13736.0,1967.0,-1.0,0.818,0.791,0.836,12.7,12.7,12.7,9.52,4.017,4.017,4.017,3.012,2.0,2.0,2.0,2.0,1.84,247.8,26.43,4.0,3.498,2.0,-1.0,13.59,0.003,0.295,3.0,2.0,0.0,0.0,29.64,30.38,30.52,31.03,31.65,30.21,29.32,32.5,31.76,31.26,31.57,33.53,31.8,32.31,33.48,32.62,30.4,29.33,32.36
2017-06-30 07:01:00-05:00,282.70865,298.00403,298.97678,278.4656,292.9436,320.31824,282.14426,305.7556,938300.0,26.11,0.0,263.4,288.1,285.1,23.71,318.8,0.0,0.0,0.0,0.0,0.0,0.0,0.0,0.0,317.5,318.2,46.65,-0.4,16.83,17.82,18.0,17.0,0.0,268.9,271.8,271.7,270.7,0.593,0.0,15.02,14.45,-0.13,14.45,0.999,6000.0,420220.0,211.0,437.0,59.95,7.0,34.0,41.0,60.13,23.47,30.18,282.6,17.67,18.54,18.76,60.0,59.5,75.6,1.0,270.8,270.8,269.6,14.81,-0.426,14.82,1962.0,433117.0,13736.0,1967.0,-1.0,0.818,0.791,0.836,12.86,12.86,12.86,9.64,4.1,4.1,4.1,3.074,2.0,2.0,2.0,2.0,1.508,297.9,22.41,2.5,3.499,2.0,-1.0,13.41,-0.005,0.296,3.0,2.0,0.0,0.001,29.77,30.52,30.68,31.19,32.38,30.41,29.32,32.62,31.86,31.36,31.68,33.74,31.77,32.45,33.68,32.76,30.4,29.6,32.52
2017-06-30 07:02:00-05:00,285.181,300.4601,301.8191,281.24628,295.7765,323.2523,284.90424,308.11304,938301.0,26.18,0.0,266.4,291.1,288.0,23.67,321.2,0.0,0.0,0.0,0.0,0.0,0.0,0.0,0.0,319.8,320.5,47.42,-0.4,17.0,18.0,18.0,17.0,0.0,268.8,271.7,271.6,270.6,0.595,0.0,15.34,14.75,-0.21,14.74,0.999,6000.0,420220.0,211.0,437.0,59.96,7.0,34.0,41.0,58.1,23.61,30.27,285.4,18.07,18.91,19.15,60.0,59.5,75.6,1.0,270.7,270.7,269.5,15.12,-0.368,15.13,1962.0,433117.0,13736.0,1967.0,-1.0,0.818,0.791,0.836,13.03,13.03,13.03,9.77,4.185,4.184,4.184,3.137,3.0,3.0,3.0,2.0,1.17,258.1,45.83,2.4,3.499,2.0,-1.0,13.5,0.013,0.296,3.0,2.0,0.0,0.0,29.94,30.7,30.88,31.33,32.95,30.62,29.28,32.83,31.88,31.46,31.89,33.92,31.78,32.65,33.82,32.88,30.58,29.7,32.65
2017-06-30 07:03:00-05:00,287.9005,303.4074,305.25357,284.2918,298.99564,326.52487,287.78967,310.94193,938302.0,26.25,0.0,270.0,294.4,291.2,23.74,315.5,0.0,0.0,0.0,0.0,0.0,0.0,0.0,0.0,314.4,315.0,48.13,-0.398,17.0,18.0,18.0,17.0,0.0,268.9,271.8,271.7,270.6,0.607,0.0,15.31,14.71,-0.242,14.71,0.999,6000.0,420220.0,211.0,437.0,59.96,7.0,34.0,41.0,58.72,23.64,30.49,288.7,18.04,18.89,19.11,60.0,59.5,75.6,1.0,270.7,270.9,269.5,15.1,-0.345,15.11,1962.0,433117.0,13736.0,1967.0,-1.0,0.818,0.791,0.836,13.23,13.23,13.23,9.92,4.175,4.174,4.175,3.129,3.0,3.0,3.0,2.0,1.532,196.3,34.56,3.3,3.499,2.0,-1.0,13.59,0.004,0.296,3.0,2.0,0.0,0.0,30.21,30.91,30.95,31.44,33.54,30.8,29.42,33.04,32.16,31.76,32.12,34.16,32.05,32.88,34.09,33.1,30.71,29.89,32.87
2017-06-30 07:04:00-05:00,290.9909,306.51843,308.68805,287.3373,301.95724,329.6846,290.80054,313.65292,938303.0,26.32,0.0,273.7,297.9,294.8,23.84,311.1,0.0,0.0,0.0,0.0,0.0,0.0,0.0,0.0,309.8,310.6,48.98,-0.365,17.0,18.0,18.0,17.0,0.0,268.2,271.2,271.1,270.1,0.615,0.0,15.34,14.75,-0.2,14.76,0.999,6000.0,420221.0,212.0,437.0,59.96,7.0,34.0,41.0,59.68,23.64,30.6,292.0,18.1,18.92,19.17,60.0,59.5,75.6,1.0,270.0,270.2,269.0,15.13,-0.389,15.13,1962.0,433117.0,13736.0,1967.0,-1.0,0.818,0.791,0.836,13.44,13.44,13.44,10.07,4.18,4.18,4.18,3.134,3.0,3.0,3.0,2.0,1.53,185.0,34.18,2.8,3.499,2.0,-1.0,13.59,0.003,0.296,3.0,2.0,0.0,0.0,30.38,31.17,31.19,31.62,34.24,30.99,29.71,33.29,32.58,31.87,32.38,34.43,32.47,33.16,34.36,33.37,30.98,30.1,33.14
2017-06-30 07:05:00-05:00,293.83408,309.46573,311.88565,290.11798,304.66138,332.61862,293.8114,316.2461,938304.0,26.4,0.0,277.1,301.1,298.0,24.06,316.2,0.0,0.0,0.0,0.0,0.0,0.0,0.0,0.0,315.1,315.7,49.6,-0.377,17.65,18.65,18.67,17.67,0.0,268.0,271.0,271.0,270.0,0.633,0.0,15.82,15.19,-0.123,15.19,0.999,6000.0,420221.0,212.0,437.0,59.95,7.0,34.0,41.0,60.1,23.85,30.83,295.1,18.67,19.47,19.73,60.0,59.5,75.6,1.0,270.0,270.0,269.0,15.57,-0.454,15.58,1962.0,433118.0,13736.0,1967.0,-1.0,0.818,0.791,0.836,13.6,13.6,13.6,10.2,4.301,4.301,4.301,3.225,3.0,3.0,3.0,2.0,1.082,231.2,43.38,1.9,3.5,2.0,-1.0,13.59,0.003,0.296,3.0,2.0,0.0,0.0,30.6,31.35,31.42,31.84,34.95,31.17,29.94,33.56,32.76,32.12,32.62,34.77,32.94,33.5,34.68,33.68,31.24,30.23,33.45
2017-06-30 07:06:00-05:00,296.80084,312.41302,315.43857,293.16348,307.75174,336.11694,296.94775,319.4286,938305.0,26.46,0.0,280.8,304.8,301.8,24.14,323.5,0.0,0.0,0.0,0.0,0.0,0.0,0.0,0.0,322.5,323.2,50.03,-0.4,18.0,19.0,19.4,18.4,0.0,268.3,271.4,271.4,270.3,0.625,0.0,16.35,15.74,-0.123,15.74,0.999,6000.0,420221.0,212.0,437.0,59.95,7.0,34.0,41.0,58.35,24.0,31.06,298.5,19.36,20.16,20.4,60.0,59.5,75.6,1.0,270.3,270.4,269.4,16.13,-0.483,16.14,1962.0,433118.0,13736.0,1967.0,-1.0,0.818,0.791,0.836,13.76,13.76,13.76,10.32,4.452,4.452,4.452,3.338,3.0,3.0,3.0,2.0,0.737,204.9,37.28,1.6,3.499,2.0,-1.0,13.59,0.003,0.296,3.0,2.0,0.0,0.0,30.85,31.58,31.65,32.14,35.38,31.32,30.18,33.94,33.46,32.62,32.99,35.12,33.14,33.85,34.99,33.98,31.53,30.36,33.79
2017-06-30 07:07:00-05:00,299.5204,315.3603,318.75458,295.94418,310.45584,339.16382,299.7077,322.25745,938306.0,26.53,0.0,284.3,308.2,305.0,24.2,321.3,0.0,0.0,0.0,0.0,0.0,0.0,0.0,0.0,320.0,320.7,50.88,-0.4,18.08,19.0,19.82,18.82,0.0,268.2,271.5,271.4,270.1,0.625,0.0,16.47,15.84,-0.09,15.85,0.999,6000.0,420221.0,212.0,437.0,59.94,7.0,34.0,41.0,58.7,23.93,31.34,301.7,19.48,20.28,20.54,60.0,59.5,75.6,1.0,270.0,270.5,269.1,16.24,-0.508,16.25,1962.0,433118.0,13736.0,1967.0,-0.999,0.818,0.791,0.836,13.96,13.96,13.95,10.46,4.484,4.484,4.484,3.361,3.0,3.0,3.0,2.0,1.303,195.1,65.24,2.2,3.499,2.0,-1.0,13.41,0.004,0.297,3.0,2.0,0.0,0.001,31.06,31.81,31.88,32.38,35.73,31.52,30.26,34.17,33.54,32.83,33.22,35.35,33.23,34.12,35.24,34.22,31.69,30.62,34.03
2017-06-30 07:08:00-05:00,302.61075,318.47137,322.30753,299.38696,313.80377,342.8878,302.96948,325.79358,938307.0,26.6,0.0,287.9,311.8,308.6,24.32,321.2,0.0,0.0,0.0,0.0,0.0,0.0,0.0,0.0,320.1,320.6,51.38,-0.4,19.0,19.67,20.0,19.0,0.0,268.4,271.6,271.4,270.3,0.637,0.0,16.7,16.07,-0.032,16.07,0.999,6000.0,420222.0,213.0,437.0,59.93,7.0,34.0,41.0,59.82,23.84,31.48,305.1,19.76,20.56,20.8,60.0,59.5,75.6,1.0,270.2,270.5,269.4,16.47,-0.566,16.48,1962.0,433118.0,13736.0,1967.0,-0.999,0.818,0.791,0.836,14.15,14.14,14.14,10.6,4.543,4.543,4.543,3.406,3.0,3.0,3.0,2.0,0.92,213.8,30.82,1.3,3.497,2.0,-1.0,13.59,0.004,0.297,3.0,2.0,0.0,0.0,31.22,31.95,32.09,32.58,36.1,31.7,30.49,34.38,33.54,32.96,33.39,35.62,33.44,34.26,35.52,34.46,31.96,30.94,34.29
2017-06-30 07:09:00-05:00,305.9484,321.74612,325.8604,302.56488,317.02295,346.38605,306.23126,329.09393,938308.0,26.68,0.0,291.7,315.4,312.2,24.35,320.6,0.0,0.0,0.0,0.0,0.0,0.0,0.0,0.0,319.3,320.0,52.4,-0.4,19.08,19.93,20.17,19.17,0.0,268.8,271.9,271.8,270.7,0.622,0.0,16.91,16.28,-0.05,16.27,0.999,6000.0,420222.0,213.0,437.0,59.93,7.0,34.0,41.0,59.73,24.09,31.8,308.7,20.0,20.81,21.05,60.0,59.5,75.6,1.0,270.6,271.0,269.5,16.67,-0.567,16.68,1962.0,433119.0,13736.0,1967.0,-0.999,0.818,0.791,0.836,14.35,14.34,14.35,10.75,4.599,4.599,4.599,3.448,3.0,3.0,3.0,2.0,1.225,197.6,57.19,2.7,3.499,2.0,-1.0,13.59,0.003,0.297,3.0,2.0,0.0,0.0,31.53,32.05,32.37,32.84,36.63,31.96,30.77,34.51,33.63,33.1,33.53,35.95,33.81,34.71,35.86,34.73,32.15,31.23,34.57
2017-06-30 07:10:00-05:00,309.5332,325.67584,330.1239,306.40488,320.88593,350.44858,310.2458,333.10153,938309.0,26.75,0.0,296.1,319.6,316.3,24.57,360.0,0.0,0.0,0.0,0.0,0.0,0.0,0.0,0.0,358.4,359.3,51.08,-0.453,20.93,21.88,21.95,20.95,0.0,269.0,272.0,272.0,271.0,0.635,0.0,18.62,17.78,-0.1,17.77,0.999,6000.0,420222.0,213.0,437.0,59.94,7.0,34.0,41.07,57.82,24.12,31.84,312.5,21.91,22.69,22.94,60.0,59.5,75.6,1.0,270.9,271.0,270.0,18.22,-0.574,18.23,1962.0,433119.0,13736.0,1967.0,-1.0,0.818,0.791,0.836,13.97,13.96,13.96,10.47,5.026,5.025,5.026,3.768,3.0,3.0,3.0,2.0,1.403,195.3,48.52,2.1,3.499,2.0,-1.0,13.59,0.003,0.297,3.0,2.0,0.0,0.0,31.66,32.19,32.56,32.99,36.48,32.12,31.01,34.75,33.72,33.06,33.72,36.26,34.04,34.95,36.19,35.04,32.48,31.59,34.88
2017-06-30 07:11:00-05:00,312.25278,328.6231,333.43994,309.05313,323.84756,353.26978,312.75485,335.5768,938310.0,26.82,0.0,299.3,322.7,319.3,24.59,362.7,0.0,0.0,0.0,0.0,0.0,0.0,0.0,0.0,361.3,362.3,51.75,-0.467,21.0,21.92,22.0,21.0,0.0,268.9,272.0,271.9,270.8,0.637,0.0,18.91,18.02,-0.253,18.02,0.999,6000.0,420223.0,214.0,437.0,59.97,7.0,34.0,41.75,59.42,24.0,32.14,315.5,22.23,23.0,23.26,60.0,59.5,75.6,1.0,270.8,271.0,269.9,18.48,-0.471,18.49,1962.0,433119.0,13736.0,1967.0,-1.0,0.818,0.791,0.836,14.05,14.06,14.06,10.53,5.096,5.099,5.099,3.82,3.0,3.0,3.0,2.0,1.112,195.9,20.26,1.9,3.5,2.0,-1.0,13.59,0.003,0.297,3.0,2.0,0.0,0.0,31.9,32.43,32.74,33.24,35.92,32.35,31.22,35.16,34.56,33.72,34.13,36.6,34.38,35.21,36.54,35.46,33.09,31.89,35.3
2017-06-30 07:12:00-05:00,314.60147,330.7517,336.0454,311.17175,326.29413,355.52673,314.76212,337.93423,938311.0,26.9,0.0,302.2,325.5,321.9,24.52,365.4,0.0,0.0,0.0,0.0,0.0,0.0,0.0,0.0,364.1,365.1,51.15,-0.443,21.05,22.0,22.15,21.15,0.0,269.0,272.0,272.0,271.0,0.627,0.0,18.91,18.02,-0.278,18.02,0.999,6000.0,420223.0,214.0,437.0,59.97,7.0,34.0,41.32,59.75,24.12,32.34,318.2,22.23,22.99,23.26,60.0,59.5,75.6,1.0,271.0,271.0,270.0,18.48,-0.45,18.49,1962.0,433120.0,13736.0,1967.0,-1.0,0.818,0.791,0.836,13.99,13.97,13.96,10.48,5.111,5.105,5.102,3.829,3.0,3.0,3.0,2.0,1.033,256.6,42.92,1.7,3.499,2.0,-1.0,13.41,0.012,0.297,1.0,2.0,0.0,0.001,32.01,32.72,32.89,33.5,35.57,32.53,31.49,35.44,34.83,33.98,34.41,36.96,34.73,35.71,36.88,35.84,33.2,32.22,35.64
2017-06-30 07:13:00-05:00,317.07376,333.53528,339.243,313.6876,329.25574,358.4608,317.5221,340.7631,938312.0,26.97,0.0,305.5,328.7,325.0,24.5,360.4,0.0,0.0,0.0,0.0,0.0,0.0,0.0,0.0,359.0,360.1,53.28,-0.475,21.88,22.67,22.9,21.9,0.0,268.4,271.6,271.4,270.3,0.622,0.0,19.36,18.46,-0.148,18.45,0.999,6000.0,420223.0,214.0,437.0,59.95,7.0,34.0,42.0,57.93,24.16,32.68,321.3,22.82,23.6,23.86,60.0,59.5,75.6,1.0,270.3,270.5,269.3,18.95,-0.572,18.96,1962.0,433120.0,13736.0,1967.0,-1.0,0.818,0.791,0.836,14.47,14.47,14.47,10.85,5.214,5.215,5.214,3.908,3.0,3.0,3.0,2.0,0.883,243.4,40.03,1.9,3.494,2.0,-1.0,13.41,-0.004,0.299,1.0,2.0,0.0,0.001,32.31,33.03,33.21,33.86,35.34,32.87,31.63,35.68,35.19,34.13,34.65,37.25,34.64,35.83,37.1,36.03,33.14,32.4,35.84
2017-06-30 07:14:00-05:00,319.66968,336.1551,342.08533,316.33585,332.21738,361.50766,320.28204,343.59198,938313.0,27.05,0.0,308.8,331.7,327.9,24.41,368.6,0.0,0.0,0.0,0.0,0.0,0.0,0.0,0.0,367.1,368.1,50.73,-0.407,21.03,22.0,22.08,21.08,0.0,268.2,271.3,271.0,270.0,0.632,0.0,18.92,18.02,-0.23,18.01,0.999,6000.0,420224.0,215.0,437.0,59.96,7.0,34.0,42.0,59.57,24.13,32.81,324.2,22.27,23.03,23.31,60.0,59.5,75.6,1.0,270.0,270.3,269.0,18.49,-0.486,18.49,1962.0,433120.0,13736.0,1967.0,-1.0,0.818,0.791,0.836,13.83,13.85,13.84,10.37,5.096,5.104,5.101,3.82,3.0,3.0,3.0,2.0,1.022,243.0,29.69,1.7,3.499,2.0,-1.0,13.59,0.004,0.298,3.0,2.0,0.0,0.0,32.5,33.23,33.44,34.07,35.21,33.1,31.75,35.91,35.38,34.25,34.92,37.52,35.06,36.11,37.34,36.19,33.4,32.7,36.01
2017-06-30 07:15:00-05:00,323.13095,339.75735,346.34882,319.6462,336.08035,365.23163,323.66928,346.89236,938314.0,27.13,0.0,312.9,335.5,331.6,24.49,367.4,0.0,0.0,0.0,0.0,0.0,0.0,0.0,0.0,366.0,367.1,51.98,-0.41,21.28,22.27,22.48,21.48,0.0,268.0,271.0,271.0,270.0,0.613,0.0,19.26,18.36,-0.168,18.36,0.999,6000.0,420224.0,215.0,437.0,59.95,7.0,34.0,42.0,59.15,24.08,33.04,328.0,22.69,23.46,23.73,60.0,59.5,75.6,1.0,270.0,270.0,269.0,18.81,-0.553,18.82,1962.0,433121.0,13736.0,1967.0,-1.0,0.818,0.791,0.836,14.14,14.13,14.14,10.61,5.193,5.191,5.195,3.896,4.0,4.0,4.0,3.0,1.497,246.1,34.37,2.3,3.499,2.0,-1.0,13.59,0.003,0.298,3.0,2.0,0.0,0.0,32.68,33.44,33.6,34.32,35.06,33.26,31.93,36.15,34.96,34.61,35.18,37.82,35.32,36.4,37.68,36.52,33.73,33.13,36.3
2017-06-30 07:16:00-05:00,325.8505,342.5409,349.42798,322.29446,339.2995,368.05283,326.42923,349.6034,938315.0,27.2,0.0,316.1,338.6,334.9,24.51,357.6,0.0,0.0,0.0,0.0,0.0,0.0,0.0,0.0,356.1,357.1,55.95,-0.498,22.33,23.1,24.0,23.0,0.0,268.9,271.9,271.8,270.8,0.617,0.0,20.18,19.27,-0.088,19.26,0.999,6000.0,420224.0,215.0,437.0,59.94,7.0,34.0,42.0,58.5,24.18,33.31,330.9,23.75,24.56,24.81,60.0,59.5,75.6,1.0,270.8,270.8,269.8,19.75,-0.65,19.76,1962.0,433121.0,13736.0,1967.0,-0.999,0.818,0.791,0.836,15.22,15.22,15.21,11.41,5.443,5.442,5.439,4.079,4.0,4.0,4.0,3.0,1.565,208.0,22.53,3.0,3.499,2.0,-1.0,13.59,0.003,0.298,3.0,2.0,0.0,0.0,32.97,33.65,33.86,34.48,34.95,33.49,32.19,36.4,35.71,34.68,35.41,38.05,35.66,36.59,37.96,36.73,33.6,33.34,36.52
2017-06-30 07:17:00-05:00,328.94086,345.81564,352.9809,325.07516,342.77618,371.21255,329.69104,352.90375,938316.0,27.28,0.0,319.7,341.9,338.2,24.45,359.8,0.0,0.0,0.0,0.0,0.0,0.0,0.0,0.0,358.4,359.3,56.38,-0.487,23.0,24.0,24.0,23.0,0.0,269.0,272.0,272.0,271.0,0.595,0.0,20.38,19.44,-0.045,19.42,0.999,6000.0,420224.0,215.0,437.0,59.94,7.0,34.0,42.0,60.12,24.06,33.47,334.2,23.97,24.78,25.01,60.0,59.5,75.6,1.0,271.0,271.0,270.0,19.94,-0.681,19.95,1962.0,433121.0,13736.0,1967.0,-0.999,0.818,0.791,0.836,15.27,15.27,15.28,11.45,5.494,5.494,5.496,4.118,4.0,4.0,4.0,3.0,1.652,268.4,36.65,2.4,3.495,2.0,-1.0,13.59,0.003,0.298,3.0,2.0,0.0,0.0,33.16,33.79,34.01,34.68,34.87,33.7,32.33,36.75,36.15,35.08,35.75,38.32,35.67,36.75,38.19,37.02,33.96,33.7,36.78
2017-06-30 07:18:00-05:00,332.15488,349.25418,356.65225,327.72345,346.2529,374.25943,332.57645,355.96838,938317.0,27.36,0.0,323.3,345.2,341.5,24.28,359.3,0.0,0.0,0.0,0.0,0.0,0.0,0.0,0.0,358.0,359.0,56.88,-0.492,23.0,24.0,24.0,23.0,0.0,269.4,272.2,272.1,271.1,0.58,0.0,20.6,19.66,-0.113,19.65,0.999,6000.0,420225.0,216.0,437.0,59.95,7.0,34.0,42.0,58.0,24.1,33.68,337.4,24.22,25.07,25.29,60.0,59.5,75.6,1.0,271.4,271.3,270.2,20.17,-0.644,20.18,1962.0,433122.0,13736.0,1967.0,-0.999,0.818,0.791,0.836,15.44,15.45,15.45,11.58,5.546,5.549,5.549,4.159,4.0,4.0,4.0,3.0,1.592,278.6,16.55,2.5,3.5,2.0,-1.0,13.39,-0.008,0.299,1.0,2.0,0.0,0.001,33.24,33.99,34.28,34.87,34.88,33.96,32.4,36.94,36.23,35.14,35.9,38.46,35.62,36.8,38.32,37.28,34.01,33.9,36.98
2017-06-30 07:19:00-05:00,334.13272,351.5465,359.49457,329.84207,348.82825,376.51642,334.70917,358.09006,938318.0,27.44,0.0,325.9,347.3,343.7,24.18,357.3,0.0,0.0,0.0,0.0,0.0,0.0,0.0,0.0,355.9,356.8,57.82,-0.498,23.0,24.0,24.0,23.0,0.0,269.8,272.2,272.3,271.2,0.58,0.0,20.81,19.86,-0.19,19.84,0.999,6000.0,420225.0,216.0,437.0,59.96,7.0,34.0,42.0,59.32,24.15,33.82,339.7,24.41,25.29,25.48,60.0,59.5,75.6,1.0,271.9,271.8,270.5,20.35,-0.598,20.36,1962.0,433122.0,13736.0,1967.0,-1.0,0.818,0.791,0.836,15.67,15.67,15.66,11.75,5.599,5.597,5.594,4.196,4.0,4.0,4.0,3.0,1.293,286.0,32.8,3.3,3.499,2.0,-1.0,13.47,0.014,0.299,3.0,2.0,0.0,0.0,33.54,34.14,34.48,35.08,34.87,34.18,32.3,37.11,36.58,35.3,36.05,38.6,35.56,36.76,38.47,37.4,33.96,34.13,37.09
2017-06-30 07:20:00-05:00,335.12164,352.52896,360.79727,330.90137,350.63095,377.87057,335.96368,359.38663,938319.0,27.52,0.0,327.5,348.7,345.1,24.0,363.4,0.0,0.0,0.0,0.0,0.0,0.0,0.0,0.0,362.0,363.0,56.22,-0.488,23.0,24.0,24.02,23.02,0.0,269.5,272.3,272.3,271.2,0.597,0.0,20.59,19.63,-0.207,19.62,0.999,6000.0,420225.0,216.0,437.0,59.96,7.0,34.0,42.0,59.32,24.06,34.04,341.2,24.18,24.99,25.21,60.0,59.5,75.6,1.0,271.7,271.6,270.5,20.13,-0.568,20.14,1962.0,433122.0,13736.0,1967.0,-1.0,0.818,0.791,0.836,15.25,15.24,15.25,11.44,5.543,5.537,5.541,4.158,4.0,4.0,4.0,3.0,1.7,289.9,16.99,2.8,3.499,2.0,-1.0,13.55,0.003,0.299,3.0,2.0,0.0,0.0,33.8,34.35,34.74,35.32,34.95,34.43,32.4,37.15,36.41,35.18,36.09,38.65,35.46,36.87,38.58,37.48,33.82,34.31,37.12
2017-06-30 07:21:00-05:00,337.96478,355.47623,364.3502,334.2117,354.23645,381.59454,339.47638,362.80487,938320.0,27.59,0.0,331.2,352.3,348.7,24.19,359.8,0.0,0.0,0.0,0.0,0.0,0.0,0.0,0.0,358.2,359.4,58.15,-0.498,23.67,24.5,24.85,23.85,0.0,269.5,272.2,272.3,271.2,0.587,0.0,21.09,20.1,-0.125,20.1,0.999,6000.0,420226.0,217.0,437.0,59.95,7.0,34.0,42.0,58.3,24.31,34.38,344.5,24.75,25.59,25.79,60.0,59.5,75.6,1.0,271.6,271.5,270.4,20.6,-0.658,20.61,1962.0,433123.0,13736.0,1967.0,-0.999,0.818,0.791,0.836,15.76,15.75,15.75,11.81,5.67,5.666,5.666,4.25,4.0,4.0,4.0,3.0,0.75,303.5,46.89,1.6,3.499,2.0,-1.0,13.55,0.003,0.299,3.0,2.0,0.0,0.0,34.03,34.54,34.93,35.49,35.03,34.66,32.33,37.3,36.87,35.38,36.25,38.68,35.35,36.99,38.61,37.56,33.9,34.53,37.23
2017-06-30 07:22:00-05:00,341.54965,359.0785,368.2584,338.05167,358.09943,385.54422,343.11453,366.45883,938321.0,27.67,0.0,335.4,356.4,352.5,24.34,360.3,0.0,0.0,0.0,0.0,0.0,0.0,0.0,0.0,358.8,359.9,58.57,-0.495,23.92,24.9,24.98,23.98,0.0,269.2,272.0,272.1,271.0,0.59,0.0,21.3,20.33,-0.167,20.32,0.999,6000.0,420226.0,217.0,437.0,59.96,7.0,34.0,42.0,60.03,24.09,34.47,348.5,25.05,25.87,26.06,60.0,59.5,75.6,1.0,271.3,271.2,270.2,20.83,-0.629,20.84,1962.0,433123.0,13736.0,1967.0,-1.0,0.818,0.791,0.836,15.9,15.9,15.91,11.93,5.73,5.728,5.731,4.297,4.0,4.0,4.0,3.0,1.582,217.2,25.64,2.6,3.5,2.0,-1.0,13.55,0.003,0.3,3.0,2.0,0.0,0.0,34.1,34.65,35.08,35.68,35.11,34.85,32.46,37.45,36.61,35.5,36.42,38.96,35.52,37.26,38.84,37.74,34.17,34.92,37.44
2017-06-30 07:23:00-05:00,344.88724,362.84448,372.40344,341.49442,361.83362,389.38104,346.6272,370.23068,938322.0,27.75,0.0,339.3,360.2,356.4,24.24,363.0,0.0,0.0,0.0,0.0,0.0,0.0,0.0,0.0,361.7,362.7,58.22,-0.478,23.88,24.82,25.03,24.03,0.0,269.1,272.0,272.0,271.0,0.603,0.0,21.34,20.36,-0.207,20.35,0.999,6000.0,420226.0,217.0,437.0,59.96,7.0,34.5,42.0,58.0,24.02,34.6,352.2,25.1,25.91,26.14,60.0,59.5,75.6,1.0,271.0,271.0,270.0,20.87,-0.608,20.88,1962.0,433123.0,13736.0,1967.0,-1.0,0.818,0.791,0.836,15.81,15.8,15.81,11.86,5.74,5.736,5.74,4.304,4.0,4.0,4.0,3.0,1.703,278.6,24.15,2.6,3.499,2.0,-1.0,13.55,0.003,0.3,3.0,2.0,0.0,0.0,34.24,34.74,35.06,35.72,35.09,34.91,32.51,37.55,36.7,35.45,36.47,39.15,35.46,37.4,38.99,37.93,34.17,35.09,37.53
2017-06-30 07:24:00-05:00,347.6068,365.79175,375.60104,344.27512,365.0528,392.3151,349.6381,373.17746,938323.0,27.83,0.0,342.8,363.3,359.4,24.16,360.2,0.0,0.0,0.0,0.0,0.0,0.0,0.0,0.0,358.7,359.8,59.87,-0.495,24.25,25.0,25.8,24.8,0.0,269.0,272.0,272.0,271.0,0.61,0.0,21.74,20.77,-0.167,20.77,0.999,6000.0,420227.0,218.0,437.0,59.95,7.0,34.57,42.0,59.35,24.09,34.74,355.2,25.63,26.42,26.66,60.0,59.5,75.6,1.0,271.0,271.0,270.0,21.28,-0.656,21.29,1962.0,433124.0,13736.0,1967.0,-1.0,0.818,0.791,0.836,16.22,16.23,16.22,12.16,5.843,5.845,5.842,4.378,4.0,4.0,4.0,3.0,1.54,263.3,40.15,2.8,3.499,2.0,-1.0,13.44,0.005,0.3,3.0,2.0,0.0,0.0,34.36,34.9,35.27,35.87,35.08,35.11,32.62,37.61,37.01,35.53,36.52,39.16,35.61,37.39,39.08,37.96,34.07,35.18,37.6
2017-06-30 07:25:00-05:00,350.44995,369.06653,379.15393,347.32065,368.40073,395.47482,352.89987,376.35995,938324.0,27.91,0.0,346.1,366.6,362.8,24.23,366.3,0.0,0.0,0.0,0.0,0.0,0.0,0.0,0.0,364.9,365.9,57.9,-0.458,24.0,25.0,25.0,24.0,0.0,269.0,272.0,272.0,271.0,0.627,0.0,21.32,20.34,-0.205,20.33,0.999,6000.0,420227.0,218.0,437.0,59.96,7.0,34.83,42.0,59.03,24.03,34.9,358.3,25.13,25.89,26.15,60.0,59.5,75.6,1.0,271.0,271.0,270.0,20.87,-0.6,20.88,1962.0,433124.0,13736.0,1967.0,-1.0,0.818,0.791,0.836,15.67,15.68,15.67,11.74,5.739,5.744,5.74,4.301,4.0,4.0,4.0,3.0,1.645,214.9,43.75,3.1,3.499,2.0,-1.0,13.55,0.003,0.3,3.0,2.0,0.0,0.0,34.31,34.95,35.38,35.96,35.14,35.21,32.89,37.83,36.99,35.6,36.74,39.36,35.63,37.55,39.26,38.14,34.05,35.48,37.76
2017-06-30 07:26:00-05:00,351.06805,370.04895,380.5751,347.9827,369.43085,396.3776,354.02896,377.18503,938325.0,27.99,0.0,347.6,367.5,363.9,24.2,366.0,0.0,0.0,0.0,0.0,0.0,0.0,0.0,0.0,364.6,365.6,58.1,-0.447,24.0,25.0,25.0,24.0,0.0,269.0,272.0,272.0,271.0,0.618,0.0,21.48,20.49,-0.213,20.48,0.999,6000.0,420227.0,218.0,437.0,59.96,7.0,35.0,42.0,58.42,24.02,34.86,359.6,25.31,26.09,26.34,60.0,59.5,75.6,1.0,271.0,271.0,270.0,21.0,-0.613,21.01,1962.0,433124.0,13736.0,1967.0,-1.0,0.818,0.791,0.836,15.78,15.78,15.78,11.82,5.775,5.775,5.775,4.328,5.0,5.0,5.0,3.0,1.852,233.0,10.99,2.8,3.499,2.0,-1.0,13.55,0.003,0.3,3.0,2.0,0.0,0.0,34.41,34.98,35.38,36.0,35.0,35.25,33.06,37.68,36.3,35.32,36.57,39.49,35.87,37.56,39.37,38.19,34.3,35.6,37.75
2017-06-30 07:27:00-05:00,351.80972,370.54016,381.7594,348.77716,370.33224,397.39325,354.90714,377.89227,938326.0,28.07,0.0,348.9,368.4,364.7,24.07,367.4,0.0,0.0,0.0,0.0,0.0,0.0,0.0,0.0,366.0,367.0,57.55,-0.433,24.0,24.95,25.0,24.0,0.0,269.0,272.0,272.0,271.0,0.64,0.0,21.29,20.3,-0.225,20.3,0.999,6000.0,420228.0,219.0,437.0,59.96,7.0,35.0,42.0,60.08,23.94,35.03,360.7,25.09,25.85,26.12,60.0,59.5,75.6,1.0,271.0,271.0,270.0,20.81,-0.598,20.82,1962.0,433125.0,13736.0,1967.0,-1.0,0.818,0.791,0.836,15.59,15.56,15.57,11.69,5.727,5.719,5.723,4.295,5.0,5.0,5.0,3.0,1.517,243.4,35.43,2.8,3.494,2.0,-1.0,13.55,0.003,0.3,3.0,2.0,0.0,0.0,34.53,35.13,35.49,36.11,35.1,35.39,33.31,37.85,37.15,35.71,36.77,39.67,36.23,37.81,39.61,38.38,34.6,35.98,38.0
2017-06-30 07:28:00-05:00,353.1695,371.8501,383.53586,350.36615,371.49112,398.7474,356.53802,379.07095,938327.0,28.15,0.0,351.0,370.2,366.4,24.25,369.4,0.0,0.0,0.0,0.0,0.0,0.0,0.0,0.0,367.9,368.9,56.3,-0.418,23.38,24.05,25.0,24.0,0.0,269.0,272.0,271.9,270.9,0.652,0.0,20.97,20.03,-0.258,20.02,0.999,6000.0,420228.0,219.0,437.0,59.97,7.0,35.0,42.0,57.75,24.29,35.34,362.7,24.75,25.54,25.81,60.0,59.5,75.6,1.0,270.9,271.0,269.9,20.54,-0.547,20.55,1962.0,433125.0,13736.0,1967.0,-1.0,0.818,0.791,0.836,15.29,15.28,15.31,11.47,5.646,5.644,5.655,4.237,5.0,5.0,5.0,3.0,1.093,227.6,36.6,1.7,3.499,2.0,-1.0,13.55,0.003,0.3,3.0,2.0,0.0,0.0,34.87,35.34,35.82,36.36,35.26,35.64,33.52,38.14,37.64,35.97,37.04,39.89,36.47,38.11,39.87,38.7,34.74,36.35,38.28
2017-06-30 07:29:00-05:00,356.5071,375.45233,387.5625,354.0737,375.22534,402.69708,360.67798,382.84283,938328.0,28.23,0.0,355.1,374.4,370.5,24.59,368.8,0.0,0.0,0.0,0.0,0.0,0.0,0.0,0.0,367.3,368.4,57.4,-0.43,24.0,24.92,25.0,24.0,0.0,268.9,271.9,271.8,270.8,0.613,0.0,21.29,20.31,-0.277,20.3,0.999,6000.0,420228.0,219.0,437.0,59.97,7.0,35.0,42.0,59.45,24.66,35.7,366.6,25.11,25.89,26.16,60.0,59.5,75.6,1.0,270.9,270.9,269.8,20.83,-0.549,20.83,1962.0,433125.0,13736.0,1967.0,-1.0,0.818,0.791,0.836,15.54,15.53,15.51,11.65,5.73,5.726,5.72,4.296,5.0,5.0,5.0,4.0,0.917,167.1,30.79,1.7,3.498,2.0,-1.0,13.44,0.004,0.3,3.0,2.0,0.0,0.0,35.15,35.59,36.11,36.55,35.44,35.83,33.78,38.39,37.44,35.95,37.29,40.14,36.88,38.52,40.17,38.95,34.91,36.62,38.55
2017-06-30 07:30:00-05:00,359.59753,378.89084,391.35226,357.51648,378.18698,406.3082,364.31613,386.26105,938329.0,28.31,0.0,359.0,378.1,374.1,24.93,370.1,0.0,0.0,0.0,0.0,0.0,0.0,0.0,0.0,368.6,369.7,56.77,-0.405,23.88,24.65,25.0,24.0,0.0,268.7,271.8,271.5,270.4,0.637,0.0,21.17,20.21,-0.228,20.2,0.999,6000.0,420229.0,220.0,437.0,59.96,7.0,35.0,42.0,58.92,24.95,36.1,370.3,25.02,25.76,26.04,60.0,59.5,75.6,1.0,270.6,270.9,269.4,20.72,-0.579,20.73,1962.0,433126.0,13736.0,1967.0,-1.0,0.818,0.791,0.836,15.41,15.4,15.4,11.56,5.704,5.7,5.7,4.277,5.0,5.0,5.0,4.0,0.892,247.7,32.62,1.5,3.499,2.0,-1.0,13.55,0.004,0.301,3.0,2.0,0.0,0.0,35.47,35.8,36.3,36.94,35.64,36.11,33.86,38.67,38.04,36.36,37.52,40.43,36.86,38.92,40.44,39.23,35.12,36.96,38.82
2017-06-30 07:31:00-05:00,364.04767,383.47552,396.32632,362.01852,383.0801,411.16064,369.2088,391.09375,938330.0,28.39,0.0,364.0,383.1,379.2,24.71,371.4,0.0,0.0,0.0,0.0,0.0,0.0,0.0,0.0,369.9,371.0,56.45,-0.403,23.62,24.37,25.05,24.05,0.0,268.8,271.9,271.6,270.5,0.637,0.0,21.13,20.16,-0.297,20.16,0.999,6000.0,420229.0,220.0,437.0,59.98,7.0,35.0,42.0,58.42,24.69,36.4,375.0,24.95,25.71,25.99,60.0,59.5,75.6,1.0,270.6,270.9,269.5,20.68,-0.501,20.69,1962.0,433126.0,13736.0,1967.0,-1.0,0.818,0.791,0.836,15.31,15.3,15.31,11.48,5.686,5.681,5.684,4.263,5.0,5.0,5.0,4.0,1.553,276.0,27.68,2.8,3.498,2.0,-1.0,13.55,0.003,0.301,3.0,2.0,0.0,0.0,35.64,36.16,36.68,37.26,35.8,36.35,34.11,38.87,38.12,36.5,37.69,40.69,37.02,39.16,40.71,39.5,35.11,37.23,39.08
2017-06-30 07:32:00-05:00,367.87976,387.73273,400.70822,366.38815,387.7157,415.67456,373.59967,395.45493,938331.0,28.46,0.0,368.4,387.5,383.8,24.57,372.5,0.0,0.0,0.0,0.0,0.0,0.0,0.0,0.0,371.1,372.2,56.02,-0.4,23.83,24.57,25.0,24.0,0.0,268.4,271.6,271.3,270.1,0.628,0.0,21.08,20.11,-0.3,20.1,0.999,6000.0,420229.0,220.0,437.0,59.98,7.0,35.0,42.0,60.08,24.4,36.56,379.2,24.91,25.64,25.93,60.0,59.5,75.6,1.0,270.3,270.6,269.2,20.62,-0.504,20.63,1962.0,433126.0,13736.0,1967.0,-1.0,0.818,0.791,0.836,15.24,15.23,15.23,11.42,5.677,5.673,5.673,4.255,5.0,5.0,5.0,4.0,1.278,247.1,33.44,2.5,3.499,2.0,-1.0,13.55,0.003,0.301,3.0,2.0,0.0,0.0,35.87,36.29,36.94,37.53,36.06,36.6,34.31,39.06,38.16,36.48,37.9,40.91,37.0,39.17,40.89,39.65,35.37,37.48,39.23
2017-06-30 07:33:00-05:00,372.3299,392.48114,405.6823,370.89023,392.60883,420.41418,378.24142,400.05188,938332.0,28.54,0.0,373.4,392.4,388.6,24.61,368.3,0.0,0.0,0.0,0.0,0.0,0.0,0.0,0.0,367.0,367.9,59.22,-0.432,24.67,25.37,25.85,24.85,0.0,269.2,272.4,272.1,271.0,0.647,0.0,21.95,20.93,-0.268,20.92,0.999,6000.0,420230.0,221.0,437.0,59.97,7.0,35.0,42.0,57.83,24.46,36.89,383.8,25.86,26.62,26.9,60.0,59.5,75.6,1.0,271.2,271.5,270.2,21.48,-0.576,21.48,1962.0,433127.0,13736.0,1967.0,-1.0,0.818,0.791,0.836,16.1,16.1,16.1,12.07,5.921,5.92,5.922,4.439,5.0,5.0,5.0,4.0,0.88,299.7,43.2,1.8,3.499,2.0,-1.0,13.55,0.003,0.302,3.0,2.0,0.0,0.0,35.95,36.55,37.18,37.8,36.29,36.89,34.56,39.24,38.39,36.79,38.11,41.13,37.26,39.29,41.07,39.88,35.44,37.76,39.45
2017-06-30 07:34:00-05:00,376.4092,397.0658,410.4195,375.12744,397.37317,425.04092,382.75775,404.53098,938333.0,28.62,0.0,378.1,397.0,393.4,24.72,360.4,0.0,0.0,0.0,0.0,0.0,0.0,0.0,0.0,358.9,359.9,65.25,-0.493,26.57,27.47,27.67,26.67,0.0,269.3,272.5,272.3,271.2,0.64,0.0,23.65,22.62,-0.225,22.62,0.999,6000.0,420230.0,221.0,437.0,59.96,7.0,35.0,42.37,59.7,24.54,37.04,388.2,27.91,28.69,28.97,60.0,59.5,75.6,1.0,271.4,271.8,270.3,23.17,-0.687,23.18,1962.0,433127.0,13736.0,1967.0,-1.0,0.818,0.791,0.836,17.65,17.64,17.6,13.23,6.362,6.356,6.344,4.767,5.0,5.0,5.0,4.0,0.915,201.3,21.74,2.0,3.499,2.0,-1.0,13.44,0.017,0.301,3.0,2.0,0.0,0.0,36.19,36.86,37.49,38.13,36.47,37.15,34.78,39.47,39.1,37.12,38.31,41.35,37.46,39.44,41.31,40.1,35.66,38.0,39.69
2017-06-30 07:35:00-05:00,380.2413,401.15927,414.80142,379.23227,401.75125,429.32913,386.6468,408.6564,938334.0,28.7,0.0,382.5,401.3,397.5,24.68,359.9,0.0,0.0,0.0,0.0,0.0,0.0,0.0,0.0,358.4,359.4,66.17,-0.492,27.03,27.85,28.18,27.18,0.0,269.3,272.6,272.4,271.1,0.653,0.0,24.01,22.95,-0.237,22.95,0.999,6000.0,420231.0,222.0,437.0,59.96,7.0,35.0,42.43,58.27,24.44,37.07,392.2,28.34,29.1,29.37,60.0,59.5,75.6,1.0,271.5,271.9,270.4,23.51,-0.691,23.52,1962.0,433128.0,13736.0,1967.0,-1.0,0.818,0.791,0.836,17.93,17.95,17.94,13.45,6.451,6.46,6.457,4.839,5.0,5.0,5.0,4.0,1.828,224.0,14.27,2.8,3.499,2.0,-1.0,13.44,-0.009,0.302,3.0,2.0,0.0,0.0,36.32,37.09,37.59,38.36,36.61,37.38,35.0,39.87,39.35,37.47,38.72,41.6,37.92,39.71,41.62,40.45,36.08,38.42,40.02
2017-06-30 07:36:00-05:00,382.7136,403.9428,417.76218,381.74814,404.71286,431.69894,389.0304,411.60318,938335.0,28.78,0.0,385.4,404.1,400.3,24.6,355.3,0.0,0.0,0.0,0.0,0.0,0.0,0.0,0.0,353.8,354.8,68.52,-0.5,27.4,28.03,28.82,27.82,0.0,270.7,273.7,273.7,272.7,0.643,0.0,24.52,23.45,-0.178,23.45,0.999,6000.0,420231.0,222.0,437.0,59.95,7.0,35.0,42.67,58.93,24.37,37.19,395.0,28.82,29.63,29.87,60.0,59.5,75.6,1.0,272.8,272.8,271.8,24.02,-0.763,24.03,1962.0,433128.0,13736.0,1967.0,-1.0,0.818,0.791,0.836,18.51,18.52,18.52,13.88,6.577,6.58,6.581,4.932,6.0,6.0,6.0,4.0,1.738,265.6,15.88,2.8,3.498,2.0,-1.0,13.55,0.003,0.302,3.0,2.0,0.0,0.0,36.24,37.23,37.72,38.5,36.79,37.54,35.2,40.19,39.55,37.73,39.06,41.86,37.82,39.72,41.83,40.73,36.22,38.68,40.19
2017-06-30 07:37:00-05:00,385.30954,406.23514,420.48605,383.99918,406.77313,434.18158,391.03766,413.8427,938336.0,28.86,0.0,388.2,406.6,403.0,24.49,355.3,0.0,0.0,0.0,0.0,0.0,0.0,0.0,0.0,353.9,354.9,68.93,-0.488,27.58,28.5,28.97,27.97,0.0,271.0,274.0,274.0,273.0,0.64,0.0,24.68,23.59,-0.083,23.58,0.999,6000.0,420231.0,222.0,437.0,59.94,7.0,35.0,42.98,59.37,24.58,37.53,397.7,28.97,29.77,30.02,60.0,59.5,75.6,1.0,273.0,273.0,272.0,24.15,-0.832,24.16,1962.0,433128.0,13736.0,1967.0,-0.999,0.818,0.791,0.836,18.65,18.64,18.65,13.98,6.625,6.623,6.625,4.966,6.0,6.0,6.0,4.0,1.308,279.3,25.19,2.4,3.499,2.0,-1.0,13.55,0.003,0.302,3.0,2.0,0.0,0.0,36.57,37.39,37.95,38.65,36.98,37.74,35.31,40.51,39.78,38.12,39.4,41.98,37.83,39.67,41.99,40.84,36.33,38.82,40.33
2017-06-30 07:38:00-05:00,389.51245,410.81985,425.22327,388.50122,411.15118,438.80832,395.1776,418.43964,938337.0,28.94,0.0,393.4,411.4,407.8,24.55,359.5,0.0,0.0,0.0,0.0,0.0,0.0,0.0,0.0,357.9,359.0,67.82,-0.5,27.37,28.33,28.97,27.97,0.0,271.0,274.0,274.0,273.0,0.615,0.0,24.61,23.55,-0.057,23.54,0.999,6000.0,420232.0,223.0,437.0,59.94,7.0,35.0,43.0,58.15,24.69,37.79,402.3,28.89,29.74,29.96,60.0,59.5,75.6,1.0,273.0,273.0,272.0,24.11,-0.85,24.12,1962.0,433129.0,13736.0,1967.0,-0.999,0.818,0.791,0.836,18.37,18.36,18.35,13.77,6.603,6.6,6.595,4.95,6.0,6.0,6.0,4.0,0.888,273.2,18.19,1.4,3.499,2.0,-1.0,13.55,0.003,0.302,3.0,2.0,0.0,0.0,36.92,37.69,38.23,38.91,37.31,38.0,35.44,40.91,40.42,38.4,39.81,42.19,38.04,40.0,42.19,41.06,36.52,39.06,40.57
2017-06-30 07:39:00-05:00,394.20987,415.56827,430.31577,393.53296,415.91553,443.77365,399.94482,423.27234,938338.0,29.02,0.0,398.8,416.7,413.0,24.72,356.3,0.0,0.0,0.0,0.0,0.0,0.0,0.0,0.0,354.7,355.7,70.05,-0.493,28.3,29.2,29.5,28.5,0.0,271.0,274.0,274.0,273.0,0.615,0.0,25.15,24.06,-0.078,24.05,0.999,6000.0,420232.0,223.0,437.0,59.94,7.0,35.0,43.0,59.98,24.72,37.96,407.6,29.55,30.37,30.6,60.0,59.5,75.6,1.0,273.0,273.0,272.0,24.62,-0.852,24.64,1962.0,433129.0,13736.0,1967.0,-0.999,0.818,0.791,0.836,18.97,18.96,18.97,14.23,6.757,6.754,6.757,5.07,6.0,6.0,6.0,4.0,1.228,216.1,18.45,2.0,3.499,2.0,-1.0,13.55,0.003,0.303,3.0,2.0,0.0,0.0,37.05,38.0,38.42,39.25,37.67,38.29,35.65,41.3,40.84,38.85,40.22,42.54,38.56,40.51,42.55,41.44,37.05,39.51,40.94
2017-06-30 07:40:00-05:00,397.91833,419.6617,434.57925,397.37296,419.77853,447.61047,403.58298,427.16205,938339.0,29.1,0.0,403.2,421.0,417.2,24.84,350.2,0.0,0.0,0.0,0.0,0.0,0.0,0.0,0.0,348.6,349.6,72.73,-0.473,29.0,30.0,30.0,29.0,0.0,271.0,274.0,274.0,273.0,0.617,0.0,25.69,24.61,-0.05,24.6,0.999,6000.0,420233.0,224.0,437.0,59.94,7.0,35.0,43.0,57.77,24.6,38.02,411.6,30.24,31.07,31.3,60.0,59.5,75.6,1.0,272.9,273.0,271.9,25.19,-0.9,25.2,1962.0,433130.0,13736.0,1967.0,-0.999,0.818,0.791,0.836,19.71,19.7,19.7,14.78,6.902,6.901,6.901,5.174,6.0,6.0,6.0,4.0,1.275,286.9,26.51,1.9,3.498,2.0,-1.0,13.39,0.003,0.304,3.0,2.0,0.0,0.001,37.2,38.19,38.63,39.4,37.85,38.45,35.83,41.6,40.6,39.05,40.5,42.93,38.68,40.85,42.87,41.76,36.86,39.68,41.27
2017-06-30 07:41:00-05:00,404.7172,426.8662,441.80347,404.52325,426.8607,454.94556,409.98108,434.35214,938340.0,29.18,0.0,410.4,428.5,424.6,24.82,351.3,0.0,0.0,0.0,0.0,0.0,0.0,0.0,0.0,349.7,350.7,73.83,-0.473,29.42,30.25,30.65,29.65,0.0,271.0,274.0,274.0,273.0,0.628,0.0,26.16,25.04,-0.11,25.02,0.999,6000.0,420233.0,224.0,437.0,59.95,7.0,35.0,43.0,59.95,24.71,38.18,418.7,30.78,31.61,31.83,60.0,59.5,75.6,1.0,273.0,273.0,272.0,25.62,-0.863,25.64,1962.0,433130.0,13736.0,1967.0,-0.999,0.818,0.791,0.836,20.0,19.99,19.99,14.99,7.025,7.022,7.022,5.264,6.0,6.0,6.0,4.0,1.187,224.0,18.0,1.7,3.498,2.0,-1.0,13.55,0.005,0.303,3.0,2.0,0.0,0.0,37.48,38.32,38.74,39.58,37.95,38.61,35.86,41.7,40.77,39.01,40.54,43.03,38.66,40.9,42.94,41.81,36.88,39.75,41.35
2017-06-30 07:42:00-05:00,412.99942,435.38065,450.212,413.13016,435.35925,463.8605,416.1283,442.6031,938341.0,29.26,0.0,418.7,437.2,433.3,24.88,347.0,0.0,0.0,0.0,0.0,0.0,0.0,0.0,0.0,345.4,346.2,76.35,-0.457,29.97,30.97,31.03,30.03,0.0,271.0,274.0,274.0,273.0,0.63,0.0,26.61,25.54,-0.195,25.52,0.999,6000.0,420233.0,224.0,437.0,59.96,7.0,35.0,43.0,57.87,24.74,38.43,427.2,31.39,32.23,32.45,60.0,59.5,75.6,1.0,273.0,273.0,272.0,26.14,-0.838,26.16,1962.0,433130.0,13736.0,1967.0,-1.0,0.818,0.791,0.836,20.62,20.62,20.64,15.47,7.156,7.157,7.161,5.368,6.0,6.0,6.0,5.0,1.565,261.3,39.7,2.5,3.499,2.0,-1.0,13.55,0.004,0.303,3.0,2.0,0.0,0.0,37.69,38.62,38.82,39.67,38.16,38.78,36.21,41.81,40.81,39.06,40.63,43.19,38.84,40.98,43.12,41.97,37.12,40.03,41.48
2017-06-30 07:43:00-05:00,419.67462,442.5851,457.43622,420.28046,442.82773,471.64697,420.8955,449.91104,938342.0,29.34,0.0,425.9,445.0,441.0,24.85,346.4,0.0,0.0,0.0,0.0,0.0,0.0,0.0,0.0,344.8,345.7,77.73,-0.452,30.43,31.3,31.87,30.87,0.0,271.0,274.0,274.0,273.0,0.625,0.0,27.11,26.01,-0.217,26.0,0.999,6000.0,420234.0,225.0,437.0,59.96,7.0,35.0,43.0,59.78,24.55,38.32,434.5,31.94,32.76,32.99,60.0,59.5,75.6,1.0,273.0,273.0,272.0,26.6,-0.839,26.62,1962.0,433131.0,13736.0,1967.0,-1.0,0.818,0.791,0.836,21.03,21.03,21.03,15.77,7.286,7.284,7.284,5.462,6.0,6.0,6.0,5.0,1.755,232.6,30.97,3.4,3.498,2.0,-1.0,13.55,0.004,0.304,3.0,2.0,0.0,0.0,37.72,38.73,38.92,39.73,38.41,38.96,36.29,41.94,40.55,39.04,40.76,43.45,39.05,41.09,43.46,42.23,37.22,40.29,41.73
2017-06-30 07:44:00-05:00,426.4735,449.78958,465.25262,426.76874,449.90985,478.7564,426.41547,457.4547,938343.0,29.42,0.0,433.4,451.8,447.7,24.9,353.9,0.0,0.0,0.0,0.0,0.0,0.0,0.0,0.0,352.2,353.2,77.25,-0.48,31.0,31.78,32.12,31.12,0.0,271.0,274.0,274.0,273.0,0.627,0.0,27.51,26.34,-0.175,26.34,0.999,6000.0,420234.0,225.0,437.0,59.96,7.0,35.37,43.0,58.13,24.65,38.44,442.3,32.42,33.23,33.45,60.0,59.5,75.6,1.0,273.0,273.0,272.0,26.96,-0.884,26.98,1962.0,433131.0,13736.0,1967.0,-0.999,0.818,0.791,0.836,20.87,20.88,20.86,15.64,7.385,7.389,7.38,5.534,7.0,7.0,7.0,5.0,1.542,214.1,21.75,2.2,3.499,2.0,-1.0,13.55,0.004,0.304,3.0,2.0,0.0,0.0,37.7,38.79,39.02,39.71,38.46,39.0,36.4,42.01,40.54,38.75,40.8,43.66,39.38,41.35,43.64,42.32,37.05,40.28,41.8
2017-06-30 07:45:00-05:00,431.54175,455.52045,472.4769,431.4032,455.31805,484.28592,432.93903,463.23038,938344.0,29.5,0.0,439.2,456.6,452.2,24.93,343.8,0.0,0.0,0.0,0.0,0.0,0.0,0.0,0.0,342.2,343.2,80.4,-0.45,31.1,32.02,32.63,31.63,0.0,271.0,274.0,274.0,273.0,0.625,0.0,27.82,26.71,-0.117,26.7,0.999,6000.0,420235.0,226.0,437.0,59.95,7.0,35.73,43.0,59.62,24.67,38.62,449.4,32.83,33.67,33.88,60.0,59.5,75.6,1.0,273.0,273.0,272.0,27.32,-0.931,27.34,1962.0,433132.0,13736.0,1967.0,-0.999,0.818,0.791,0.836,21.75,21.75,21.75,16.31,7.477,7.476,7.476,5.606,7.0,7.0,7.0,5.0,1.985,248.7,18.09,2.8,3.499,2.0,-1.0,13.55,0.003,0.304,3.0,2.0,0.0,0.001,37.82,38.92,39.09,39.89,38.62,39.12,36.6,42.08,40.58,38.95,40.87,43.86,39.56,41.14,43.84,42.46,37.14,40.36,41.97
2017-06-30 07:46:00-05:00,376.53284,407.2176,422.6178,381.21848,412.82513,434.40726,387.52496,422.68298,938345.0,29.59,0.0,388.8,405.3,401.4,24.91,347.5,0.0,0.0,0.0,0.0,0.0,0.0,0.0,0.0,346.0,347.0,69.7,-0.463,27.33,28.23,28.53,27.53,0.0,271.0,274.0,274.0,273.0,0.615,0.0,24.34,23.33,-0.167,23.32,0.999,6000.0,420235.0,226.0,437.0,59.95,7.0,35.68,43.0,58.15,24.74,38.79,384.3,28.61,29.44,29.68,60.0,59.5,75.6,1.0,272.9,273.0,271.8,23.86,-0.76,23.88,1962.0,433132.0,13736.0,1967.0,-1.0,0.818,0.791,0.836,18.69,18.69,18.68,14.02,6.488,6.486,6.485,4.865,7.0,7.0,7.0,5.0,1.16,252.6,40.22,2.6,3.499,2.0,-1.0,13.43,0.005,0.303,3.0,2.0,0.0,0.001,38.11,38.99,39.25,40.02,38.83,39.3,36.69,42.16,40.73,38.99,40.93,44.02,39.79,41.22,43.99,42.54,37.27,40.43,42.03
2017-06-30 07:47:00-05:00,187.2775,195.99496,204.70642,191.2051,207.57147,218.86815,192.31978,215.23122,938346.0,29.7,0.0,192.6,207.9,207.0,25.07,350.7,0.0,0.0,0.0,0.0,0.0,0.0,0.0,0.0,349.2,350.1,32.78,-0.482,12.35,13.3,13.57,12.57,0.0,270.7,273.8,273.9,272.6,0.627,0.0,11.63,11.04,-0.258,11.05,0.998,6000.0,420235.0,226.0,437.0,59.97,7.0,36.0,43.0,58.73,24.65,38.24,186.4,13.32,14.15,14.39,60.0,59.5,75.6,1.0,272.5,272.6,271.5,11.35,-0.162,11.35,1962.0,433132.0,13736.0,1967.0,-1.0,0.818,0.791,0.836,8.99,9.0,9.0,6.742,3.153,3.155,3.157,2.364,7.0,7.0,7.0,5.0,0.902,236.7,37.99,2.0,3.499,2.0,-1.0,13.55,0.004,0.295,3.0,2.0,0.0,0.0,37.56,38.46,38.81,39.49,38.33,38.84,36.22,41.35,39.47,38.24,40.13,43.35,38.91,40.54,43.28,41.81,36.63,39.71,41.33
2017-06-30 07:48:00-05:00,161.44186,168.65065,178.41493,156.64519,170.2292,179.59714,152.17474,172.7979,938347.0,29.78,0.0,168.9,171.7,171.4,25.01,351.5,0.0,0.0,0.0,0.0,0.0,0.0,0.0,0.0,350.1,351.0,27.37,-0.473,10.0,11.0,11.17,10.17,0.0,270.4,273.4,273.7,272.2,0.625,0.0,9.79,9.27,-0.252,9.28,0.997,6000.0,420235.0,226.0,437.0,59.97,7.0,36.0,43.0,60.0,24.51,37.45,163.3,11.14,11.97,12.2,60.0,59.5,75.6,1.0,272.1,272.3,271.2,9.56,-0.093,9.56,1962.0,433133.0,13736.0,1967.0,-1.0,0.818,0.791,0.836,7.689,7.684,7.696,5.767,2.703,2.701,2.705,2.027,7.0,7.0,7.0,5.0,1.107,276.1,25.27,2.1,3.499,2.0,-1.0,13.55,0.004,0.293,3.0,2.0,0.0,0.0,36.67,37.63,37.99,38.58,37.33,38.02,35.49,40.4,39.14,37.33,39.18,42.24,37.53,39.69,42.18,40.82,35.76,38.81,40.35
2017-06-30 07:49:00-05:00,174.17426,180.93102,191.91597,168.29756,180.78806,192.01039,163.71645,182.93475,938348.0,29.86,0.0,182.7,184.9,184.5,24.9,350.3,0.0,0.0,0.0,0.0,0.0,0.0,0.0,0.0,348.9,350.0,30.72,-0.478,11.52,12.43,12.77,11.77,0.0,270.0,273.0,273.1,272.0,0.633,0.0,10.88,10.33,-0.15,10.34,0.998,6000.0,420236.0,227.0,437.0,59.95,7.0,36.0,43.0,60.13,24.51,36.85,178.0,12.46,13.3,13.52,60.0,59.5,75.6,1.0,272.0,272.0,271.0,10.63,-0.218,10.63,1962.0,433133.0,13736.0,1967.0,-1.0,0.818,0.791,0.836,8.57,8.57,8.57,6.421,3.0,3.001,3.002,2.248,7.0,7.0,7.0,5.0,1.07,290.7,28.79,1.6,3.499,2.0,-1.0,13.55,0.004,0.293,3.0,2.0,0.0,0.0,36.14,37.03,37.37,37.81,36.63,37.36,34.74,39.53,38.11,36.39,38.27,41.29,36.5,38.94,41.23,40.0,34.96,37.97,39.56
2017-06-30 07:50:00-05:00,216.69798,221.2107,233.84023,214.64229,224.82617,242.56618,213.145,229.37566,938349.0,29.94,0.0,223.0,233.4,232.4,24.93,349.2,0.0,0.0,0.0,0.0,0.0,0.0,0.0,0.0,347.7,348.7,39.57,-0.47,15.2,16.08,16.4,15.4,0.0,270.2,273.2,273.2,272.1,0.63,0.0,13.94,13.32,-0.252,13.32,0.998,6000.0,420236.0,227.0,437.0,59.97,7.0,36.0,43.0,58.02,24.63,36.33,224.0,16.21,17.02,17.27,60.0,59.5,75.6,1.0,272.1,272.1,271.1,13.69,-0.278,13.7,1962.0,433133.0,13736.0,1967.0,-1.0,0.818,0.791,0.836,10.93,10.93,10.93,8.19,3.817,3.817,3.817,2.862,7.0,7.0,7.0,5.0,0.563,313.7,88.7,1.2,3.499,2.0,-1.0,13.55,0.004,0.295,3.0,2.0,0.0,0.0,35.64,36.52,36.97,37.34,36.01,36.79,34.22,38.79,37.7,35.78,37.58,40.46,35.73,38.13,40.44,39.28,34.33,37.35,38.82
2017-06-30 07:51:00-05:00,326.7158,335.66388,353.69147,322.5593,327.5818,360.04062,328.31107,335.10535,938350.0,30.02,0.0,336.4,346.0,343.6,25.05,352.4,0.0,0.0,0.0,0.0,0.0,0.0,0.0,0.0,350.8,351.8,60.45,-0.488,24.03,24.87,25.2,24.2,0.0,270.4,273.6,273.4,272.2,0.638,0.0,21.48,20.57,-0.235,20.56,0.999,6000.0,420236.0,227.0,437.0,59.96,7.0,36.0,43.0,58.48,24.54,36.24,349.2,25.25,26.06,26.32,60.0,59.5,75.6,1.0,272.0,272.3,271.0,21.08,-0.592,21.09,1962.0,433133.0,13736.0,1967.0,-1.0,0.818,0.791,0.836,16.62,16.62,16.62,12.46,5.867,5.867,5.866,4.398,7.0,7.0,7.0,5.0,0.805,231.7,53.86,1.8,3.499,2.0,-1.0,13.48,0.004,0.298,1.0,2.0,0.0,0.001,35.48,36.36,36.81,37.17,35.74,36.58,34.21,38.65,37.7,35.7,37.46,40.19,35.79,37.97,40.21,39.13,34.29,37.26,38.64
2017-06-30 07:52:00-05:00,454.287,477.95264,500.90005,451.79486,474.76178,508.77386,460.28784,481.85385,938351.0,30.09,0.0,466.1,479.4,474.7,25.05,356.7,0.0,0.0,0.0,0.0,0.0,0.0,0.0,0.0,354.9,355.9,83.5,-0.497,34.0,34.93,35.03,34.03,0.0,270.2,273.6,273.4,272.1,0.653,0.0,30.0,28.73,-0.23,28.73,0.999,6000.0,420237.0,228.0,437.0,59.96,7.0,36.0,43.0,60.02,24.79,36.95,477.3,35.48,36.25,36.5,60.0,59.5,75.6,1.0,272.0,272.2,271.0,29.39,-0.936,29.41,1962.0,433134.0,13736.0,1967.0,-1.0,0.818,0.791,0.836,22.56,22.55,22.53,16.91,8.05,8.04,8.04,6.03,7.0,7.0,7.0,5.0,0.765,226.7,58.09,1.2,3.499,2.0,-1.0,13.52,0.004,0.306,3.0,2.0,0.0,0.0,36.21,37.0,37.45,37.82,36.43,37.19,34.7,39.48,38.71,36.66,38.32,40.88,36.57,38.82,40.94,39.89,34.98,38.06,39.35
2017-06-30 07:53:00-05:00,452.55637,475.66028,497.70245,449.1466,472.95908,505.16278,457.77878,479.8501,938352.0,30.16,0.0,463.1,475.4,470.8,25.2,356.4,0.0,0.0,0.0,0.0,0.0,0.0,0.0,0.0,354.8,355.7,82.8,-0.5,33.78,34.42,35.0,34.0,0.0,270.1,273.2,273.2,272.0,0.628,0.0,29.71,28.43,-0.285,28.41,0.999,6000.0,420237.0,228.0,437.0,59.97,7.0,36.0,43.0,57.85,24.84,37.56,473.9,35.12,35.91,36.17,60.0,59.5,75.6,1.0,272.0,272.0,271.0,29.1,-0.876,29.12,1962.0,433134.0,13736.0,1967.0,-1.0,0.818,0.791,0.836,22.33,22.33,22.34,16.74,7.957,7.956,7.961,5.966,7.0,7.0,7.0,5.0,1.18,243.6,24.42,2.1,3.499,2.0,-1.0,13.52,0.003,0.306,3.0,2.0,0.0,0.0,36.94,37.64,38.15,38.62,37.16,37.9,35.34,40.47,39.86,37.71,39.32,41.77,37.63,39.71,41.87,40.84,36.12,39.05,40.29
2017-06-30 07:54:00-05:00,454.90506,477.46143,499.24203,450.47073,473.9892,505.61417,459.40964,481.1467,938353.0,30.22,0.0,465.1,476.7,472.1,25.28,356.1,0.0,0.0,0.0,0.0,0.0,0.0,0.0,0.0,354.4,355.4,82.8,-0.5,33.72,34.38,35.0,34.0,0.0,270.0,273.2,273.1,272.0,0.633,0.0,29.68,28.43,-0.253,28.41,0.999,6000.0,420238.0,229.0,437.0,59.97,7.0,36.0,43.0,59.93,25.35,38.21,475.6,35.1,35.89,36.15,60.0,59.5,75.6,1.0,272.0,272.0,271.0,29.08,-0.911,29.1,1962.0,433135.0,13736.0,1967.0,-1.0,0.818,0.791,0.836,22.33,22.34,22.35,16.74,7.952,7.954,7.956,5.961,7.0,7.0,7.0,5.0,0.8,250.5,45.85,1.2,3.499,2.0,-1.0,13.52,0.003,0.306,3.0,2.0,0.0,0.0,37.59,38.31,38.82,39.32,37.82,38.51,35.9,41.27,40.66,38.44,40.12,42.52,37.95,40.38,42.58,41.55,36.58,39.83,41.05
2017-06-30 07:55:00-05:00,462.56924,485.1571,506.5847,457.35623,481.07135,512.385,465.9332,487.98312,938354.0,30.28,0.0,473.1,484.1,479.3,25.56,356.7,0.0,0.0,0.0,0.0,0.0,0.0,0.0,0.0,355.0,356.0,83.4,-0.5,34.0,34.95,35.0,34.0,0.0,270.6,273.7,273.6,272.6,0.648,0.0,29.97,28.7,-0.147,28.68,0.999,6000.0,420238.0,229.0,437.0,59.95,7.0,36.0,43.0,57.85,25.41,38.79,483.1,35.36,36.16,36.45,60.0,59.5,75.6,1.0,272.6,272.6,271.6,29.36,-1.008,29.38,1962.0,433135.0,13736.0,1967.0,-0.999,0.818,0.791,0.836,22.51,22.51,22.52,16.88,8.03,8.03,8.03,6.019,8.0,8.0,8.0,6.0,1.05,184.1,35.86,1.7,3.498,2.0,-1.0,13.52,0.003,0.307,3.0,2.0,0.0,0.0,37.98,38.88,39.39,39.96,38.39,39.11,36.44,42.07,41.64,39.25,40.93,43.32,39.02,41.22,43.33,42.33,37.31,40.65,41.84
2017-06-30 07:56:00-05:00,467.8847,491.0517,511.91406,463.18246,487.25214,518.14026,471.3277,494.1124,938355.0,30.34,0.0,478.5,490.1,485.4,25.71,358.3,0.0,0.0,0.0,0.0,0.0,0.0,0.0,0.0,356.7,357.7,83.0,-0.5,34.0,35.0,35.0,34.0,0.0,270.2,273.4,273.3,272.2,0.66,0.0,29.93,28.67,-0.222,28.66,0.999,6000.0,420239.0,230.0,437.0,59.96,7.0,36.0,43.0,59.88,25.27,39.32,487.7,35.37,36.15,36.43,60.0,59.5,75.6,1.0,272.2,272.3,271.2,29.32,-0.945,29.34,1962.0,433136.0,13736.0,1967.0,-0.999,0.818,0.791,0.836,22.38,22.38,22.39,16.78,8.02,8.02,8.02,6.012,8.0,8.0,8.0,6.0,1.117,240.5,40.27,2.6,3.499,2.0,-1.0,13.52,0.003,0.307,1.0,2.0,0.0,0.001,38.46,39.44,39.94,40.49,38.87,39.63,36.96,42.8,41.89,40.02,41.64,44.06,39.76,41.87,44.03,43.0,37.96,41.19,42.48
2017-06-30 07:57:00-05:00,471.22232,494.8177,515.11163,466.6252,490.72882,521.41284,474.08768,497.29486,938356.0,30.41,0.0,482.3,494.1,488.9,25.57,356.9,0.0,0.0,0.0,0.0,0.0,0.0,0.0,0.0,355.3,356.3,84.2,-0.5,34.28,35.27,35.32,34.32,0.0,270.0,273.1,273.0,272.0,0.647,0.0,30.21,28.94,-0.215,28.93,0.999,6000.0,420239.0,230.0,437.0,59.96,7.0,36.0,43.0,57.93,25.01,39.75,490.6,35.74,36.52,36.79,60.0,59.5,75.6,1.0,272.0,272.0,271.0,29.6,-0.969,29.61,1962.0,433136.0,13736.0,1967.0,-0.999,0.818,0.791,0.836,22.69,22.68,22.7,17.02,8.1,8.09,8.1,6.073,8.0,8.0,8.0,6.0,1.555,249.8,31.32,2.8,3.499,2.0,-1.0,13.24,-0.004,0.31,1.0,2.0,0.0,0.001,38.73,39.87,40.27,40.95,39.21,40.02,37.33,43.27,42.56,40.24,42.12,44.55,40.02,42.05,44.57,43.55,38.39,41.67,42.89
2017-06-30 07:58:00-05:00,479.01007,503.3321,523.8755,475.4969,499.74246,530.21497,482.8694,505.89944,938357.0,30.47,0.0,491.2,503.5,496.9,25.49,346.7,0.0,0.0,0.0,0.0,0.0,0.0,0.0,0.0,345.2,346.1,89.8,-0.47,35.55,36.33,36.67,35.67,0.0,270.0,273.0,273.0,272.0,0.635,0.0,31.31,30.02,-0.203,29.99,0.999,6000.0,420240.0,231.0,437.0,59.96,7.0,36.0,43.0,59.85,25.05,40.11,499.4,37.1,37.89,38.13,60.0,59.5,75.6,1.0,272.0,272.0,271.0,30.69,-1.02,30.7,1962.0,433137.0,13736.0,1967.0,-0.999,0.818,0.791,0.836,24.21,24.19,24.19,18.14,8.39,8.39,8.39,6.288,8.0,8.0,8.0,6.0,0.68,214.1,46.11,1.4,3.499,2.0,-1.0,13.47,0.012,0.307,3.0,2.0,0.0,0.001,39.04,40.2,40.59,41.29,39.58,40.41,37.68,43.8,42.91,40.9,42.67,45.01,40.42,42.6,45.04,44.04,38.85,42.17,43.4
2017-06-30 07:59:00-05:00,490.50632,515.6125,537.8502,488.2086,512.6191,543.9824,496.54382,519.2188,938358.0,30.54,0.0,504.8,515.8,512.3,25.66,346.6,0.0,0.0,0.0,0.0,0.0,0.0,0.0,0.0,345.0,345.9,92.2,-0.468,36.53,37.33,37.83,36.83,0.0,270.0,273.0,273.0,272.0,0.638,0.0,32.16,30.86,-0.182,30.84,0.999,6000.0,420240.0,231.0,437.0,59.96,7.0,36.0,43.0,57.9,25.28,40.63,513.4,38.15,38.95,39.2,60.0,59.5,75.6,1.0,272.0,272.0,271.0,31.55,-1.064,31.57,1962.0,433137.0,13736.0,1967.0,-0.999,0.818,0.791,0.836,24.86,24.87,24.86,18.63,8.62,8.62,8.62,6.459,8.0,8.0,8.0,6.0,1.295,241.4,38.98,2.9,3.499,2.0,-1.0,13.51,0.004,0.308,3.0,2.0,0.0,0.0,39.56,40.49,41.01,41.73,40.02,40.83,37.98,44.4,43.44,41.29,43.25,45.4,41.03,43.04,45.51,44.61,39.0,42.72,43.95
2017-06-30 08:00:00-05:00,500.02472,526.25543,549.8117,498.0072,523.0492,555.49286,508.0855,530.41644,938359.0,30.62,0.0,516.2,527.5,523.3,25.43,348.9,0.0,0.0,0.0,0.0,0.0,0.0,0.0,0.0,347.1,348.1,93.5,-0.478,37.25,38.15,38.37,37.37,0.0,270.1,273.1,273.0,272.0,0.623,0.0,32.82,31.46,-0.09,31.44,0.999,6000.0,420241.0,232.0,437.0,59.94,7.0,36.0,43.0,59.75,24.84,40.7,525.4,38.89,39.7,39.96,60.0,59.5,75.6,1.0,272.0,272.0,271.0,32.17,-1.161,32.19,1962.0,433138.0,13736.0,1967.0,-0.999,0.818,0.791,0.836,25.2,25.2,25.2,18.89,8.79,8.79,8.79,6.589,8.0,8.0,8.0,6.0,2.393,242.9,17.88,4.1,3.497,2.0,-1.0,13.52,0.004,0.309,3.0,2.0,0.0,0.0,39.76,40.93,41.29,42.12,40.41,41.26,38.36,44.64,43.0,41.29,43.43,46.1,41.48,43.34,46.03,45.01,39.16,42.96,44.31
2017-06-30 08:01:00-05:00,503.98044,530.84015,555.14105,501.84717,527.556,560.4581,513.48,535.0134,938360.0,30.7,0.0,520.4,531.6,527.3,25.27,344.3,0.0,0.0,0.0,0.0,0.0,0.0,0.0,0.0,342.7,343.5,95.7,-0.445,37.68,38.63,39.0,38.0,0.0,270.2,273.0,273.1,272.0,0.605,0.0,33.13,31.78,-0.097,31.76,0.999,6000.0,420241.0,232.0,437.0,59.94,7.0,36.0,43.43,58.07,25.08,41.14,530.5,39.26,40.11,40.34,60.0,59.5,75.6,1.0,272.0,272.0,271.0,32.5,-1.175,32.52,1962.0,433138.0,13736.0,1967.0,-0.999,0.818,0.791,0.836,25.77,25.77,25.77,19.32,8.87,8.87,8.87,6.652,8.0,8.0,8.0,6.0,1.983,263.9,26.26,3.3,3.499,2.0,-1.0,13.52,0.004,0.309,3.0,2.0,0.0,0.0,40.09,41.21,41.65,42.39,40.74,41.6,38.76,45.02,43.61,41.55,43.77,46.64,41.82,43.7,46.54,45.35,39.68,43.36,44.61
2017-06-30 08:02:00-05:00,516.342,542.62933,567.57623,514.8237,540.4327,574.5641,527.4053,547.74335,938361.0,30.78,0.0,531.9,545.5,540.9,25.15,345.4,0.0,0.0,0.0,0.0,0.0,0.0,0.0,0.0,343.7,344.5,97.8,-0.46,38.77,39.72,39.95,38.95,0.0,270.1,273.0,273.0,272.0,0.613,0.0,34.0,32.58,-0.14,32.56,0.999,6000.0,420242.0,233.0,437.0,59.95,7.0,36.0,44.0,59.43,25.61,41.86,544.6,40.28,41.11,41.35,60.0,59.5,75.6,1.0,272.0,272.0,271.0,33.31,-1.162,33.33,1962.0,433139.0,13736.0,1967.0,-0.999,0.818,0.791,0.836,26.35,26.36,26.35,19.75,9.1,9.1,9.1,6.82,9.0,9.0,9.0,6.0,1.645,287.1,24.1,2.7,3.498,2.0,-1.0,13.52,0.004,0.309,3.0,2.0,0.0,0.0,40.77,41.73,42.22,42.81,41.22,42.06,39.02,45.42,43.98,42.09,44.17,47.15,42.19,44.31,47.04,45.8,39.74,43.81,45.09
2017-06-30 08:03:00-05:00,441.43097,470.7481,491.42566,445.43903,479.7837,502.79294,459.0333,487.62955,938362.0,30.86,0.0,459.9,475.8,471.7,25.37,346.2,0.0,0.0,0.0,0.0,0.0,0.0,0.0,0.0,344.4,345.4,83.9,-0.45,33.02,33.97,34.23,33.23,0.0,270.1,273.1,273.0,272.0,0.617,0.0,29.21,28.01,-0.178,27.99,0.999,6000.0,420242.0,233.0,437.0,59.96,7.0,36.68,44.0,58.38,25.71,42.15,458.7,34.52,35.35,35.57,60.0,59.5,75.6,1.0,272.0,272.0,271.0,28.61,-0.943,28.63,1962.0,433139.0,13736.0,1967.0,-0.999,0.818,0.791,0.836,22.46,22.43,22.43,16.83,7.776,7.765,7.767,5.827,9.0,9.0,9.0,6.0,1.232,167.2,28.87,3.3,3.498,2.0,-1.0,13.35,-0.009,0.307,3.0,2.0,0.0,0.001,41.27,41.96,42.69,43.21,41.76,42.46,39.43,45.85,44.76,42.57,44.64,47.46,42.59,44.69,47.37,46.17,39.97,44.14,45.49
2017-06-30 08:04:00-05:00,248.7144,263.78268,276.47507,256.48495,276.46152,291.88065,267.3408,288.7823,938363.0,30.94,0.0,261.3,277.9,276.2,25.65,346.3,0.0,0.0,0.0,0.0,0.0,0.0,0.0,0.0,344.7,345.7,46.02,-0.45,17.68,18.55,18.85,17.85,0.0,269.9,273.0,273.0,271.9,0.627,0.0,16.05,15.33,-0.195,15.33,0.999,6000.0,420242.0,233.0,437.0,59.96,7.0,36.8,44.0,59.17,25.55,41.59,254.2,18.71,19.52,19.77,60.0,59.5,75.6,1.0,272.0,272.0,271.0,15.71,-0.392,15.72,1962.0,433140.0,13736.0,1967.0,-1.0,0.818,0.791,0.836,12.46,12.45,12.47,9.35,4.313,4.311,4.318,3.236,9.0,9.0,9.0,6.0,1.383,223.8,57.24,3.2,3.498,2.0,-1.0,13.35,0.017,0.3,3.0,2.0,0.0,0.001,40.68,41.59,42.23,42.84,41.3,42.02,39.11,45.56,44.2,41.85,44.36,46.94,41.92,43.99,46.84,45.81,39.82,43.62,45.12
2017-06-30 08:05:00-05:00,245.74763,283.4313,299.0952,210.00783,236.80145,235.79529,199.34515,225.95741,938364.0,31.01,0.0,284.9,227.1,225.9,25.73,346.3,0.0,0.0,0.0,0.0,0.0,0.0,0.0,0.0,344.8,345.7,43.77,-0.452,16.78,17.73,18.07,17.07,0.0,269.8,272.9,273.0,271.7,0.643,0.0,15.32,14.64,-0.147,14.64,0.999,6000.0,420243.0,234.0,437.0,59.95,7.0,37.0,44.0,57.72,25.34,40.6,259.2,17.9,18.71,18.94,60.0,59.5,75.6,1.0,272.0,272.0,271.0,15.04,-0.395,15.04,1962.0,433140.0,13736.0,1967.0,-1.0,0.818,0.791,0.836,12.15,12.15,12.14,9.1,4.208,4.208,4.202,3.15,9.0,9.0,9.0,7.0,1.563,213.8,27.34,2.4,3.498,2.0,-1.0,13.52,0.004,0.296,3.0,2.0,0.0,0.0,39.77,40.68,41.3,41.88,40.35,41.12,38.27,44.64,43.38,41.12,43.47,45.85,40.82,42.73,45.66,44.9,39.23,42.73,44.2
2017-06-30 08:06:00-05:00,226.46361,258.21558,271.9747,186.96788,223.02345,211.42021,173.12544,204.15141,938365.0,31.09,0.0,253.1,200.9,199.9,25.71,346.3,0.0,0.0,0.0,0.0,0.0,0.0,0.0,0.0,344.7,345.7,39.47,-0.427,15.0,15.92,16.17,15.17,0.0,270.1,273.4,273.4,272.1,0.633,0.0,13.82,13.18,-0.067,13.18,0.998,6000.0,420243.0,234.0,437.0,59.94,7.0,37.0,44.0,59.42,25.44,39.93,228.8,15.94,16.78,17.02,60.0,59.5,75.6,1.0,272.1,272.3,271.1,13.48,-0.398,13.49,1962.0,433140.0,13736.0,1967.0,-1.0,0.818,0.791,0.836,10.79,10.78,10.78,8.09,3.735,3.733,3.734,2.801,9.0,9.0,9.0,7.0,0.842,204.5,56.22,1.9,3.499,2.0,-1.0,13.52,0.004,0.296,3.0,2.0,0.0,0.0,39.21,40.13,40.63,41.26,39.65,40.47,37.47,43.61,41.7,40.06,42.38,44.98,39.78,41.58,44.76,43.95,38.37,41.78,43.23
2017-06-30 08:07:00-05:00,150.06923,155.7153,166.57195,143.93349,155.54984,164.13701,141.13486,157.23903,938366.0,31.17,0.0,156.6,155.7,155.6,25.57,346.6,0.0,0.0,0.0,0.0,0.0,0.0,0.0,0.0,345.2,346.1,25.48,-0.445,9.15,10.1,10.37,9.37,0.0,270.2,273.4,273.4,272.1,0.647,0.0,9.0,8.49,-0.115,8.52,0.996,6000.0,420243.0,234.0,437.0,59.95,7.0,37.0,44.0,60.0,25.13,39.0,150.0,10.19,11.01,11.27,60.0,59.5,75.6,1.0,272.1,272.4,271.1,8.78,-0.166,8.78,1962.0,433140.0,13736.0,1967.0,-1.0,0.818,0.791,0.836,7.189,7.179,7.177,5.386,2.491,2.488,2.487,1.867,9.0,9.0,9.0,7.0,1.957,236.1,21.61,3.3,3.499,2.0,-1.0,13.52,0.004,0.293,3.0,2.0,0.0,0.0,38.14,39.07,39.62,40.27,38.66,39.51,36.47,42.12,40.21,38.53,40.81,43.76,38.49,40.28,43.46,42.65,37.07,40.47,41.91
2017-06-30 08:08:00-05:00,320.41138,344.34204,363.87646,266.28357,298.6093,292.7834,234.22115,270.04092,938367.0,31.24,0.0,348.2,285.6,283.9,25.37,348.3,0.0,0.0,0.0,0.0,0.0,0.0,0.0,0.0,346.9,347.8,58.02,-0.462,22.75,23.65,23.97,22.97,0.0,270.4,273.8,273.7,272.4,0.668,0.0,20.45,19.58,-0.175,19.57,0.999,6000.0,420243.0,234.0,437.0,59.96,7.0,37.0,44.0,59.78,24.8,38.47,341.8,24.08,24.87,25.13,60.0,59.5,75.6,1.0,272.2,272.8,271.4,20.12,-0.59,20.13,1962.0,433141.0,13736.0,1967.0,-1.0,0.818,0.791,0.836,16.09,16.07,16.08,12.06,5.624,5.618,5.621,4.216,9.0,9.0,9.0,7.0,1.095,236.6,20.8,1.8,3.497,2.0,-1.0,13.51,0.004,0.297,3.0,2.0,0.0,0.0,37.38,38.29,38.83,39.45,37.75,38.78,35.79,40.96,39.26,37.48,39.62,42.8,37.73,39.49,42.56,41.69,36.19,39.57,40.96
2017-06-30 08:09:00-05:00,487.2923,507.75302,531.9288,492.04858,507.8548,546.8036,494.03473,516.27203,938368.0,31.31,0.0,502.2,523.3,518.4,25.23,351.6,0.0,0.0,0.0,0.0,0.0,0.0,0.0,0.0,350.1,351.0,91.9,-0.493,36.93,37.82,38.05,37.05,0.0,270.5,273.9,273.8,272.4,0.662,0.0,32.53,31.19,-0.237,31.16,0.999,6000.0,420244.0,235.0,437.0,59.97,7.0,37.0,44.0,58.5,25.11,39.08,511.5,38.51,39.31,39.59,60.0,59.5,75.6,1.0,272.3,272.8,271.4,31.9,-1.039,31.92,1962.0,433141.0,13736.0,1967.0,-0.999,0.818,0.791,0.836,24.83,24.83,24.83,18.63,8.73,8.73,8.73,6.549,9.0,9.0,9.0,7.0,1.447,269.0,25.37,2.4,3.499,2.0,-1.0,13.42,0.004,0.308,3.0,2.0,0.0,0.0,37.84,38.8,39.35,39.88,38.26,39.18,36.22,41.3,40.0,37.86,39.95,43.22,38.22,39.96,43.03,42.08,36.48,40.04,41.29
2017-06-30 08:10:00-05:00,502.12622,527.56537,551.1144,500.9203,523.95056,557.2984,510.97092,530.5343,938369.0,31.38,0.0,518.5,530.4,525.4,25.23,344.3,0.0,0.0,0.0,0.0,0.0,0.0,0.0,0.0,342.6,343.5,95.6,-0.428,37.77,38.42,39.0,38.0,0.0,271.0,274.0,274.0,273.0,0.647,0.0,33.14,31.8,-0.265,31.79,0.999,6000.0,420244.0,235.0,437.0,59.97,7.0,37.0,44.0,59.48,25.58,39.58,522.5,39.22,40.03,40.29,60.0,59.5,75.6,1.0,272.9,273.0,271.9,32.51,-1.042,32.53,1962.0,433142.0,13736.0,1967.0,-0.999,0.818,0.791,0.836,25.8,25.8,25.8,19.34,8.88,8.88,8.88,6.661,9.0,9.0,9.0,7.0,1.313,220.4,32.59,2.3,3.499,2.0,-1.0,13.52,0.004,0.309,3.0,2.0,0.0,0.0,38.57,39.4,40.0,40.56,38.98,39.84,36.82,42.25,40.88,38.92,40.91,44.0,39.19,41.03,43.86,42.88,37.5,40.97,42.14
2017-06-30 08:11:00-05:00,514.48773,540.337,562.839,513.63196,536.5697,569.48596,517.99634,543.7358,938370.0,31.45,0.0,530.6,543.4,538.2,25.4,344.6,0.0,0.0,0.0,0.0,0.0,0.0,0.0,0.0,342.8,343.6,97.6,-0.45,38.53,39.5,39.67,38.67,0.0,270.8,274.0,273.9,272.7,0.618,0.0,33.84,32.47,-0.19,32.46,0.999,6000.0,420245.0,236.0,437.0,59.96,7.0,37.0,44.0,58.45,25.3,40.14,534.6,40.1,40.92,41.19,60.0,59.5,75.6,1.0,272.5,272.9,271.4,33.22,-1.14,33.24,1962.0,433142.0,13736.0,1967.0,-0.999,0.818,0.791,0.836,26.31,26.32,26.31,19.73,9.07,9.07,9.07,6.798,9.0,9.0,9.0,7.0,1.482,306.9,41.32,2.7,3.499,2.0,-1.0,13.52,0.004,0.309,3.0,2.0,0.0,0.0,39.16,39.99,40.58,41.23,39.8,40.4,37.32,42.95,41.17,39.49,41.62,44.8,39.58,41.93,44.7,43.68,38.22,41.81,42.92
2017-06-30 08:12:00-05:00,535.13153,562.6054,584.15643,535.08295,559.7476,592.2812,533.05066,567.5456,938371.0,31.5,0.0,551.0,565.6,560.1,25.43,345.0,0.0,0.0,0.0,0.0,0.0,0.0,0.0,0.0,343.3,344.2,101.8,-0.457,40.03,40.88,41.28,40.28,0.0,271.0,274.0,274.0,273.0,0.63,0.0,35.31,33.88,-0.177,33.86,0.999,6000.0,420245.0,236.0,437.0,59.96,7.0,37.0,44.0,59.1,25.47,40.91,555.5,41.74,42.57,42.82,60.0,59.5,75.6,1.0,273.0,273.0,272.0,34.63,-1.199,34.65,1962.0,433143.0,13736.0,1967.0,-0.999,0.818,0.791,0.836,27.38,27.39,27.4,20.53,9.44,9.45,9.45,7.083,10.0,10.0,10.0,7.0,1.455,268.9,26.4,3.3,3.499,2.0,-1.0,13.52,0.004,0.31,3.0,2.0,0.0,0.0,39.96,40.73,41.38,41.98,40.66,41.19,37.66,43.79,42.27,40.37,42.45,45.57,40.38,42.77,45.48,44.42,39.01,42.67,43.67
2017-06-30 08:13:00-05:00,553.6738,581.9266,603.4605,553.7533,579.3201,612.8195,550.48865,587.58356,938372.0,31.57,0.0,568.9,585.1,579.2,25.5,346.4,0.0,0.0,0.0,0.0,0.0,0.0,0.0,0.0,344.7,345.7,104.5,-0.477,41.33,42.27,42.58,41.58,0.0,271.0,274.0,274.1,273.0,0.623,0.0,36.44,34.95,-0.103,34.94,0.999,6000.0,420246.0,237.0,437.0,59.94,7.0,37.0,44.0,58.77,25.28,41.62,575.5,43.08,43.91,44.17,60.0,59.5,75.6,1.0,273.0,273.0,272.0,35.73,-1.3,35.75,1962.0,433143.0,13736.0,1967.0,-0.999,0.818,0.791,0.836,28.14,28.14,28.12,21.09,9.75,9.75,9.74,7.306,10.0,10.0,10.0,7.0,1.418,236.9,26.19,2.3,3.498,2.0,-1.0,13.52,0.004,0.311,3.0,2.0,0.0,0.0,40.69,41.42,42.02,42.74,41.45,41.91,38.23,44.78,43.33,41.33,43.46,46.49,41.11,43.78,46.42,45.22,39.77,43.48,44.52
2017-06-30 08:14:00-05:00,565.4173,594.2069,616.60626,566.20013,591.5529,626.81256,566.5467,600.5493,938373.0,31.63,0.0,581.4,599.5,592.8,25.43,344.9,0.0,0.0,0.0,0.0,0.0,0.0,0.0,0.0,343.1,344.0,107.1,-0.462,42.0,43.0,43.45,42.45,0.0,271.0,274.0,274.0,273.0,0.625,0.0,37.18,35.69,-0.108,35.66,0.999,6000.0,420247.0,238.0,437.0,59.95,7.0,37.0,44.0,58.62,25.6,42.37,589.8,44.0,44.81,45.07,60.0,59.5,75.6,1.0,273.0,273.0,272.0,36.45,-1.329,36.48,1962.0,433144.0,13736.0,1967.0,-0.999,0.818,0.791,0.836,28.82,28.84,28.85,21.63,9.94,9.95,9.95,7.459,10.0,10.0,10.0,7.0,1.627,269.6,22.85,2.5,3.499,2.0,-1.0,13.52,0.003,0.312,3.0,2.0,0.0,0.0,41.5,42.11,42.74,43.38,42.06,42.46,38.86,45.69,44.24,42.22,44.38,47.4,41.96,44.69,47.3,46.07,40.24,44.34,45.37
2017-06-30 08:15:00-05:00,576.6663,605.8324,629.2783,578.24976,603.3994,639.90295,581.6011,612.5721,938374.0,31.69,0.0,593.7,612.4,605.6,25.65,348.3,0.0,0.0,0.0,0.0,0.0,0.0,0.0,0.0,346.5,347.5,107.1,-0.488,42.55,43.48,43.93,42.93,0.0,271.0,274.0,274.0,273.0,0.623,0.0,37.5,36.0,-0.072,35.97,0.999,6000.0,420247.0,238.0,437.0,59.94,7.0,37.0,44.0,59.43,25.84,42.86,603.0,44.38,45.19,45.48,60.0,59.5,75.6,1.0,273.0,273.0,272.0,36.78,-1.367,36.8,1962.0,433145.0,13736.0,1967.0,-0.999,0.818,0.791,0.836,28.78,28.77,28.76,21.57,10.02,10.02,10.02,7.513,10.0,10.0,10.0,7.0,0.833,217.3,70.26,1.8,3.498,2.0,-1.0,13.43,0.004,0.313,3.0,2.0,0.0,0.0,42.06,42.79,43.41,44.05,42.75,43.21,39.57,46.49,45.24,42.99,45.2,48.17,42.63,45.38,48.08,46.86,40.81,45.1,46.19
2017-06-30 08:16:00-05:00,524.99506,543.9392,564.0233,534.28845,557.1723,591.03986,533.5525,570.4924,938375.0,31.76,0.0,532.5,562.7,557.0,26.02,348.2,0.0,0.0,0.0,0.0,0.0,0.0,0.0,0.0,346.6,347.5,96.5,-0.482,38.32,39.22,39.52,38.52,0.0,271.0,274.0,274.0,273.0,0.612,0.0,33.8,32.43,-0.068,32.42,0.999,6000.0,420248.0,239.0,437.0,59.94,7.0,37.0,44.0,58.13,25.43,43.28,543.9,39.98,40.81,41.08,60.0,59.5,75.6,1.0,273.0,273.0,272.0,33.17,-1.218,33.2,1962.0,433145.0,13736.0,1967.0,-0.999,0.818,0.791,0.836,25.89,25.88,25.88,19.4,9.02,9.01,9.02,6.757,10.0,10.0,10.0,8.0,2.343,159.8,23.29,4.2,3.498,2.0,-1.0,13.51,0.004,0.311,3.0,2.0,0.0,0.0,42.42,43.36,43.99,44.55,43.23,43.7,40.3,47.17,45.16,43.48,45.89,48.89,43.5,46.17,48.81,47.5,41.63,45.75,46.85
2017-06-30 08:17:00-05:00,291.36176,314.0504,323.96555,298.32764,332.8612,337.80963,287.53876,336.51978,938376.0,31.82,0.0,300.6,318.6,316.4,26.2,341.4,0.0,0.0,0.0,0.0,0.0,0.0,0.0,0.0,340.0,341.0,54.43,-0.4,20.63,21.6,22.02,21.02,0.0,271.0,274.0,274.0,273.0,0.615,0.0,18.75,17.93,-0.082,17.94,0.998,6000.0,420248.0,239.0,437.0,59.94,7.0,37.0,44.0,59.55,25.37,42.17,286.1,21.8,22.66,22.89,60.0,59.5,75.6,1.0,272.9,273.0,271.9,18.31,-0.583,18.32,1962.0,433146.0,13736.0,1967.0,-1.0,0.818,0.791,0.836,14.55,14.56,14.56,10.91,4.969,4.97,4.971,3.725,10.0,10.0,10.0,8.0,1.86,209.4,24.19,3.5,3.498,2.0,-1.0,13.52,0.004,0.302,3.0,2.0,0.0,0.0,41.75,42.71,43.58,44.18,42.86,43.24,40.16,46.94,44.46,42.95,45.69,48.74,43.4,45.85,48.57,47.46,41.46,45.54,46.82
2017-06-30 08:18:00-05:00,202.4822,211.55013,220.22076,196.50165,209.50298,217.28828,186.42348,211.22362,938377.0,31.89,0.0,209.4,209.1,208.7,26.2,340.6,0.0,0.0,0.0,0.0,0.0,0.0,0.0,0.0,339.2,340.1,36.32,-0.4,13.38,14.32,14.9,13.9,0.0,270.6,273.7,273.6,272.5,0.615,0.0,12.57,11.98,-0.082,11.99,0.997,6000.0,420248.0,239.0,437.0,59.94,7.0,37.0,44.0,58.03,25.37,41.38,202.6,14.5,15.34,15.59,60.0,59.5,75.6,1.0,272.3,272.4,271.3,12.31,-0.339,12.32,1962.0,433146.0,13736.0,1967.0,-1.0,0.818,0.791,0.836,10.1,10.09,10.09,7.572,3.441,3.437,3.437,2.579,10.0,10.0,10.0,8.0,1.61,184.2,31.42,2.4,3.499,2.0,-1.0,13.51,0.004,0.295,3.0,2.0,0.0,0.0,40.52,41.44,42.33,42.98,41.43,42.07,39.31,45.71,43.22,42.23,44.48,47.58,42.38,44.42,47.3,46.48,40.8,44.53,45.88
2017-06-30 08:19:00-05:00,236.8473,246.75389,257.64468,226.2947,238.34665,247.41862,212.51773,235.62279,938378.0,31.95,0.0,246.5,241.8,241.2,25.77,342.9,0.0,0.0,0.0,0.0,0.0,0.0,0.0,0.0,341.4,342.3,43.32,-0.412,16.38,17.32,17.57,16.57,0.0,270.5,273.6,273.6,272.4,0.627,0.0,14.99,14.34,-0.155,14.34,0.998,6000.0,420249.0,240.0,437.0,59.95,7.0,37.0,44.0,58.17,25.1,40.49,241.2,17.45,18.28,18.53,60.0,59.5,75.6,1.0,272.2,272.4,271.2,14.72,-0.385,14.73,1962.0,433146.0,13736.0,1967.0,-1.0,0.818,0.791,0.836,11.92,11.92,11.92,8.94,4.092,4.091,4.092,3.068,11.0,10.0,11.0,8.0,1.733,189.4,22.6,2.7,3.498,2.0,-1.0,13.51,0.004,0.297,3.0,2.0,0.0,0.0,39.59,40.58,41.26,41.95,40.3,41.04,38.66,44.52,42.17,40.96,43.23,46.56,41.52,43.27,46.22,45.55,39.99,43.48,44.93
2017-06-30 08:20:00-05:00,219.54114,230.87126,240.82759,211.7292,229.84807,236.81093,202.73239,232.3224,938379.0,32.02,0.0,228.5,226.7,226.1,25.54,346.1,0.0,0.0,0.0,0.0,0.0,0.0,0.0,0.0,344.7,345.6,39.63,-0.42,14.92,15.88,16.15,15.15,0.0,270.5,273.6,273.5,272.4,0.62,0.0,13.85,13.19,-0.142,13.2,0.998,6000.0,420249.0,240.0,437.0,59.95,7.0,37.0,44.0,59.45,25.13,39.73,220.7,16.01,16.85,17.09,60.0,59.5,75.6,1.0,272.1,272.3,271.1,13.55,-0.354,13.55,1962.0,433146.0,13737.0,1967.0,-1.0,0.818,0.791,0.836,10.88,10.88,10.88,8.16,3.766,3.764,3.764,2.823,11.0,11.0,11.0,8.0,1.448,217.5,23.46,2.2,3.499,2.0,-1.0,13.46,0.002,0.297,3.0,2.0,0.0,0.001,38.86,39.82,40.46,41.13,39.57,40.21,38.1,43.8,41.47,39.97,42.53,45.67,40.65,42.17,45.33,44.88,39.55,42.7,44.24
2017-06-30 08:21:00-05:00,207.92128,217.93593,228.15558,199.54716,212.4646,221.3508,187.55255,213.81677,938380.0,32.08,0.0,217.3,213.9,213.5,25.4,344.5,0.0,0.0,0.0,0.0,0.0,0.0,0.0,0.0,343.1,344.1,37.65,-0.405,14.15,15.03,15.42,14.42,0.0,270.9,273.9,273.9,272.8,0.62,0.0,13.12,12.52,-0.115,12.52,0.998,6000.0,420249.0,240.0,437.0,59.95,7.0,37.0,44.0,60.12,25.17,39.15,209.9,15.16,16.01,16.25,60.0,59.5,75.6,1.0,272.6,272.8,271.6,12.87,-0.33,12.87,1962.0,433146.0,13737.0,1967.0,-1.0,0.818,0.791,0.836,10.44,10.44,10.44,7.83,3.598,3.597,3.596,2.697,11.0,11.0,11.0,8.0,1.12,251.6,33.77,1.9,3.498,2.0,-1.0,13.48,0.004,0.296,3.0,2.0,0.0,0.0,38.18,39.02,39.77,40.34,38.64,39.39,37.55,42.93,40.92,39.08,41.65,44.82,39.93,41.18,44.48,44.0,38.5,41.79,43.34
2017-06-30 08:22:00-05:00,275.04453,303.73486,317.57028,247.0836,263.19858,271.68088,230.70847,258.13602,938381.0,32.14,0.0,306.2,265.6,264.9,25.51,347.7,0.0,0.0,0.0,0.0,0.0,0.0,0.0,0.0,346.2,347.2,50.35,-0.452,19.47,20.38,20.68,19.68,0.0,271.0,274.0,274.0,273.0,0.622,0.0,17.65,16.89,-0.085,16.89,0.999,6000.0,420249.0,240.0,437.0,59.94,7.0,37.0,44.0,58.07,25.17,38.74,285.7,20.66,21.52,21.76,60.0,59.5,75.6,1.0,272.9,273.0,271.7,17.37,-0.552,17.38,1962.0,433147.0,13737.0,1967.0,-1.0,0.818,0.791,0.836,13.92,13.92,13.92,10.43,4.841,4.839,4.839,3.627,11.0,11.0,11.0,8.0,1.435,214.3,26.23,2.0,3.499,2.0,-1.0,13.48,0.004,0.298,3.0,2.0,0.0,0.0,37.78,38.62,39.38,39.89,38.2,38.91,36.91,42.28,40.19,38.62,41.04,44.17,39.35,40.63,43.83,43.3,38.0,41.11,42.67
2017-06-30 08:23:00-05:00,429.5639,460.1051,480.41168,413.92462,427.8908,452.46292,394.4249,426.5727,938382.0,32.2,0.0,458.4,441.9,439.3,25.57,350.4,0.0,0.0,0.0,0.0,0.0,0.0,0.0,0.0,349.0,350.0,81.0,-0.493,32.23,33.08,33.4,32.4,0.0,271.0,274.0,274.0,273.0,0.623,0.0,28.58,27.37,-0.262,27.36,0.999,6000.0,420250.0,241.0,437.0,59.97,7.0,37.0,44.0,58.88,25.35,38.88,450.9,33.73,34.59,34.84,60.0,59.5,75.6,1.0,273.0,273.0,271.9,28.07,-0.862,28.09,1962.0,433147.0,13737.0,1967.0,-1.0,0.818,0.791,0.836,22.04,22.05,22.04,16.53,7.723,7.724,7.723,5.791,11.0,11.0,11.0,8.0,1.133,210.2,45.32,2.2,3.497,2.0,-1.0,13.48,0.004,0.305,3.0,2.0,0.0,0.0,37.89,38.8,39.5,39.94,38.25,39.14,36.87,42.13,39.96,38.49,40.85,44.05,39.2,40.54,43.79,43.16,37.65,41.06,42.5
2017-06-30 08:24:00-05:00,501.13724,546.23157,569.11584,494.1672,529.745,553.2359,492.40384,534.424,938383.0,32.25,0.0,533.2,526.9,522.9,25.69,348.1,0.0,0.0,0.0,0.0,0.0,0.0,0.0,0.0,346.4,347.4,95.8,-0.482,37.97,38.92,39.23,38.23,0.0,271.0,274.0,274.0,273.0,0.615,0.0,33.56,32.18,-0.215,32.16,0.999,6000.0,420250.0,241.0,437.0,59.96,7.0,37.0,44.0,59.3,25.29,39.57,516.5,39.56,40.4,40.65,60.0,59.5,75.6,1.0,273.0,273.0,272.0,32.83,-1.089,32.85,1962.0,433148.0,13737.0,1967.0,-0.999,0.818,0.791,0.836,25.68,25.69,25.68,19.26,8.94,8.94,8.94,6.704,11.0,11.0,11.0,8.0,1.393,198.8,30.96,2.3,3.497,2.0,-1.0,13.48,0.004,0.31,3.0,2.0,0.0,0.0,38.56,39.47,40.14,40.64,38.97,39.78,37.66,42.89,40.43,39.23,41.64,44.96,40.36,41.5,44.77,43.95,38.51,41.93,43.23
2017-06-30 08:25:00-05:00,394.33347,430.79593,447.3697,371.81714,404.45532,413.869,359.0471,401.9378,938384.0,32.31,0.0,424.0,397.5,395.2,25.66,345.8,0.0,0.0,0.0,0.0,0.0,0.0,0.0,0.0,344.1,345.1,74.32,-0.423,29.17,30.17,30.28,29.28,0.0,270.9,274.0,273.9,272.9,0.617,0.0,25.89,24.81,-0.242,24.8,0.999,6000.0,420251.0,242.0,437.0,59.97,7.0,37.05,44.0,58.43,25.57,39.88,405.9,30.49,31.35,31.6,60.0,59.5,75.6,1.0,272.9,272.9,271.6,25.4,-0.764,25.41,1962.0,433148.0,13737.0,1967.0,-1.0,0.818,0.791,0.836,20.15,20.16,20.16,15.11,6.968,6.969,6.97,5.224,11.0,11.0,11.0,8.0,1.508,231.8,32.49,2.3,3.498,2.0,-1.0,13.43,0.001,0.305,3.0,2.0,0.0,0.0,38.86,39.82,40.43,41.11,39.42,40.18,37.95,43.22,40.43,39.52,41.93,45.43,40.58,41.9,45.27,44.34,39.07,42.34,43.63
2017-06-30 08:26:00-05:00,379.74683,414.4221,430.67105,356.45718,387.84445,395.0234,339.60184,380.4854,938385.0,32.35,0.0,408.3,381.8,379.6,25.84,345.6,0.0,0.0,0.0,0.0,0.0,0.0,0.0,0.0,344.0,345.0,71.65,-0.442,28.12,28.98,29.35,28.35,0.0,270.1,273.1,273.1,272.1,0.61,0.0,24.92,23.87,-0.3,23.86,0.999,6000.0,420251.0,242.0,437.0,59.98,7.0,37.0,44.0,59.45,25.92,40.19,390.7,29.42,30.25,30.51,60.0,59.5,75.6,1.0,272.1,272.1,271.0,24.45,-0.658,24.46,1962.0,433149.0,13737.0,1967.0,-1.0,0.818,0.791,0.836,19.42,19.43,19.42,14.56,6.712,6.713,6.711,5.031,11.0,11.0,11.0,8.0,1.55,232.1,33.52,2.6,3.498,2.0,-1.0,13.43,0.007,0.304,3.0,2.0,0.0,0.0,39.19,40.09,40.64,41.24,39.65,40.38,37.97,43.08,40.74,39.47,41.81,45.42,40.71,42.06,45.29,44.35,38.96,42.27,43.63
2017-06-30 08:27:00-05:00,380.85938,410.00113,426.8813,362.94543,390.4198,402.69708,347.88174,388.61847,938386.0,32.4,0.0,406.3,388.8,386.6,25.93,345.2,0.0,0.0,0.0,0.0,0.0,0.0,0.0,0.0,343.6,344.6,71.82,-0.445,28.1,29.0,29.42,28.42,0.0,269.7,272.9,272.6,271.6,0.615,0.0,24.96,23.95,-0.3,23.94,0.999,6000.0,420251.0,242.0,437.0,59.98,7.0,37.32,44.0,57.98,26.19,40.4,393.7,29.56,30.39,30.66,60.0,59.5,75.6,1.0,271.8,271.9,270.6,24.54,-0.66,24.55,1962.0,433149.0,13737.0,1967.0,-1.0,0.818,0.791,0.836,19.51,19.52,19.51,14.63,6.738,6.741,6.74,5.053,11.0,11.0,11.0,8.0,0.92,238.1,37.2,1.8,3.499,2.0,-1.0,13.48,0.004,0.304,3.0,2.0,0.0,0.0,39.39,40.23,40.78,41.34,39.84,40.51,38.05,43.18,41.45,39.69,41.92,45.36,40.68,42.04,45.24,44.41,39.11,42.35,43.7
2017-06-30 08:28:00-05:00,447.48813,486.95822,508.2427,419.48596,452.3564,463.8605,401.9521,444.37112,938387.0,32.45,0.0,482.5,448.4,445.5,26.06,348.1,0.0,0.0,0.0,0.0,0.0,0.0,0.0,0.0,346.3,347.3,84.4,-0.482,33.47,34.28,34.72,33.72,0.0,270.0,272.9,272.8,271.7,0.645,0.0,29.54,28.3,-0.3,28.29,0.999,6000.0,420252.0,243.0,437.0,59.98,7.0,37.27,44.0,59.98,26.41,40.88,467.2,35.0,35.8,36.1,60.0,59.5,75.6,1.0,271.9,272.0,270.8,28.97,-0.828,28.99,1962.0,433149.0,13737.0,1967.0,-1.0,0.818,0.791,0.836,22.84,22.85,22.85,17.13,7.951,7.955,7.954,5.961,11.0,11.0,11.0,8.0,1.167,231.6,26.49,1.7,3.499,2.0,-1.0,13.48,0.004,0.307,3.0,2.0,0.0,0.0,39.91,40.66,41.18,41.71,40.15,40.92,38.25,43.64,42.15,40.1,42.39,45.73,40.84,42.52,45.59,44.73,39.47,42.79,44.01
2017-06-30 08:29:00-05:00,503.36234,539.84576,564.1417,476.29138,509.52875,525.47534,468.31683,501.77396,938388.0,32.49,0.0,533.3,506.1,502.5,26.15,345.3,0.0,0.0,0.0,0.0,0.0,0.0,0.0,0.0,343.7,344.6,95.7,-0.443,37.6,38.52,38.97,37.97,0.0,270.0,273.0,273.0,272.0,0.628,0.0,33.22,31.83,-0.3,31.8,0.999,6000.0,420252.0,243.0,437.0,59.98,7.0,37.72,44.6,57.87,26.6,41.5,525.6,39.4,40.21,40.49,60.0,59.5,75.6,1.0,272.0,272.0,271.0,32.57,-1.001,32.58,1962.0,433150.0,13737.0,1967.0,-1.0,0.818,0.791,0.836,25.85,25.85,25.84,19.38,8.93,8.92,8.92,6.691,12.0,12.0,12.0,9.0,1.097,261.2,35.65,2.0,3.499,2.0,-1.0,13.48,0.004,0.309,3.0,2.0,0.0,0.0,40.61,41.34,41.82,42.45,40.71,41.52,38.72,44.36,42.82,40.93,43.12,46.38,41.51,43.21,46.24,45.39,39.94,43.51,44.66
2017-06-30 08:30:00-05:00,550.7071,577.9968,604.40796,549.38367,571.4654,607.1771,564.03766,582.16156,938389.0,32.54,0.0,570.5,580.8,576.4,26.15,342.0,0.0,0.0,0.0,0.0,0.0,0.0,0.0,0.0,340.3,341.2,105.8,-0.425,41.38,42.08,43.0,42.0,0.0,270.0,273.0,273.0,272.0,0.635,0.0,36.43,34.95,-0.265,34.94,0.999,6000.0,420253.0,244.0,437.0,59.97,7.0,37.98,44.93,59.77,26.56,42.29,573.6,43.27,44.07,44.35,60.0,59.5,75.6,1.0,272.0,272.0,271.0,35.71,-1.175,35.73,1962.0,433151.0,13737.0,1967.0,-0.999,0.818,0.791,0.836,28.51,28.5,28.49,21.37,9.75,9.75,9.74,7.307,12.0,12.0,12.0,9.0,1.102,262.5,31.29,1.8,3.499,2.0,-1.0,13.48,0.004,0.312,3.0,2.0,0.0,0.0,41.45,42.12,42.63,43.26,41.62,42.32,39.28,45.25,43.51,41.71,43.97,47.2,42.47,44.03,47.06,46.28,40.61,44.27,45.53
2017-06-30 08:31:00-05:00,549.10004,576.35944,602.51306,548.1919,570.9503,605.25867,564.5394,582.0437,938390.0,32.59,0.0,569.0,579.9,575.1,26.07,337.1,0.0,0.0,0.0,0.0,0.0,0.0,0.0,0.0,335.5,336.3,106.1,-0.402,41.0,42.0,42.2,41.2,0.0,270.0,273.1,273.0,272.0,0.635,0.0,36.01,34.59,-0.218,34.58,0.999,6000.0,420254.0,245.0,437.0,59.96,7.0,38.0,45.0,58.28,26.22,42.96,571.9,42.83,43.64,43.92,60.0,59.5,75.6,1.0,272.0,272.0,271.0,35.36,-1.205,35.39,1962.0,433151.0,13737.0,1967.0,-0.999,0.818,0.791,0.836,28.62,28.62,28.62,21.45,9.65,9.65,9.65,7.233,12.0,12.0,12.0,9.0,1.91,263.1,7.541,2.7,3.499,2.0,-1.0,13.29,0.003,0.313,1.0,2.0,0.0,0.001,42.24,42.91,43.35,43.95,42.44,43.05,40.07,46.08,44.11,42.57,44.84,48.03,43.11,44.8,47.89,47.11,41.24,45.05,46.26
2017-06-30 08:32:00-05:00,549.59454,577.0144,603.4605,548.72156,572.1092,605.7101,566.5467,583.22235,938391.0,32.63,0.0,570.9,580.2,575.5,26.03,339.5,0.0,0.0,0.0,0.0,0.0,0.0,0.0,0.0,337.8,338.6,105.9,-0.415,41.0,42.0,42.62,41.62,0.0,270.0,273.1,273.0,272.0,0.633,0.0,36.18,34.73,-0.192,34.72,0.999,6000.0,420254.0,245.0,437.0,59.96,7.0,38.0,45.0,59.15,26.12,43.43,572.8,42.98,43.78,44.07,60.0,59.5,75.6,1.0,272.0,272.0,271.0,35.5,-1.215,35.52,1962.0,433152.0,13737.0,1967.0,-0.999,0.818,0.791,0.836,28.55,28.54,28.53,21.4,9.69,9.69,9.69,7.266,12.0,12.0,12.0,9.0,1.522,228.2,19.48,2.6,3.497,2.0,-1.0,13.48,0.005,0.312,3.0,2.0,0.0,0.0,42.46,43.46,43.86,44.48,43.18,43.65,40.59,46.74,44.72,43.12,45.53,48.71,43.82,45.53,48.61,47.79,41.99,45.85,46.92
2017-06-30 08:33:00-05:00,551.696,579.30676,605.82916,550.44293,573.912,607.1771,569.1812,585.10834,938392.0,32.68,0.0,573.7,582.0,577.1,26.11,342.0,0.0,0.0,0.0,0.0,0.0,0.0,0.0,0.0,340.2,341.2,105.8,-0.415,41.07,42.0,43.0,42.0,0.0,270.0,273.2,273.0,272.0,0.628,0.0,36.38,34.92,-0.29,34.89,0.999,6000.0,420255.0,246.0,437.0,59.97,7.0,38.0,45.0,59.02,26.24,44.04,575.4,43.19,43.99,44.28,60.0,59.5,75.6,1.0,272.0,272.0,271.0,35.68,-1.146,35.69,1962.0,433152.0,13737.0,1967.0,-0.999,0.818,0.791,0.836,28.43,28.43,28.44,21.31,9.72,9.72,9.73,7.287,12.0,12.0,12.0,9.0,1.313,244.3,24.59,2.6,3.499,2.0,-1.0,13.48,0.004,0.312,3.0,2.0,0.0,0.0,43.16,43.88,44.43,45.09,43.67,44.23,41.23,47.31,44.97,43.59,46.07,49.44,44.37,46.27,49.36,48.31,42.44,46.2,47.38
2017-06-30 08:34:00-05:00,555.8989,583.72766,610.211,555.3423,578.6763,612.25525,574.7011,590.76605,938393.0,32.73,0.0,578.2,587.3,582.4,26.23,340.6,0.0,0.0,0.0,0.0,0.0,0.0,0.0,0.0,338.8,339.7,106.9,-0.413,41.78,42.65,43.0,42.0,0.0,270.0,273.0,273.0,272.0,0.618,0.0,36.6,35.13,-0.268,35.1,0.999,6000.0,420255.0,246.0,437.0,59.97,7.0,38.0,45.0,58.48,26.27,44.46,579.8,43.47,44.28,44.55,60.0,59.5,75.6,1.0,272.0,272.0,271.0,35.89,-1.187,35.91,1962.0,433153.0,13737.0,1967.0,-0.999,0.818,0.791,0.836,28.76,28.77,28.76,21.57,9.79,9.8,9.8,7.345,12.0,12.0,12.0,9.0,1.492,204.5,32.69,2.7,3.499,2.0,-1.0,13.48,0.004,0.313,3.0,2.0,0.0,0.0,43.57,44.42,44.92,45.66,44.11,44.71,41.67,47.91,45.94,43.94,46.69,49.99,45.06,46.71,49.87,48.76,42.56,46.78,47.91
2017-06-30 08:35:00-05:00,563.6867,591.75085,618.2643,563.4195,586.4023,620.60596,580.8484,599.017,938394.0,32.78,0.0,585.8,595.3,589.5,26.46,341.3,0.0,0.0,0.0,0.0,0.0,0.0,0.0,0.0,339.6,340.5,107.7,-0.42,42.0,43.0,43.43,42.43,0.0,270.0,273.0,273.0,272.0,0.625,0.0,36.98,35.47,-0.158,35.45,0.999,6000.0,420256.0,247.0,437.0,59.96,7.0,38.0,45.0,59.68,26.24,44.74,587.5,43.95,44.73,45.03,60.0,59.5,75.6,1.0,272.0,272.0,271.0,36.25,-1.267,36.27,1962.0,433154.0,13737.0,1967.0,-0.999,0.818,0.791,0.836,28.99,28.99,29.01,21.73,9.89,9.89,9.9,7.417,13.0,13.0,13.0,9.0,1.505,253.9,26.96,2.6,3.499,2.0,-1.0,13.48,0.004,0.313,3.0,2.0,0.0,0.0,43.88,44.54,45.14,46.05,44.38,45.0,42.04,48.51,45.91,44.68,47.28,50.64,45.49,47.25,50.48,49.42,43.23,47.5,48.56
2017-06-30 08:36:00-05:00,567.2716,595.6806,621.8172,567.5243,590.65155,624.5556,582.47925,603.9675,938395.0,32.84,0.0,589.3,600.1,594.8,26.61,345.6,0.0,0.0,0.0,0.0,0.0,0.0,0.0,0.0,343.9,344.9,106.0,-0.447,42.0,43.0,43.0,42.0,0.0,270.9,273.9,273.9,272.8,0.618,0.0,36.75,35.28,-0.15,35.25,0.999,6000.0,420257.0,248.0,437.0,59.95,7.0,38.0,45.0,57.87,26.39,45.34,590.7,43.51,44.33,44.63,60.0,59.5,75.6,1.0,272.9,272.9,271.8,36.03,-1.281,36.05,1962.0,433154.0,13737.0,1967.0,-0.999,0.818,0.791,0.836,28.41,28.41,28.47,21.32,9.82,9.82,9.84,7.369,13.0,13.0,13.0,9.0,0.928,208.6,66.11,2.0,3.499,2.0,-1.0,13.39,0.026,0.313,3.0,2.0,0.0,0.001,44.29,44.85,45.53,46.43,44.79,45.43,42.53,49.09,47.46,45.4,47.89,51.19,46.01,47.89,51.04,50.02,43.53,47.99,49.1
2017-06-30 08:37:00-05:00,568.5077,596.9905,623.23834,568.98083,591.5529,625.797,583.1065,605.4999,938396.0,32.9,0.0,590.2,600.4,595.0,26.9,346.1,0.0,0.0,0.0,0.0,0.0,0.0,0.0,0.0,344.3,345.3,105.1,-0.448,41.55,42.47,43.0,42.0,0.0,271.0,274.0,274.0,273.0,0.618,0.0,36.57,35.11,-0.16,35.07,0.999,6000.0,420257.0,248.0,437.0,59.95,7.0,38.0,45.0,59.9,26.24,45.75,592.0,43.28,44.1,44.39,60.0,59.5,75.6,1.0,273.0,273.0,272.0,35.87,-1.262,35.9,1962.0,433155.0,13737.0,1967.0,-0.999,0.818,0.791,0.836,28.27,28.29,28.29,21.2,9.78,9.79,9.79,7.337,13.0,13.0,13.0,10.0,1.348,193.8,42.76,2.6,3.498,2.0,-1.0,13.32,-0.016,0.315,3.0,2.0,0.0,0.001,44.45,45.31,46.06,46.88,45.14,45.84,42.92,49.61,46.76,45.79,48.39,51.64,46.25,48.48,51.46,50.53,44.17,48.51,49.71
2017-06-30 08:38:00-05:00,564.18115,591.75085,617.909,563.9491,585.8872,619.81604,579.4684,599.95996,938397.0,32.95,0.0,585.8,595.0,589.6,26.85,345.4,0.0,0.0,0.0,0.0,0.0,0.0,0.0,0.0,343.6,344.5,104.2,-0.45,40.93,41.87,42.43,41.43,0.0,271.0,274.0,274.0,273.0,0.627,0.0,36.2,34.74,-0.092,34.72,0.999,6000.0,420258.0,249.0,437.0,59.94,7.0,38.0,45.0,57.9,26.13,46.03,587.8,42.85,43.69,43.95,60.0,59.5,75.6,1.0,273.0,273.0,272.0,35.51,-1.297,35.54,1962.0,433155.0,13737.0,1967.0,-0.999,0.818,0.791,0.836,28.08,28.07,28.07,21.05,9.7,9.69,9.69,7.269,13.0,13.0,13.0,10.0,1.897,170.1,29.89,2.9,3.498,2.0,-1.0,13.48,0.004,0.313,3.0,2.0,0.0,0.0,44.57,45.74,46.45,47.33,45.4,46.21,43.41,50.1,48.12,46.18,48.83,52.26,47.07,48.9,52.05,51.13,44.78,49.02,50.32
2017-06-30 08:39:00-05:00,573.2051,601.57513,628.68616,573.2181,595.2872,629.97235,591.88824,610.56824,938398.0,33.02,0.0,596.3,605.4,599.9,27.13,337.3,0.0,0.0,0.0,0.0,0.0,0.0,0.0,0.0,335.5,336.4,110.6,-0.4,42.85,43.75,44.0,43.0,0.0,271.0,274.0,274.0,273.0,0.628,0.0,37.47,35.96,-0.09,35.95,0.999,6000.0,420258.0,249.0,437.0,59.94,7.0,38.0,45.0,59.65,26.66,46.1,598.2,44.41,45.24,45.49,60.0,59.5,75.6,1.0,272.9,272.9,271.8,36.75,-1.36,36.78,1962.0,433156.0,13737.0,1967.0,-0.999,0.818,0.791,0.836,29.75,29.75,29.74,22.29,10.03,10.03,10.03,7.519,13.0,13.0,13.0,10.0,1.608,167.0,11.76,2.6,3.498,2.0,-1.0,13.48,0.004,0.314,3.0,2.0,0.0,0.0,44.99,45.86,46.75,47.51,45.77,46.4,43.85,50.81,48.49,46.49,49.53,52.73,47.69,49.25,52.47,51.77,45.62,49.58,51.03
2017-06-30 08:40:00-05:00,575.0593,604.03125,631.7653,574.807,596.8324,631.3265,594.8991,612.1006,938399.0,33.08,0.0,599.3,606.9,602.1,27.23,334.2,0.0,0.0,0.0,0.0,0.0,0.0,0.0,0.0,332.7,333.5,111.4,-0.4,42.75,43.58,44.0,43.0,0.0,271.0,274.0,274.0,273.0,0.637,0.0,37.44,35.94,-0.177,35.93,0.999,6000.0,420259.0,250.0,437.0,59.96,7.0,38.0,45.0,58.38,26.7,46.76,600.3,44.39,45.23,45.47,60.0,59.5,75.6,1.0,272.9,272.9,271.8,36.74,-1.284,36.76,1962.0,433157.0,13737.0,1967.0,-0.999,0.818,0.791,0.836,30.0,29.99,30.0,22.49,10.02,10.02,10.03,7.515,13.0,13.0,13.0,10.0,1.17,242.0,34.15,2.1,3.494,2.0,-1.0,13.48,0.004,0.314,3.0,2.0,0.0,0.0,45.46,46.2,47.06,47.94,45.99,46.67,44.21,51.47,49.19,47.48,50.18,53.32,48.23,49.52,52.98,52.35,46.3,49.92,51.56
2017-06-30 08:41:00-05:00,566.2826,595.02563,622.40936,566.5974,589.3639,622.8629,587.8737,604.67474,938400.0,33.15,0.0,590.4,598.8,593.4,26.91,334.8,0.0,0.0,0.0,0.0,0.0,0.0,0.0,0.0,333.2,334.1,109.8,-0.4,42.18,42.92,43.4,42.4,0.0,271.0,274.0,274.0,273.0,0.645,0.0,36.99,35.5,-0.222,35.47,0.999,6000.0,420259.0,250.0,437.0,59.96,7.0,38.0,45.0,58.93,26.76,47.35,590.7,43.84,44.64,44.9,60.0,59.5,75.6,1.0,272.9,273.0,271.8,36.27,-1.244,36.29,1962.0,433157.0,13737.0,1967.0,-0.999,0.818,0.791,0.836,29.53,29.54,29.54,22.14,9.88,9.89,9.89,7.412,14.0,14.0,14.0,10.0,0.872,239.7,38.54,1.7,3.498,2.0,-1.0,13.48,0.004,0.314,3.0,2.0,0.0,0.0,45.93,46.65,47.45,48.35,46.49,47.0,44.63,52.14,50.26,48.37,50.9,53.77,48.47,49.85,53.44,52.92,46.32,50.39,52.12
2017-06-30 08:42:00-05:00,573.45233,602.7213,630.4626,573.61536,596.18854,630.31085,596.1536,612.2185,938401.0,33.21,0.0,599.9,607.3,601.8,26.93,335.9,0.0,0.0,0.0,0.0,0.0,0.0,0.0,0.0,334.4,335.1,110.9,-0.4,42.75,43.72,43.85,42.85,0.0,270.9,274.0,274.0,272.9,0.635,0.0,37.47,35.96,-0.213,35.93,0.999,6000.0,420260.0,251.0,437.0,59.96,7.0,38.0,45.0,59.13,26.9,47.58,599.8,44.4,45.21,45.48,60.0,59.5,75.6,1.0,272.8,272.9,271.8,36.73,-1.263,36.75,1962.0,433158.0,13737.0,1967.0,-0.999,0.818,0.791,0.836,29.81,29.82,29.82,22.36,10.02,10.02,10.02,7.511,14.0,14.0,14.0,10.0,1.568,204.1,38.95,3.0,3.497,2.0,-1.0,13.31,-0.008,0.314,3.0,2.0,0.0,0.001,46.28,46.79,47.79,48.72,46.75,47.38,44.77,52.58,49.74,48.51,51.26,54.18,48.34,50.22,53.85,53.28,46.61,50.87,52.53
2017-06-30 08:43:00-05:00,583.4652,613.69183,641.71344,583.8111,607.26245,641.59564,607.19354,623.2983,938402.0,33.28,0.0,609.9,617.9,614.2,26.82,333.7,0.0,0.0,0.0,0.0,0.0,0.0,0.0,0.0,332.1,333.0,113.7,-0.4,43.12,44.0,44.78,43.78,0.0,271.0,274.0,274.0,273.0,0.633,0.0,38.1,36.58,-0.185,36.55,0.999,6000.0,420261.0,252.0,437.0,59.96,7.0,38.2,45.0,58.33,26.56,47.42,610.1,45.16,45.98,46.26,60.0,59.5,75.6,1.0,273.0,273.0,271.9,37.38,-1.298,37.4,1962.0,433158.0,13737.0,1967.0,-0.999,0.818,0.791,0.836,30.57,30.56,30.56,22.91,10.2,10.2,10.2,7.646,14.0,14.0,14.0,10.0,1.183,200.2,64.1,2.2,3.495,2.0,-1.0,13.31,0.016,0.316,3.0,2.0,0.0,0.001,46.06,46.91,47.81,48.82,46.83,47.46,45.15,52.61,49.72,48.04,51.25,54.59,48.96,50.59,54.25,53.57,46.84,51.05,52.77
2017-06-30 08:44:00-05:00,583.83606,614.0193,641.9503,582.487,605.846,639.45154,604.80994,621.1766,938403.0,33.35,0.0,610.0,616.1,613.9,27.09,328.9,0.0,0.0,0.0,0.0,0.0,0.0,0.0,0.0,327.2,328.1,114.5,-0.4,43.08,44.0,44.3,43.3,0.0,271.0,274.0,273.7,272.7,0.637,0.0,37.81,36.31,-0.3,36.3,0.999,6000.0,420261.0,252.0,437.0,59.98,7.0,39.0,45.0,59.75,26.8,47.88,610.4,44.86,45.67,45.97,60.0,59.5,75.6,1.0,272.6,273.0,271.3,37.11,-1.173,37.13,1962.0,433159.0,13737.0,1967.0,-1.0,0.818,0.791,0.836,30.79,30.78,30.78,23.08,10.13,10.12,10.12,7.592,14.0,14.0,14.0,10.0,1.098,201.5,45.78,2.5,3.498,2.0,-1.0,13.48,0.004,0.315,3.0,2.0,0.0,0.0,46.37,47.25,48.3,49.1,47.29,47.84,45.38,52.88,49.67,48.63,51.52,55.06,49.49,50.97,54.71,54.12,47.45,51.61,53.26
2017-06-30 08:45:00-05:00,585.69025,616.4754,644.08203,584.73804,608.29254,641.82135,607.6953,624.4769,938404.0,33.43,0.0,612.1,618.5,614.4,26.99,332.9,0.0,0.0,0.0,0.0,0.0,0.0,0.0,0.0,331.1,332.1,113.9,-0.4,43.4,44.3,44.78,43.78,0.0,270.7,274.0,273.4,272.3,0.648,0.0,38.11,36.6,-0.313,36.58,0.999,6000.0,420262.0,253.0,437.0,59.99,7.0,39.0,45.0,57.83,26.53,48.28,612.1,45.23,46.05,46.37,60.0,59.5,75.6,1.0,272.2,272.8,271.0,37.4,-1.148,37.42,1962.0,433160.0,13737.0,1967.0,-1.0,0.818,0.791,0.836,30.64,30.63,30.65,22.98,10.2,10.2,10.2,7.649,14.0,14.0,14.0,11.0,1.293,198.9,19.87,1.8,3.498,2.0,-1.0,13.48,0.004,0.315,3.0,2.0,0.0,0.0,46.4,47.74,48.56,49.54,47.76,48.2,45.69,53.13,50.18,48.92,51.67,55.35,49.76,51.11,54.96,54.54,47.64,51.78,53.64
2017-06-30 08:46:00-05:00,584.94855,615.4929,643.0162,583.5463,607.26245,640.46716,607.0681,623.65186,938405.0,33.5,0.0,611.5,617.6,614.4,27.04,332.7,0.0,0.0,0.0,0.0,0.0,0.0,0.0,0.0,330.9,331.8,114.1,-0.4,43.22,44.22,44.83,43.83,0.0,270.3,273.9,273.0,272.0,0.628,0.0,38.07,36.55,-0.318,36.53,0.999,6000.0,420263.0,254.0,437.0,59.99,7.0,39.0,45.0,59.8,26.37,48.4,611.6,45.2,46.01,46.34,60.0,59.5,75.6,1.0,272.0,272.3,271.0,37.36,-1.13,37.38,1962.0,433160.0,13737.0,1967.0,-1.0,0.818,0.791,0.836,30.65,30.63,30.64,22.98,10.2,10.19,10.19,7.644,14.0,14.0,14.0,11.0,1.992,188.1,13.28,3.7,3.498,2.0,-1.0,13.48,0.004,0.315,3.0,2.0,0.0,0.0,46.67,47.97,48.6,49.83,47.99,48.39,45.98,53.37,50.55,48.85,51.84,55.71,50.03,51.25,55.28,55.06,47.67,52.28,54.17
2017-06-30 08:47:00-05:00,591.00574,621.5513,649.41144,589.7697,613.8295,646.7866,614.09344,630.13477,938406.0,33.58,0.0,617.3,624.0,621.2,27.02,335.6,0.0,0.0,0.0,0.0,0.0,0.0,0.0,0.0,334.2,335.0,113.9,-0.4,44.0,45.0,45.0,44.0,0.0,270.1,273.6,273.0,272.0,0.635,0.0,38.4,36.85,-0.302,36.83,0.999,6000.0,420263.0,254.0,437.0,59.98,7.0,39.0,45.0,58.02,26.34,47.92,617.3,45.6,46.42,46.77,60.0,59.5,75.6,1.0,272.0,272.1,271.0,37.68,-1.189,37.7,1962.0,433161.0,13737.0,1967.0,-1.0,0.818,0.791,0.836,30.59,30.61,30.6,22.93,10.27,10.27,10.27,7.696,15.0,15.0,15.0,11.0,1.867,195.9,28.81,3.2,3.498,2.0,-1.0,13.48,0.004,0.315,3.0,2.0,0.0,0.0,46.37,48.02,48.44,49.76,47.64,48.36,46.21,53.48,50.4,48.6,51.99,55.93,50.29,51.42,55.48,55.27,47.68,52.1,54.32
2017-06-30 08:48:00-05:00,598.05176,628.4283,656.9909,595.99316,619.23773,652.20337,620.1152,635.32104,938407.0,33.65,0.0,625.3,629.5,626.1,27.13,332.4,0.0,0.0,0.0,0.0,0.0,0.0,0.0,0.0,330.8,331.6,115.9,-0.4,44.32,45.02,45.48,44.48,0.0,270.0,273.1,272.9,271.9,0.622,0.0,38.72,37.18,-0.282,37.18,0.999,6000.0,420264.0,255.0,437.0,59.97,7.0,39.0,45.0,59.42,27.21,48.56,624.8,46.04,46.85,47.17,60.0,59.5,75.6,1.0,272.0,272.0,270.9,37.99,-1.262,38.01,1962.0,433162.0,13737.0,1967.0,-0.999,0.818,0.791,0.836,31.21,31.18,31.19,23.4,10.37,10.36,10.36,7.775,15.0,15.0,15.0,11.0,1.418,215.8,28.31,2.2,3.497,2.0,-1.0,13.34,0.004,0.315,3.0,2.0,0.0,0.001,46.85,48.26,48.87,50.05,47.79,48.53,46.21,54.0,51.34,49.55,52.55,56.03,50.54,51.37,55.54,55.65,48.33,52.68,54.71
2017-06-30 08:49:00-05:00,599.90607,630.5569,658.8858,598.2442,621.68427,654.3474,622.8752,637.7963,938408.0,33.73,0.0,626.6,632.0,628.1,27.39,337.9,0.0,0.0,0.0,0.0,0.0,0.0,0.0,0.0,336.3,337.1,113.6,-0.4,43.95,44.9,45.18,44.18,0.0,270.0,273.0,272.9,271.9,0.637,0.0,38.59,37.04,-0.2,37.02,0.999,6000.0,420264.0,255.0,437.0,59.96,7.0,39.0,45.0,58.57,27.12,48.9,626.3,45.88,46.7,47.03,60.0,59.5,75.6,1.0,272.0,272.0,270.9,37.86,-1.316,37.89,1962.0,433162.0,13737.0,1967.0,-0.999,0.818,0.791,0.836,30.51,30.53,30.55,22.9,10.31,10.32,10.32,7.738,15.0,15.0,15.0,11.0,1.093,220.0,27.43,2.1,3.498,2.0,-1.0,13.48,0.005,0.316,3.0,2.0,0.0,0.0,47.25,48.55,49.19,50.35,48.13,48.88,46.46,54.42,50.95,49.99,53.0,56.3,50.55,51.73,55.87,56.0,48.24,53.09,55.09
2017-06-30 08:50:00-05:00,597.80457,628.4283,656.7541,597.18494,619.7528,653.10614,622.8752,636.97125,938409.0,33.81,0.0,625.2,631.7,627.7,27.47,338.9,0.0,0.0,0.0,0.0,0.0,0.0,0.0,0.0,337.2,338.2,112.3,-0.4,43.72,44.67,44.98,43.98,0.0,270.0,273.0,273.0,272.0,0.632,0.0,38.25,36.73,-0.185,36.71,0.999,6000.0,420265.0,256.0,437.0,59.96,7.0,39.0,45.0,58.68,27.31,49.59,624.8,45.48,46.28,46.61,60.0,59.5,75.6,1.0,272.0,272.0,270.9,37.53,-1.319,37.55,1962.0,433163.0,13737.0,1967.0,-0.999,0.818,0.791,0.836,30.18,30.22,30.2,22.65,10.23,10.24,10.23,7.675,15.0,15.0,15.0,11.0,0.582,318.4,78.59,1.7,3.498,2.0,-1.0,13.48,0.004,0.316,3.0,2.0,0.0,0.0,47.68,48.66,49.55,50.58,48.39,49.2,46.58,54.56,51.13,49.97,53.09,56.73,50.72,52.42,56.31,56.23,48.59,53.41,55.35
2017-06-30 08:51:00-05:00,603.3673,634.3229,663.0308,602.34906,624.5171,658.18427,627.6424,640.86096,938410.0,33.89,0.0,631.2,636.6,632.6,27.7,338.4,0.0,0.0,0.0,0.0,0.0,0.0,0.0,0.0,336.5,337.4,113.0,-0.4,44.22,44.88,45.28,44.28,0.0,270.0,273.0,273.0,272.0,0.622,0.0,38.45,36.95,-0.252,36.92,0.999,6000.0,420266.0,257.0,437.0,59.97,7.0,39.0,45.0,59.54,27.51,49.93,631.0,45.75,46.56,46.9,60.0,59.5,75.6,1.0,272.0,272.0,270.9,37.75,-1.274,37.77,1962.0,433163.0,13737.0,1967.0,-0.999,0.818,0.791,0.836,30.46,30.45,30.46,22.84,10.31,10.3,10.31,7.728,15.0,15.0,15.0,11.0,0.708,304.9,34.04,1.3,3.493,2.0,-1.0,13.48,0.004,0.316,3.0,2.0,0.0,0.0,48.26,49.01,50.05,51.1,48.8,49.74,46.4,54.66,49.76,49.82,53.02,57.09,50.62,52.89,56.66,56.45,48.74,53.68,55.62
2017-06-30 08:52:00-05:00,607.323,638.90753,667.4128,606.3214,629.1527,662.4725,632.1587,645.1043,938411.0,33.97,0.0,635.7,640.7,636.7,28.16,333.8,0.0,0.0,0.0,0.0,0.0,0.0,0.0,0.0,332.3,333.0,116.3,-0.4,44.92,45.37,46.0,45.0,0.0,270.0,273.0,273.0,272.0,0.633,0.0,39.05,37.55,-0.113,37.51,0.999,6000.0,420266.0,257.0,437.0,59.95,7.0,39.0,45.0,57.98,27.76,50.39,635.2,46.5,47.3,47.61,60.0,59.5,75.6,1.0,272.0,272.0,271.0,38.36,-1.394,38.38,1962.0,433164.0,13737.0,1967.0,-0.999,0.818,0.791,0.836,31.28,31.31,31.29,23.46,10.44,10.45,10.45,7.83,15.0,15.0,15.0,11.0,0.537,259.3,51.45,1.1,3.498,2.0,-1.0,13.48,0.004,0.316,3.0,2.0,0.0,0.0,48.8,49.59,50.46,51.52,49.19,50.11,46.45,54.84,50.61,50.05,53.28,57.44,51.05,53.55,57.01,56.68,48.88,53.94,55.87
2017-06-30 08:53:00-05:00,613.25653,644.9659,673.3342,611.35315,634.1746,667.5506,636.92596,649.4655,938412.0,34.05,0.0,641.7,645.7,642.1,28.51,331.7,0.0,0.0,0.0,0.0,0.0,0.0,0.0,0.0,330.1,330.9,118.0,-0.4,44.83,45.63,46.28,45.28,0.0,270.0,273.0,273.0,272.0,0.628,0.0,39.27,37.77,-0.08,37.74,0.999,6000.0,420267.0,258.0,437.0,59.94,7.0,39.0,45.0,59.88,28.18,50.87,641.1,46.79,47.6,47.91,60.0,59.5,75.6,1.0,272.0,272.0,270.9,38.59,-1.438,38.61,1962.0,433165.0,13737.0,1967.0,-0.999,0.818,0.791,0.836,31.77,31.76,31.77,23.82,10.54,10.53,10.54,7.902,16.0,16.0,16.0,12.0,0.438,80.1,46.91,1.0,3.499,2.0,-1.0,13.48,0.003,0.317,3.0,2.0,0.0,0.0,49.18,50.04,50.95,51.99,49.52,50.52,46.81,55.34,52.24,50.59,53.78,57.83,51.39,53.85,57.39,57.06,48.95,54.36,56.19
2017-06-30 08:54:00-05:00,619.5609,652.3341,680.44006,617.1794,640.99927,673.6444,642.6968,655.8305,938413.0,34.13,0.0,648.4,651.8,647.6,28.74,328.1,0.0,0.0,0.0,0.0,0.0,0.0,0.0,0.0,326.3,327.2,120.7,-0.4,45.82,46.4,46.98,45.98,0.0,269.8,272.9,272.8,271.8,0.623,0.0,39.79,38.27,-0.182,38.26,1.0,6000.0,420267.0,258.0,437.0,59.96,7.0,39.0,45.0,57.97,28.17,50.82,647.6,47.45,48.28,48.56,60.0,59.5,75.6,1.0,271.8,271.9,270.7,39.1,-1.39,39.13,1962.0,433165.0,13737.0,1967.0,-0.999,0.818,0.791,0.836,32.5,32.49,32.47,24.36,10.66,10.66,10.65,7.99,16.0,16.0,16.0,12.0,1.308,197.6,48.81,2.9,3.498,2.0,-1.0,13.38,0.002,0.318,3.0,2.0,0.0,0.0,49.29,50.07,51.13,52.26,49.89,50.75,47.19,55.69,51.69,50.83,54.17,58.27,51.93,54.42,57.81,57.52,49.62,54.98,56.63
2017-06-30 08:55:00-05:00,623.76385,656.75507,684.58514,621.2841,645.6348,677.48126,646.83673,660.3096,938414.0,34.22,0.0,652.3,655.8,651.3,28.36,329.7,0.0,0.0,0.0,0.0,0.0,0.0,0.0,0.0,328.2,328.9,121.0,-0.4,46.0,47.0,47.0,46.0,0.0,270.0,273.0,273.0,272.0,0.623,0.0,40.09,38.5,-0.203,38.47,0.999,6000.0,420268.0,259.0,437.0,59.96,7.0,39.0,45.0,59.45,27.37,50.84,651.2,47.74,48.55,48.84,60.0,59.5,75.6,1.0,272.0,272.0,271.0,39.35,-1.374,39.37,1962.0,433166.0,13737.0,1967.0,-0.999,0.818,0.791,0.836,32.54,32.56,32.56,24.4,10.73,10.74,10.73,8.04,16.0,16.0,16.0,12.0,1.162,227.8,29.35,2.1,3.497,2.0,-1.0,13.45,0.004,0.318,3.0,2.0,0.0,0.0,48.9,50.26,51.14,52.27,49.86,50.88,47.27,55.86,52.27,50.9,54.34,58.61,52.0,54.5,58.13,57.86,49.82,55.38,56.93
2017-06-30 08:56:00-05:00,628.46124,662.15845,689.9145,625.12415,651.043,681.9952,650.85126,665.378,938415.0,34.31,0.0,656.9,660.0,655.2,28.17,327.4,0.0,0.0,0.0,0.0,0.0,0.0,0.0,0.0,325.7,326.6,122.7,-0.4,46.0,47.0,47.38,46.38,0.0,270.0,273.0,272.9,271.9,0.618,0.0,40.34,38.75,-0.253,38.72,0.999,6000.0,420269.0,260.0,437.0,59.97,7.0,39.0,45.0,58.78,26.97,50.71,655.6,48.07,48.91,49.18,60.0,59.5,75.6,1.0,272.0,272.0,270.8,39.62,-1.36,39.64,1962.0,433167.0,13737.0,1967.0,-0.999,0.818,0.791,0.836,33.01,33.0,33.01,24.75,10.81,10.8,10.81,8.1,16.0,16.0,16.0,12.0,1.088,255.9,32.2,2.2,3.497,2.0,-1.0,13.45,0.004,0.318,3.0,2.0,0.0,0.0,48.77,50.41,51.25,52.26,49.96,51.04,47.45,56.01,53.25,51.1,54.52,58.79,51.57,54.71,58.3,57.9,49.38,55.13,56.89
2017-06-30 08:57:00-05:00,633.2822,667.07056,695.24384,629.89105,656.9663,687.299,655.74396,671.1536,938416.0,34.4,0.0,661.7,665.3,661.0,28.3,328.6,0.0,0.0,0.0,0.0,0.0,0.0,0.0,0.0,326.9,327.8,122.9,-0.4,46.18,47.03,47.98,46.98,0.0,269.8,272.9,272.7,271.7,0.628,0.0,40.53,38.94,-0.255,38.91,0.999,6000.0,420269.0,260.0,437.0,59.97,7.0,39.0,45.0,58.63,27.11,51.04,660.1,48.32,49.14,49.41,60.0,59.5,75.6,1.0,271.8,271.9,270.6,39.8,-1.355,39.82,1962.0,433167.0,13737.0,1967.0,-0.999,0.818,0.791,0.836,33.02,33.04,33.03,24.76,10.85,10.86,10.86,8.13,16.0,16.0,16.0,12.0,1.09,249.4,31.5,1.8,3.497,2.0,-1.0,13.45,0.004,0.319,3.0,2.0,0.0,0.0,49.24,50.59,51.58,52.42,50.16,51.27,47.76,56.14,53.03,51.2,54.63,58.88,51.9,54.97,58.45,58.04,49.27,55.34,57.08
2017-06-30 08:58:00-05:00,634.8892,668.8717,696.7834,631.6124,659.67035,689.66876,657.5003,673.3931,938417.0,34.48,0.0,663.3,667.3,662.9,28.32,328.7,0.0,0.0,0.0,0.0,0.0,0.0,0.0,0.0,327.0,327.9,123.0,-0.4,46.52,47.38,47.87,46.87,0.0,269.8,273.0,272.8,271.7,0.63,0.0,40.59,39.0,-0.182,38.98,0.999,6000.0,420270.0,261.0,437.0,59.95,7.0,39.52,45.32,59.73,27.9,51.64,661.6,48.4,49.19,49.48,60.0,59.5,75.6,1.0,271.8,271.8,270.7,39.86,-1.425,39.89,1962.0,433168.0,13737.0,1967.0,-0.999,0.818,0.791,0.836,33.07,33.06,33.04,24.79,10.87,10.87,10.86,8.15,16.0,16.0,16.0,12.0,1.053,198.8,60.49,1.7,3.498,2.0,-1.0,13.45,0.004,0.319,3.0,2.0,0.0,0.0,49.88,51.04,52.05,52.77,50.46,51.59,48.28,56.29,53.64,51.33,54.87,58.88,51.7,54.98,58.49,58.2,49.27,55.43,57.32
2017-06-30 08:59:00-05:00,636.6199,669.69037,697.9677,633.3338,661.4731,691.3615,659.00574,674.9255,938418.0,34.57,0.0,664.8,669.6,665.3,28.38,331.9,0.0,0.0,0.0,0.0,0.0,0.0,0.0,0.0,330.2,331.2,121.3,-0.4,46.0,47.0,47.55,46.55,0.0,270.0,273.0,273.0,272.0,0.628,0.0,40.45,38.86,-0.222,38.84,0.999,6000.0,420271.0,262.0,437.0,59.96,7.0,39.67,45.65,57.88,28.04,51.75,663.5,48.17,48.97,49.27,60.0,59.5,75.6,1.0,272.0,272.0,271.0,39.72,-1.383,39.75,1962.0,433169.0,13737.0,1967.0,-0.999,0.818,0.791,0.836,32.63,32.62,32.61,24.45,10.83,10.83,10.82,8.11,17.0,17.0,17.0,12.0,1.722,237.8,34.23,3.2,3.498,2.0,-1.0,13.37,-0.001,0.319,3.0,2.0,0.0,0.0,50.11,51.25,52.31,53.16,50.69,51.97,48.46,56.93,54.11,52.06,55.5,59.28,52.25,55.24,58.89,58.65,49.85,56.09,57.77
2017-06-30 09:00:00-05:00,634.0239,666.7431,695.12537,630.9503,659.5416,688.766,656.49664,673.1574,938419.0,34.66,0.0,662.4,667.1,662.2,27.92,333.5,0.0,0.0,0.0,0.0,0.0,0.0,0.0,0.0,331.9,332.7,119.8,-0.4,46.0,47.0,47.0,46.0,0.0,269.9,273.0,272.6,271.6,0.625,0.0,40.16,38.58,-0.235,38.56,0.999,6000.0,420271.0,262.0,437.0,59.96,7.0,39.43,45.08,59.82,28.22,51.93,661.1,47.87,48.68,48.98,60.0,59.5,75.6,1.0,271.9,272.0,270.5,39.44,-1.36,39.46,1962.0,433169.0,13737.0,1967.0,-0.999,0.818,0.791,0.836,32.25,32.21,32.22,24.17,10.76,10.74,10.75,8.06,17.0,17.0,17.0,13.0,2.057,237.8,15.92,3.9,3.498,2.0,-1.0,13.41,0.009,0.319,3.0,2.0,0.0,0.0,50.26,51.48,52.37,53.2,50.85,52.11,48.49,57.15,53.98,51.87,55.74,59.39,51.9,55.2,59.05,58.77,49.58,55.99,57.86
2017-06-30 09:01:00-05:00,635.1365,668.2167,696.9019,631.6124,660.443,689.8945,657.1239,673.8646,938420.0,34.79,0.0,663.9,668.0,662.7,27.68,334.1,0.0,0.0,0.0,0.0,0.0,0.0,0.0,0.0,332.4,333.4,119.8,-0.4,46.0,47.0,47.05,46.05,0.0,269.7,272.8,272.3,271.3,0.62,0.0,40.2,38.62,-0.225,38.59,0.999,6000.0,420272.0,263.0,437.0,59.96,7.0,39.68,45.0,57.97,27.3,51.53,663.2,47.95,48.77,49.07,60.0,59.5,75.6,1.0,271.8,271.9,270.2,39.49,-1.382,39.51,1962.0,433170.0,13737.0,1967.0,-0.999,0.818,0.791,0.836,32.18,32.26,32.21,24.12,10.75,10.78,10.76,8.06,17.0,17.0,17.0,13.0,2.283,233.6,18.05,4.1,3.498,2.0,-1.0,13.45,0.004,0.319,3.0,2.0,0.0,0.0,50.18,51.5,52.15,53.1,50.89,52.11,48.52,57.03,52.47,51.87,55.65,59.33,52.01,54.83,59.06,58.74,49.6,56.05,57.77
2017-06-30 09:02:00-05:00,640.08105,673.2926,702.5865,637.0413,665.7224,695.9883,664.02386,679.9939,938421.0,34.89,0.0,669.3,674.0,669.4,27.61,328.6,0.0,0.0,0.0,0.0,0.0,0.0,0.0,0.0,326.6,327.3,124.2,-0.4,46.82,47.82,47.95,46.95,0.0,269.8,272.9,272.3,271.3,0.615,0.0,40.94,39.33,-0.195,39.3,0.999,6000.0,420273.0,264.0,437.0,59.96,7.0,40.0,45.43,59.25,27.25,51.31,668.7,48.84,49.66,49.94,60.0,59.5,75.6,1.0,271.8,272.0,270.2,40.2,-1.414,40.23,1962.0,433171.0,13737.0,1967.0,-0.999,0.818,0.791,0.836,33.43,33.43,33.43,25.07,10.98,10.98,10.98,8.23,17.0,17.0,17.0,13.0,2.087,231.3,15.2,3.8,3.498,2.0,-1.0,13.45,0.004,0.319,3.0,2.0,0.0,0.0,49.92,51.55,52.14,52.91,50.92,52.08,48.39,56.81,53.08,51.4,55.41,59.46,51.87,54.3,59.1,58.82,48.95,55.73,57.85
2017-06-30 09:03:00-05:00,642.5534,675.58496,705.19196,639.68964,668.16895,699.03516,667.5365,682.9407,938422.0,34.97,0.0,672.0,677.2,672.4,27.71,327.7,0.0,0.0,0.0,0.0,0.0,0.0,0.0,0.0,326.2,327.0,125.1,-0.4,47.0,48.0,48.38,47.38,0.0,269.5,272.8,272.1,271.0,0.627,0.0,41.16,39.54,-0.192,39.51,0.999,6000.0,420273.0,264.0,437.0,59.96,7.0,40.0,46.0,58.8,27.43,51.8,671.4,49.12,49.93,50.23,60.0,59.5,75.6,1.0,271.5,271.8,270.0,40.42,-1.44,40.44,1962.0,433171.0,13737.0,1967.0,-0.999,0.818,0.791,0.836,33.6,33.59,33.6,25.18,11.01,11.01,11.01,8.25,17.0,17.0,17.0,13.0,1.167,213.5,56.84,2.5,3.498,2.0,-1.0,13.45,0.004,0.319,3.0,2.0,0.0,0.0,50.34,51.78,52.15,53.03,50.94,52.24,48.59,57.02,53.28,51.54,55.58,59.54,52.16,54.6,59.18,59.01,49.93,56.14,58.1
2017-06-30 09:04:00-05:00,647.9925,681.6433,711.58716,645.1186,672.6758,704.22614,673.3074,687.5376,938423.0,35.07,0.0,678.6,682.7,677.9,27.66,331.2,0.0,0.0,0.0,0.0,0.0,0.0,0.0,0.0,329.4,330.4,123.6,-0.4,47.18,48.18,48.47,47.47,0.0,269.1,272.5,272.0,271.0,0.625,0.0,41.13,39.55,-0.252,39.54,0.999,6000.0,420274.0,265.0,437.0,59.96,7.0,40.0,46.0,58.55,27.7,52.54,677.9,49.15,49.95,50.27,60.0,59.5,75.6,1.0,271.1,271.6,270.0,40.43,-1.401,40.45,1962.0,433172.0,13737.0,1967.0,-0.999,0.818,0.791,0.836,33.28,33.26,33.29,24.96,11.02,11.01,11.02,8.26,18.0,18.0,18.0,13.0,1.137,274.7,40.1,2.0,3.499,2.0,-1.0,13.45,0.004,0.32,3.0,2.0,0.0,0.0,50.79,52.0,52.54,53.37,51.35,52.52,48.78,57.06,52.03,51.32,55.4,59.81,51.94,54.63,59.43,59.26,49.81,56.55,58.35
2017-06-30 09:05:00-05:00,648.9814,682.13446,712.6531,647.1048,673.8347,706.37024,676.3183,688.9521,938424.0,35.14,0.0,680.0,685.3,680.0,27.8,323.7,0.0,0.0,0.0,0.0,0.0,0.0,0.0,0.0,322.1,322.8,127.3,-0.4,47.63,48.53,49.0,48.0,0.0,269.1,272.5,272.0,271.0,0.627,0.0,41.42,39.85,-0.1,39.81,0.999,6000.0,420275.0,266.0,437.0,59.94,7.0,40.0,46.0,59.73,27.9,52.65,679.6,49.49,50.31,50.6,60.0,59.5,75.6,1.0,271.0,271.4,270.0,40.7,-1.521,40.73,1962.0,433173.0,13737.0,1967.0,-0.999,0.818,0.791,0.836,34.28,34.28,34.28,25.7,11.09,11.1,11.1,8.32,18.0,18.0,18.0,13.0,0.75,273.9,67.96,1.6,3.498,2.0,-1.0,13.27,0.002,0.32,3.0,2.0,0.0,0.001,51.04,52.18,52.96,53.69,51.89,52.85,48.93,57.55,53.49,51.88,55.93,60.22,52.65,55.16,59.79,59.69,50.6,57.0,58.69
2017-06-30 09:06:00-05:00,645.6438,678.0411,708.7449,644.45654,670.358,703.7747,675.18915,686.0053,938425.0,35.22,0.0,676.0,682.0,677.5,28.11,319.8,0.0,0.0,0.0,0.0,0.0,0.0,0.0,0.0,318.3,319.0,127.9,-0.4,47.15,48.1,48.5,47.5,0.0,268.9,272.1,271.5,270.5,0.625,0.0,41.08,39.5,-0.072,39.48,0.999,6000.0,420275.0,266.0,437.0,59.94,7.0,40.0,46.0,57.9,28.24,53.12,676.4,49.21,50.03,50.31,60.0,59.5,75.6,1.0,270.7,271.1,269.2,40.36,-1.531,40.39,1962.0,433173.0,13737.0,1967.0,-0.999,0.818,0.791,0.836,34.39,34.39,34.39,25.78,11.0,11.0,11.0,8.24,18.0,18.0,18.0,13.0,0.603,179.3,72.67,1.5,3.498,2.0,-1.0,13.45,0.006,0.32,3.0,2.0,0.0,0.0,51.49,52.48,53.37,54.08,52.27,53.11,49.24,58.08,53.28,52.14,56.45,60.51,52.92,55.27,60.07,60.11,51.31,57.24,59.2
2017-06-30 09:07:00-05:00,647.1272,678.2048,709.33704,644.7213,670.358,704.0004,676.3183,685.6517,938426.0,35.31,0.0,677.1,682.5,677.3,28.31,318.3,0.0,0.0,0.0,0.0,0.0,0.0,0.0,0.0,316.6,317.4,128.4,-0.397,47.25,48.13,48.53,47.53,0.0,268.6,271.8,271.5,270.4,0.643,0.0,41.01,39.45,-0.158,39.42,0.999,6000.0,420276.0,267.0,437.0,59.95,7.0,40.0,46.0,59.82,28.21,53.05,677.9,49.21,49.98,50.25,60.0,59.5,75.6,1.0,270.3,270.8,269.0,40.31,-1.46,40.33,1962.0,433174.0,13737.0,1967.0,-0.999,0.818,0.791,0.836,34.53,34.52,34.52,25.89,10.99,10.99,10.99,8.24,18.0,18.0,18.0,13.0,1.44,224.6,21.67,2.6,3.495,2.0,-1.0,13.45,0.004,0.32,3.0,2.0,0.0,0.0,51.38,52.84,53.73,54.5,52.63,53.41,49.36,58.15,53.06,52.8,56.49,60.79,53.74,55.52,60.35,60.33,51.59,57.39,59.42
2017-06-30 09:08:00-05:00,650.9593,682.62573,713.71893,648.1641,673.44836,706.93445,679.4545,688.4806,938427.0,35.4,0.0,681.8,686.1,680.9,28.2,323.7,0.0,0.0,0.0,0.0,0.0,0.0,0.0,0.0,322.0,322.7,127.5,-0.4,47.97,48.65,49.0,48.0,0.0,268.3,271.8,271.0,270.0,0.643,0.0,41.43,39.85,-0.127,39.84,0.999,6000.0,420277.0,268.0,437.0,59.95,7.0,40.0,46.0,58.1,28.44,53.55,681.7,49.72,50.5,50.81,60.0,59.5,75.6,1.0,270.0,270.5,269.0,40.72,-1.502,40.75,1962.0,433175.0,13737.0,1967.0,-0.999,0.818,0.791,0.836,34.29,34.28,34.28,25.71,11.1,11.09,11.09,8.32,18.0,18.0,18.0,14.0,1.498,280.2,30.72,2.2,3.497,2.0,-1.0,13.45,0.004,0.32,3.0,2.0,0.0,0.0,51.74,53.23,53.99,54.76,52.93,53.58,49.65,58.31,53.99,52.76,56.61,61.13,53.54,55.8,60.65,60.57,51.49,57.7,59.6
2017-06-30 09:09:00-05:00,655.7802,687.53784,718.9299,653.7255,679.37164,712.5769,684.5982,693.7847,938428.0,35.49,0.0,687.0,691.3,685.0,28.33,325.7,0.0,0.0,0.0,0.0,0.0,0.0,0.0,0.0,324.0,324.8,127.5,-0.4,47.95,48.92,49.33,48.33,0.0,268.1,271.3,271.0,270.0,0.613,0.0,41.7,40.1,-0.14,40.08,0.999,6000.0,420277.0,268.0,437.0,59.95,7.0,40.0,46.0,59.17,28.35,53.98,686.7,50.08,50.83,51.13,60.0,59.5,75.6,1.0,270.0,270.1,269.0,40.97,-1.504,41.0,1962.0,433175.0,13737.0,1967.0,-0.999,0.818,0.791,0.836,34.31,34.29,34.3,25.71,11.18,11.17,11.17,8.38,19.0,18.0,19.0,14.0,1.257,177.4,45.22,2.5,3.497,2.0,-1.0,13.45,0.004,0.32,3.0,2.0,0.0,0.0,52.06,53.24,54.24,55.02,53.05,53.67,49.6,58.45,54.67,53.09,56.78,61.25,53.96,56.05,60.84,60.57,51.4,57.77,59.51
2017-06-30 09:10:00-05:00,655.7802,687.04663,718.4561,653.9903,679.62915,712.1255,683.72003,692.95966,938429.0,35.59,0.0,686.6,690.7,685.1,28.14,325.0,0.0,0.0,0.0,0.0,0.0,0.0,0.0,0.0,323.3,324.1,127.8,-0.4,48.0,49.0,49.12,48.12,0.0,268.1,271.4,271.1,270.0,0.623,0.0,41.72,40.12,-0.18,40.1,0.999,6000.0,420278.0,269.0,437.0,59.95,7.0,40.0,46.0,59.07,27.55,54.03,686.8,50.09,50.86,51.15,60.0,59.5,75.6,1.0,270.0,270.1,269.0,41.0,-1.479,41.03,1962.0,433176.0,13738.0,1967.0,-0.999,0.818,0.791,0.836,34.38,34.39,34.37,25.75,11.17,11.18,11.17,8.37,19.0,19.0,19.0,14.0,1.363,199.9,37.33,2.1,3.498,2.0,-1.0,13.45,0.006,0.32,3.0,2.0,0.0,0.0,51.98,53.32,54.15,55.18,52.99,53.78,50.06,58.68,54.67,53.02,56.99,61.47,54.23,56.45,61.05,60.7,51.34,57.46,59.6
2017-06-30 09:11:00-05:00,658.8706,690.3214,721.65375,656.50616,682.33325,713.7053,684.84906,694.1383,938430.0,35.67,0.0,690.2,692.8,686.6,28.12,322.9,0.0,0.0,0.0,0.0,0.0,0.0,0.0,0.0,321.5,322.1,129.4,-0.4,48.53,49.0,49.67,48.67,0.0,268.0,271.0,271.0,270.0,0.627,0.0,41.94,40.3,-0.113,40.27,0.999,6000.0,420279.0,270.0,437.0,59.95,7.0,40.0,46.0,58.33,27.4,54.02,690.0,50.39,51.18,51.48,60.0,59.5,75.6,1.0,270.0,270.0,269.0,41.2,-1.53,41.22,1962.0,433177.0,13738.0,1967.0,-0.999,0.818,0.791,0.836,34.78,34.79,34.78,26.07,11.23,11.23,11.23,8.42,19.0,19.0,19.0,14.0,0.757,167.3,52.63,2.0,3.498,2.0,-1.0,13.28,-0.001,0.321,3.0,2.0,0.0,0.001,52.13,53.4,54.35,55.15,53.04,53.81,50.43,58.8,54.88,53.32,57.16,61.66,54.53,56.73,61.27,60.93,51.98,57.64,59.95
2017-06-30 09:12:00-05:00,661.34296,692.9412,724.2592,659.02203,683.8784,715.5109,687.23267,696.0243,938431.0,35.79,0.0,692.6,694.7,687.9,28.14,323.3,0.0,0.0,0.0,0.0,0.0,0.0,0.0,0.0,321.8,322.4,129.6,-0.4,48.97,49.08,50.0,49.0,0.0,268.0,271.0,271.0,270.0,0.628,0.0,42.07,40.4,-0.26,40.37,0.999,6000.0,420279.0,270.0,437.0,59.97,7.0,40.0,46.0,59.87,27.66,53.97,692.7,50.54,51.31,51.61,60.0,59.5,75.6,1.0,270.0,270.0,268.9,41.3,-1.431,41.33,1962.0,433177.0,13738.0,1967.0,-0.999,0.818,0.791,0.836,34.82,34.81,34.81,26.1,11.26,11.25,11.26,8.44,19.0,19.0,19.0,14.0,0.747,280.0,58.46,1.7,3.495,2.0,-1.0,13.42,0.005,0.321,3.0,2.0,0.0,0.0,52.24,53.52,54.33,55.41,53.07,54.05,50.59,58.7,54.21,53.14,57.1,61.87,54.53,56.9,61.53,61.08,51.89,57.94,60.02
2017-06-30 09:13:00-05:00,661.961,693.75995,724.96985,659.8165,683.8784,715.6238,687.609,696.0243,938432.0,35.89,0.0,692.4,694.4,688.5,28.2,328.1,0.0,0.0,0.0,0.0,0.0,0.0,0.0,0.0,326.3,327.2,126.8,-0.4,48.38,48.95,49.52,48.52,0.0,268.0,271.0,271.0,270.0,0.643,0.0,41.76,40.14,-0.102,40.12,0.999,6000.0,420280.0,271.0,437.0,59.94,7.0,40.0,46.0,57.92,28.22,54.21,693.0,50.21,50.96,51.29,60.0,59.5,75.6,1.0,270.0,270.0,269.0,41.02,-1.528,41.05,1962.0,433178.0,13738.0,1967.0,-0.999,0.818,0.791,0.836,34.09,34.06,34.07,25.56,11.19,11.17,11.18,8.39,19.0,19.0,19.0,14.0,1.132,209.6,47.17,2.8,3.494,2.0,-1.0,13.42,0.004,0.321,3.0,2.0,0.0,0.0,52.54,53.48,54.51,55.77,53.3,54.33,50.44,58.9,55.1,53.25,57.34,61.98,54.72,57.31,61.68,61.09,51.78,58.04,60.08
2017-06-30 09:14:00-05:00,657.3872,689.339,720.4695,653.8579,676.92505,708.96576,681.08545,688.3627,938433.0,35.96,0.0,687.7,687.9,681.7,28.21,326.3,0.0,0.0,0.0,0.0,0.0,0.0,0.0,0.0,324.5,325.4,127.0,-0.4,47.95,48.87,49.47,48.47,0.0,267.6,271.0,270.9,269.6,0.638,0.0,41.58,39.99,-0.027,39.96,0.999,6000.0,420281.0,272.0,437.0,59.93,7.0,40.0,46.0,59.65,27.7,54.31,689.7,50.05,50.79,51.12,60.0,59.5,75.6,1.0,269.6,270.0,268.3,40.85,-1.577,40.88,1962.0,433179.0,13738.0,1967.0,-0.999,0.818,0.791,0.836,34.16,34.17,34.18,25.61,11.14,11.15,11.15,8.35,19.0,19.0,19.0,14.0,1.427,197.0,22.81,3.1,3.498,2.0,-1.0,13.42,0.004,0.321,3.0,2.0,0.0,0.0,52.23,53.57,54.44,55.79,53.2,54.47,50.38,59.39,55.32,53.43,57.91,62.05,54.89,56.78,61.7,61.25,52.16,58.17,60.21
2017-06-30 09:15:00-05:00,588.53345,615.82043,643.0162,583.01666,604.4296,630.19806,604.3081,612.9257,938434.0,36.04,0.0,615.2,613.5,606.9,28.17,320.6,0.0,0.0,0.0,0.0,0.0,0.0,0.0,0.0,318.9,319.7,115.4,-0.382,42.98,43.8,44.17,43.17,0.0,267.0,271.0,270.1,269.0,0.638,0.0,37.18,35.75,-0.058,35.74,0.999,6000.0,420281.0,272.0,437.0,59.94,7.0,40.0,46.0,58.42,27.7,54.15,613.3,44.75,45.52,45.83,60.0,59.5,75.6,1.0,269.0,269.4,268.0,36.56,-1.38,36.58,1962.0,433179.0,13738.0,1967.0,-0.999,0.818,0.791,0.836,31.06,31.06,31.06,23.29,9.96,9.96,9.96,7.469,20.0,20.0,20.0,15.0,0.65,192.7,55.67,1.8,3.497,2.0,-1.0,13.42,0.004,0.318,3.0,2.0,0.0,0.0,52.18,53.56,54.36,55.52,53.18,54.2,50.3,59.48,54.69,53.91,57.99,62.05,55.12,56.86,61.72,61.41,52.81,58.24,60.44
2017-06-30 09:16:00-05:00,672.3447,703.5842,736.22064,667.2316,689.8017,723.52313,696.7671,703.21436,938435.0,36.13,0.0,702.8,702.7,694.1,28.36,325.1,0.0,0.0,0.0,0.0,0.0,0.0,0.0,0.0,323.3,324.2,130.5,-0.4,49.0,50.0,50.28,49.28,0.0,268.0,271.5,271.1,269.9,0.64,0.0,42.6,40.94,-0.025,40.91,0.999,6000.0,420282.0,273.0,437.0,59.93,7.0,40.15,46.0,59.05,28.15,54.32,704.5,51.14,51.89,52.23,60.0,59.5,75.6,1.0,270.0,270.4,269.0,41.83,-1.627,41.86,1962.0,433180.0,13738.0,1967.0,-0.999,0.818,0.791,0.836,35.09,35.07,35.05,26.3,11.41,11.4,11.4,8.55,20.0,20.0,20.0,15.0,0.663,160.7,71.1,1.4,3.498,2.0,-1.0,13.34,0.003,0.321,3.0,2.0,0.0,0.001,52.28,53.55,54.62,55.43,53.4,54.25,50.51,59.3,53.85,53.14,57.75,62.16,54.94,56.83,61.8,61.3,51.9,58.08,60.35
2017-06-30 09:17:00-05:00,674.8171,706.3678,738.4708,670.8068,693.79346,728.60126,703.0398,708.40063,938436.0,36.23,0.0,705.1,707.7,699.0,28.43,325.6,0.0,0.0,0.0,0.0,0.0,0.0,0.0,0.0,324.0,324.8,130.6,-0.4,49.0,49.78,50.37,49.37,0.0,269.0,272.5,272.0,271.0,0.642,0.0,42.66,40.99,-0.103,40.97,0.999,6000.0,420283.0,274.0,437.0,59.94,7.0,40.58,46.0,59.37,28.12,54.38,706.4,50.96,51.75,52.09,60.0,59.5,75.6,1.0,271.0,271.6,270.0,41.89,-1.569,41.92,1962.0,433181.0,13738.0,1967.0,-0.999,0.818,0.791,0.836,35.06,35.05,35.04,26.29,11.42,11.41,11.41,8.56,20.0,20.0,20.0,15.0,2.138,223.4,34.13,3.0,3.498,2.0,-1.0,13.34,0.006,0.322,3.0,2.0,0.0,0.001,52.19,53.86,54.77,55.72,53.59,54.41,50.74,59.44,54.37,52.83,57.89,62.44,54.89,56.79,62.06,61.48,52.2,58.36,60.55
2017-06-30 09:18:00-05:00,680.8742,712.91736,745.2214,676.8978,700.7468,735.485,710.0651,715.0014,938437.0,36.32,0.0,711.9,714.6,706.2,28.23,325.2,0.0,0.0,0.0,0.0,0.0,0.0,0.0,0.0,323.5,324.2,132.1,-0.4,49.73,50.48,50.82,49.82,0.0,269.0,272.1,272.0,271.0,0.63,0.0,43.16,41.45,-0.197,41.44,0.999,6000.0,420283.0,274.0,437.0,59.96,7.0,40.95,46.0,58.07,27.94,54.11,713.4,51.56,52.36,52.7,60.0,59.5,75.6,1.0,271.0,271.1,270.0,42.36,-1.519,42.39,1962.0,433182.0,13738.0,1967.0,-0.999,0.818,0.791,0.836,35.51,35.53,35.54,26.64,11.55,11.55,11.55,8.66,20.0,20.0,20.0,15.0,2.322,252.9,20.88,3.6,3.498,2.0,-1.0,13.42,0.004,0.322,3.0,2.0,0.0,0.0,52.21,54.05,54.73,55.68,53.6,54.54,50.79,59.66,55.21,53.44,58.18,62.52,54.62,56.58,62.12,61.69,51.96,58.33,60.53
2017-06-30 09:19:00-05:00,687.3022,719.46686,752.0903,683.7833,708.9879,743.15857,716.83966,722.5451,938438.0,36.41,0.0,718.1,721.5,713.0,28.47,326.2,0.0,0.0,0.0,0.0,0.0,0.0,0.0,0.0,324.5,325.4,132.7,-0.4,49.8,50.73,51.27,50.27,0.0,269.0,272.0,272.0,271.0,0.63,0.0,43.45,41.78,-0.175,41.75,0.999,6000.0,420284.0,275.0,437.0,59.96,7.0,41.0,46.0,59.88,27.36,54.05,720.3,51.95,52.75,53.1,60.0,59.5,75.6,1.0,271.0,271.0,270.0,42.67,-1.538,42.7,1962.0,433182.0,13738.0,1967.0,-0.999,0.818,0.791,0.836,35.71,35.69,35.72,26.77,11.65,11.64,11.65,8.73,20.0,20.0,20.0,15.0,1.837,219.8,16.59,2.7,3.497,2.0,-1.0,13.42,0.004,0.323,3.0,2.0,0.0,0.0,51.74,53.76,54.31,55.27,53.46,54.28,50.83,59.53,55.5,53.21,58.09,62.35,54.51,56.73,61.93,61.47,51.5,58.23,60.24
2017-06-30 09:20:00-05:00,674.9407,705.8765,738.234,676.8978,699.84546,735.93634,712.5742,715.94434,938439.0,36.5,0.0,702.9,712.5,704.3,28.28,321.7,0.0,0.0,0.0,0.0,0.0,0.0,0.0,0.0,320.1,320.9,132.3,-0.398,49.12,50.02,50.5,49.5,0.0,269.0,272.0,272.0,271.0,0.63,0.0,42.76,41.13,-0.138,41.11,0.999,6000.0,420285.0,276.0,437.0,59.95,7.0,41.0,46.0,57.95,27.24,54.4,705.7,51.16,51.98,52.32,60.0,59.5,75.6,1.0,271.0,271.0,270.0,42.01,-1.541,42.04,1962.0,433183.0,13738.0,1967.0,-0.999,0.818,0.791,0.836,35.58,35.59,35.59,26.67,11.45,11.45,11.45,8.58,21.0,21.0,21.0,15.0,1.718,209.3,21.66,2.6,3.498,2.0,-1.0,13.42,0.004,0.323,3.0,2.0,0.0,0.0,52.01,53.77,54.31,55.38,53.43,54.41,50.82,59.84,55.92,53.28,58.42,62.66,55.15,56.8,62.19,61.59,52.26,58.09,60.38
2017-06-30 09:21:00-05:00,700.8999,735.677,769.26263,697.02466,724.69745,757.60315,730.1377,737.7503,938440.0,36.59,0.0,735.1,736.2,727.4,28.03,319.5,0.0,0.0,0.0,0.0,0.0,0.0,0.0,0.0,318.1,318.6,138.4,-0.39,51.0,52.0,52.35,51.35,0.0,269.0,272.0,271.9,270.9,0.632,0.0,44.41,42.7,-0.107,42.69,0.999,6000.0,420285.0,276.0,437.0,59.94,7.0,41.0,46.0,59.4,27.47,54.85,734.9,53.21,54.0,54.32,60.0,59.5,75.6,1.0,271.0,271.0,269.6,43.61,-1.637,43.64,1962.0,433184.0,13738.0,1967.0,-0.999,0.818,0.791,0.836,37.21,37.22,37.23,27.91,11.89,11.89,11.89,8.91,21.0,21.0,21.0,15.0,0.743,235.7,53.88,1.9,3.497,2.0,-1.0,13.42,0.004,0.323,3.0,2.0,0.0,0.0,52.52,54.01,54.66,55.67,53.66,54.68,51.41,60.49,56.68,54.32,59.1,63.04,55.56,57.21,62.57,62.22,53.45,58.78,61.05
2017-06-30 09:22:00-05:00,703.0014,738.13306,771.5128,699.80536,727.65906,759.8601,734.0267,741.6401,938441.0,36.68,0.0,738.2,739.6,730.6,28.31,318.3,0.0,0.0,0.0,0.0,0.0,0.0,0.0,0.0,316.8,317.4,139.3,-0.39,51.05,52.0,52.95,51.95,0.0,268.9,272.0,271.3,270.3,0.647,0.0,44.51,42.79,-0.102,42.77,0.999,6000.0,420286.0,277.0,437.0,59.95,7.0,41.0,46.0,58.9,28.09,55.32,736.3,53.36,54.17,54.5,60.0,59.5,75.6,1.0,270.7,271.0,269.0,43.72,-1.641,43.75,1962.0,433184.0,13738.0,1967.0,-0.999,0.818,0.791,0.836,37.45,37.44,37.44,28.06,11.92,11.92,11.92,8.93,21.0,21.0,21.0,16.0,1.47,204.4,35.41,2.4,3.498,2.0,-1.0,13.14,-0.083,0.326,1.0,2.0,0.0,0.002,53.19,54.48,55.27,56.19,54.1,54.97,51.64,61.14,57.42,55.26,59.69,63.48,56.01,57.56,63.07,62.83,53.81,59.52,61.59
2017-06-30 09:23:00-05:00,699.0457,733.87585,766.89404,695.83295,723.9248,755.3462,731.01587,738.3397,938442.0,36.77,0.0,733.7,735.3,726.4,28.4,316.1,0.0,0.0,0.0,0.0,0.0,0.0,0.0,0.0,314.5,315.0,139.1,-0.34,50.98,51.75,52.18,51.18,0.0,268.9,272.0,271.3,270.3,0.655,0.0,44.12,42.43,-0.25,42.41,0.999,6000.0,420287.0,278.0,437.0,59.97,7.0,41.0,46.0,58.48,27.96,55.19,731.7,52.92,53.69,54.03,60.0,59.5,75.6,1.0,270.6,271.0,269.0,43.35,-1.515,43.38,1962.0,433185.0,13738.0,1967.0,-0.999,0.818,0.791,0.836,37.38,37.39,37.37,28.02,11.82,11.82,11.81,8.86,21.0,21.0,21.0,16.0,1.022,205.2,61.36,2.0,3.494,2.0,-1.0,13.24,0.088,0.325,3.0,2.0,0.0,0.002,53.32,54.74,55.37,56.42,54.38,55.21,51.84,61.33,56.91,55.01,59.88,63.86,56.07,57.84,63.41,63.15,54.26,59.99,61.91
2017-06-30 09:24:00-05:00,698.9221,733.38464,766.53876,695.9654,722.89465,755.0076,732.2703,738.3397,938443.0,36.86,0.0,734.0,735.2,725.9,28.77,319.4,0.0,0.0,0.0,0.0,0.0,0.0,0.0,0.0,317.7,318.3,137.9,-0.377,51.0,52.0,52.08,51.08,0.0,268.6,272.0,271.1,270.1,0.647,0.0,44.16,42.49,-0.183,42.47,0.999,6000.0,420287.0,278.0,437.0,59.95,7.0,41.0,46.0,59.82,27.84,54.85,731.8,53.0,53.76,54.12,60.0,59.5,75.6,1.0,270.1,271.0,269.0,43.39,-1.578,43.42,1962.0,433186.0,13738.0,1967.0,-0.999,0.818,0.791,0.836,37.03,37.05,37.05,27.76,11.83,11.83,11.83,8.87,21.0,21.0,21.0,16.0,1.438,197.9,28.32,3.2,3.493,2.0,-1.0,13.4,0.006,0.324,3.0,2.0,0.0,0.001,53.03,54.75,55.69,56.55,54.86,55.41,51.61,61.34,56.56,55.03,59.91,63.94,55.91,57.61,63.53,63.35,53.51,59.73,62.07
2017-06-30 09:25:00-05:00,700.40546,734.8583,768.07837,697.81915,724.5686,757.15173,734.9049,740.46136,938444.0,36.95,0.0,735.6,737.1,728.8,28.69,328.9,0.0,0.0,0.0,0.0,0.0,0.0,0.0,0.0,327.1,328.0,132.3,-0.4,50.08,51.05,51.87,50.87,0.0,268.5,272.0,271.0,270.0,0.642,0.0,43.69,41.98,-0.183,41.96,0.999,6000.0,420288.0,279.0,437.0,59.95,7.0,41.0,46.0,57.9,27.3,55.03,733.0,52.36,53.15,53.55,60.0,59.5,75.6,1.0,270.1,270.9,269.0,42.89,-1.556,42.92,1962.0,433187.0,13738.0,1967.0,-0.999,0.818,0.791,0.836,35.57,35.53,35.53,26.64,11.7,11.68,11.68,8.76,22.0,22.0,22.0,16.0,0.983,209.2,39.76,2.2,3.494,2.0,-1.0,13.4,0.005,0.325,3.0,2.0,0.0,0.001,52.96,54.97,55.95,56.9,55.04,55.64,51.57,61.52,57.63,55.59,60.01,63.81,55.96,57.31,63.28,63.58,53.9,60.09,62.34
2017-06-30 09:26:00-05:00,702.13605,737.1506,770.56537,700.20264,726.8864,759.63434,737.7903,742.7009,938445.0,37.03,0.0,738.5,740.0,734.0,28.48,326.1,0.0,0.0,0.0,0.0,0.0,0.0,0.0,0.0,324.3,325.3,134.6,-0.4,50.7,51.6,52.0,51.0,0.0,269.1,272.6,271.9,270.9,0.642,0.0,44.07,42.35,-0.128,42.34,0.999,6000.0,420289.0,280.0,437.0,59.95,7.0,41.0,46.0,59.63,27.57,55.49,735.8,52.67,53.45,53.83,60.0,59.5,75.6,1.0,271.1,271.6,269.9,43.27,-1.596,43.3,1962.0,433187.0,13738.0,1967.0,-0.999,0.818,0.791,0.836,36.18,36.21,36.2,27.13,11.8,11.81,11.8,8.84,22.0,22.0,22.0,16.0,1.372,192.9,38.02,2.3,3.497,2.0,-1.0,13.4,0.004,0.325,3.0,2.0,0.0,0.0,53.05,55.3,56.09,57.06,54.86,55.91,51.91,61.72,56.98,55.94,60.23,64.0,55.95,57.53,63.47,63.9,53.85,60.44,62.66
2017-06-30 09:27:00-05:00,704.48474,739.60675,773.763,703.91016,730.4919,763.4712,741.55396,745.8834,938446.0,37.12,0.0,741.9,743.5,737.8,28.17,321.3,0.0,0.0,0.0,0.0,0.0,0.0,0.0,0.0,319.7,320.7,138.0,-0.397,51.17,52.0,52.35,51.35,0.0,269.1,272.7,272.0,271.0,0.655,0.0,44.57,42.82,-0.095,42.81,0.999,6000.0,420290.0,281.0,437.0,59.94,7.0,41.0,46.0,58.65,27.62,55.54,738.7,53.26,54.05,54.42,60.0,59.5,75.6,1.0,271.1,271.7,270.0,43.77,-1.658,43.8,1962.0,433188.0,13738.0,1967.0,-0.999,0.818,0.791,0.836,37.13,37.12,37.14,27.85,11.93,11.93,11.93,8.95,22.0,22.0,22.0,16.0,1.037,183.1,67.92,2.5,3.498,2.0,-1.0,13.4,0.004,0.325,3.0,2.0,0.0,0.0,53.0,55.4,56.14,57.19,54.93,56.01,52.11,61.43,56.13,55.58,59.93,64.19,56.23,57.81,63.75,63.93,54.68,60.58,62.6
2017-06-30 09:28:00-05:00,708.81134,743.86395,778.73706,708.6771,735.9001,768.6622,747.07385,750.95184,938447.0,37.21,0.0,746.4,748.9,743.2,28.27,318.3,0.0,0.0,0.0,0.0,0.0,0.0,0.0,0.0,316.8,317.5,140.2,-0.365,51.9,52.25,53.0,52.0,0.0,269.0,272.4,272.0,271.0,0.658,0.0,44.82,43.1,-0.142,43.07,0.999,6000.0,420290.0,281.0,437.0,59.95,7.0,41.0,46.0,58.68,28.04,55.85,743.5,53.65,54.4,54.75,60.0,59.5,75.6,1.0,271.0,271.4,270.0,44.04,-1.626,44.07,1962.0,433189.0,13738.0,1967.0,-0.999,0.818,0.791,0.836,37.73,37.72,37.7,28.29,12.01,12.0,12.0,9.0,22.0,22.0,22.0,16.0,0.435,277.6,52.78,0.9,3.497,2.0,-1.0,13.33,0.012,0.325,3.0,2.0,0.0,0.001,53.58,55.8,56.43,57.55,55.08,56.32,52.47,61.46,56.02,55.48,59.95,64.51,56.75,58.49,64.12,64.19,54.75,60.88,62.98
2017-06-30 09:29:00-05:00,710.9128,745.82874,781.2241,711.45776,738.0891,771.37054,749.9593,752.83777,938448.0,37.3,0.0,749.6,751.5,745.9,28.61,311.9,0.0,0.0,0.0,0.0,0.0,0.0,0.0,0.0,310.3,310.9,142.6,-0.307,51.23,52.18,52.7,51.7,0.0,269.0,272.2,272.0,271.0,0.653,0.0,44.6,42.92,-0.195,42.9,0.999,6000.0,420291.0,282.0,437.0,59.96,7.0,41.0,46.0,59.68,28.62,56.36,746.7,53.4,54.18,54.48,60.0,59.5,75.6,1.0,271.0,271.2,270.0,43.84,-1.578,43.87,1962.0,433189.0,13738.0,1967.0,-0.999,0.818,0.791,0.836,38.31,38.32,38.32,28.72,11.95,11.95,11.95,8.96,22.0,22.0,22.0,17.0,0.878,156.6,51.63,1.7,3.494,2.0,-1.0,13.33,-0.003,0.326,3.0,2.0,0.0,0.001,54.05,55.91,56.74,57.99,55.46,56.64,52.45,62.0,56.58,55.59,60.46,64.9,56.7,59.17,64.52,64.55,55.14,61.53,63.37
2017-06-30 09:30:00-05:00,713.6323,748.12115,783.8295,714.9005,740.27814,774.07886,754.09924,755.54877,938449.0,37.39,0.0,752.7,754.5,748.5,28.97,311.0,0.0,0.0,0.0,0.0,0.0,0.0,0.0,0.0,309.4,310.1,142.9,-0.315,51.45,52.44,52.47,51.47,0.0,269.0,272.0,272.0,271.0,0.658,0.0,44.58,42.92,-0.125,42.89,0.999,6000.0,420292.0,283.0,437.0,59.95,7.0,41.0,46.0,58.05,28.65,56.61,749.6,53.47,54.25,54.56,60.0,59.5,75.6,1.0,271.0,271.0,269.9,43.86,-1.624,43.89,1962.0,433190.0,13738.0,1967.0,-0.981,0.818,0.791,0.836,38.42,38.42,38.42,28.81,11.95,11.94,11.95,8.96,23.0,23.0,23.0,17.0,1.555,158.7,24.35,2.8,3.498,2.0,-1.0,13.4,0.004,0.326,3.0,2.0,0.0,0.0,54.32,55.99,57.07,58.28,55.86,56.75,52.83,62.16,55.88,55.74,60.46,65.24,56.77,59.47,64.89,65.03,55.81,61.94,63.92
2017-06-30 09:31:00-05:00,717.34076,752.0508,787.73773,718.8729,744.3987,777.69,759.61914,760.3815,938450.0,37.49,0.0,756.5,758.3,753.0,29.09,320.2,0.0,0.0,0.0,0.0,0.0,0.0,0.0,0.0,318.5,319.1,140.6,-0.39,52.0,53.0,53.12,52.12,0.0,269.1,272.1,272.0,271.0,0.635,0.0,45.16,43.44,-0.115,43.41,0.999,6000.0,420292.0,283.0,437.0,59.95,7.0,41.0,46.0,59.75,28.12,56.36,753.4,54.12,54.88,55.21,60.0,59.5,75.6,1.0,271.0,271.1,270.0,44.38,-1.661,44.41,1962.0,433191.0,13738.0,1967.0,-0.999,0.818,0.791,0.836,37.81,37.77,37.79,28.35,12.11,12.09,12.1,9.08,23.0,23.0,23.0,17.0,0.842,171.8,61.73,2.4,3.497,2.0,-1.0,13.4,0.004,0.326,3.0,2.0,0.0,0.0,54.24,56.29,57.05,58.37,55.82,56.81,53.15,62.46,56.98,55.96,60.81,65.57,57.61,59.65,65.18,65.44,56.0,62.22,64.34
2017-06-30 09:32:00-05:00,717.83527,752.7058,788.80365,719.13776,744.785,777.9157,760.7482,761.20654,938451.0,37.62,0.0,757.1,759.0,753.7,29.17,320.0,0.0,0.0,0.0,0.0,0.0,0.0,0.0,0.0,318.4,319.1,140.6,-0.373,52.0,52.97,53.0,52.0,0.0,270.0,273.2,273.0,271.9,0.637,0.0,45.16,43.42,-0.21,43.41,0.999,6000.0,420293.0,284.0,437.0,59.96,7.0,41.0,46.6,58.48,28.46,57.17,754.2,53.9,54.7,54.98,60.0,59.5,75.6,1.0,272.0,272.0,270.9,44.37,-1.591,44.4,1962.0,433192.0,13738.0,1967.0,-0.999,0.818,0.791,0.836,37.81,37.82,37.81,28.36,12.1,12.1,12.1,9.08,23.0,23.0,23.0,17.0,0.752,183.1,57.86,1.7,3.494,2.0,-1.0,13.4,0.004,0.326,3.0,2.0,0.0,0.0,54.65,56.35,57.29,58.51,55.91,56.92,53.52,62.56,56.28,55.8,60.85,65.78,57.81,60.06,65.41,65.65,56.52,62.51,64.55
2017-06-30 09:33:00-05:00,722.1618,757.45416,793.18555,723.63983,748.90546,782.3168,765.89185,765.8035,938452.0,37.7,0.0,762.2,763.6,759.0,29.34,317.3,0.0,0.0,0.0,0.0,0.0,0.0,0.0,0.0,315.5,316.2,142.9,-0.325,52.0,53.0,53.35,52.35,0.0,270.1,273.5,273.3,272.1,0.643,0.0,45.44,43.74,-0.2,43.71,0.999,6000.0,420294.0,285.0,437.0,59.96,7.0,41.0,47.0,58.8,28.4,56.96,758.7,54.23,55.0,55.3,60.0,59.5,75.6,1.0,272.0,272.1,271.0,44.68,-1.603,44.71,1962.0,433192.0,13738.0,1967.0,-0.999,0.818,0.791,0.836,38.42,38.36,38.41,28.8,12.19,12.17,12.19,9.14,23.0,23.0,23.0,17.0,1.408,216.0,39.56,2.6,3.497,2.0,-1.0,13.4,0.004,0.326,3.0,2.0,0.0,0.0,54.94,56.54,57.7,58.9,56.25,57.25,53.69,62.8,56.64,56.04,61.05,66.09,58.26,60.19,65.59,65.98,56.51,62.88,64.79
2017-06-30 09:34:00-05:00,723.0271,758.76404,794.0145,724.6991,751.09454,783.5581,766.89545,767.4537,938453.0,37.79,0.0,762.8,765.1,763.2,28.89,321.9,0.0,0.0,0.0,0.0,0.0,0.0,0.0,0.0,320.2,321.1,139.7,-0.4,51.98,52.7,53.0,52.0,0.0,270.2,273.8,273.4,272.1,0.648,0.0,45.14,43.41,-0.235,43.41,0.999,6000.0,420295.0,286.0,437.0,59.96,7.0,41.0,47.0,59.65,27.94,57.38,759.2,53.82,54.58,54.89,60.0,59.5,75.6,1.0,272.0,272.1,271.0,44.36,-1.566,44.38,1962.0,433193.0,13738.0,1967.0,-0.999,0.818,0.791,0.836,37.58,37.58,37.52,28.15,12.1,12.1,12.08,9.06,23.0,23.0,23.0,17.0,1.002,239.1,26.55,1.6,3.498,2.0,-1.0,13.33,0.005,0.326,3.0,2.0,0.0,0.001,55.21,56.85,57.75,59.01,56.46,57.48,54.08,63.39,58.75,57.29,61.71,66.36,58.27,60.48,65.84,66.38,56.35,63.29,65.28
2017-06-30 09:35:00-05:00,717.7117,754.1794,789.15894,719.0053,746.2014,777.9157,760.7482,762.5031,938454.0,37.88,0.0,757.9,759.4,756.3,28.73,323.2,0.0,0.0,0.0,0.0,0.0,0.0,0.0,0.0,321.6,322.3,137.5,-0.398,51.02,52.0,52.13,51.13,0.0,270.8,274.0,273.8,272.7,0.633,0.0,44.55,42.86,-0.17,42.85,0.999,6000.0,420295.0,286.0,437.0,59.95,7.0,41.0,47.0,57.98,28.77,58.01,753.8,53.05,53.86,54.19,60.0,59.5,75.6,1.0,272.4,272.8,271.1,43.79,-1.595,43.82,1962.0,433194.0,13738.0,1967.0,-0.999,0.818,0.791,0.836,36.84,36.97,36.95,27.63,11.91,11.95,11.94,8.93,24.0,24.0,24.0,18.0,0.882,141.7,51.65,2.1,3.498,2.0,-1.0,13.4,0.004,0.326,3.0,2.0,0.0,0.0,55.68,56.88,58.15,59.23,56.67,57.67,54.42,63.96,59.05,57.53,62.35,66.74,59.08,61.04,66.29,66.7,56.71,63.64,65.68
2017-06-30 09:36:00-05:00,713.2615,749.5947,784.777,715.03296,741.5658,773.6275,756.3574,758.02405,938455.0,37.98,0.0,754.0,755.3,748.8,29.1,323.5,0.0,0.0,0.0,0.0,0.0,0.0,0.0,0.0,321.9,322.6,135.8,-0.4,50.78,51.6,52.0,51.0,0.0,270.0,273.0,273.0,272.0,0.637,0.0,44.15,42.47,-0.125,42.45,0.999,6000.0,420296.0,287.0,437.0,59.95,7.0,41.32,47.0,59.77,29.18,58.47,748.9,52.67,53.47,53.79,60.0,59.5,75.6,1.0,272.0,272.0,271.0,43.38,-1.596,43.41,1962.0,433195.0,13738.0,1967.0,-0.999,0.818,0.791,0.836,36.51,36.53,36.58,27.36,11.81,11.82,11.83,8.85,24.0,24.0,24.0,18.0,0.647,189.0,39.28,1.3,3.497,2.0,-1.0,13.4,0.004,0.326,3.0,2.0,0.0,0.0,56.05,57.0,58.32,59.34,56.89,57.89,54.62,64.45,59.14,57.83,62.81,67.12,59.38,61.38,66.61,66.98,57.72,64.05,66.02
2017-06-30 09:37:00-05:00,713.7559,749.431,784.777,715.695,741.437,773.6275,757.2356,758.02405,938456.0,38.06,0.0,754.2,755.6,749.0,28.97,323.8,0.0,0.0,0.0,0.0,0.0,0.0,0.0,0.0,322.0,322.8,135.9,-0.4,50.93,51.52,52.0,51.0,0.0,269.9,272.9,272.8,271.8,0.638,0.0,44.13,42.46,-0.133,42.45,0.999,6000.0,420297.0,288.0,437.0,59.95,7.0,41.2,47.0,58.3,28.62,58.18,749.0,52.75,53.52,53.86,60.0,59.5,75.6,1.0,271.9,271.9,270.8,43.4,-1.605,43.43,1962.0,433195.0,13738.0,1967.0,-0.999,0.818,0.791,0.836,36.52,36.53,36.56,27.41,11.83,11.83,11.84,8.88,24.0,24.0,24.0,18.0,1.827,202.9,18.57,2.8,3.497,2.0,-1.0,13.4,0.004,0.326,3.0,2.0,0.0,0.0,55.82,57.2,58.32,59.6,56.95,58.11,54.81,64.48,58.32,58.18,62.9,67.18,59.56,61.35,66.67,67.16,57.49,63.93,66.19
2017-06-30 09:38:00-05:00,718.57697,754.50696,790.1063,720.9915,747.2315,778.93134,763.50824,763.7997,938457.0,38.16,0.0,759.2,761.2,753.5,28.77,318.0,0.0,0.0,0.0,0.0,0.0,0.0,0.0,0.0,316.3,316.9,141.3,-0.323,51.87,52.83,52.9,51.9,0.0,269.8,272.9,272.8,271.8,0.64,0.0,45.03,43.38,-0.13,43.34,0.999,6000.0,420297.0,288.0,437.0,59.95,7.0,41.57,47.0,58.95,28.15,57.76,755.4,53.88,54.65,54.97,60.0,59.5,75.6,1.0,271.8,271.9,270.8,44.3,-1.644,44.34,1962.0,433196.0,13738.0,1967.0,-0.999,0.818,0.791,0.836,38.06,38.02,38.0,28.51,12.1,12.09,12.08,9.06,24.0,24.0,24.0,18.0,1.802,216.7,22.74,2.5,3.495,2.0,-1.0,13.4,0.004,0.326,3.0,2.0,0.0,0.0,55.45,57.24,57.83,59.35,56.59,57.88,54.65,64.23,58.84,57.36,62.59,67.29,59.56,61.05,66.75,67.09,56.6,63.61,66.05
2017-06-30 09:39:00-05:00,721.4201,757.7817,793.54083,723.5074,750.837,781.86536,766.3937,766.74646,938458.0,38.25,0.0,762.4,764.1,756.9,29.06,317.5,0.0,0.0,0.0,0.0,0.0,0.0,0.0,0.0,315.8,316.6,141.9,-0.338,52.0,52.98,53.0,52.0,0.0,269.9,273.0,272.6,271.5,0.643,0.0,45.21,43.51,-0.188,43.5,0.999,6000.0,420298.0,289.0,437.0,59.96,7.0,41.8,47.0,59.58,28.53,58.18,758.4,54.05,54.82,55.16,60.0,59.5,75.6,1.0,272.0,272.0,270.5,44.45,-1.607,44.48,1962.0,433197.0,13738.0,1967.0,-0.999,0.818,0.791,0.836,38.19,38.2,38.19,28.61,12.13,12.13,12.13,9.08,24.0,24.0,24.0,18.0,0.728,172.3,65.6,1.8,3.497,2.0,-1.0,13.2,-0.007,0.326,1.0,2.0,0.0,0.001,55.53,57.44,57.81,59.4,56.76,57.95,54.83,64.09,57.48,57.47,62.47,67.41,59.86,61.03,66.84,66.93,56.48,63.55,65.99
2017-06-30 09:40:00-05:00,725.9939,762.20264,798.1596,728.2743,755.08624,786.8307,771.66266,770.98975,938459.0,38.34,0.0,767.0,768.7,761.8,29.37,318.6,0.0,0.0,0.0,0.0,0.0,0.0,0.0,0.0,316.8,317.5,141.8,-0.357,52.25,53.03,53.42,52.42,0.0,269.4,272.9,272.1,271.1,0.652,0.0,45.33,43.63,-0.102,43.61,0.999,6000.0,420299.0,290.0,437.0,59.94,7.0,42.0,47.0,58.07,28.94,57.94,762.9,54.22,55.0,55.37,60.0,59.5,75.6,1.0,271.6,271.9,270.0,44.57,-1.68,44.6,1962.0,433198.0,13738.0,1967.0,-0.999,0.818,0.791,0.836,38.18,38.17,38.16,28.62,12.16,12.16,12.16,9.12,25.0,25.0,25.0,18.0,0.933,153.3,42.07,2.3,3.498,2.0,-1.0,13.2,0.014,0.329,1.0,2.0,0.0,0.001,55.71,57.39,58.34,59.59,56.88,57.9,55.16,63.86,56.78,56.92,62.2,67.47,59.5,61.15,66.98,66.86,56.54,63.71,65.99
2017-06-30 09:41:00-05:00,727.8481,764.6587,800.8835,730.39294,757.53284,789.42615,774.4226,773.2293,938460.0,38.42,0.0,769.6,770.8,763.8,29.39,313.8,0.0,0.0,0.0,0.0,0.0,0.0,0.0,0.0,312.2,312.9,145.0,-0.303,52.73,53.18,54.0,53.0,0.0,269.5,273.0,272.1,271.1,0.653,0.0,45.68,43.93,-0.053,43.91,0.999,6000.0,420300.0,291.0,437.0,59.94,7.0,42.0,47.0,59.9,28.46,57.89,764.8,54.61,55.39,55.73,60.0,59.5,75.6,1.0,271.6,272.0,270.0,44.89,-1.724,44.92,1962.0,433198.0,13738.0,1967.0,-0.999,0.818,0.791,0.836,38.98,38.96,38.99,29.24,12.23,12.22,12.23,9.17,25.0,25.0,25.0,18.0,1.745,195.4,55.59,34.4,,2.0,-1.0,13.4,0.006,0.327,3.0,2.0,0.0,0.0,55.45,57.54,58.31,59.81,57.17,58.03,55.04,64.12,58.82,57.35,62.43,67.51,59.23,61.21,67.05,67.01,56.89,63.82,65.93
2017-06-30 09:42:00-05:00,729.9496,766.7873,802.7783,732.3791,759.3356,791.1189,776.30444,774.7616,938461.0,38.52,0.0,771.5,772.7,765.6,29.53,312.9,0.0,0.0,0.0,0.0,0.0,0.0,0.0,0.0,311.0,311.8,146.0,-0.3,52.97,53.33,54.0,53.0,0.0,270.0,273.6,272.8,271.8,0.633,0.0,45.77,44.09,-0.205,44.05,0.999,6000.0,420300.0,291.0,437.0,59.96,7.0,42.0,47.0,58.15,28.26,57.49,767.3,54.66,55.46,55.82,60.0,59.5,75.6,1.0,271.9,272.3,270.8,45.03,-1.634,45.06,1962.0,433199.0,13738.0,1967.0,-0.999,0.818,0.791,0.836,39.25,39.23,39.29,29.45,12.28,12.28,12.29,9.22,25.0,25.0,25.0,19.0,1.557,212.7,37.1,3.6,3.498,2.0,-1.0,13.4,0.005,0.327,3.0,2.0,0.0,0.0,55.2,57.68,58.33,59.91,57.14,58.14,55.01,64.29,58.35,57.67,62.6,67.43,59.17,61.53,67.09,67.16,56.4,63.96,66.18
2017-06-30 09:43:00-05:00,732.2983,769.07965,805.0285,735.557,762.6835,794.3915,779.6917,778.2977,938462.0,38.61,0.0,773.8,775.6,768.3,28.85,316.6,0.0,0.0,0.0,0.0,0.0,0.0,0.0,0.0,314.9,315.6,144.8,-0.31,53.0,53.95,54.0,53.0,0.0,270.0,273.4,273.0,272.0,0.637,0.0,45.98,44.25,-0.245,44.22,0.999,6000.0,420301.0,292.0,437.0,59.96,7.0,42.0,47.0,59.18,27.69,56.99,769.7,54.88,55.67,56.03,60.0,59.5,75.6,1.0,272.0,272.0,271.0,45.2,-1.598,45.23,1962.0,433200.0,13738.0,1967.0,-0.999,0.818,0.791,0.836,38.9,38.86,38.91,29.18,12.31,12.3,12.32,9.24,25.0,25.0,25.0,19.0,2.03,207.9,14.81,3.0,3.497,2.0,-1.0,13.4,0.005,0.327,3.0,2.0,0.0,0.0,54.37,57.66,57.68,59.54,56.92,57.88,54.89,64.13,57.97,57.03,62.35,67.47,59.58,61.48,67.08,66.91,55.75,63.44,65.88
2017-06-30 09:44:00-05:00,735.265,772.6818,809.0552,738.60254,766.289,797.21265,782.82806,781.36237,938463.0,38.7,0.0,777.4,778.5,771.4,28.65,316.6,0.0,0.0,0.0,0.0,0.0,0.0,0.0,0.0,314.9,315.6,145.3,-0.315,53.0,54.0,54.0,53.0,0.0,270.0,273.3,273.0,272.0,0.65,0.0,46.17,44.43,-0.155,44.41,0.999,6000.0,420302.0,293.0,437.0,59.95,7.0,42.0,47.0,59.32,27.77,57.13,772.9,55.11,55.89,56.26,60.0,59.5,75.6,1.0,272.0,272.0,270.9,45.38,-1.667,45.41,1962.0,433201.0,13738.0,1967.0,-0.999,0.818,0.791,0.836,39.1,39.1,39.11,29.3,12.38,12.38,12.38,9.28,25.0,25.0,25.0,19.0,1.192,257.5,35.22,2.1,3.493,2.0,-1.0,13.4,0.005,0.327,3.0,2.0,0.0,0.0,54.39,57.46,57.46,59.25,56.77,57.57,54.76,63.99,59.01,57.3,62.3,67.47,59.32,60.95,67.04,66.82,56.05,63.45,65.79
2017-06-30 09:45:00-05:00,737.9846,775.3017,812.13434,742.0453,769.37933,800.71094,786.5916,784.54486,938464.0,38.79,0.0,780.1,781.8,775.0,28.84,313.6,0.0,0.0,0.0,0.0,0.0,0.0,0.0,0.0,311.8,312.6,147.4,-0.3,53.0,54.0,54.77,53.77,0.0,270.0,273.0,272.8,271.8,0.645,0.0,46.33,44.58,-0.127,44.56,0.999,6000.0,420303.0,294.0,437.0,59.95,7.0,42.0,47.0,58.23,28.31,57.75,775.9,55.37,56.17,56.52,60.0,59.5,75.6,1.0,272.0,272.0,270.9,45.56,-1.705,45.59,1962.0,433201.0,13738.0,1967.0,-0.999,0.818,0.791,0.836,39.59,39.57,39.59,29.68,12.41,12.41,12.42,9.31,26.0,26.0,26.0,19.0,0.995,101.9,31.83,1.9,3.495,2.0,-1.0,13.4,0.004,0.328,3.0,2.0,0.0,0.001,54.87,56.98,57.9,59.22,57.26,57.66,54.75,64.46,59.63,58.01,62.82,67.54,59.9,61.51,67.18,67.05,56.75,64.05,66.1
2017-06-30 09:46:00-05:00,740.086,777.75775,814.5029,744.0315,770.66705,802.06506,788.34796,785.8415,938465.0,38.88,0.0,782.7,783.6,776.6,28.92,317.1,0.0,0.0,0.0,0.0,0.0,0.0,0.0,0.0,315.3,316.1,145.7,-0.312,53.0,54.0,54.83,53.83,0.0,269.7,273.0,272.6,271.5,0.662,0.0,46.35,44.6,-0.172,44.59,0.999,6000.0,420303.0,294.0,437.0,59.95,7.0,42.0,47.0,59.9,28.07,57.59,778.4,55.41,56.19,56.54,60.0,59.5,75.6,1.0,271.8,272.0,270.5,45.56,-1.663,45.59,1962.0,433202.0,13738.0,1967.0,-0.999,0.818,0.791,0.836,39.19,39.17,39.18,29.37,12.43,12.42,12.42,9.31,26.0,26.0,26.0,19.0,1.507,214.4,39.41,2.4,3.494,2.0,-1.0,13.2,-0.001,0.329,3.0,2.0,0.0,0.001,54.88,57.25,58.01,59.56,57.57,57.88,55.08,65.02,59.67,58.74,63.45,67.88,59.7,61.8,67.49,67.6,57.54,64.75,66.55
2017-06-30 09:47:00-05:00,743.42365,780.8688,817.81903,747.2094,773.2424,804.77344,792.1116,788.3167,938466.0,38.96,0.0,785.9,786.6,779.5,29.17,317.4,0.0,0.0,0.0,0.0,0.0,0.0,0.0,0.0,315.7,316.5,145.9,-0.32,53.42,54.0,55.0,54.0,0.0,269.8,273.0,272.9,271.7,0.653,0.0,46.49,44.76,-0.278,44.73,0.999,6000.0,420304.0,295.0,437.0,59.97,7.0,42.0,47.0,58.25,28.29,57.65,781.9,55.58,56.36,56.69,60.0,59.5,75.6,1.0,271.9,272.0,270.7,45.71,-1.603,45.73,1962.0,433203.0,13739.0,1967.0,-0.999,0.818,0.791,0.836,39.31,39.25,39.28,29.47,12.48,12.46,12.47,9.35,26.0,26.0,26.0,19.0,1.028,177.1,25.32,2.0,3.494,2.0,-1.0,13.36,0.006,0.329,3.0,2.0,0.0,0.001,54.85,57.49,58.12,59.66,57.41,57.9,55.25,65.33,60.52,59.06,63.73,68.07,60.08,61.94,67.71,67.95,57.48,65.2,66.83
2017-06-30 09:48:00-05:00,746.1432,784.3073,821.60876,750.65216,777.6204,808.6102,796.0006,792.6779,938467.0,39.06,0.0,789.5,790.1,782.8,29.13,316.8,0.0,0.0,0.0,0.0,0.0,0.0,0.0,0.0,315.0,315.7,146.8,-0.312,53.88,54.37,55.0,54.0,0.0,269.5,273.0,272.4,271.3,0.647,0.0,46.62,44.86,-0.223,44.84,0.999,6000.0,420305.0,296.0,437.0,59.96,7.0,42.0,47.0,59.08,28.78,57.74,784.8,55.76,56.52,56.87,60.0,59.5,75.6,1.0,271.5,272.0,270.3,45.83,-1.634,45.86,1962.0,433204.0,13739.0,1967.0,-0.999,0.818,0.791,0.836,39.48,39.5,39.47,29.6,12.5,12.51,12.5,9.38,26.0,26.0,26.0,20.0,0.565,313.6,60.51,1.3,3.495,2.0,-1.0,13.36,0.005,0.329,3.0,2.0,0.0,0.0,55.22,57.65,58.19,59.94,57.52,58.16,55.38,65.59,60.36,59.16,64.07,68.43,60.85,62.46,68.05,68.25,57.43,65.53,67.18
2017-06-30 09:49:00-05:00,747.6265,785.4534,822.5562,752.37354,778.9081,809.9644,797.75696,793.9745,938468.0,39.14,0.0,790.5,791.8,784.2,29.18,314.2,0.0,0.0,0.0,0.0,0.0,0.0,0.0,0.0,312.4,313.2,148.4,-0.3,54.0,55.0,55.0,54.0,0.0,269.0,272.7,272.0,271.0,0.662,0.0,46.79,45.02,-0.212,45.0,0.999,6000.0,420306.0,297.0,437.0,59.96,7.0,42.0,47.0,59.45,29.03,57.63,786.5,56.0,56.75,57.12,60.0,59.5,75.6,1.0,271.0,271.5,270.0,45.97,-1.647,46.0,1962.0,433204.0,13739.0,1967.0,-0.999,0.818,0.791,0.836,39.92,39.87,39.89,29.95,12.54,12.53,12.53,9.41,26.0,26.0,26.0,20.0,1.398,229.7,20.22,2.7,3.497,2.0,-1.0,13.36,0.005,0.329,3.0,2.0,0.0,0.0,55.36,57.86,58.55,60.17,57.87,58.47,55.46,65.53,59.6,59.07,64.09,68.73,60.41,62.37,68.32,68.41,57.7,65.6,67.23
2017-06-30 09:50:00-05:00,750.22253,788.40076,825.3985,754.757,781.6122,812.6728,800.64233,796.21405,938469.0,39.23,0.0,793.2,793.9,786.8,29.38,312.0,0.0,0.0,0.0,0.0,0.0,0.0,0.0,0.0,310.0,310.8,149.7,-0.3,54.0,55.0,55.0,54.0,0.0,269.3,273.0,272.2,271.1,0.657,0.0,46.91,45.15,-0.17,45.14,0.999,6000.0,420306.0,297.0,437.0,59.96,7.0,42.0,47.0,58.18,28.99,57.71,789.0,56.15,56.9,57.26,60.0,59.5,75.6,1.0,271.3,272.0,270.0,46.12,-1.691,46.15,1962.0,433205.0,13739.0,1967.0,-0.999,0.818,0.791,0.836,40.32,40.3,40.31,30.27,12.58,12.57,12.57,9.44,27.0,27.0,27.0,20.0,1.483,229.9,36.33,3.2,3.497,2.0,-1.0,13.36,0.005,0.329,3.0,2.0,0.0,0.0,55.66,58.26,58.91,60.28,58.13,58.73,55.2,65.46,60.17,58.84,63.94,68.72,60.23,62.46,68.35,68.11,57.05,65.2,66.95
2017-06-30 09:51:00-05:00,753.31287,791.83923,828.5961,758.86176,786.11896,817.07385,804.406,800.45734,938470.0,39.31,0.0,796.4,797.9,790.7,29.56,307.6,0.0,0.0,0.0,0.0,0.0,0.0,0.0,0.0,305.8,306.4,151.8,-0.3,54.0,55.0,55.13,54.13,0.0,269.0,272.5,272.0,271.0,0.645,0.0,46.85,45.11,-0.1,45.09,0.999,6000.0,420307.0,298.0,437.0,59.95,7.0,42.0,47.0,59.85,28.8,58.41,791.8,56.13,56.89,57.19,60.0,59.5,75.6,1.0,271.0,271.2,270.0,46.06,-1.735,46.09,1962.0,433206.0,13739.0,1967.0,-0.999,0.818,0.791,0.836,40.84,40.84,40.84,30.62,12.56,12.56,12.56,9.42,27.0,27.0,27.0,20.0,0.823,160.2,36.99,1.6,3.494,2.0,-1.0,13.36,0.005,0.329,3.0,2.0,0.0,0.0,56.14,58.5,59.27,60.38,58.42,58.86,55.58,65.83,61.15,59.37,64.29,68.7,59.97,62.67,68.34,68.07,57.0,65.42,67.05
2017-06-30 09:52:00-05:00,752.942,791.1843,828.00397,759.12665,785.86145,816.3968,804.0296,799.86804,938471.0,39.4,0.0,795.9,797.5,790.3,29.55,306.3,0.0,0.0,0.0,0.0,0.0,0.0,0.0,0.0,304.6,305.0,152.0,-0.3,54.0,55.0,55.0,54.0,0.0,269.0,272.7,272.0,271.0,0.643,0.0,46.71,45.0,-0.153,44.98,0.999,6000.0,420308.0,299.0,437.0,59.95,7.0,42.0,47.0,58.2,28.71,58.51,791.9,55.97,56.76,57.07,60.0,59.5,75.6,1.0,271.0,271.5,270.0,45.96,-1.707,45.99,1962.0,433207.0,13739.0,1967.0,-0.999,0.818,0.791,0.836,40.9,40.91,40.91,30.67,12.53,12.53,12.53,9.39,27.0,27.0,27.0,20.0,0.553,19.95,65.83,1.4,3.497,2.0,-1.0,13.4,0.008,0.329,3.0,2.0,0.0,0.0,56.38,58.43,59.32,60.64,58.72,59.16,55.72,65.66,58.86,58.91,64.17,68.83,60.3,63.01,68.52,68.31,56.9,65.64,67.33
2017-06-30 09:53:00-05:00,751.8295,790.36566,827.175,758.597,785.08887,815.71967,803.40234,798.68933,938472.0,39.49,0.0,795.0,796.5,789.6,29.63,310.7,0.0,0.0,0.0,0.0,0.0,0.0,0.0,0.0,308.8,309.5,150.5,-0.3,54.0,55.0,55.0,54.0,0.0,269.0,272.4,272.0,271.0,0.653,0.0,46.9,45.13,-0.182,45.11,0.999,6000.0,420309.0,300.0,437.0,59.96,7.0,42.0,47.0,59.08,29.23,58.76,791.2,56.22,56.95,57.29,60.0,59.5,75.6,1.0,271.0,271.3,270.0,46.11,-1.678,46.14,1962.0,433207.0,13739.0,1967.0,-0.999,0.818,0.791,0.836,40.5,40.46,40.47,30.37,12.58,12.57,12.57,9.43,27.0,27.0,27.0,20.0,1.303,141.8,33.82,2.8,3.497,2.0,-1.0,13.4,0.005,0.329,3.0,2.0,0.0,0.0,56.69,58.38,59.61,60.7,58.74,59.28,55.89,65.28,58.36,58.44,63.79,68.99,60.52,63.1,68.72,68.21,56.65,65.6,67.26
2017-06-30 09:54:00-05:00,755.1671,793.4767,830.13574,761.5101,787.27783,818.20233,806.2878,800.57526,938473.0,39.57,0.0,798.3,799.1,792.0,29.7,311.2,0.0,0.0,0.0,0.0,0.0,0.0,0.0,0.0,309.4,310.1,150.8,-0.3,54.0,55.0,55.5,54.5,0.0,269.0,272.3,272.0,271.0,0.658,0.0,47.04,45.31,-0.125,45.28,0.999,6000.0,420309.0,300.0,437.0,59.95,7.0,42.0,47.0,59.63,28.96,58.61,794.8,56.42,57.15,57.5,60.0,59.5,75.6,1.0,271.0,271.2,270.0,46.27,-1.734,46.31,1962.0,433208.0,13739.0,1967.0,-0.999,0.818,0.791,0.836,40.59,40.57,40.58,30.45,12.63,12.63,12.63,9.48,27.0,27.0,27.0,20.0,1.758,186.5,30.32,3.4,3.497,2.0,-1.0,13.4,0.005,0.329,3.0,2.0,0.0,0.0,56.72,58.37,59.41,60.54,58.5,59.22,56.08,65.37,59.07,57.97,63.82,69.26,61.04,63.15,68.92,68.35,57.4,65.66,67.35
2017-06-30 09:55:00-05:00,759.49365,798.06134,834.9914,765.8797,791.65594,822.2649,811.3059,804.7007,938474.0,39.66,0.0,803.0,803.0,796.1,29.65,313.4,0.0,0.0,0.0,0.0,0.0,0.0,0.0,0.0,311.6,312.3,150.5,-0.3,54.7,55.07,56.0,55.0,0.0,269.0,272.3,272.0,271.0,0.653,0.0,47.33,45.57,-0.227,45.52,0.999,6000.0,420310.0,301.0,437.0,59.97,7.0,42.0,47.0,58.05,28.85,58.58,798.8,56.74,57.49,57.85,60.0,59.5,75.6,1.0,271.0,271.1,270.0,46.54,-1.656,46.57,1962.0,433209.0,13739.0,1967.0,-0.999,0.818,0.791,0.836,40.51,40.5,40.49,30.37,12.7,12.69,12.69,9.52,28.0,28.0,28.0,21.0,1.865,204.2,27.09,3.4,3.495,2.0,-1.0,13.4,0.005,0.329,3.0,2.0,0.0,0.0,56.52,58.24,59.28,60.61,58.33,59.19,56.11,65.65,59.64,58.91,64.16,69.28,61.36,63.0,68.88,68.73,57.67,65.61,67.68
2017-06-30 09:56:00-05:00,762.8313,802.15485,839.018,769.19006,795.5189,825.65027,814.81854,808.2368,938475.0,39.74,0.0,807.0,807.0,799.8,29.52,314.4,0.0,0.0,0.0,0.0,0.0,0.0,0.0,0.0,312.7,313.4,150.6,-0.302,54.98,55.67,56.0,55.0,0.0,269.8,272.9,272.6,271.6,0.645,0.0,47.5,45.74,-0.232,45.71,0.999,6000.0,420311.0,302.0,437.0,59.96,7.0,42.0,47.0,59.77,28.57,58.64,802.0,56.85,57.6,57.97,60.0,59.5,75.6,1.0,271.8,271.9,270.6,46.72,-1.678,46.75,1962.0,433210.0,13739.0,1967.0,-0.999,0.818,0.791,0.836,40.51,40.51,40.52,30.37,12.74,12.74,12.74,9.55,28.0,28.0,28.0,21.0,2.147,186.8,31.73,3.3,3.497,2.0,-1.0,13.36,0.001,0.329,3.0,2.0,0.0,0.0,56.49,58.23,59.28,60.52,57.9,59.2,56.1,65.86,60.16,59.0,64.3,69.24,60.99,62.53,68.78,68.8,57.2,65.4,67.71
2017-06-30 09:57:00-05:00,766.2925,805.5933,843.163,772.50037,799.2532,829.0357,818.83307,812.1265,938476.0,39.82,0.0,810.0,811.0,803.0,29.25,317.8,0.0,0.0,0.0,0.0,0.0,0.0,0.0,0.0,316.1,316.9,148.9,-0.33,54.9,55.47,56.0,55.0,0.0,269.3,272.8,272.4,271.2,0.663,0.0,47.5,45.74,-0.112,45.71,0.999,6000.0,420312.0,303.0,437.0,59.95,7.0,42.0,47.0,58.57,28.32,58.71,805.0,56.87,57.62,57.99,60.0,59.5,75.6,1.0,271.5,271.8,270.2,46.71,-1.756,46.74,1962.0,433211.0,13739.0,1967.0,-0.999,0.818,0.791,0.836,40.07,40.05,40.03,30.04,12.73,12.73,12.72,9.55,28.0,28.0,28.0,21.0,1.033,227.7,54.39,2.4,3.497,2.0,-1.0,13.36,0.004,0.33,3.0,2.0,0.0,0.0,56.66,58.23,59.24,60.51,57.81,59.19,56.28,65.96,60.23,58.84,64.46,69.31,61.15,62.66,68.79,68.93,57.3,65.33,67.74
2017-06-30 09:58:00-05:00,767.6523,807.55817,845.2948,774.08936,801.1847,830.7284,820.5894,814.366,938477.0,39.91,0.0,812.0,812.0,805.0,29.12,317.4,0.0,0.0,0.0,0.0,0.0,0.0,0.0,0.0,315.7,316.6,149.6,-0.333,54.98,55.8,56.12,55.12,0.0,269.7,273.0,272.2,271.1,0.643,0.0,47.61,45.81,-0.173,45.79,0.999,6000.0,420312.0,303.0,437.0,59.96,7.0,42.0,47.0,58.83,28.66,59.1,808.0,56.96,57.71,58.08,60.0,59.5,75.6,1.0,271.8,272.0,270.1,46.79,-1.707,46.82,1962.0,433211.0,13739.0,1967.0,-0.999,0.818,0.791,0.836,40.2,40.19,40.25,30.16,12.76,12.76,12.77,9.57,28.0,28.0,28.0,21.0,2.685,211.1,14.17,3.4,3.497,2.0,-1.0,13.36,0.005,0.33,3.0,2.0,0.0,0.0,56.83,58.5,59.27,60.59,58.0,59.28,56.1,66.04,59.79,59.23,64.53,69.43,61.42,62.38,68.88,69.04,57.64,65.26,67.95
2017-06-30 09:59:00-05:00,769.2593,809.35925,846.83435,775.5459,802.98737,832.42114,822.5967,816.13416,938478.0,39.99,0.0,814.0,814.0,807.0,28.97,313.9,0.0,0.0,0.0,0.0,0.0,0.0,0.0,0.0,312.2,312.8,152.1,-0.307,55.0,56.0,56.4,55.4,0.0,269.9,273.0,272.5,271.5,0.647,0.0,47.89,46.1,-0.297,46.06,0.999,6000.0,420313.0,304.0,437.0,59.97,7.0,42.27,47.0,59.83,28.64,58.88,809.0,57.28,58.05,58.41,60.0,59.5,75.6,1.0,271.9,272.0,270.3,47.08,-1.639,47.11,1962.0,433212.0,13739.0,1967.0,-0.999,0.818,0.791,0.836,40.92,40.91,40.88,30.67,12.84,12.84,12.83,9.62,28.0,28.0,28.0,21.0,1.898,218.3,15.78,2.8,3.495,2.0,-1.0,13.36,0.005,0.33,3.0,2.0,0.0,0.0,56.6,58.71,59.22,60.38,58.0,59.2,56.13,66.37,60.17,58.82,64.81,69.42,61.63,62.31,68.97,69.35,58.12,65.46,68.29
2017-06-30 10:00:00-05:00,770.6191,810.66925,848.1371,777.3997,804.7901,833.8881,824.7294,817.66644,938479.0,40.08,0.0,815.0,816.0,808.0,29.22,311.6,0.0,0.0,0.0,0.0,0.0,0.0,0.0,0.0,309.8,310.5,153.5,-0.3,55.0,56.0,56.82,55.82,0.0,269.8,273.0,272.1,271.1,0.63,0.0,48.03,46.22,-0.29,46.2,0.999,6000.0,420314.0,305.0,437.0,59.97,7.0,42.17,47.0,58.03,29.19,59.0,811.0,57.44,58.23,58.57,60.0,59.5,75.6,1.0,271.8,272.0,270.1,47.2,-1.638,47.23,1962.0,433213.0,13739.0,1967.0,-0.999,0.818,0.791,0.836,41.24,41.26,41.26,30.94,12.85,12.85,12.85,9.64,29.0,29.0,29.0,21.0,1.78,192.6,33.08,2.5,3.497,2.0,-1.0,13.36,0.005,0.33,3.0,2.0,0.0,0.0,56.56,58.84,59.26,60.55,58.25,59.31,56.33,66.54,60.7,59.43,65.05,69.59,62.16,62.71,69.13,69.62,58.96,65.84,68.61
2017-06-30 10:01:00-05:00,772.5969,812.63403,850.032,779.5183,806.3353,835.35516,827.2384,819.0809,938480.0,40.15,0.0,817.0,817.0,810.0,29.52,318.8,0.0,0.0,0.0,0.0,0.0,0.0,0.0,0.0,316.9,317.8,149.1,-0.353,55.0,56.0,56.05,55.05,0.0,269.2,272.7,272.0,271.0,0.64,0.0,47.71,45.9,-0.257,45.87,0.999,6000.0,420315.0,306.0,437.0,59.97,7.0,42.62,47.03,59.57,29.74,59.16,813.0,57.09,57.87,58.25,60.0,59.5,75.6,1.0,271.2,271.7,270.0,46.88,-1.654,46.91,1962.0,433214.0,13739.0,1967.0,-0.999,0.818,0.791,0.836,40.1,40.1,40.07,30.06,12.78,12.78,12.77,9.58,29.0,29.0,29.0,22.0,1.668,231.7,54.38,3.5,3.494,2.0,-1.0,13.29,-0.004,0.33,3.0,2.0,0.0,0.001,56.92,59.22,59.61,60.77,58.24,59.53,56.35,66.8,60.99,60.15,65.22,69.75,61.68,62.53,69.38,69.84,58.43,66.17,68.86
2017-06-30 10:02:00-05:00,773.95667,814.4352,851.8084,781.76935,808.0093,837.49927,829.37115,821.08466,938481.0,40.23,0.0,818.0,819.0,811.0,29.51,318.7,0.0,0.0,0.0,0.0,0.0,0.0,0.0,0.0,317.1,318.0,149.5,-0.343,55.0,56.0,56.15,55.15,0.0,269.0,272.4,272.0,271.0,0.645,0.0,47.81,46.0,-0.233,45.98,0.999,6000.0,420315.0,306.0,437.0,59.96,7.0,42.87,47.65,58.92,29.37,59.27,814.0,57.25,58.03,58.41,60.0,59.5,75.6,1.0,271.0,271.1,270.0,46.99,-1.674,47.02,1962.0,433214.0,13739.0,1967.0,-0.999,0.818,0.791,0.836,40.18,40.2,40.2,30.17,12.81,12.81,12.81,9.61,29.0,29.0,29.0,22.0,1.557,186.8,31.68,3.0,3.497,2.0,-1.0,13.29,0.013,0.331,3.0,2.0,0.0,0.001,57.01,59.2,59.52,60.91,58.1,59.54,56.32,66.69,59.86,59.93,65.13,69.88,61.88,62.99,69.56,69.9,58.75,66.37,68.76
2017-06-30 10:03:00-05:00,773.83307,814.1077,851.57153,781.5045,807.6229,837.2736,829.37115,820.84894,938482.0,40.31,0.0,818.0,819.0,811.0,29.5,321.3,0.0,0.0,0.0,0.0,0.0,0.0,0.0,0.0,319.4,320.3,147.5,-0.39,54.9,55.52,56.0,55.0,0.0,269.5,273.0,272.1,271.1,0.637,0.0,47.56,45.77,-0.287,45.74,0.999,6000.0,420316.0,307.0,437.0,59.98,7.0,42.85,48.0,58.5,28.29,59.13,814.0,56.89,57.67,58.02,60.0,59.5,75.6,1.0,271.6,272.0,270.0,46.74,-1.61,46.77,1962.0,433215.0,13739.0,1967.0,-0.999,0.818,0.791,0.836,39.69,39.67,39.67,29.74,12.75,12.75,12.75,9.56,29.0,29.0,29.0,22.0,2.273,187.8,31.82,4.0,3.497,2.0,-1.0,13.36,0.005,0.331,3.0,2.0,0.0,0.0,56.54,59.03,59.65,60.62,58.22,59.49,56.57,65.79,58.78,58.21,64.24,70.07,62.02,63.09,69.7,69.76,58.68,65.7,68.57
2017-06-30 10:04:00-05:00,775.9345,815.9089,853.8217,783.2259,809.4257,838.7406,831.2529,821.9098,938483.0,40.39,0.0,820.0,821.0,813.0,29.47,322.6,0.0,0.0,0.0,0.0,0.0,0.0,0.0,0.0,320.8,321.6,146.3,-0.398,54.47,55.4,55.85,54.85,0.0,269.6,273.0,272.1,271.1,0.635,0.0,47.4,45.62,-0.282,45.59,0.999,6000.0,420317.0,308.0,437.0,59.97,7.0,43.0,48.0,59.87,29.02,59.55,816.0,56.68,57.47,57.81,60.0,59.5,75.6,1.0,271.7,272.0,270.0,46.58,-1.614,46.61,1962.0,433216.0,13739.0,1967.0,-0.999,0.818,0.791,0.836,39.36,39.34,39.36,29.51,12.7,12.69,12.7,9.52,30.0,30.0,30.0,22.0,0.667,287.4,57.79,2.6,3.498,2.0,-1.0,13.36,0.005,0.331,3.0,2.0,0.0,0.0,56.65,59.1,59.61,60.65,58.19,59.34,56.41,66.01,60.09,58.92,64.37,70.17,62.03,63.09,69.72,70.05,59.24,66.32,68.95
2017-06-30 10:05:00-05:00,776.9234,816.4,854.4139,783.75555,809.6832,838.85345,831.5039,821.674,938484.0,40.46,0.0,821.0,821.0,813.0,29.49,323.0,0.0,0.0,0.0,0.0,0.0,0.0,0.0,0.0,321.1,322.0,145.5,-0.4,54.0,55.0,56.0,55.0,0.0,269.8,273.0,272.6,271.6,0.638,0.0,47.22,45.41,-0.278,45.41,0.999,6000.0,420318.0,309.0,437.0,59.97,7.0,43.0,48.0,58.02,29.29,59.61,817.0,56.44,57.24,57.6,60.0,59.5,75.6,1.0,271.9,272.0,270.6,46.42,-1.616,46.44,1962.0,433217.0,13739.0,1967.0,-0.999,0.818,0.791,0.836,39.16,39.21,39.18,29.38,12.65,12.66,12.65,9.49,30.0,30.0,30.0,22.0,1.02,265.6,55.68,2.2,3.498,2.0,-1.0,13.36,0.005,0.331,3.0,2.0,0.0,0.0,57.04,59.58,59.8,60.95,58.64,59.7,56.56,66.02,58.29,59.12,64.46,70.2,61.56,63.66,69.74,70.22,58.86,66.59,69.19
2017-06-30 10:06:00-05:00,776.3054,815.74506,853.4665,784.4176,809.5545,839.5306,831.8802,821.79193,938485.0,40.54,0.0,820.0,821.0,814.0,29.52,323.0,0.0,0.0,0.0,0.0,0.0,0.0,0.0,0.0,321.2,322.1,145.1,-0.4,54.0,55.0,55.43,54.43,0.0,269.7,272.9,272.3,271.3,0.628,0.0,47.08,45.32,-0.267,45.28,0.999,6000.0,420319.0,310.0,437.0,59.97,7.0,43.0,48.0,59.5,29.32,59.81,817.0,56.31,57.08,57.43,60.0,59.5,75.6,1.0,271.7,271.9,270.3,46.28,-1.619,46.3,1962.0,433218.0,13739.0,1967.0,-0.999,0.818,0.791,0.836,39.08,39.08,39.1,29.26,12.63,12.62,12.63,9.45,30.0,30.0,30.0,22.0,0.972,268.8,73.35,2.7,3.498,2.0,-1.0,13.36,0.005,0.331,3.0,2.0,0.0,0.0,57.09,59.76,59.84,60.93,58.99,59.87,56.73,65.87,58.61,58.5,64.2,70.05,61.22,63.62,69.57,69.75,58.17,66.09,68.83
2017-06-30 10:07:00-05:00,780.13745,820.00226,857.6115,789.05206,813.5462,844.8344,837.2747,826.0352,938486.0,40.61,0.0,825.0,825.0,818.0,29.31,317.4,0.0,0.0,0.0,0.0,0.0,0.0,0.0,0.0,315.9,316.7,150.6,-0.337,55.18,55.95,56.5,55.5,0.0,269.9,273.0,272.7,271.7,0.638,0.0,47.95,46.16,-0.263,46.13,0.999,6000.0,420319.0,310.0,437.0,59.97,7.0,43.0,48.0,59.02,29.3,59.71,821.0,57.38,58.17,58.51,60.0,59.5,75.6,1.0,272.0,272.0,270.7,47.18,-1.668,47.21,1962.0,433218.0,13739.0,1967.0,-0.999,0.818,0.791,0.836,40.59,40.55,40.57,30.45,12.88,12.87,12.87,9.66,30.0,30.0,30.0,23.0,2.525,200.8,27.95,3.5,3.497,2.0,-1.0,13.28,0.004,0.331,3.0,2.0,0.0,0.001,57.21,59.75,59.85,60.99,58.89,60.0,56.81,65.81,59.06,58.24,64.18,70.06,60.89,63.55,69.63,69.52,57.63,65.76,68.38
2017-06-30 10:08:00-05:00,783.5987,824.09576,862.2303,793.0245,817.9243,849.1226,842.16736,830.3964,938487.0,40.68,0.0,829.0,829.0,822.0,28.92,308.2,0.0,0.0,0.0,0.0,0.0,0.0,0.0,0.0,306.3,307.1,157.9,-0.3,56.0,57.0,57.15,56.15,0.0,270.0,273.0,272.9,271.9,0.642,0.0,48.72,46.91,-0.292,46.88,0.999,6000.0,420320.0,311.0,437.0,59.98,7.0,43.0,48.0,58.42,28.77,59.67,825.0,58.3,59.09,59.4,60.0,59.5,75.6,1.0,272.0,272.0,270.9,47.93,-1.632,47.95,1962.0,433219.0,13739.0,1967.0,-0.999,0.818,0.791,0.836,42.38,42.35,42.37,31.78,13.06,13.05,13.06,9.79,30.0,30.0,30.0,23.0,2.553,213.3,16.56,3.5,3.497,2.0,-1.0,13.36,0.007,0.331,3.0,2.0,0.0,0.0,56.92,59.61,59.9,60.86,58.84,60.01,56.82,66.27,60.06,58.94,64.72,69.99,61.19,63.06,69.51,69.9,58.6,65.75,68.75
2017-06-30 10:09:00-05:00,789.9031,830.809,869.57294,799.64514,824.49133,855.6678,848.6909,837.11505,938488.0,40.75,0.0,836.0,836.0,828.0,29.19,309.2,0.0,0.0,0.0,0.0,0.0,0.0,0.0,0.0,307.5,308.2,158.6,-0.3,56.73,57.58,58.0,57.0,0.0,269.9,273.0,272.5,271.5,0.652,0.0,49.16,47.34,-0.3,47.32,0.999,6000.0,420321.0,312.0,437.0,59.98,7.0,43.0,48.0,59.88,28.39,59.45,832.0,58.85,59.62,59.94,60.0,59.5,75.6,1.0,271.9,272.0,270.4,48.34,-1.666,48.37,1962.0,433220.0,13739.0,1967.0,-0.999,0.818,0.791,0.836,42.59,42.62,42.62,31.94,13.17,13.18,13.18,9.87,31.0,31.0,31.0,23.0,2.075,220.5,9.15,3.1,3.497,2.0,-1.0,13.36,0.005,0.331,3.0,2.0,0.0,0.0,56.55,59.67,59.7,60.84,58.76,59.96,56.68,66.74,60.98,59.57,65.28,69.95,61.25,62.75,69.45,70.22,58.56,66.06,69.06
2017-06-30 10:10:00-05:00,758.62836,798.88007,835.3466,767.33624,793.2011,820.9107,812.81134,804.34705,938489.0,40.83,0.0,803.0,802.0,795.0,29.28,310.1,0.0,0.0,0.0,0.0,0.0,0.0,0.0,0.0,308.3,309.0,151.9,-0.3,54.37,55.3,55.7,54.7,0.0,269.5,272.9,272.3,271.2,0.638,0.0,47.24,45.51,-0.253,45.49,0.999,6000.0,420322.0,313.0,437.0,59.97,7.0,43.0,48.0,58.08,28.68,59.88,796.4,56.54,57.33,57.65,60.0,59.5,75.6,1.0,271.6,271.8,270.1,46.45,-1.634,46.48,1962.0,433221.0,13739.0,1967.0,-0.999,0.818,0.791,0.836,40.8,40.82,40.83,30.6,12.65,12.65,12.66,9.49,31.0,31.0,31.0,23.0,2.052,257.5,39.23,2.9,3.497,2.0,-1.0,13.36,0.005,0.33,3.0,2.0,0.0,0.0,57.05,59.84,59.9,60.91,58.85,59.99,56.74,67.28,61.48,60.41,65.83,70.22,61.74,62.87,69.67,70.6,59.14,66.61,69.45
2017-06-30 10:11:00-05:00,779.5194,820.9847,859.03265,790.9059,815.4777,846.63995,839.53284,828.86414,938490.0,40.89,0.0,826.0,828.0,821.0,29.12,310.3,0.0,0.0,0.0,0.0,0.0,0.0,0.0,0.0,308.5,309.3,156.3,-0.3,55.98,56.9,57.33,56.33,0.0,269.2,272.9,272.1,271.0,0.643,0.0,48.65,46.84,-0.222,46.81,0.999,6000.0,420322.0,313.0,437.0,59.96,7.0,43.0,48.0,59.35,29.13,59.94,822.0,58.28,59.02,59.36,60.0,59.5,75.6,1.0,271.2,271.7,270.0,47.83,-1.731,47.86,1962.0,433222.0,13739.0,1967.0,-0.999,0.818,0.791,0.836,42.05,42.03,42.0,31.53,13.05,13.04,13.03,9.78,31.0,31.0,31.0,23.0,1.358,273.9,36.95,2.3,3.497,2.0,-1.0,13.36,0.005,0.331,3.0,2.0,0.0,0.0,57.29,59.78,60.04,60.81,58.83,60.03,56.67,67.39,61.8,60.72,65.91,70.16,61.32,63.01,69.77,70.64,58.79,66.72,69.52
2017-06-30 10:12:00-05:00,795.713,837.1948,875.84973,805.2065,830.80096,861.76154,853.96,843.1264,938491.0,40.96,0.0,842.0,842.0,834.0,29.3,314.6,0.0,0.0,0.0,0.0,0.0,0.0,0.0,0.0,312.7,313.3,155.6,-0.3,57.0,57.48,58.0,57.0,0.0,269.0,272.4,272.0,271.0,0.637,0.0,49.14,47.3,-0.097,47.28,0.999,6000.0,420323.0,314.0,437.0,59.94,7.0,43.0,48.0,59.15,29.99,60.43,838.0,58.9,59.66,60.01,60.0,59.5,75.6,1.0,271.0,271.2,270.0,48.31,-1.843,48.35,1962.0,433222.0,13739.0,1967.0,-0.999,0.818,0.791,0.836,41.89,41.91,41.87,31.39,13.18,13.18,13.17,9.87,31.0,31.0,31.0,23.0,0.862,124.5,88.3,2.3,3.497,2.0,-1.0,13.36,0.01,0.332,3.0,2.0,0.0,0.0,57.86,60.03,60.61,61.25,59.34,60.42,57.2,67.57,62.19,60.63,66.1,70.4,61.65,63.15,70.08,70.72,58.07,67.02,69.7
2017-06-30 10:13:00-05:00,796.57837,838.50476,877.15247,805.60376,831.44476,862.1001,854.5873,843.71576,938492.0,41.03,0.0,843.0,842.0,835.0,29.91,314.7,0.0,0.0,0.0,0.0,0.0,0.0,0.0,0.0,312.8,313.6,155.3,-0.3,57.0,57.43,58.0,57.0,0.0,269.0,272.1,272.0,271.0,0.633,0.0,49.03,47.22,-0.065,47.21,0.999,6000.0,420324.0,315.0,437.0,59.94,7.0,43.0,48.0,58.43,29.45,60.5,838.0,58.83,59.6,59.96,60.0,59.5,75.6,1.0,271.0,271.0,270.0,48.23,-1.849,48.27,1962.0,433223.0,13739.0,1967.0,-0.999,0.818,0.791,0.836,41.76,41.77,41.76,31.31,13.14,13.14,13.14,9.85,32.0,32.0,32.0,23.0,1.453,223.2,22.33,2.5,3.497,2.0,-1.0,13.29,-0.003,0.332,3.0,2.0,0.0,0.001,57.79,60.0,61.06,61.61,59.64,60.59,57.48,67.8,62.35,61.01,66.22,70.67,62.38,63.48,70.4,70.96,59.24,67.64,69.77
2017-06-30 10:14:00-05:00,799.79236,841.28827,879.75793,808.38446,833.6338,864.92126,858.2254,846.19104,938493.0,41.09,0.0,845.0,845.0,837.0,29.92,313.5,0.0,0.0,0.0,0.0,0.0,0.0,0.0,0.0,311.6,312.4,156.5,-0.3,57.0,58.0,58.0,57.0,0.0,269.0,272.0,272.0,271.0,0.63,0.0,49.23,47.39,-0.07,47.34,0.999,6000.0,420325.0,316.0,437.0,59.94,7.0,43.0,48.0,59.9,29.85,60.72,841.0,59.0,59.75,60.1,60.0,59.5,75.6,1.0,271.0,271.0,270.0,48.37,-1.863,48.4,1962.0,433224.0,13739.0,1967.0,-0.999,0.818,0.791,0.836,42.08,42.07,42.01,31.53,13.19,13.19,13.17,9.89,32.0,32.0,32.0,24.0,1.052,258.3,39.52,1.9,3.497,2.0,-1.0,13.33,0.005,0.333,3.0,2.0,0.0,0.0,57.92,60.42,61.11,61.91,59.9,60.87,57.84,68.07,62.75,61.23,66.53,71.12,62.72,64.1,70.84,71.39,59.58,67.97,70.17
2017-06-30 10:15:00-05:00,803.99524,846.2005,884.6135,812.7541,838.14056,869.4352,863.1181,850.55225,938494.0,41.17,0.0,850.0,849.0,841.0,29.83,313.8,0.0,0.0,0.0,0.0,0.0,0.0,0.0,0.0,312.0,312.7,156.9,-0.3,57.0,58.0,58.0,57.0,0.0,269.0,272.0,272.0,271.0,0.647,0.0,49.35,47.52,-0.218,47.5,0.999,6000.0,420326.0,317.0,437.0,59.96,7.0,43.0,48.0,58.22,30.05,60.61,846.0,59.23,60.0,60.36,60.0,59.5,75.6,1.0,271.0,271.0,270.0,48.54,-1.768,48.57,1962.0,433225.0,13739.0,1967.0,-0.999,0.818,0.791,0.836,42.09,42.12,42.18,31.63,13.21,13.22,13.24,9.92,32.0,32.0,32.0,24.0,1.507,193.8,27.51,2.7,3.497,2.0,-1.0,13.33,0.005,0.333,3.0,2.0,0.0,0.0,58.36,60.81,61.39,62.22,60.44,61.16,57.85,68.2,62.33,61.38,66.62,71.36,62.31,64.16,71.11,71.61,59.97,68.19,70.28
2017-06-30 10:16:00-05:00,804.1189,846.52795,884.85046,813.28375,838.7844,870.11224,864.24713,851.4952,938495.0,41.22,0.0,850.0,850.0,842.0,29.9,315.5,0.0,0.0,0.0,0.0,0.0,0.0,0.0,0.0,313.6,314.5,155.5,-0.3,56.92,57.3,58.0,57.0,0.0,269.9,273.5,272.9,271.9,0.658,0.0,49.27,47.43,-0.162,47.39,0.999,6000.0,420326.0,317.0,437.0,59.95,7.0,43.0,48.0,59.03,29.35,60.75,846.0,58.85,59.6,59.99,60.0,59.5,75.6,1.0,271.9,272.0,270.9,48.42,-1.79,48.45,1962.0,433226.0,13739.0,1967.0,-0.999,0.818,0.791,0.836,41.81,41.83,41.84,31.36,13.19,13.2,13.2,9.9,32.0,32.0,32.0,24.0,2.26,232.1,46.22,3.6,3.497,2.0,-1.0,13.33,0.005,0.333,3.0,2.0,0.0,0.0,58.41,60.77,61.48,62.22,60.32,61.25,57.81,67.86,61.74,60.64,66.21,71.47,62.35,64.3,71.19,71.23,59.17,67.74,69.79
2017-06-30 10:17:00-05:00,804.3661,846.69165,885.0873,813.9458,838.6557,870.2251,864.62354,851.25946,938496.0,41.29,0.0,850.0,850.0,842.0,29.39,317.1,0.0,0.0,0.0,0.0,0.0,0.0,0.0,0.0,315.2,316.1,154.0,-0.3,56.37,57.08,57.98,56.98,0.0,270.1,273.8,273.0,272.0,0.657,0.0,49.08,47.24,-0.1,47.21,0.999,6000.0,420327.0,318.0,437.0,59.94,7.0,43.0,48.0,59.65,29.16,61.2,846.0,58.57,59.33,59.73,60.0,59.5,75.6,1.0,272.0,272.4,271.0,48.22,-1.832,48.26,1962.0,433226.0,13739.0,1967.0,-0.999,0.818,0.791,0.836,41.46,41.47,41.42,31.06,13.15,13.15,13.13,9.85,32.0,32.0,32.0,24.0,1.487,276.2,21.63,2.5,3.498,2.0,-1.0,13.33,0.005,0.333,3.0,2.0,0.0,0.0,58.84,60.63,61.4,62.24,60.27,61.31,57.72,67.77,62.86,60.87,66.15,71.44,61.69,64.16,71.13,71.02,58.87,67.59,69.75
2017-06-30 10:18:00-05:00,803.748,845.218,883.903,813.41614,838.01184,869.4352,863.2435,849.84503,938497.0,41.37,0.0,849.0,849.0,841.0,29.13,317.5,0.0,0.0,0.0,0.0,0.0,0.0,0.0,0.0,315.8,316.5,153.1,-0.3,56.0,57.0,57.35,56.35,0.0,270.0,273.7,273.0,272.0,0.662,0.0,48.79,46.98,-0.047,46.95,0.999,6000.0,420328.0,319.0,437.0,59.94,7.0,43.0,48.0,58.03,29.73,61.73,846.0,58.29,59.07,59.47,60.0,59.5,75.6,1.0,272.0,272.0,271.0,47.99,-1.859,48.03,1962.0,433227.0,13739.0,1967.0,-0.999,0.818,0.791,0.836,41.19,41.19,41.17,30.88,13.08,13.08,13.07,9.81,33.0,33.0,33.0,24.0,0.903,179.8,80.3,2.0,3.497,2.0,-1.0,13.27,-0.004,0.333,3.0,2.0,0.0,0.001,59.33,60.93,61.95,62.63,60.39,61.58,57.95,67.97,62.67,61.14,66.39,71.76,62.48,64.95,71.36,71.19,59.02,67.86,69.94
2017-06-30 10:19:00-05:00,803.00635,844.56305,883.54767,813.28375,837.88306,869.3223,863.1181,849.01996,938498.0,41.42,0.0,848.0,848.0,841.0,29.53,318.1,0.0,0.0,0.0,0.0,0.0,0.0,0.0,0.0,316.4,317.0,152.2,-0.302,55.97,56.82,57.13,56.13,0.0,270.0,273.3,273.0,272.0,0.672,0.0,48.59,46.77,-0.003,46.73,0.999,6000.0,420329.0,320.0,437.0,59.92,7.0,43.0,48.0,59.87,29.45,62.05,845.0,58.06,58.8,59.19,60.0,59.5,75.6,1.0,272.0,272.0,271.0,47.76,-1.915,47.8,1962.0,433228.0,13739.0,1967.0,-0.999,0.818,0.791,0.836,40.89,40.94,40.94,30.65,13.0,13.02,13.02,9.75,33.0,33.0,33.0,24.0,1.143,193.8,41.32,2.0,3.497,2.0,-1.0,13.32,0.014,0.333,3.0,2.0,0.0,0.0,59.74,61.37,62.16,63.01,60.37,61.93,58.33,68.41,63.19,61.47,66.81,72.12,62.69,65.37,71.69,71.71,59.62,68.4,70.52
2017-06-30 10:20:00-05:00,806.0967,847.6741,886.9822,816.19684,840.32965,871.5793,866.3799,851.4952,938499.0,41.48,0.0,852.0,852.0,844.0,29.96,316.2,0.0,0.0,0.0,0.0,0.0,0.0,0.0,0.0,314.6,315.3,153.4,-0.307,56.05,56.85,57.32,56.32,0.0,270.0,273.2,272.9,271.9,0.66,0.0,48.68,46.86,0.0,46.84,0.999,6000.0,420329.0,320.0,437.0,59.92,7.0,43.0,48.0,58.27,29.83,62.29,850.0,58.16,58.94,59.35,60.0,59.5,75.6,1.0,272.0,272.0,270.9,47.85,-1.939,47.89,1962.0,433229.0,13739.0,1967.0,-0.999,0.818,0.791,0.836,41.34,41.31,41.29,31.0,13.07,13.06,13.05,9.8,33.0,33.0,33.0,25.0,0.453,271.8,61.37,1.5,3.497,2.0,-1.0,13.33,0.005,0.333,3.0,2.0,0.0,0.0,60.13,61.7,62.43,63.27,60.56,62.07,58.76,68.37,62.12,61.2,66.69,72.43,63.18,65.88,72.02,72.07,60.54,68.56,70.97
2017-06-30 10:21:00-05:00,809.9288,851.4401,891.0088,820.56647,843.9351,875.52893,871.7743,855.62067,938500.0,41.55,0.0,856.0,856.0,848.0,30.14,303.7,0.0,0.0,0.0,0.0,0.0,0.0,0.0,0.0,302.1,302.5,163.0,-0.3,57.0,58.0,58.4,57.4,0.0,270.0,273.4,272.9,271.9,0.673,0.0,49.67,47.86,0.0,47.82,0.999,6000.0,420330.0,321.0,437.0,59.92,7.0,43.0,48.0,58.97,29.7,62.58,854.0,59.31,60.16,60.62,60.0,59.5,75.6,1.0,272.0,272.0,270.9,48.83,-1.978,48.87,1962.0,433230.0,13739.0,1967.0,-0.999,0.818,0.791,0.836,43.85,43.82,43.81,32.89,13.32,13.31,13.3,9.99,33.0,33.0,33.0,25.0,1.033,213.5,42.84,2.1,3.497,2.0,-1.0,13.33,0.005,0.334,3.0,2.0,0.0,0.0,60.22,61.98,62.86,63.63,61.2,62.4,59.15,68.85,63.39,62.11,67.23,72.78,63.87,65.94,72.38,72.58,61.65,69.28,71.47
2017-06-30 10:22:00-05:00,816.85126,858.9721,898.5883,827.7168,849.9871,882.0741,879.1761,862.1036,938501.0,41.61,0.0,863.0,866.0,855.0,30.37,303.8,0.0,0.0,0.0,0.0,0.0,0.0,0.0,0.0,302.2,302.7,164.3,-0.3,57.53,58.17,59.0,58.0,0.0,270.0,273.8,273.0,272.0,0.68,0.0,50.05,48.22,0.0,48.21,0.999,6000.0,420331.0,322.0,437.0,59.92,7.0,43.0,48.0,59.58,29.73,62.57,862.0,59.76,60.59,61.07,60.0,59.5,75.6,1.0,272.0,272.1,271.0,49.23,-2.008,49.27,1962.0,433230.0,13740.0,1967.0,-0.999,0.818,0.791,0.836,44.15,44.2,44.16,33.11,13.41,13.43,13.42,10.06,33.0,33.0,33.0,25.0,1.308,10.72,65.66,3.0,3.497,2.0,-1.0,13.33,0.005,0.334,3.0,2.0,0.0,0.0,60.23,62.11,63.24,63.91,61.76,62.6,59.14,68.79,60.85,61.78,67.2,73.14,63.67,66.5,72.68,72.86,61.13,69.5,71.84
2017-06-30 10:23:00-05:00,820.80695,863.55676,902.7334,832.61615,854.2364,887.1523,884.0687,866.81836,938502.0,41.68,0.0,867.0,872.0,859.0,30.68,303.2,0.0,0.0,0.0,0.0,0.0,0.0,0.0,0.0,301.5,302.0,165.3,-0.3,57.95,58.88,59.0,58.0,0.0,270.0,273.3,273.0,272.0,0.678,0.0,50.21,48.4,0.005,48.38,0.999,6000.0,420332.0,323.0,437.0,59.92,7.0,43.0,48.0,58.1,30.13,62.94,865.0,60.02,60.87,61.36,60.0,59.5,75.6,1.0,272.0,272.0,271.0,49.43,-2.022,49.47,1962.0,433231.0,13740.0,1967.0,-0.999,0.818,0.791,0.836,44.4,44.46,44.39,33.31,13.46,13.48,13.46,10.1,34.0,34.0,34.0,25.0,1.598,238.3,46.6,2.9,3.497,2.0,-1.0,13.33,0.005,0.334,3.0,2.0,0.0,0.0,60.51,62.33,63.51,64.13,61.57,62.83,58.87,68.81,61.74,61.55,66.98,73.25,63.75,66.42,72.82,72.77,60.65,69.25,71.71
2017-06-30 10:24:00-05:00,813.76086,856.1885,895.1539,825.3334,847.283,879.47864,875.6634,859.51044,938503.0,41.75,0.0,859.0,863.0,851.0,31.11,302.4,0.0,0.0,0.0,0.0,0.0,0.0,0.0,0.0,300.8,301.0,163.7,-0.3,57.0,58.0,58.55,57.55,0.0,270.0,273.6,273.0,272.0,0.685,0.0,49.7,47.92,-0.023,47.88,0.999,6000.0,420333.0,324.0,437.0,59.93,7.0,43.0,48.0,59.8,30.12,63.28,857.0,59.28,60.19,60.72,60.0,59.5,75.6,1.0,272.0,272.0,271.0,48.9,-1.916,48.93,1962.0,433232.0,13740.0,1967.0,-0.999,0.818,0.791,0.836,44.07,44.08,44.04,33.06,13.33,13.33,13.32,10.0,34.0,34.0,34.0,25.0,0.905,175.4,51.19,2.5,3.497,2.0,-1.0,13.25,0.004,0.334,3.0,2.0,0.0,0.001,60.68,62.26,63.79,64.24,61.94,62.84,59.13,69.17,63.15,62.08,67.46,73.36,64.13,66.75,72.96,72.95,61.07,69.56,71.93
2017-06-30 10:25:00-05:00,814.3789,856.5159,895.62756,825.5982,846.2529,879.1401,874.7852,858.2138,938504.0,41.81,0.0,859.0,863.0,850.0,31.14,304.7,0.0,0.0,0.0,0.0,0.0,0.0,0.0,0.0,302.9,303.4,162.9,-0.3,57.35,58.05,58.72,57.72,0.0,270.0,273.6,273.0,272.0,0.695,0.0,49.78,47.99,-0.048,47.96,0.999,6000.0,420333.0,324.0,437.0,59.93,7.0,43.0,48.0,58.67,29.43,62.6,858.0,59.54,60.3,60.77,60.0,59.5,75.6,1.0,272.0,272.0,271.0,49.0,-1.907,49.04,1962.0,433233.0,13740.0,1967.0,-0.999,0.818,0.791,0.836,43.82,43.82,43.83,32.87,13.35,13.35,13.36,10.02,34.0,34.0,34.0,25.0,2.432,171.4,21.45,4.2,3.493,2.0,-1.0,13.33,0.006,0.334,3.0,2.0,0.0,0.0,60.31,62.24,63.71,64.17,61.9,62.78,59.54,69.48,62.31,61.52,67.73,73.59,64.6,67.16,73.19,73.11,61.82,69.6,72.06
2017-06-30 10:26:00-05:00,820.9306,863.0655,902.37805,833.0133,852.6912,886.13666,882.8142,864.5788,938505.0,41.87,0.0,865.0,870.0,858.0,30.69,306.9,0.0,0.0,0.0,0.0,0.0,0.0,0.0,0.0,305.2,306.0,163.3,-0.3,58.0,58.73,59.05,58.05,0.0,270.6,273.9,273.5,272.5,0.68,0.0,50.29,48.46,-0.055,48.44,0.999,6000.0,420334.0,325.0,437.0,59.94,7.0,43.05,48.0,58.72,29.05,61.52,864.0,60.05,60.8,61.23,60.0,59.5,75.6,1.0,272.4,272.6,271.1,49.46,-1.919,49.5,1962.0,433234.0,13740.0,1967.0,-0.999,0.818,0.791,0.836,43.95,43.94,43.93,32.95,13.49,13.48,13.48,10.11,34.0,34.0,34.0,26.0,2.298,172.2,24.41,3.6,3.498,2.0,-1.0,13.33,0.005,0.334,3.0,2.0,0.0,0.0,59.15,61.79,63.24,63.7,61.28,62.44,59.55,69.34,61.01,60.53,67.44,73.53,64.76,66.76,73.02,73.31,62.07,69.72,72.23
2017-06-30 10:27:00-05:00,822.29034,864.2117,903.3255,836.4561,855.1378,889.07074,885.95056,867.4077,938506.0,41.95,0.0,866.0,873.0,860.0,30.37,303.2,0.0,0.0,0.0,0.0,0.0,0.0,0.0,0.0,301.2,302.1,166.0,-0.3,57.67,58.6,59.35,58.35,0.0,270.8,274.0,273.8,272.7,0.695,0.0,50.39,48.53,-0.055,48.5,0.999,6000.0,420335.0,326.0,437.0,59.94,7.0,43.93,48.0,59.88,29.42,61.64,865.0,59.94,60.86,61.41,60.0,59.5,75.6,1.0,272.6,273.0,271.5,49.55,-1.921,49.58,1962.0,433234.0,13740.0,1967.0,-0.999,0.818,0.791,0.836,44.51,44.54,44.53,33.38,13.5,13.51,13.5,10.12,35.0,35.0,35.0,26.0,2.062,201.3,26.66,4.1,3.495,2.0,-1.0,13.33,0.005,0.334,3.0,2.0,0.0,0.0,58.55,61.8,62.98,63.62,61.13,62.21,59.47,69.74,63.07,61.59,67.96,73.42,65.07,66.25,72.89,73.48,62.99,69.41,72.42
2017-06-30 10:28:00-05:00,818.3346,859.95447,899.062,832.61615,850.7597,884.5568,881.0579,863.16437,938507.0,42.01,0.0,861.0,868.0,855.0,30.82,303.8,0.0,0.0,0.0,0.0,0.0,0.0,0.0,0.0,301.8,302.6,164.3,-0.3,57.5,58.0,59.0,58.0,0.0,270.7,274.0,273.8,272.6,0.71,0.0,50.06,48.27,-0.195,48.23,0.999,6000.0,420336.0,327.0,437.0,59.96,7.0,43.62,48.0,57.93,30.33,61.96,861.0,59.69,60.49,61.05,60.0,59.5,75.6,1.0,272.4,273.0,271.2,49.28,-1.793,49.32,1962.0,433235.0,13740.0,1967.0,-0.999,0.818,0.791,0.836,44.25,44.2,44.17,33.15,13.44,13.43,13.42,10.07,35.0,35.0,35.0,26.0,1.272,270.2,25.53,3.1,3.497,2.0,-1.0,13.33,0.005,0.334,3.0,2.0,0.0,0.0,58.6,62.05,62.92,63.8,61.3,62.35,59.3,70.23,63.49,62.64,68.53,73.25,64.1,65.61,72.66,73.39,61.49,68.6,72.25
2017-06-30 10:29:00-05:00,823.03204,865.3578,904.9836,836.9858,855.65283,888.9578,885.1979,867.997,938508.0,42.07,0.0,868.0,873.0,860.0,30.42,302.9,0.0,0.0,0.0,0.0,0.0,0.0,0.0,0.0,301.0,302.0,165.7,-0.3,57.83,58.67,59.0,58.0,0.0,271.0,274.0,273.9,272.9,0.713,0.0,50.33,48.51,-0.203,48.48,0.999,6000.0,420337.0,328.0,437.0,59.96,7.0,43.88,48.0,59.55,30.25,62.81,867.0,59.89,60.76,61.4,60.0,59.5,75.6,1.0,272.6,273.0,271.3,49.52,-1.801,49.55,1962.0,433236.0,13740.0,1967.0,-0.999,0.818,0.791,0.836,44.55,44.61,44.51,33.41,13.5,13.51,13.48,10.12,35.0,35.0,35.0,26.0,1.443,302.9,20.12,2.4,3.494,2.0,-1.0,13.33,0.005,0.334,3.0,2.0,0.0,0.001,59.24,62.57,63.42,64.14,61.74,62.67,58.93,70.33,63.35,62.92,68.65,73.08,64.03,66.12,72.49,73.28,61.69,68.83,72.1
2017-06-30 10:30:00-05:00,827.9766,870.5975,910.31287,842.2823,861.70483,895.05164,891.72144,874.1263,938509.0,42.14,0.0,873.0,879.0,865.0,30.59,303.3,0.0,0.0,0.0,0.0,0.0,0.0,0.0,0.0,301.4,302.0,166.5,-0.3,58.0,59.0,59.68,58.68,0.0,270.5,274.0,273.6,272.4,0.707,0.0,50.55,48.74,-0.24,48.71,0.999,6000.0,420338.0,329.0,437.0,59.97,7.0,43.83,48.0,58.92,30.18,63.1,872.0,60.27,61.1,61.74,60.0,59.5,75.6,1.0,272.1,273.0,271.1,49.77,-1.788,49.81,1962.0,433237.0,13740.0,1967.0,-0.999,0.818,0.791,0.836,44.7,44.73,44.74,33.57,13.55,13.57,13.57,10.18,35.0,35.0,35.0,26.0,0.893,207.7,72.72,1.8,3.497,2.0,-1.0,13.27,0.006,0.334,3.0,2.0,0.0,0.001,59.79,62.84,63.65,64.44,61.97,63.08,58.65,70.61,64.31,63.54,68.91,73.27,63.75,66.58,72.71,73.46,61.75,69.39,72.29
2017-06-30 10:31:00-05:00,831.1907,874.03595,913.8658,845.46027,864.924,898.54987,895.2341,877.54456,938510.0,42.2,0.0,877.0,882.0,869.0,30.63,305.6,0.0,0.0,0.0,0.0,0.0,0.0,0.0,0.0,303.9,304.5,165.5,-0.3,58.0,59.0,59.78,58.78,0.0,270.5,274.0,273.4,272.2,0.698,0.0,50.68,48.8,-0.268,48.77,0.999,6000.0,420338.0,329.0,437.0,59.97,7.0,44.0,48.0,58.42,30.05,63.65,875.0,60.51,61.2,61.7,60.0,59.5,75.6,1.0,272.0,273.0,271.0,49.85,-1.771,49.88,1962.0,433238.0,13740.0,1967.0,-0.999,0.818,0.791,0.836,44.46,44.44,44.45,33.34,13.59,13.58,13.58,10.19,36.0,35.0,35.0,26.0,1.118,179.8,16.32,2.4,3.497,2.0,-1.0,13.33,0.005,0.335,3.0,2.0,0.0,0.0,60.05,63.15,63.91,64.83,62.2,63.42,58.69,70.74,63.63,63.2,69.04,73.38,64.22,66.16,72.91,73.68,61.61,69.78,72.36
2017-06-30 10:32:00-05:00,833.66296,876.49207,916.2344,847.8436,867.3706,901.5968,898.1195,879.902,938511.0,42.26,0.0,879.0,885.0,872.0,30.78,303.3,0.0,0.0,0.0,0.0,0.0,0.0,0.0,0.0,301.6,302.1,167.1,-0.3,58.05,59.0,60.0,59.0,0.0,270.2,274.0,273.1,272.1,0.697,0.0,50.82,48.95,-0.275,48.93,0.999,6000.0,420339.0,330.0,437.0,59.97,7.0,44.0,48.0,59.9,29.85,63.65,878.0,60.6,61.37,62.0,60.0,59.5,75.6,1.0,272.0,272.9,271.0,49.98,-1.766,50.01,1962.0,433239.0,13740.0,1967.0,-0.999,0.818,0.791,0.836,44.93,44.91,44.95,33.66,13.63,13.62,13.63,10.21,36.0,36.0,36.0,27.0,1.517,173.0,19.64,2.8,3.495,2.0,-1.0,13.33,0.005,0.335,3.0,2.0,0.0,0.0,60.19,63.23,64.17,65.06,62.54,63.65,59.23,71.01,64.02,62.57,69.34,73.74,64.73,66.94,73.21,73.94,62.6,70.25,72.74
2017-06-30 10:33:00-05:00,836.3825,879.4394,918.83984,850.4919,870.0747,903.8537,901.3813,882.4951,938512.0,42.33,0.0,882.0,887.0,874.0,30.66,303.9,0.0,0.0,0.0,0.0,0.0,0.0,0.0,0.0,302.2,302.7,167.3,-0.3,58.57,59.0,60.0,59.0,0.0,270.0,274.0,273.0,272.0,0.693,0.0,50.95,49.07,-0.258,49.03,0.999,6000.0,420340.0,331.0,437.0,59.97,7.0,44.0,48.0,58.17,29.44,63.33,880.0,60.84,61.6,62.17,60.0,59.5,75.6,1.0,272.0,272.7,271.0,50.14,-1.791,50.17,1962.0,433239.0,13740.0,1967.0,-0.999,0.818,0.791,0.836,44.94,44.97,44.95,33.71,13.66,13.66,13.66,10.24,36.0,36.0,36.0,27.0,1.688,186.6,17.51,2.8,3.493,2.0,-1.0,13.33,0.005,0.335,3.0,2.0,0.0,0.0,60.07,63.52,64.11,65.24,62.59,63.78,59.47,70.53,62.12,62.59,68.96,73.96,64.72,66.84,73.43,74.04,62.98,69.99,72.74
2017-06-30 10:34:00-05:00,835.39355,878.62067,918.24774,849.1678,869.30206,901.5968,900.00134,881.43427,938513.0,42.39,0.0,881.0,886.0,872.0,30.59,305.2,0.0,0.0,0.0,0.0,0.0,0.0,0.0,0.0,303.3,304.2,166.4,-0.3,58.67,59.0,60.0,59.0,0.0,270.0,273.9,273.0,272.0,0.692,0.0,50.84,49.02,-0.277,49.0,0.999,6000.0,420341.0,332.0,437.0,59.97,7.0,44.0,48.0,59.23,29.35,63.38,879.0,60.82,61.53,62.02,60.0,59.5,75.6,1.0,272.0,272.3,271.0,50.05,-1.776,50.08,1962.0,433240.0,13740.0,1967.0,-0.999,0.818,0.791,0.836,44.68,44.7,44.74,33.55,13.64,13.64,13.66,10.24,36.0,36.0,36.0,27.0,1.31,180.5,50.07,2.8,3.492,2.0,-1.0,13.33,0.005,0.335,3.0,2.0,0.0,0.0,60.02,63.32,63.94,65.12,62.35,63.73,59.56,70.07,62.64,62.24,68.36,74.2,65.31,67.33,73.65,74.09,62.36,70.02,72.81
2017-06-30 10:35:00-05:00,838.7312,882.2229,922.27435,853.27264,872.52124,904.98224,903.51404,884.14526,938514.0,42.45,0.0,885.0,891.0,875.0,30.63,305.3,0.0,0.0,0.0,0.0,0.0,0.0,0.0,0.0,303.4,304.1,166.9,-0.3,58.78,59.1,60.0,59.0,0.0,270.9,274.0,273.9,272.9,0.703,0.0,51.05,49.2,-0.268,49.17,0.999,6000.0,420342.0,333.0,437.0,59.97,7.0,44.0,48.0,59.38,29.84,63.26,883.0,60.9,61.59,62.14,60.0,59.5,75.6,1.0,272.9,273.0,271.9,50.24,-1.78,50.27,1962.0,433241.0,13740.0,1967.0,-0.999,0.818,0.791,0.836,44.93,44.93,44.91,33.67,13.72,13.72,13.71,10.28,36.0,36.0,36.0,27.0,1.733,202.6,52.79,3.0,3.497,2.0,-1.0,13.23,-0.005,0.335,3.0,2.0,0.0,0.001,60.24,63.59,63.92,65.19,62.33,63.78,59.21,70.2,62.86,62.42,68.5,74.31,65.03,67.27,73.76,74.04,62.68,69.64,72.73
2017-06-30 10:36:00-05:00,844.0467,887.6263,928.0774,859.2312,877.92944,911.7531,909.9121,889.5673,938515.0,42.52,0.0,891.0,897.0,882.0,30.53,305.8,0.0,0.0,0.0,0.0,0.0,0.0,0.0,0.0,304.1,304.9,167.6,-0.3,59.0,60.0,60.5,59.5,0.0,270.3,273.7,273.3,272.3,0.693,0.0,51.4,49.5,-0.137,49.48,0.999,6000.0,420342.0,333.0,437.0,59.95,7.0,44.0,48.1,58.22,29.8,63.01,889.0,61.44,62.13,62.61,60.0,59.5,75.6,1.0,272.2,272.4,271.2,50.56,-1.893,50.6,1962.0,433242.0,13740.0,1967.0,-0.999,0.818,0.791,0.836,45.03,45.07,45.08,33.81,13.77,13.78,13.79,10.34,37.0,37.0,37.0,27.0,2.28,214.2,21.35,3.6,3.495,2.0,-1.0,13.33,0.015,0.335,3.0,2.0,0.0,0.0,60.28,63.47,63.97,65.32,62.29,63.81,59.37,70.14,61.97,62.01,68.41,74.37,65.06,67.38,73.87,74.05,62.64,69.59,72.64
2017-06-30 10:37:00-05:00,849.733,894.50323,935.18317,865.4547,883.85266,917.39545,916.3102,895.57874,938516.0,42.58,0.0,897.0,903.0,887.0,30.63,307.1,0.0,0.0,0.0,0.0,0.0,0.0,0.0,0.0,305.3,305.8,167.9,-0.3,59.5,60.22,60.88,59.88,0.0,270.0,273.3,273.0,272.0,0.698,0.0,51.66,49.75,-0.022,49.72,0.999,6000.0,420343.0,334.0,437.0,59.93,7.0,44.0,48.92,59.87,30.01,62.85,895.0,61.78,62.5,62.98,60.0,59.5,75.6,1.0,272.0,272.0,271.0,50.79,-1.993,50.83,1962.0,433243.0,13740.0,1967.0,-0.999,0.818,0.791,0.836,45.16,45.16,45.16,33.85,13.87,13.87,13.87,10.39,37.0,37.0,37.0,28.0,1.528,238.7,18.41,2.6,3.494,2.0,-1.0,13.33,0.005,0.336,3.0,2.0,0.0,0.0,60.47,63.45,63.62,65.09,62.32,63.72,59.33,70.01,63.27,62.26,68.18,74.29,64.61,66.84,73.87,74.15,61.89,69.6,72.74
2017-06-30 10:38:00-05:00,859.4986,906.2924,947.3816,867.8381,892.86633,920.78094,915.9339,898.8791,938517.0,42.65,0.0,908.0,906.0,891.0,30.91,303.9,0.0,0.0,0.0,0.0,0.0,0.0,0.0,0.0,302.2,302.7,171.4,-0.3,60.13,60.93,61.57,60.57,0.0,270.0,273.6,273.0,272.0,0.693,0.0,52.21,50.3,-0.003,50.27,0.999,6000.0,420344.0,335.0,437.0,59.93,7.0,44.0,49.0,58.45,30.56,63.28,905.0,62.43,63.21,63.76,60.0,59.5,75.6,1.0,272.0,272.0,271.0,51.39,-2.038,51.43,1962.0,433244.0,13740.0,1967.0,-0.999,0.818,0.791,0.836,46.1,46.11,46.08,34.57,14.01,14.01,14.0,10.5,37.0,37.0,37.0,28.0,1.177,184.2,39.27,1.9,3.497,2.0,-1.0,13.33,0.005,0.336,3.0,2.0,0.0,0.0,61.0,63.56,64.0,65.05,62.64,63.8,59.05,69.89,62.12,62.21,68.18,74.29,64.03,66.62,73.87,73.76,61.22,69.55,72.49
2017-06-30 10:39:00-05:00,871.11847,917.4267,958.04016,889.2891,906.38684,942.222,939.51904,915.9703,938518.0,42.72,0.0,919.0,925.0,911.0,30.96,303.7,0.0,0.0,0.0,0.0,0.0,0.0,0.0,0.0,301.9,302.4,173.6,-0.3,60.9,61.75,62.23,61.23,0.0,270.0,273.7,273.0,272.0,0.688,0.0,52.85,50.9,-0.003,50.89,0.999,6000.0,420345.0,336.0,437.0,59.93,7.0,44.0,49.0,58.92,30.65,63.94,917.0,63.13,63.9,64.5,60.0,59.5,75.6,1.0,272.0,272.0,271.0,51.97,-2.066,52.01,1962.0,433245.0,13740.0,1967.0,-0.999,0.818,0.791,0.836,46.71,46.72,46.67,35.05,14.18,14.19,14.17,10.64,37.0,37.0,37.0,28.0,1.362,210.5,31.03,2.7,3.497,2.0,-1.0,13.33,0.005,0.337,3.0,2.0,0.0,0.0,61.28,63.62,64.34,65.44,62.91,64.11,59.13,69.9,61.88,62.42,68.26,74.54,64.47,67.51,74.17,73.74,61.45,69.81,72.62
2017-06-30 10:40:00-05:00,874.82697,923.485,962.7774,899.0877,916.5594,952.3783,947.2972,923.7497,938519.0,42.78,0.0,922.0,932.0,918.0,30.67,302.6,0.0,0.0,0.0,0.0,0.0,0.0,0.0,0.0,301.0,301.3,174.6,-0.3,60.85,61.83,62.43,61.43,0.0,270.0,273.2,273.0,272.0,0.682,0.0,52.95,51.03,-0.048,51.01,0.999,6000.0,420346.0,337.0,437.0,59.93,7.0,44.0,49.0,59.82,30.1,64.19,916.0,63.27,64.15,64.77,60.0,59.5,75.6,1.0,272.0,272.0,271.0,52.13,-2.037,52.17,1962.0,433245.0,13740.0,1967.0,-0.999,0.818,0.791,0.836,46.86,46.84,46.84,35.11,14.18,14.18,14.18,10.63,38.0,38.0,38.0,28.0,1.687,189.1,31.73,3.0,3.494,2.0,-1.0,13.33,0.005,0.337,3.0,2.0,0.0,0.0,61.46,64.01,64.29,65.66,63.11,64.22,59.4,70.15,62.85,62.45,68.39,74.7,64.41,67.75,74.38,74.02,61.79,70.13,72.83
2017-06-30 10:41:00-05:00,863.82513,911.20465,949.7501,878.03394,892.7376,925.29486,920.45013,896.99316,938520.0,42.84,0.0,912.0,908.0,895.0,30.63,305.7,0.0,0.0,0.0,0.0,0.0,0.0,0.0,0.0,303.8,304.5,170.1,-0.3,60.03,60.88,61.35,60.35,0.0,270.0,273.8,273.0,272.0,0.695,0.0,52.1,50.22,-0.1,50.19,0.999,6000.0,420347.0,338.0,437.0,59.95,7.0,44.0,49.0,58.0,30.57,64.04,910.0,62.32,63.07,63.55,60.0,59.5,75.6,1.0,272.0,272.1,271.0,51.28,-1.949,51.32,1962.0,433246.0,13740.0,1967.0,-0.999,0.818,0.791,0.836,45.8,45.77,45.8,34.34,14.0,13.99,14.0,10.5,38.0,38.0,38.0,28.0,2.143,234.9,43.84,3.4,3.497,2.0,-1.0,13.25,-0.002,0.336,3.0,2.0,0.0,0.001,61.22,64.0,64.31,65.56,63.01,64.11,59.6,70.17,62.78,62.55,68.33,74.81,64.76,67.86,74.47,74.38,61.98,70.6,73.04
2017-06-30 10:42:00-05:00,871.86017,916.9354,956.85596,888.3622,904.06903,937.70807,933.121,910.0768,938521.0,42.9,0.0,916.0,919.0,906.0,30.62,304.9,0.0,0.0,0.0,0.0,0.0,0.0,0.0,0.0,303.1,303.7,172.1,-0.3,60.77,61.2,62.0,61.0,0.0,270.0,273.4,273.0,272.0,0.705,0.0,52.55,50.69,-0.143,50.66,0.999,6000.0,420347.0,338.0,437.0,59.95,7.0,44.0,49.0,59.6,30.16,64.16,915.0,62.93,63.64,64.16,60.0,59.5,75.6,1.0,272.0,272.0,271.0,51.74,-1.953,51.78,1962.0,433247.0,13740.0,1967.0,-0.999,0.818,0.791,0.836,46.25,46.31,46.31,34.67,14.1,14.12,14.12,10.57,38.0,38.0,38.0,28.0,2.23,231.4,27.56,3.7,3.495,2.0,-1.0,13.29,0.005,0.337,3.0,2.0,0.0,0.001,61.21,63.92,64.24,65.5,62.7,64.1,59.67,70.09,63.42,62.44,68.23,74.88,64.6,67.65,74.59,74.33,61.67,70.58,73.06
2017-06-30 10:43:00-05:00,870.3768,915.7893,955.67163,887.3029,903.94025,937.70807,933.62274,911.25543,938522.0,42.97,0.0,916.0,920.0,906.0,30.47,306.7,0.0,0.0,0.0,0.0,0.0,0.0,0.0,0.0,304.8,305.5,170.8,-0.3,60.68,61.07,61.8,60.8,0.0,269.9,273.2,273.0,271.8,0.713,0.0,52.45,50.52,-0.183,50.49,0.999,6000.0,420348.0,339.0,437.0,59.96,7.0,44.0,49.0,59.22,30.4,64.52,914.0,62.81,63.5,63.95,60.0,59.5,75.6,1.0,272.0,272.0,271.0,51.59,-1.896,51.63,1962.0,433248.0,13740.0,1967.0,-0.999,0.818,0.791,0.836,45.81,45.86,45.83,34.35,14.05,14.07,14.06,10.53,38.0,38.0,38.0,29.0,1.253,281.6,22.33,2.1,3.497,2.0,-1.0,13.29,0.005,0.338,3.0,2.0,0.0,0.0,61.48,64.11,64.44,65.45,62.9,64.17,59.7,70.34,64.26,62.93,68.52,75.05,64.86,67.57,74.72,74.64,61.89,70.86,73.3
2017-06-30 10:44:00-05:00,865.6794,910.8772,950.93445,882.9333,899.5622,933.19415,930.8628,908.3087,938523.0,43.03,0.0,912.0,916.0,902.0,30.34,310.1,0.0,0.0,0.0,0.0,0.0,0.0,0.0,0.0,308.0,309.0,166.8,-0.3,60.0,60.67,61.0,60.0,0.0,269.9,273.1,273.0,271.9,0.697,0.0,51.84,49.9,-0.172,49.88,0.999,6000.0,420349.0,340.0,437.0,59.95,7.0,44.0,49.0,58.38,30.25,64.56,910.0,62.05,62.74,63.19,60.0,59.5,75.6,1.0,272.0,272.0,271.0,50.97,-1.888,51.01,1962.0,433249.0,13740.0,1967.0,-0.999,0.818,0.791,0.836,44.81,44.88,44.8,33.57,13.9,13.92,13.89,10.41,39.0,39.0,39.0,29.0,1.707,244.6,21.47,2.8,3.497,2.0,-1.0,13.29,0.005,0.337,3.0,2.0,0.0,0.0,61.54,64.29,64.86,65.76,63.32,64.6,60.22,70.65,63.9,63.2,68.8,75.31,64.84,68.34,74.98,74.97,62.12,71.25,73.64
2017-06-30 10:45:00-05:00,861.8473,906.94745,947.3816,879.3581,895.57043,929.8087,928.4792,905.9513,938524.0,43.08,0.0,908.0,913.0,899.0,30.48,310.0,0.0,0.0,0.0,0.0,0.0,0.0,0.0,0.0,308.0,308.9,166.0,-0.3,59.37,60.0,61.0,60.0,0.0,269.6,273.0,272.7,271.5,0.708,0.0,51.57,49.67,-0.233,49.65,0.999,6000.0,420350.0,341.0,437.0,59.96,7.0,44.0,49.0,59.9,30.54,64.93,907.0,61.78,62.44,62.88,60.0,59.5,75.6,1.0,271.6,272.0,270.8,50.72,-1.835,50.75,1962.0,433250.0,13740.0,1967.0,-0.999,0.818,0.791,0.836,44.62,44.6,44.61,33.48,13.83,13.83,13.83,10.38,39.0,39.0,39.0,29.0,1.218,255.3,35.94,3.9,3.497,2.0,-1.0,13.29,0.005,0.337,3.0,2.0,0.0,0.0,62.0,64.44,65.04,65.91,63.53,64.81,60.07,70.94,65.05,63.79,69.15,75.52,64.77,68.61,75.19,75.12,62.1,71.54,73.82
2017-06-30 10:46:00-05:00,858.7569,903.83636,944.65765,876.44495,892.2225,927.55176,927.2247,904.1832,938525.0,43.15,0.0,905.0,910.0,897.0,30.55,309.5,0.0,0.0,0.0,0.0,0.0,0.0,0.0,0.0,307.5,308.4,165.7,-0.3,59.12,60.0,60.7,59.7,0.0,269.3,273.0,272.5,271.3,0.728,0.0,51.4,49.54,-0.155,49.5,0.999,6000.0,420351.0,342.0,437.0,59.95,7.0,44.0,49.0,58.35,30.71,64.92,904.0,61.64,62.28,62.77,60.0,59.5,75.6,1.0,271.3,272.0,270.5,50.58,-1.877,50.62,1962.0,433251.0,13740.0,1967.0,-0.999,0.818,0.791,0.836,44.52,44.52,44.59,33.37,13.78,13.78,13.8,10.33,39.0,39.0,39.0,29.0,1.368,263.2,35.78,2.9,3.497,2.0,-1.0,13.23,0.022,0.337,3.0,2.0,0.0,0.001,61.94,64.72,65.29,65.99,63.61,64.96,60.05,71.15,64.72,63.21,69.38,75.74,65.16,68.76,75.4,75.15,62.0,71.54,73.85
2017-06-30 10:47:00-05:00,860.2403,905.1463,946.19727,876.9747,892.48004,928.68024,927.601,904.1832,938526.0,43.22,0.0,907.0,910.0,897.0,30.97,308.4,0.0,0.0,0.0,0.0,0.0,0.0,0.0,0.0,306.4,307.3,166.2,-0.3,59.18,60.18,60.33,59.33,0.0,269.7,273.1,273.0,271.7,0.723,0.0,51.37,49.48,-0.143,49.47,0.999,6000.0,420352.0,343.0,437.0,59.95,7.0,44.0,49.0,59.0,31.59,65.35,905.0,61.54,62.2,62.73,60.0,59.5,75.6,1.0,271.9,272.0,271.0,50.55,-1.891,50.59,1962.0,433251.0,13740.0,1967.0,-0.999,0.818,0.791,0.836,44.72,44.74,44.71,33.54,13.79,13.79,13.79,10.34,39.0,39.0,39.0,29.0,1.25,224.3,34.45,2.5,3.497,2.0,-1.0,13.23,-0.011,0.337,3.0,2.0,0.0,0.001,62.42,64.58,65.59,66.01,63.91,65.13,60.51,71.08,64.07,63.75,69.48,75.8,64.85,69.2,75.46,75.16,62.24,71.76,74.02
2017-06-30 10:48:00-05:00,861.7237,906.62,947.3816,879.3581,895.44165,930.93726,929.6082,906.6585,938527.0,43.27,0.0,908.0,912.0,898.0,30.92,307.0,0.0,0.0,0.0,0.0,0.0,0.0,0.0,0.0,305.3,305.8,167.9,-0.3,59.73,60.07,61.0,60.0,0.0,269.8,273.2,273.0,271.8,0.732,0.0,51.68,49.82,-0.205,49.8,0.999,6000.0,420352.0,343.0,437.0,59.96,7.0,44.0,49.0,59.62,30.88,64.72,907.0,61.9,62.57,63.07,60.0,59.5,75.6,1.0,271.9,272.0,271.0,50.86,-1.861,50.89,1962.0,433252.0,13740.0,1967.0,-0.999,0.818,0.791,0.836,45.15,45.12,45.2,33.86,13.86,13.85,13.88,10.39,39.0,39.0,39.0,29.0,2.727,232.8,34.66,4.3,3.495,2.0,-1.0,13.29,0.005,0.337,3.0,2.0,0.0,0.0,61.71,64.75,65.27,66.15,63.71,65.09,60.33,71.44,64.73,63.36,69.79,75.68,64.63,68.32,75.34,75.09,61.25,71.31,73.9
2017-06-30 10:49:00-05:00,856.7791,902.0352,943.11804,875.3857,891.83624,926.4232,925.84467,903.2403,938528.0,43.33,0.0,904.0,909.0,894.0,30.88,309.5,0.0,0.0,0.0,0.0,0.0,0.0,0.0,0.0,307.4,308.4,165.5,-0.3,59.0,60.0,60.38,59.38,0.0,269.8,273.2,272.8,271.7,0.72,0.0,51.32,49.44,-0.248,49.42,0.999,6000.0,420353.0,344.0,437.0,59.97,7.0,44.0,49.0,58.1,30.66,64.87,902.0,61.49,62.16,62.64,60.0,59.5,75.6,1.0,271.9,272.0,270.9,50.51,-1.805,50.54,1962.0,433253.0,13740.0,1967.0,-0.999,0.818,0.791,0.836,44.53,44.51,44.47,33.34,13.78,13.77,13.76,10.32,40.0,40.0,40.0,30.0,2.138,243.4,27.12,3.6,3.497,2.0,-1.0,13.29,0.005,0.337,3.0,2.0,0.0,0.0,61.82,64.63,65.15,65.87,63.38,64.91,60.14,71.18,64.45,63.32,69.43,75.42,63.88,68.17,75.12,74.6,60.9,70.82,73.41
2017-06-30 10:50:00-05:00,853.68866,899.088,940.3941,872.0753,888.4883,923.03784,922.5829,899.93994,938529.0,43.4,0.0,901.0,905.0,891.0,30.58,309.1,0.0,0.0,0.0,0.0,0.0,0.0,0.0,0.0,307.1,308.0,165.4,-0.3,59.0,60.0,60.07,59.07,0.0,269.3,273.0,272.3,271.1,0.732,0.0,51.23,49.34,-0.122,49.31,0.999,6000.0,420354.0,345.0,437.0,59.95,7.0,44.0,49.0,59.85,30.41,65.22,899.0,61.41,62.07,62.55,60.0,59.5,75.6,1.0,271.2,272.0,270.2,50.4,-1.893,50.44,1962.0,433254.0,13740.0,1967.0,-0.999,0.818,0.791,0.836,44.48,44.47,44.4,33.31,13.75,13.75,13.72,10.3,40.0,40.0,40.0,30.0,1.543,236.7,31.2,2.6,3.497,2.0,-1.0,13.29,0.005,0.337,3.0,2.0,0.0,0.0,62.1,64.64,65.02,65.63,63.27,64.83,60.37,70.95,64.79,63.2,69.26,75.09,63.6,67.92,74.76,74.08,60.2,70.39,72.93
2017-06-30 10:51:00-05:00,855.2957,900.72534,942.28906,873.9291,889.64716,925.29486,924.2138,901.1186,938530.0,43.46,0.0,903.0,905.0,893.0,30.72,309.1,0.0,0.0,0.0,0.0,0.0,0.0,0.0,0.0,307.0,308.0,165.5,-0.3,59.0,60.0,60.2,59.2,0.0,269.0,273.0,272.0,271.0,0.722,0.0,51.25,49.32,-0.172,49.3,0.999,6000.0,420355.0,346.0,437.0,59.95,7.0,44.03,49.0,58.42,30.65,65.59,901.0,61.44,62.11,62.61,60.0,59.5,75.6,1.0,271.0,272.0,270.0,50.41,-1.872,50.45,1962.0,433255.0,13740.0,1967.0,-0.999,0.818,0.791,0.836,44.46,44.39,44.47,33.35,13.74,13.72,13.74,10.31,40.0,40.0,40.0,30.0,1.228,244.4,41.77,1.9,3.497,2.0,-1.0,13.29,0.006,0.337,3.0,2.0,0.0,0.0,62.56,64.81,65.38,65.75,63.35,64.96,60.68,71.14,65.39,63.59,69.5,75.1,64.11,68.08,74.77,74.04,60.22,70.46,72.96
2017-06-30 10:52:00-05:00,856.9027,902.19904,944.3023,875.91534,890.8061,927.55176,926.34644,902.88666,938531.0,43.53,0.0,904.0,906.0,895.0,31.0,309.7,0.0,0.0,0.0,0.0,0.0,0.0,0.0,0.0,307.6,308.5,164.6,-0.3,59.0,60.0,60.13,59.13,0.0,269.0,272.8,272.0,271.0,0.733,0.0,51.1,49.23,-0.157,49.21,0.999,6000.0,420356.0,347.0,437.0,59.95,7.0,44.07,49.02,58.87,31.24,65.88,902.0,61.35,62.01,62.5,60.0,59.5,75.6,1.0,271.0,271.6,270.0,50.27,-1.87,50.3,1962.0,433256.0,13740.0,1967.0,-0.999,0.818,0.791,0.836,44.24,44.3,44.27,33.15,13.7,13.72,13.71,10.27,40.0,40.0,40.0,30.0,1.083,213.0,73.67,3.2,3.497,2.0,-1.0,13.23,0.003,0.337,3.0,2.0,0.0,0.001,63.1,65.18,65.82,66.1,63.42,65.28,61.19,71.3,65.33,63.79,69.66,75.31,64.27,68.64,74.93,74.09,60.64,70.77,73.02
2017-06-30 10:53:00-05:00,859.375,904.81885,947.3816,878.8284,892.48004,929.8087,929.35736,905.1262,938532.0,43.58,0.0,908.0,908.0,897.0,30.99,308.1,0.0,0.0,0.0,0.0,0.0,0.0,0.0,0.0,306.1,307.0,166.7,-0.3,59.42,60.38,60.83,59.83,0.0,269.0,272.7,272.0,271.0,0.718,0.0,51.48,49.6,-0.067,49.58,0.999,6000.0,420357.0,348.0,437.0,59.94,7.0,44.15,49.17,59.82,30.33,65.31,906.0,61.83,62.47,62.95,60.0,59.5,75.6,1.0,271.0,271.6,270.0,50.65,-1.96,50.68,1962.0,433256.0,13740.0,1967.0,-0.999,0.818,0.791,0.836,44.85,44.85,44.87,33.62,13.82,13.82,13.82,10.36,41.0,41.0,41.0,30.0,2.602,197.5,33.28,4.8,3.497,2.0,-1.0,13.29,0.008,0.337,3.0,2.0,0.0,0.001,62.84,65.0,65.68,65.95,63.28,65.08,61.36,70.72,63.59,62.78,69.22,75.32,64.51,68.57,74.92,73.97,60.71,70.34,72.83
2017-06-30 10:54:00-05:00,863.57794,909.4035,952.1188,882.80084,895.9568,933.19415,934.1246,908.07294,938533.0,43.64,0.0,912.0,911.0,901.0,30.84,301.9,0.0,0.0,0.0,0.0,0.0,0.0,0.0,0.0,300.1,300.7,172.6,-0.3,60.0,61.0,62.0,61.0,0.0,269.0,272.1,272.0,271.0,0.728,0.0,52.24,50.31,-0.048,50.3,0.999,6000.0,420357.0,348.0,437.0,59.94,7.0,44.0,49.92,57.98,30.01,64.87,910.0,62.67,63.36,64.09,60.0,59.5,75.6,1.0,271.0,271.0,270.0,51.38,-1.998,51.41,1962.0,433257.0,13741.0,1967.0,-0.999,0.818,0.791,0.836,46.41,46.39,46.36,34.81,14.01,14.0,14.0,10.51,41.0,41.0,41.0,30.0,1.8,236.0,29.5,3.1,3.493,2.0,-1.0,13.29,0.006,0.337,3.0,2.0,0.0,0.0,62.44,64.53,64.98,65.54,62.96,64.71,61.14,70.35,63.29,62.18,68.67,75.24,64.67,68.11,74.87,73.73,61.38,69.92,72.47
2017-06-30 10:55:00-05:00,864.44324,910.5496,954.4873,884.78705,897.50195,935.4512,936.38275,909.72314,938534.0,43.69,0.0,914.0,913.0,903.0,30.87,304.7,0.0,0.0,0.0,0.0,0.0,0.0,0.0,0.0,302.8,303.6,170.8,-0.3,60.05,61.0,61.9,60.9,0.0,269.0,272.1,272.0,271.0,0.715,0.0,52.19,50.27,-0.232,50.24,0.999,6000.0,420358.0,349.0,437.0,59.96,7.0,44.6,50.0,59.77,30.15,64.91,911.0,62.67,63.35,63.88,60.0,59.5,75.6,1.0,271.0,271.0,270.0,51.32,-1.867,51.36,1962.0,433258.0,13741.0,1967.0,-0.999,0.818,0.791,0.836,45.92,45.95,45.9,34.42,13.99,14.0,13.99,10.49,41.0,41.0,41.0,31.0,1.703,213.2,36.53,3.2,3.494,2.0,-1.0,13.29,0.006,0.338,3.0,2.0,0.0,0.0,62.47,64.58,65.15,65.61,63.28,64.8,60.55,70.46,63.65,62.37,68.76,75.16,64.19,67.9,74.65,73.6,61.15,69.84,72.27
2017-06-30 10:56:00-05:00,866.1738,912.0233,955.67163,886.37604,897.88824,936.5795,937.38635,910.0768,938535.0,43.76,0.0,915.0,914.0,904.0,30.63,303.1,0.0,0.0,0.0,0.0,0.0,0.0,0.0,0.0,301.5,302.0,172.3,-0.3,60.1,61.0,62.0,61.0,0.0,269.8,273.1,272.8,271.8,0.71,0.0,52.34,50.42,-0.175,50.39,0.999,6000.0,420359.0,350.0,437.0,59.95,7.0,44.8,50.0,58.88,30.38,64.93,913.0,62.67,63.31,63.96,60.0,59.5,75.6,1.0,271.8,271.9,270.7,51.48,-1.915,51.52,1962.0,433259.0,13741.0,1967.0,-0.999,0.818,0.791,0.836,46.28,46.26,46.22,34.72,14.03,14.02,14.01,10.52,41.0,41.0,41.0,31.0,1.662,266.6,22.86,3.0,3.493,2.0,-1.0,13.29,0.006,0.338,3.0,2.0,0.0,0.0,62.44,64.86,65.14,65.85,63.5,64.98,60.53,70.66,64.3,62.9,68.91,75.29,64.33,68.4,74.84,73.68,61.37,70.25,72.37
2017-06-30 10:57:00-05:00,867.7808,914.8068,958.04016,888.89185,900.72107,939.965,940.7736,913.61285,938536.0,43.81,0.0,918.0,918.0,907.0,30.54,304.8,0.0,0.0,0.0,0.0,0.0,0.0,0.0,0.0,303.0,303.6,171.2,-0.3,60.0,61.0,61.68,60.68,0.0,270.0,273.5,273.0,272.0,0.727,0.0,52.36,50.42,-0.2,50.4,0.999,6000.0,420360.0,351.0,437.0,59.96,7.0,44.92,50.0,58.6,30.46,65.21,915.0,62.59,63.32,63.93,60.0,59.5,75.6,1.0,272.0,272.0,271.0,51.49,-1.899,51.53,1962.0,433260.0,13741.0,1967.0,-0.999,0.818,0.791,0.836,46.01,46.03,46.06,34.51,14.02,14.03,14.04,10.52,42.0,42.0,42.0,31.0,1.862,206.3,35.79,3.7,3.493,2.0,-1.0,13.29,0.006,0.338,3.0,2.0,0.0,0.0,62.64,64.98,65.13,65.81,63.63,65.06,60.57,70.81,64.09,62.7,68.95,75.69,64.21,68.71,75.2,74.04,62.38,70.61,72.44
2017-06-30 10:58:00-05:00,868.6461,915.2981,959.2245,888.89185,900.0773,939.965,940.5227,912.6699,938537.0,43.87,0.0,919.0,917.0,907.0,30.8,305.3,0.0,0.0,0.0,0.0,0.0,0.0,0.0,0.0,303.5,304.3,171.3,-0.3,60.48,61.0,61.77,60.77,0.0,269.6,273.1,272.9,271.6,0.717,0.0,52.42,50.49,-0.193,50.45,0.999,6000.0,420361.0,352.0,437.0,59.96,7.0,45.0,50.0,59.93,30.19,64.86,916.0,62.76,63.42,63.97,60.0,59.5,75.6,1.0,271.9,272.0,270.9,51.55,-1.893,51.58,1962.0,433261.0,13741.0,1967.0,-0.999,0.818,0.791,0.836,46.1,46.09,46.12,34.53,14.07,14.07,14.08,10.54,42.0,42.0,42.0,31.0,1.907,204.7,43.1,3.5,3.495,2.0,-1.0,13.29,0.006,0.337,3.0,2.0,0.0,0.0,62.28,64.61,65.17,65.75,63.67,64.83,60.44,70.37,62.17,62.25,68.57,75.83,65.1,68.48,75.33,74.29,62.07,70.48,72.8
2017-06-30 10:59:00-05:00,869.8823,917.263,961.59314,889.9512,901.49365,941.09344,942.0281,913.9665,938538.0,43.93,0.0,920.0,919.0,908.0,30.7,305.5,0.0,0.0,0.0,0.0,0.0,0.0,0.0,0.0,303.7,304.5,171.7,-0.3,60.87,61.03,62.0,61.0,0.0,269.7,273.0,272.9,271.6,0.715,0.0,52.58,50.65,-0.275,50.61,0.999,6000.0,420362.0,353.0,437.0,59.97,7.0,45.0,50.0,58.18,29.87,64.79,917.0,62.98,63.67,64.14,60.0,59.5,75.6,1.0,271.9,272.0,270.9,51.72,-1.84,51.76,1962.0,433262.0,13741.0,1967.0,-0.999,0.818,0.791,0.836,46.13,46.12,46.13,34.61,14.09,14.09,14.09,10.57,42.0,42.0,42.0,31.0,2.287,184.0,16.52,3.8,3.493,2.0,-1.0,13.29,0.006,0.338,3.0,2.0,0.0,0.0,61.86,64.31,64.6,65.47,63.53,64.6,60.51,70.09,62.75,61.76,68.38,75.6,65.46,68.26,75.14,74.1,61.92,69.85,72.63
2017-06-30 11:00:00-05:00,869.3878,916.608,960.4088,889.5539,900.72107,939.965,942.0281,913.2593,938539.0,43.99,0.0,920.0,918.0,908.0,30.59,305.2,0.0,0.0,0.0,0.0,0.0,0.0,0.0,0.0,303.4,304.2,171.8,-0.3,60.83,61.25,62.0,61.0,0.0,269.5,273.0,272.7,271.5,0.708,0.0,52.58,50.64,-0.292,50.62,0.999,6000.0,420362.0,353.0,437.0,59.97,7.0,45.0,50.0,59.35,29.23,64.71,916.0,62.97,63.65,64.19,60.0,59.5,75.6,1.0,271.6,272.0,270.6,51.71,-1.832,51.74,1962.0,433262.0,13741.0,1967.0,-0.999,0.818,0.791,0.836,46.24,46.18,46.23,34.67,14.11,14.1,14.11,10.58,42.0,42.0,42.0,32.0,1.628,184.9,23.62,2.9,3.497,2.0,-1.0,13.29,0.006,0.338,3.0,2.0,0.0,0.0,61.73,64.41,64.33,65.34,63.42,64.35,60.88,70.26,63.23,62.19,68.53,75.79,65.98,68.38,75.31,74.23,62.05,70.12,72.67
2017-06-30 11:01:00-05:00,867.41003,913.8244,958.04016,887.56775,897.37317,937.70807,940.1463,910.19464,938540.0,44.04,0.0,917.0,915.0,904.0,30.53,303.9,0.0,0.0,0.0,0.0,0.0,0.0,0.0,0.0,301.9,302.7,172.6,-0.3,60.78,61.12,62.0,61.0,0.0,269.6,273.0,272.8,271.5,0.702,0.0,52.57,50.61,-0.3,50.58,0.999,6000.0,420363.0,354.0,437.0,59.98,7.0,45.0,50.0,59.35,29.74,64.4,914.0,62.95,63.57,64.15,60.0,59.5,75.6,1.0,271.8,272.0,270.7,51.68,-1.804,51.72,1962.0,433263.0,13741.0,1967.0,-0.999,0.818,0.791,0.836,46.44,46.41,46.41,34.78,14.11,14.1,14.1,10.57,42.0,42.0,42.0,32.0,2.402,212.3,34.63,4.1,3.497,2.0,-1.0,13.29,0.006,0.338,3.0,2.0,0.0,0.0,61.63,64.27,64.07,65.39,63.11,64.23,60.96,70.74,62.54,62.36,68.99,75.83,66.14,68.15,75.24,74.58,61.86,70.36,73.02
2017-06-30 11:02:00-05:00,871.3657,918.0816,962.7774,892.3346,902.0088,941.09344,944.41174,914.5558,938541.0,44.09,0.0,921.0,920.0,909.0,31.08,306.9,0.0,0.0,0.0,0.0,0.0,0.0,0.0,0.0,305.2,306.1,171.2,-0.3,61.0,61.3,62.0,61.0,0.0,269.7,273.0,272.8,271.6,0.7,0.0,52.65,50.68,-0.298,50.66,0.999,6000.0,420364.0,355.0,437.0,59.98,7.0,45.0,50.0,58.27,30.47,64.67,918.0,63.04,63.74,64.19,60.0,59.5,75.6,1.0,271.9,272.0,270.8,51.77,-1.816,51.8,1962.0,433264.0,13741.0,1967.0,-0.999,0.818,0.791,0.836,46.03,45.99,45.97,34.49,14.13,14.12,14.11,10.59,43.0,43.0,43.0,32.0,1.593,236.1,44.99,2.9,3.497,2.0,-1.0,13.29,0.006,0.338,3.0,2.0,0.0,0.0,61.89,64.21,64.11,65.31,62.91,64.2,60.62,70.18,61.87,62.0,68.41,75.4,64.88,67.35,74.86,74.02,60.73,69.56,72.62
2017-06-30 11:03:00-05:00,872.60187,919.3916,963.96173,894.85046,904.3266,943.35046,946.0426,917.0311,938542.0,44.15,0.0,923.0,922.0,911.0,31.34,302.9,0.0,0.0,0.0,0.0,0.0,0.0,0.0,0.0,301.1,301.8,174.1,-0.3,61.0,62.0,62.35,61.35,0.0,269.4,273.0,272.5,271.3,0.705,0.0,52.89,50.91,-0.288,50.9,0.999,6000.0,420365.0,356.0,437.0,59.98,7.0,45.0,50.0,59.97,30.33,64.78,919.0,63.29,64.0,64.6,60.0,59.5,75.6,1.0,271.5,272.0,270.5,52.0,-1.829,52.03,1962.0,433265.0,13741.0,1967.0,-0.999,0.818,0.791,0.836,46.78,46.79,46.75,35.08,14.17,14.17,14.16,10.62,43.0,43.0,43.0,32.0,1.953,215.3,31.09,3.8,3.497,2.0,-1.0,13.22,-0.002,0.338,3.0,2.0,0.0,0.001,62.09,64.43,64.53,65.44,63.23,64.35,60.29,69.68,61.92,61.45,67.82,75.06,64.35,66.84,74.54,73.46,60.13,69.13,72.03
2017-06-30 11:04:00-05:00,871.4893,918.5729,962.7774,894.05597,903.8115,943.35046,944.9136,916.08813,938543.0,44.2,0.0,922.0,921.0,911.0,30.87,302.0,0.0,0.0,0.0,0.0,0.0,0.0,0.0,0.0,300.0,301.0,174.4,-0.3,61.0,62.0,62.15,61.15,0.0,269.1,273.0,272.4,271.1,0.698,0.0,52.87,50.9,-0.225,50.87,0.999,6000.0,420366.0,357.0,437.0,59.96,7.0,45.0,50.0,58.37,30.26,64.84,919.0,63.18,64.07,64.71,60.0,59.5,75.6,1.0,271.3,272.0,270.3,52.0,-1.904,52.03,1962.0,433266.0,13741.0,1967.0,-0.999,0.818,0.791,0.836,46.94,46.96,46.86,35.21,14.18,14.18,14.15,10.63,43.0,43.0,43.0,32.0,1.897,183.5,30.13,2.8,3.497,2.0,-1.0,13.27,0.008,0.338,3.0,2.0,0.0,0.001,62.03,64.68,64.38,65.28,63.19,64.41,60.26,69.2,60.07,61.0,67.3,74.68,64.05,67.14,74.13,72.75,59.69,68.8,71.43
2017-06-30 11:05:00-05:00,869.8823,915.953,960.4088,892.7319,901.1074,942.222,943.53357,913.495,938544.0,44.25,0.0,920.0,919.0,909.0,30.68,305.6,0.0,0.0,0.0,0.0,0.0,0.0,0.0,0.0,303.7,304.5,171.6,-0.3,61.0,61.53,62.0,61.0,0.0,269.0,272.9,272.1,271.0,0.707,0.0,52.57,50.65,-0.137,50.61,0.999,6000.0,420367.0,358.0,437.0,59.95,7.0,45.0,50.0,58.97,30.62,64.98,918.0,63.07,63.76,64.19,60.0,59.5,75.6,1.0,271.0,271.8,270.0,51.71,-1.949,51.75,1962.0,433267.0,13741.0,1967.0,-0.999,0.818,0.791,0.836,46.09,46.07,46.1,34.59,14.08,14.08,14.09,10.57,43.0,43.0,43.0,32.0,1.357,185.2,38.68,3.5,3.495,2.0,-1.0,13.27,0.006,0.338,3.0,2.0,0.0,0.001,62.33,64.73,64.38,65.41,63.18,64.32,60.56,69.06,61.36,61.29,67.22,74.99,65.0,67.4,74.41,72.95,60.32,69.04,71.65
2017-06-30 11:06:00-05:00,872.231,918.5729,962.7774,894.3208,901.7513,943.35046,945.2899,914.79156,938545.0,44.29,0.0,922.0,921.0,911.0,31.0,303.2,0.0,0.0,0.0,0.0,0.0,0.0,0.0,0.0,301.4,301.8,173.6,-0.3,61.0,61.68,62.0,61.0,0.0,269.9,273.7,272.9,271.9,0.712,0.0,52.76,50.84,-0.162,50.82,0.999,6000.0,420367.0,358.0,437.0,59.95,7.0,45.0,50.0,59.77,30.67,64.92,920.0,63.06,63.8,64.49,60.0,59.5,75.6,1.0,271.9,272.2,270.9,51.91,-1.938,51.94,1962.0,433268.0,13741.0,1967.0,-0.999,0.818,0.791,0.836,46.65,46.74,46.68,34.99,14.14,14.17,14.15,10.61,44.0,44.0,44.0,33.0,2.415,201.8,27.1,3.8,3.495,2.0,-1.0,13.27,0.006,0.339,3.0,2.0,0.0,0.0,62.05,64.58,64.54,65.33,63.13,64.32,60.67,69.46,61.35,61.8,67.5,75.53,65.52,67.6,74.94,73.53,60.95,69.54,72.27
2017-06-30 11:07:00-05:00,874.08527,920.7015,965.14606,895.24774,902.7814,943.35046,946.54443,916.08813,938546.0,44.35,0.0,924.0,922.0,911.0,31.1,303.9,0.0,0.0,0.0,0.0,0.0,0.0,0.0,0.0,301.9,302.5,173.5,-0.3,60.98,61.55,62.05,61.05,0.0,270.0,273.9,273.0,272.0,0.718,0.0,52.8,50.88,-0.17,50.86,0.999,6000.0,420368.0,359.0,437.0,59.96,7.0,45.0,50.0,58.03,30.37,65.11,922.0,63.13,63.81,64.47,60.0,59.5,75.6,1.0,272.0,272.5,271.0,51.96,-1.923,52.0,1962.0,433268.0,13741.0,1967.0,-0.999,0.818,0.791,0.836,46.62,46.68,46.65,34.98,14.17,14.19,14.18,10.63,44.0,44.0,44.0,33.0,2.353,263.9,29.28,4.1,3.497,2.0,-1.0,13.27,0.006,0.339,3.0,2.0,0.0,0.0,62.15,64.68,64.62,65.26,62.72,64.21,60.45,69.44,62.02,61.62,67.45,75.62,65.01,67.43,75.06,73.63,60.36,68.98,72.35
2017-06-30 11:08:00-05:00,879.15344,926.26855,969.88324,901.07385,909.34845,950.1213,952.3153,921.9817,938547.0,44.39,0.0,929.0,927.0,917.0,31.04,306.1,0.0,0.0,0.0,0.0,0.0,0.0,0.0,0.0,304.2,304.9,172.3,-0.3,60.97,61.63,62.28,61.28,0.0,270.0,273.6,273.0,272.0,0.723,0.0,52.86,50.92,-0.143,50.89,0.999,6000.0,420369.0,360.0,437.0,59.95,7.0,45.0,50.0,59.83,31.22,65.68,926.0,63.25,63.91,64.46,60.0,59.5,75.6,1.0,272.0,272.0,271.0,51.98,-1.954,52.02,1962.0,433269.0,13741.0,1967.0,-0.999,0.818,0.791,0.836,46.3,46.31,46.32,34.72,14.17,14.17,14.17,10.62,44.0,44.0,44.0,33.0,1.842,253.8,33.14,3.2,3.497,2.0,-1.0,13.27,0.006,0.339,3.0,2.0,0.0,0.0,62.88,65.07,65.06,65.46,63.22,64.5,60.43,69.36,62.25,61.71,67.46,75.31,64.72,66.84,74.85,73.35,60.33,68.94,72.09
2017-06-30 11:09:00-05:00,877.05206,923.485,966.3304,899.35254,908.0608,948.99286,951.3117,920.68506,938548.0,44.45,0.0,926.0,926.0,915.0,31.09,308.6,0.0,0.0,0.0,0.0,0.0,0.0,0.0,0.0,306.8,307.3,169.7,-0.3,60.8,61.0,62.0,61.0,0.0,269.8,273.3,272.9,271.7,0.722,0.0,52.5,50.54,-0.152,50.52,0.999,6000.0,420370.0,361.0,437.0,59.95,7.0,45.0,50.0,58.77,31.23,65.76,923.0,62.87,63.57,64.01,60.0,59.5,75.6,1.0,271.9,272.0,270.9,51.65,-1.935,51.68,1962.0,433270.0,13741.0,1967.0,-0.999,0.818,0.791,0.836,45.6,45.62,45.57,34.2,14.07,14.08,14.06,10.55,44.0,44.0,44.0,33.0,2.287,260.7,22.66,3.6,3.494,2.0,-1.0,13.26,0.007,0.338,3.0,2.0,0.0,0.0,63.09,65.57,65.11,65.72,63.38,64.94,60.45,69.32,61.76,61.15,67.41,75.28,64.05,66.98,74.84,73.18,59.84,68.93,71.8
2017-06-30 11:10:00-05:00,874.95056,921.3564,963.96173,897.1015,905.6142,946.73584,948.8026,917.8562,938549.0,44.49,0.0,923.0,923.0,913.0,31.05,304.6,0.0,0.0,0.0,0.0,0.0,0.0,0.0,0.0,302.7,303.3,172.4,-0.3,60.88,61.6,62.0,61.0,0.0,269.6,273.1,272.7,271.5,0.727,0.0,52.66,50.73,-0.098,50.73,0.999,6000.0,420371.0,362.0,437.0,59.94,7.0,45.0,50.0,58.65,30.75,65.85,921.0,63.07,63.75,64.35,60.0,59.5,75.6,1.0,271.7,272.0,270.7,51.81,-1.977,51.85,1962.0,433271.0,13741.0,1967.0,-0.999,0.818,0.791,0.836,46.44,46.39,46.36,34.79,14.14,14.13,14.12,10.6,45.0,45.0,45.0,33.0,1.372,238.3,44.64,2.8,3.493,2.0,-1.0,13.27,0.006,0.339,3.0,2.0,0.0,0.0,63.26,65.54,64.97,65.58,63.61,64.91,60.26,69.52,62.01,61.47,67.74,75.1,63.96,67.43,74.73,72.87,59.87,68.97,71.64
2017-06-30 11:11:00-05:00,878.04095,925.28613,968.6989,900.147,908.1895,950.1213,951.1862,919.86,938550.0,44.53,0.0,927.0,926.0,916.0,31.42,303.5,0.0,0.0,0.0,0.0,0.0,0.0,0.0,0.0,301.7,302.3,173.6,-0.3,61.0,61.97,62.3,61.3,0.0,269.7,273.3,272.8,271.6,0.713,0.0,52.85,50.92,-0.1,50.89,0.999,6000.0,420372.0,363.0,437.0,59.94,7.0,45.0,50.0,59.95,31.63,66.25,924.0,63.25,63.93,64.56,60.0,59.5,75.6,1.0,271.9,272.0,270.7,51.99,-1.985,52.02,1962.0,433272.0,13741.0,1967.0,-0.999,0.818,0.791,0.836,46.67,46.7,46.69,35.0,14.16,14.17,14.17,10.62,45.0,45.0,45.0,33.0,1.685,246.5,55.84,3.7,3.497,2.0,-1.0,13.27,0.006,0.339,3.0,2.0,0.0,0.0,63.46,65.34,65.13,65.71,63.56,64.83,60.43,69.69,62.28,61.45,68.01,75.38,64.47,67.81,75.01,72.97,59.92,69.21,71.79
2017-06-30 11:12:00-05:00,878.78265,925.9411,968.6989,901.73596,909.34845,951.24976,953.1935,921.746,938551.0,44.57,0.0,927.0,928.0,918.0,31.46,306.2,0.0,0.0,0.0,0.0,0.0,0.0,0.0,0.0,304.3,305.0,171.8,-0.3,60.98,61.58,62.08,61.08,0.0,269.6,273.0,272.8,271.5,0.713,0.0,52.7,50.79,-0.113,50.77,0.999,6000.0,420373.0,364.0,437.0,59.95,7.0,45.0,50.0,58.12,30.75,65.59,925.0,63.19,63.84,64.33,60.0,59.5,75.6,1.0,271.8,272.0,270.7,51.87,-1.973,51.91,1962.0,433273.0,13741.0,1967.0,-0.999,0.818,0.791,0.836,46.22,46.19,46.15,34.61,14.15,14.14,14.13,10.6,45.0,45.0,45.0,34.0,1.982,194.9,37.75,4.3,3.495,2.0,-1.0,13.27,0.006,0.339,3.0,2.0,0.0,0.0,63.08,65.64,65.55,66.01,63.89,65.13,60.72,69.62,62.31,61.92,68.01,75.54,64.61,68.12,75.23,73.07,60.31,69.34,71.79
2017-06-30 11:13:00-05:00,880.38965,926.75977,969.88324,902.66284,909.8635,952.3783,954.6989,922.6889,938552.0,44.62,0.0,928.0,928.0,918.0,31.16,307.8,0.0,0.0,0.0,0.0,0.0,0.0,0.0,0.0,305.7,306.4,171.2,-0.3,60.95,61.77,62.13,61.13,0.0,269.6,273.1,272.9,271.6,0.718,0.0,52.79,50.86,-0.118,50.83,0.999,6000.0,420373.0,364.0,437.0,59.95,7.0,45.0,50.0,59.27,30.69,64.79,926.0,63.24,63.89,64.37,60.0,59.5,75.6,1.0,271.8,272.0,270.8,51.92,-1.97,51.95,1962.0,433274.0,13741.0,1967.0,-0.999,0.818,0.791,0.836,45.99,45.97,45.93,34.47,14.15,14.15,14.14,10.61,45.0,45.0,45.0,34.0,3.593,247.8,10.62,5.8,3.497,2.0,-1.0,13.27,0.006,0.339,3.0,2.0,0.0,0.0,62.39,65.36,64.92,65.78,63.53,64.93,60.56,69.87,62.73,61.68,68.2,75.6,64.68,67.7,75.23,73.53,60.74,69.59,72.15
2017-06-30 11:14:00-05:00,882.4911,929.3796,972.2518,904.3842,912.05255,953.5068,955.7025,924.33905,938553.0,44.67,0.0,930.0,930.0,920.0,30.69,304.4,0.0,0.0,0.0,0.0,0.0,0.0,0.0,0.0,302.6,303.2,174.6,-0.3,61.22,62.0,62.98,61.98,0.0,269.8,273.1,273.0,271.8,0.707,0.0,53.28,51.32,-0.158,51.31,0.999,6000.0,420374.0,365.0,437.0,59.95,7.0,45.0,50.0,59.4,30.32,63.93,928.0,63.79,64.46,65.0,60.0,59.5,75.6,1.0,271.9,272.0,271.0,52.4,-1.964,52.44,1962.0,433275.0,13741.0,1967.0,-0.999,0.818,0.791,0.836,46.92,46.94,46.88,35.15,14.29,14.29,14.27,10.7,46.0,46.0,46.0,34.0,2.245,269.8,28.3,4.2,3.497,2.0,-1.0,13.21,0.003,0.339,3.0,2.0,0.0,0.001,61.92,64.94,64.43,65.11,63.29,64.64,60.01,69.73,62.22,61.74,68.06,75.42,64.52,67.33,75.12,73.26,59.87,69.2,72.04
2017-06-30 11:15:00-05:00,882.98553,930.1983,972.2518,905.3111,912.82513,954.6352,956.0789,924.6927,938554.0,44.76,0.0,931.0,931.0,921.0,30.94,305.9,0.0,0.0,0.0,0.0,0.0,0.0,0.0,0.0,303.9,304.7,173.3,-0.3,61.08,62.0,63.0,62.0,0.0,269.2,273.0,272.8,271.2,0.728,0.0,53.17,51.2,-0.225,51.16,0.999,6000.0,420375.0,366.0,437.0,59.96,7.0,45.0,50.0,58.23,30.62,64.54,928.0,63.73,64.39,64.86,60.0,59.5,75.6,1.0,271.4,272.0,270.6,52.3,-1.903,52.33,1962.0,433275.0,13741.0,1967.0,-0.999,0.818,0.791,0.836,46.65,46.62,46.62,34.96,14.27,14.26,14.26,10.7,46.0,46.0,46.0,34.0,1.912,270.8,40.28,4.6,3.494,2.0,-1.0,13.27,0.009,0.339,3.0,2.0,0.0,0.001,62.14,65.12,64.65,65.13,63.46,64.73,59.97,70.07,63.2,62.37,68.42,75.33,64.03,67.13,75.02,73.06,60.14,69.31,71.8
2017-06-30 11:16:00-05:00,884.8398,932.3269,974.6204,908.09186,915.52924,958.0207,959.0898,927.2858,938555.0,44.79,0.0,933.0,934.0,924.0,30.76,307.8,0.0,0.0,0.0,0.0,0.0,0.0,0.0,0.0,305.8,306.7,172.3,-0.3,61.12,62.0,62.58,61.58,0.0,270.0,273.9,273.3,272.0,0.72,0.0,53.14,51.18,-0.132,51.15,0.999,6000.0,420376.0,367.0,437.0,59.95,7.0,45.0,50.0,59.9,30.49,64.55,930.0,63.55,64.2,64.68,60.0,59.5,75.6,1.0,271.9,272.7,271.0,52.25,-1.964,52.29,1962.0,433276.0,13741.0,1967.0,-0.999,0.818,0.791,0.836,46.28,46.26,46.22,34.69,14.24,14.24,14.23,10.68,46.0,46.0,46.0,34.0,2.55,242.5,23.88,3.4,3.497,2.0,-1.0,13.27,0.006,0.339,3.0,2.0,0.0,0.0,62.3,64.91,64.63,65.24,63.52,64.88,60.18,70.06,62.56,62.27,68.34,75.29,63.6,67.5,75.02,73.09,60.29,69.47,71.7
2017-06-30 11:17:00-05:00,884.2217,931.9994,974.6204,905.576,913.3402,954.6352,956.20435,924.4569,938556.0,44.84,0.0,932.0,931.0,922.0,30.95,308.7,0.0,0.0,0.0,0.0,0.0,0.0,0.0,0.0,306.7,307.6,171.1,-0.3,61.0,61.7,62.23,61.23,0.0,270.0,274.0,273.5,272.0,0.73,0.0,52.93,51.01,-0.07,50.98,0.999,6000.0,420377.0,368.0,437.0,59.94,7.0,45.0,50.0,58.53,30.85,64.53,929.0,63.3,63.97,64.43,60.0,59.5,75.6,1.0,272.0,272.9,271.0,52.08,-2.008,52.11,1962.0,433277.0,13741.0,1967.0,-0.999,0.818,0.791,0.836,46.01,46.02,46.01,34.47,14.2,14.2,14.2,10.64,46.0,46.0,46.0,35.0,2.073,258.7,32.53,4.3,3.495,2.0,-1.0,13.27,0.006,0.339,3.0,2.0,0.0,0.0,62.07,65.05,64.7,65.28,63.41,64.99,60.23,70.17,62.51,62.35,68.41,75.28,63.97,67.16,75.03,72.89,59.63,69.23,71.68
2017-06-30 11:18:00-05:00,887.5593,935.43787,978.1733,909.6807,917.2032,959.1492,960.5952,928.46454,938557.0,44.87,0.0,936.0,935.0,926.0,31.38,307.2,0.0,0.0,0.0,0.0,0.0,0.0,0.0,0.0,305.3,306.1,172.7,-0.3,61.45,62.0,62.52,61.52,0.0,270.0,274.0,273.5,272.0,0.718,0.0,53.21,51.26,-0.133,51.24,0.999,6000.0,420378.0,369.0,437.0,59.95,7.0,45.0,50.0,58.87,31.07,65.07,932.0,63.65,64.29,64.76,60.0,59.5,75.6,1.0,272.0,272.7,271.0,52.34,-1.977,52.37,1962.0,433278.0,13741.0,1967.0,-0.999,0.818,0.791,0.836,46.43,46.43,46.45,34.8,14.26,14.26,14.27,10.69,46.0,46.0,46.0,35.0,1.297,189.8,39.67,2.6,3.495,2.0,-1.0,13.27,0.006,0.339,3.0,2.0,0.0,0.0,62.55,65.17,64.98,65.24,63.53,65.07,60.15,69.54,61.26,61.31,67.65,75.27,63.75,67.42,74.89,72.62,59.9,68.98,71.25
2017-06-30 11:19:00-05:00,889.7844,937.239,979.3576,912.32904,919.0059,961.40607,962.9788,930.2326,938558.0,44.92,0.0,938.0,937.0,927.0,31.22,305.7,0.0,0.0,0.0,0.0,0.0,0.0,0.0,0.0,303.9,304.7,174.2,-0.3,61.52,62.05,62.98,61.98,0.0,270.0,273.9,273.4,272.0,0.73,0.0,53.38,51.42,-0.042,51.39,0.999,6000.0,420379.0,370.0,437.0,59.93,7.0,45.0,50.0,59.85,30.14,64.8,934.0,63.86,64.46,65.02,60.0,59.5,75.6,1.0,272.0,272.7,271.0,52.5,-2.05,52.54,1962.0,433279.0,13741.0,1967.0,-0.999,0.818,0.791,0.836,46.87,46.88,46.88,35.17,14.33,14.33,14.33,10.75,47.0,47.0,47.0,35.0,1.948,163.8,25.8,3.5,3.493,2.0,-1.0,13.27,0.006,0.339,3.0,2.0,0.0,0.0,62.33,65.3,65.16,65.35,63.69,65.24,60.73,69.15,60.24,61.38,67.43,75.57,64.61,68.34,75.1,72.91,61.13,69.38,71.67
2017-06-30 11:20:00-05:00,889.908,937.4028,980.54193,912.5939,918.6196,961.40607,963.22974,930.9398,938559.0,44.96,0.0,938.0,936.0,927.0,31.16,303.3,0.0,0.0,0.0,0.0,0.0,0.0,0.0,0.0,301.4,302.3,176.5,-0.3,61.78,62.12,63.0,62.0,0.0,270.3,274.0,273.8,272.3,0.727,0.0,53.57,51.62,-0.072,51.61,0.999,6000.0,420379.0,370.0,437.0,59.94,7.0,45.0,50.0,58.02,30.3,64.0,934.0,63.95,64.65,65.35,60.0,59.5,75.6,1.0,272.2,272.7,271.4,52.7,-2.034,52.74,1962.0,433280.0,13741.0,1967.0,-0.999,0.818,0.791,0.836,47.3,47.35,47.39,35.51,14.35,14.36,14.37,10.77,47.0,47.0,47.0,35.0,2.287,200.4,21.39,3.7,3.497,2.0,-1.0,13.21,0.007,0.339,3.0,2.0,0.0,0.001,61.7,65.42,65.12,65.48,63.83,65.17,61.24,69.18,61.83,61.36,67.41,75.89,64.87,68.65,75.45,73.26,61.12,69.42,71.94
2017-06-30 11:21:00-05:00,887.5593,934.4555,976.9891,910.60767,915.2717,958.0207,960.72064,928.3467,938560.0,44.97,0.0,936.0,935.0,925.0,31.02,303.6,0.0,0.0,0.0,0.0,0.0,0.0,0.0,0.0,301.8,302.5,175.8,-0.3,61.03,62.0,63.0,62.0,0.0,270.9,274.1,274.1,272.9,0.713,0.0,53.45,51.49,-0.097,51.46,0.999,6000.0,420380.0,371.0,437.0,59.94,7.0,45.0,50.0,59.67,30.38,63.87,933.0,63.68,64.4,65.1,60.0,59.5,75.6,1.0,272.7,273.1,272.0,52.57,-2.009,52.6,1962.0,433281.0,13741.0,1967.0,-0.999,0.818,0.791,0.836,47.28,47.24,47.17,35.43,14.35,14.34,14.32,10.76,47.0,47.0,47.0,35.0,1.672,196.0,29.07,3.2,3.495,2.0,-1.0,13.27,0.006,0.339,3.0,2.0,0.0,0.0,61.48,65.19,64.92,65.45,63.83,64.96,61.29,69.41,60.68,61.55,67.59,76.11,65.79,68.51,75.54,73.59,60.95,69.73,72.27
2017-06-30 11:22:00-05:00,889.5372,936.5841,979.3576,913.38837,917.2032,960.2776,963.10425,930.4683,938561.0,45.02,0.0,938.0,937.0,927.0,30.98,304.4,0.0,0.0,0.0,0.0,0.0,0.0,0.0,0.0,302.6,303.0,175.5,-0.3,61.0,62.0,63.0,62.0,0.0,271.3,275.0,274.9,273.3,0.722,0.0,53.52,51.55,-0.208,51.52,0.999,6000.0,420381.0,372.0,437.0,59.96,7.0,45.0,50.0,58.88,30.37,63.89,935.0,63.57,64.33,64.99,60.0,59.5,75.6,1.0,273.3,273.9,272.8,52.64,-1.937,52.68,1962.0,433282.0,13741.0,1967.0,-0.999,0.818,0.791,0.836,47.16,47.16,47.09,35.41,14.36,14.36,14.33,10.78,47.0,47.0,47.0,35.0,1.355,175.2,46.96,2.7,3.497,2.0,-1.0,13.27,0.006,0.339,3.0,2.0,0.0,0.0,61.37,64.96,64.6,65.36,63.47,64.86,61.48,69.32,60.39,61.6,67.49,76.0,65.09,68.03,75.38,73.68,60.94,69.59,72.42
2017-06-30 11:23:00-05:00,886.694,934.128,976.9891,910.8725,914.62787,956.89215,959.84247,927.16797,938562.0,45.06,0.0,936.0,934.0,925.0,31.34,305.9,0.0,0.0,0.0,0.0,0.0,0.0,0.0,0.0,303.9,304.8,173.3,-0.3,61.0,62.0,62.03,61.03,0.0,271.1,275.0,274.9,273.1,0.737,0.0,53.22,51.27,-0.21,51.25,0.999,6000.0,420382.0,373.0,437.0,59.96,7.0,45.0,50.0,58.5,30.67,64.15,932.0,63.42,63.98,64.46,60.0,59.5,75.6,1.0,273.0,274.0,272.7,52.35,-1.9,52.39,1962.0,433282.0,13741.0,1967.0,-0.999,0.818,0.791,0.836,46.72,46.7,46.68,34.96,14.29,14.29,14.28,10.7,48.0,48.0,48.0,36.0,2.062,197.6,48.18,3.4,3.495,2.0,-1.0,13.27,0.006,0.339,3.0,2.0,0.0,0.0,61.51,65.19,64.83,65.51,63.45,64.79,61.61,69.29,60.69,61.51,67.39,75.64,65.4,67.91,75.03,73.55,61.35,69.5,72.27
2017-06-30 11:24:00-05:00,887.683,934.78296,978.1733,911.9318,915.2717,958.0207,960.84607,928.1109,938563.0,45.08,0.0,936.0,935.0,926.0,31.69,306.0,0.0,0.0,0.0,0.0,0.0,0.0,0.0,0.0,304.1,304.8,173.3,-0.3,61.0,62.0,62.17,61.17,0.0,271.0,274.9,274.6,273.0,0.733,0.0,53.25,51.27,-0.213,51.25,0.999,6000.0,420383.0,374.0,437.0,59.96,7.0,45.57,50.0,59.93,30.94,64.16,933.0,63.47,64.02,64.5,60.0,59.5,75.6,1.0,273.0,273.9,272.2,52.36,-1.92,52.4,1962.0,433283.0,13741.0,1967.0,-0.999,0.818,0.791,0.836,46.67,46.65,46.64,35.05,14.28,14.28,14.27,10.73,48.0,48.0,48.0,36.0,1.842,224.7,37.43,3.0,3.497,2.0,-1.0,13.27,0.006,0.339,3.0,2.0,0.0,0.0,61.78,65.15,64.86,65.65,63.49,64.78,61.23,69.25,61.18,61.37,67.39,75.82,65.21,67.75,75.22,73.76,61.0,69.63,72.29
2017-06-30 11:25:00-05:00,887.5593,934.78296,976.9891,911.9318,916.4306,959.1492,961.72424,929.5254,938564.0,45.13,0.0,936.0,935.0,926.0,31.48,305.7,0.0,0.0,0.0,0.0,0.0,0.0,0.0,0.0,303.7,304.4,173.6,-0.3,61.0,62.0,62.33,61.33,0.0,271.0,274.8,274.1,273.0,0.715,0.0,53.25,51.31,-0.243,51.3,0.999,6000.0,420384.0,375.0,437.0,59.96,7.0,45.13,50.0,58.25,30.63,64.22,933.0,63.58,64.09,64.59,60.0,59.5,75.6,1.0,273.0,273.5,272.0,52.41,-1.895,52.44,1962.0,433284.0,13742.0,1967.0,-0.999,0.818,0.791,0.836,46.74,46.7,46.71,35.03,14.29,14.28,14.28,10.71,48.0,48.0,48.0,36.0,1.85,219.7,17.58,3.9,3.495,2.0,-1.0,13.11,0.009,0.338,1.0,2.0,0.0,0.002,61.56,65.45,64.64,65.68,63.76,64.81,61.48,69.19,60.92,60.77,67.3,75.92,65.39,68.23,75.31,73.98,61.76,69.79,72.55
2017-06-30 11:26:00-05:00,888.301,936.0929,978.1733,910.7401,915.4005,958.0207,959.5916,927.8752,938565.0,45.16,0.0,937.0,934.0,925.0,31.74,305.7,0.0,0.0,0.0,0.0,0.0,0.0,0.0,0.0,303.7,304.7,173.4,-0.3,61.0,62.0,62.0,61.0,0.0,270.9,274.4,274.2,272.9,0.738,0.0,53.17,51.2,-0.232,51.18,0.999,6000.0,420385.0,376.0,437.0,59.96,7.0,45.08,50.0,59.22,31.01,64.32,934.0,63.48,64.03,64.5,60.0,59.5,75.6,1.0,272.7,273.3,272.1,52.29,-1.9,52.33,1962.0,433285.0,13742.0,1967.0,-0.999,0.818,0.791,0.836,46.69,46.63,46.65,34.96,14.27,14.26,14.26,10.69,48.0,48.0,48.0,36.0,1.208,213.2,56.62,3.2,3.497,2.0,-1.0,13.11,0.012,0.34,1.0,2.0,0.0,0.002,61.91,65.71,64.85,65.68,63.88,65.03,62.04,69.45,60.95,61.81,67.6,76.32,66.49,68.9,75.7,74.54,62.84,70.51,73.09
2017-06-30 11:27:00-05:00,893.2456,941.4962,984.09485,916.16907,920.1648,962.5346,965.4879,932.9436,938566.0,45.19,0.0,942.0,939.0,929.0,31.58,305.3,0.0,0.0,0.0,0.0,0.0,0.0,0.0,0.0,303.3,304.2,174.8,-0.3,61.12,62.0,62.67,61.67,0.0,271.0,275.0,274.5,273.0,0.722,0.0,53.51,51.56,-0.232,51.53,0.999,6000.0,420385.0,376.0,437.0,59.96,7.0,45.88,50.0,59.48,30.49,63.69,938.0,63.68,64.34,64.98,60.0,59.5,75.6,1.0,273.0,273.9,272.3,52.64,-1.899,52.68,1962.0,433286.0,13742.0,1967.0,-0.999,0.818,0.791,0.836,47.08,47.08,47.11,35.25,14.37,14.37,14.38,10.76,49.0,49.0,49.0,36.0,2.482,191.4,30.28,3.5,3.497,2.0,-1.0,13.29,0.008,0.339,3.0,2.0,0.0,0.001,61.26,65.77,64.84,65.79,63.99,65.02,62.24,69.39,60.74,61.9,67.5,76.69,66.86,69.17,76.04,74.88,62.4,70.35,73.41
2017-06-30 11:28:00-05:00,891.88586,939.5314,981.7263,915.7718,919.0059,962.5346,965.61334,932.7079,938567.0,45.22,0.0,940.0,939.0,929.0,31.63,304.1,0.0,0.0,0.0,0.0,0.0,0.0,0.0,0.0,302.1,303.0,176.0,-0.3,61.08,62.0,63.0,62.0,0.0,271.0,275.0,274.4,273.0,0.728,0.0,53.58,51.64,-0.192,51.62,0.999,6000.0,420386.0,377.0,437.0,59.96,7.0,45.98,50.0,58.15,30.48,63.48,937.0,63.74,64.44,65.19,60.0,59.5,75.6,1.0,273.0,274.0,272.0,52.73,-1.949,52.76,1962.0,433287.0,13742.0,1967.0,-0.999,0.818,0.791,0.836,47.3,47.33,47.16,35.5,14.39,14.39,14.34,10.8,49.0,49.0,49.0,37.0,1.887,206.7,42.9,3.5,3.495,2.0,-1.0,13.29,0.007,0.339,3.0,2.0,0.0,0.0,61.05,65.39,64.3,65.35,63.31,64.56,61.9,69.22,60.72,61.48,67.33,76.57,66.15,68.97,75.94,74.79,62.25,70.35,73.41
2017-06-30 11:29:00-05:00,892.3803,940.3501,982.9105,916.30145,919.521,962.5346,965.4879,932.35425,938568.0,45.27,0.0,940.0,940.0,930.0,31.53,304.4,0.0,0.0,0.0,0.0,0.0,0.0,0.0,0.0,302.5,303.4,175.8,-0.3,61.28,62.0,63.0,62.0,0.0,271.0,275.0,274.3,273.0,0.727,0.0,53.62,51.69,-0.275,51.67,0.999,6000.0,420387.0,378.0,437.0,59.97,7.0,46.0,50.0,59.88,30.59,63.11,938.0,63.82,64.5,65.17,60.0,59.5,75.6,1.0,273.0,273.9,272.1,52.76,-1.87,52.79,1962.0,433288.0,13742.0,1967.0,-0.999,0.818,0.791,0.836,47.28,47.24,47.25,35.44,14.39,14.38,14.39,10.79,49.0,49.0,49.0,37.0,2.772,203.7,17.14,5.7,3.497,2.0,-1.0,13.29,0.007,0.339,3.0,2.0,0.0,0.0,60.77,65.41,63.86,65.17,63.41,64.37,61.42,69.12,59.88,61.39,67.18,76.32,65.87,68.88,75.77,74.56,62.11,69.86,72.98
2017-06-30 11:30:00-05:00,891.26776,939.69507,981.7263,914.18286,918.49084,960.2776,962.8534,930.5862,938569.0,45.3,0.0,940.0,938.0,928.0,31.13,304.9,0.0,0.0,0.0,0.0,0.0,0.0,0.0,0.0,303.0,303.8,175.9,-0.3,62.0,62.35,63.0,62.0,0.0,271.0,274.7,274.0,273.0,0.727,0.0,53.73,51.78,-0.215,51.77,0.999,6000.0,420388.0,379.0,437.0,59.96,7.0,46.0,50.12,58.48,30.21,62.11,936.0,64.07,64.7,65.34,60.0,59.5,75.6,1.0,273.0,273.3,272.0,52.89,-1.928,52.92,1962.0,433289.0,13742.0,1967.0,-0.999,0.818,0.791,0.836,47.31,47.3,47.27,35.48,14.43,14.42,14.41,10.82,49.0,49.0,49.0,37.0,1.785,219.9,49.05,3.8,3.497,2.0,-1.0,13.29,0.007,0.339,3.0,2.0,0.0,0.0,59.66,65.04,63.19,64.4,63.01,63.81,61.17,68.47,59.09,60.37,66.43,75.83,65.41,68.09,75.41,74.09,61.18,69.26,72.48
2017-06-30 11:31:00-05:00,892.3803,940.67755,982.9105,915.7718,919.9073,961.40607,964.1079,932.0007,938570.0,45.33,0.0,941.0,939.0,930.0,31.17,303.5,0.0,0.0,0.0,0.0,0.0,0.0,0.0,0.0,301.6,302.2,177.3,-0.3,62.0,63.0,63.15,62.15,0.0,270.8,274.1,274.0,272.8,0.742,0.0,53.95,52.0,-0.29,51.96,0.999,6000.0,420389.0,380.0,437.0,59.98,7.0,46.0,50.77,58.95,30.5,62.22,937.0,64.27,65.01,65.75,60.0,59.5,75.6,1.0,272.8,273.0,271.8,53.08,-1.861,53.11,1962.0,433289.0,13742.0,1967.0,-0.999,0.818,0.791,0.836,47.7,47.69,47.72,35.75,14.48,14.48,14.49,10.85,50.0,50.0,50.0,37.0,2.12,209.7,62.39,3.2,3.495,2.0,-1.0,13.29,0.008,0.339,3.0,2.0,0.0,0.0,59.68,64.59,63.31,63.79,63.34,63.72,60.81,67.95,59.46,59.99,65.96,75.33,63.79,67.39,74.71,73.32,59.85,68.6,72.06
2017-06-30 11:32:00-05:00,893.9873,942.4787,984.09485,918.28766,921.9675,964.7915,965.98975,934.00446,938571.0,45.37,0.0,942.0,941.0,932.0,31.51,306.9,0.0,0.0,0.0,0.0,0.0,0.0,0.0,0.0,304.8,305.5,175.1,-0.3,61.75,62.67,63.23,62.23,0.0,271.0,274.1,274.0,273.0,0.725,0.0,53.83,51.83,-0.25,51.8,0.999,6000.0,420390.0,381.0,437.0,59.96,7.0,46.0,51.0,59.9,30.57,62.47,938.0,64.18,64.86,65.42,60.0,59.5,75.6,1.0,272.9,273.1,271.9,52.94,-1.917,52.97,1962.0,433290.0,13742.0,1967.0,-0.999,0.818,0.791,0.836,47.08,47.08,47.03,35.26,14.44,14.44,14.43,10.82,50.0,50.0,50.0,37.0,2.057,198.5,35.04,4.6,3.497,2.0,-1.0,13.22,0.0,0.339,3.0,2.0,0.0,0.001,59.9,64.54,63.39,63.86,63.36,63.7,60.6,67.73,59.01,59.43,65.7,75.08,64.13,66.92,74.46,72.61,59.78,68.24,71.43
2017-06-30 11:33:00-05:00,893.7401,941.66,984.09485,917.49316,920.2936,963.6631,964.986,932.2364,938572.0,45.41,0.0,942.0,941.0,931.0,31.91,311.1,0.0,0.0,0.0,0.0,0.0,0.0,0.0,0.0,309.0,310.0,171.0,-0.3,61.0,62.0,62.42,61.42,0.0,271.0,274.3,274.0,273.0,0.727,0.0,53.28,51.35,-0.143,51.32,0.999,6000.0,420391.0,382.0,437.0,59.95,7.0,46.0,51.0,57.97,31.11,63.26,938.0,63.55,64.24,64.67,60.0,59.5,75.6,1.0,273.0,273.1,272.0,52.42,-1.96,52.46,1962.0,433291.0,13742.0,1967.0,-0.999,0.818,0.791,0.836,45.99,45.98,45.98,34.44,14.31,14.3,14.3,10.71,50.0,50.0,50.0,37.0,1.125,230.8,50.36,2.3,3.497,2.0,-1.0,13.27,0.006,0.34,3.0,2.0,0.0,0.001,60.48,64.85,63.69,64.18,63.31,63.78,60.85,68.53,60.73,61.1,66.62,75.48,64.65,67.38,74.87,73.06,60.63,69.11,71.83
2017-06-30 11:34:00-05:00,896.7069,944.6073,987.6477,920.00903,923.25525,965.92,967.74603,935.18317,938573.0,45.42,0.0,945.0,944.0,934.0,31.93,310.5,0.0,0.0,0.0,0.0,0.0,0.0,0.0,0.0,308.3,309.2,171.5,-0.3,61.32,62.0,62.6,61.6,0.0,271.0,274.1,274.0,273.0,0.717,0.0,53.35,51.43,-0.042,51.4,0.999,6000.0,420391.0,382.0,437.0,59.94,7.0,46.0,51.0,59.73,30.95,63.56,941.0,63.67,64.35,64.77,60.0,59.5,75.6,1.0,273.0,273.0,272.0,52.5,-2.044,52.54,1962.0,433292.0,13742.0,1967.0,-0.999,0.818,0.791,0.836,46.18,46.13,46.16,34.62,14.34,14.32,14.33,10.75,50.0,50.0,50.0,38.0,2.505,178.6,42.47,4.6,3.494,2.0,-1.0,13.27,0.007,0.34,3.0,2.0,0.0,0.0,60.95,65.02,64.0,64.6,63.52,64.1,60.94,68.75,59.32,60.98,67.0,75.79,64.9,67.66,75.39,73.58,60.92,69.6,72.33
2017-06-30 11:35:00-05:00,899.67365,947.22705,990.01636,923.05457,926.0881,969.30536,971.50964,939.42645,938574.0,45.46,0.0,948.0,947.0,936.0,31.6,306.7,0.0,0.0,0.0,0.0,0.0,0.0,0.0,0.0,304.7,305.7,175.3,-0.3,62.0,62.82,63.0,62.0,0.0,271.0,274.6,274.0,273.0,0.743,0.0,53.87,51.92,-0.012,51.91,0.999,6000.0,420392.0,383.0,437.0,59.93,7.0,46.0,51.0,58.88,30.89,63.41,944.0,64.31,64.9,65.38,60.0,59.5,75.6,1.0,273.0,273.2,272.0,53.01,-2.095,53.05,1962.0,433293.0,13742.0,1967.0,-0.999,0.818,0.791,0.836,47.15,47.16,47.11,35.32,14.46,14.46,14.45,10.83,51.0,51.0,51.0,38.0,2.472,214.7,36.06,4.0,3.498,2.0,-1.0,13.27,0.007,0.34,3.0,2.0,0.0,0.0,60.76,65.1,64.04,64.7,63.36,64.14,61.3,69.24,61.0,61.77,67.49,76.02,65.3,67.99,75.48,74.01,61.75,70.08,72.69
2017-06-30 11:36:00-05:00,899.3028,947.39087,990.01636,922.6573,926.60315,968.177,971.1333,939.42645,938575.0,45.5,0.0,947.0,946.0,936.0,31.42,304.7,0.0,0.0,0.0,0.0,0.0,0.0,0.0,0.0,302.9,303.6,176.9,-0.3,62.0,63.0,63.48,62.48,0.0,270.1,273.9,273.3,272.1,0.707,0.0,54.02,52.07,-0.035,52.05,0.999,6000.0,420393.0,384.0,437.0,59.94,7.0,46.0,51.0,58.57,31.42,63.64,943.0,64.59,65.28,65.84,60.0,59.5,75.6,1.0,272.1,272.5,271.1,53.16,-2.077,53.2,1962.0,433294.0,13742.0,1967.0,-0.999,0.818,0.791,0.836,47.55,47.59,47.52,35.71,14.49,14.5,14.48,10.88,51.0,51.0,51.0,38.0,2.285,249.5,38.77,4.5,3.497,2.0,-1.0,13.27,0.007,0.34,3.0,2.0,0.0,0.0,61.17,65.21,63.95,64.71,63.46,64.14,61.19,69.42,60.93,61.55,67.7,76.06,64.66,67.53,75.59,74.29,61.52,69.99,72.98
2017-06-30 11:37:00-05:00,900.6626,948.8645,991.2007,923.98145,927.8908,970.4339,971.2587,940.60516,938576.0,45.52,0.0,949.0,947.0,937.0,31.67,303.6,0.0,0.0,0.0,0.0,0.0,0.0,0.0,0.0,301.6,302.5,177.7,-0.3,62.0,63.0,63.83,62.83,0.0,270.0,273.9,273.3,272.0,0.72,0.0,54.1,52.17,-0.072,52.13,0.999,6000.0,420394.0,385.0,437.0,59.94,7.0,46.0,51.0,59.95,31.61,63.66,944.0,64.67,65.37,66.03,60.0,59.5,75.6,1.0,272.0,272.6,271.0,53.24,-2.065,53.28,1962.0,433295.0,13742.0,1967.0,-0.983,0.818,0.791,0.836,47.84,47.79,47.77,35.81,14.52,14.51,14.5,10.87,51.0,51.0,51.0,38.0,1.508,203.9,46.25,3.4,3.495,2.0,-1.0,13.22,0.006,0.34,3.0,2.0,0.0,0.001,61.75,65.42,64.36,64.77,63.57,64.35,60.75,69.44,61.47,61.39,67.75,75.82,64.28,67.44,75.31,73.95,61.54,69.83,72.8
2017-06-30 11:38:00-05:00,900.2917,948.70074,991.2007,924.9083,926.98944,970.4339,972.76416,940.60516,938577.0,45.57,0.0,949.0,948.0,938.0,31.93,305.7,0.0,0.0,0.0,0.0,0.0,0.0,0.0,0.0,303.9,304.5,175.8,-0.3,62.0,63.0,63.17,62.17,0.0,270.0,274.0,273.0,272.0,0.708,0.0,53.89,51.9,-0.088,51.87,0.999,6000.0,420395.0,386.0,437.0,59.94,7.0,46.0,51.0,58.18,31.99,64.13,944.0,64.49,65.14,65.62,60.0,59.5,75.6,1.0,272.0,272.5,271.0,53.01,-2.031,53.05,1962.0,433296.0,13742.0,1967.0,-0.999,0.818,0.791,0.836,47.31,47.28,47.28,35.47,14.46,14.45,14.45,10.84,51.0,51.0,51.0,38.0,1.568,225.5,43.9,3.6,3.497,2.0,-1.0,13.27,0.007,0.34,3.0,2.0,0.0,0.0,62.06,65.78,64.51,65.28,63.74,64.72,60.92,69.92,61.73,62.46,68.2,75.91,64.86,67.37,75.37,74.46,62.05,70.59,73.29
2017-06-30 11:39:00-05:00,900.53894,948.53705,991.2007,924.64355,926.73193,970.4339,972.63873,940.60516,938578.0,45.57,0.0,949.0,948.0,938.0,31.62,304.1,0.0,0.0,0.0,0.0,0.0,0.0,0.0,0.0,302.1,302.8,177.1,-0.3,62.0,63.0,63.67,62.67,0.0,270.0,273.9,273.1,272.0,0.722,0.0,53.98,51.97,-0.083,51.96,0.999,6000.0,420396.0,387.0,437.0,59.94,7.0,46.0,51.0,59.42,30.96,64.57,945.0,64.53,65.19,65.82,60.0,59.5,75.6,1.0,272.0,272.3,271.0,53.08,-2.042,53.12,1962.0,433296.0,13742.0,1967.0,-0.999,0.818,0.791,0.836,47.57,47.62,47.6,35.68,14.47,14.48,14.48,10.85,52.0,52.0,51.0,38.0,1.575,182.6,44.47,3.2,3.497,2.0,-1.0,13.27,0.007,0.34,3.0,2.0,0.0,0.0,62.08,65.64,64.62,65.52,63.85,64.91,61.42,70.06,62.0,62.73,68.19,76.27,65.73,68.2,75.76,74.67,62.56,70.58,73.33
2017-06-30 11:40:00-05:00,901.6515,949.68317,992.3849,925.30554,926.2168,970.4339,973.266,939.42645,938579.0,45.62,0.0,950.0,948.0,938.0,31.91,303.7,0.0,0.0,0.0,0.0,0.0,0.0,0.0,0.0,301.6,302.4,177.5,-0.3,62.0,63.0,63.73,62.73,0.0,270.1,274.0,273.6,272.1,0.725,0.0,53.99,51.99,-0.08,51.99,0.999,6000.0,420397.0,388.0,437.0,59.94,7.0,46.0,51.0,59.4,31.24,64.54,946.0,64.51,65.15,65.84,60.0,59.5,75.6,1.0,272.0,272.8,271.1,53.11,-2.041,53.15,1962.0,433297.0,13742.0,1967.0,-0.999,0.818,0.791,0.836,47.7,47.7,47.69,35.79,14.48,14.48,14.48,10.87,52.0,52.0,52.0,39.0,1.61,190.6,41.11,3.5,3.497,2.0,-1.0,13.27,0.007,0.34,3.0,2.0,0.0,0.0,62.1,65.35,64.8,65.61,63.74,64.96,61.82,70.38,62.53,63.08,68.44,76.3,66.33,68.12,75.74,75.25,63.39,71.13,73.92
2017-06-30 11:41:00-05:00,902.14594,950.82935,993.5692,926.10004,927.5045,971.5624,974.1441,941.78394,938580.0,45.62,0.0,951.0,949.0,939.0,31.95,307.0,0.0,0.0,0.0,0.0,0.0,0.0,0.0,0.0,304.9,305.8,174.2,-0.3,62.0,62.73,63.0,62.0,0.0,270.0,274.0,273.4,272.0,0.707,0.0,53.59,51.68,-0.088,51.64,0.999,6000.0,420397.0,388.0,437.0,59.94,7.0,46.0,51.0,58.22,31.65,65.07,946.0,64.14,64.83,65.22,60.0,59.5,75.6,1.0,272.0,272.4,271.0,52.74,-2.025,52.78,1962.0,433298.0,13742.0,1967.0,-0.999,0.818,0.791,0.836,46.91,46.87,46.85,35.14,14.4,14.39,14.38,10.79,52.0,52.0,52.0,39.0,1.357,155.6,66.75,2.8,3.495,2.0,-1.0,13.27,0.007,0.34,3.0,2.0,0.0,0.0,62.33,65.92,65.29,66.06,64.08,64.99,62.5,71.07,63.53,64.07,69.21,76.77,67.18,69.13,76.34,75.68,63.43,71.49,74.47
2017-06-30 11:42:00-05:00,902.88763,951.32056,994.75354,926.6297,927.5045,971.5624,974.1441,941.78394,938581.0,45.67,0.0,951.0,950.0,940.0,32.16,304.7,0.0,0.0,0.0,0.0,0.0,0.0,0.0,0.0,302.9,303.5,176.1,-0.3,62.0,62.95,63.42,62.42,0.0,270.1,274.0,273.4,272.1,0.697,0.0,53.79,51.85,-0.012,51.84,0.999,6000.0,420398.0,389.0,437.0,59.93,7.0,46.0,51.0,59.97,31.29,65.0,947.0,64.27,64.99,65.57,60.0,59.5,75.6,1.0,272.0,272.8,271.0,52.92,-2.091,52.96,1962.0,433299.0,13742.0,1967.0,-0.999,0.818,0.791,0.836,47.38,47.39,47.38,35.53,14.44,14.44,14.44,10.83,52.0,52.0,52.0,39.0,2.627,199.3,32.25,4.0,3.495,2.0,-1.0,13.27,0.01,0.34,3.0,2.0,0.0,0.0,62.36,65.93,65.4,66.35,64.1,65.14,62.95,71.62,63.46,63.95,69.74,77.11,67.43,69.29,76.66,76.11,64.01,72.06,74.92
2017-06-30 11:43:00-05:00,903.7529,952.1392,994.75354,927.0269,928.6634,971.5624,974.3951,941.78394,938582.0,45.7,0.0,952.0,950.0,941.0,32.23,303.2,0.0,0.0,0.0,0.0,0.0,0.0,0.0,0.0,301.1,302.1,177.4,-0.3,62.0,63.0,63.5,62.5,0.0,270.0,274.0,273.4,272.0,0.705,0.0,53.93,51.99,-0.008,51.97,0.999,6000.0,420399.0,390.0,437.0,59.93,7.0,46.0,51.0,58.32,31.58,64.87,948.0,64.43,65.16,65.86,60.0,59.5,75.6,1.0,272.0,272.7,271.0,53.09,-2.102,53.13,1962.0,433300.0,13742.0,1967.0,-0.999,0.818,0.791,0.836,47.75,47.71,47.76,35.76,14.48,14.47,14.48,10.84,52.0,52.0,52.0,39.0,1.96,209.3,19.58,3.3,3.497,2.0,-1.0,13.23,0.013,0.34,3.0,2.0,0.0,0.001,62.53,66.24,65.65,66.71,64.27,65.4,62.46,71.53,63.49,64.31,69.75,76.77,67.26,68.65,76.12,75.97,62.86,71.56,74.64
2017-06-30 11:44:00-05:00,904.86554,953.1217,995.93787,929.0132,930.9812,973.8193,976.7787,944.1412,938583.0,45.73,0.0,953.0,952.0,943.0,32.14,305.6,0.0,0.0,0.0,0.0,0.0,0.0,0.0,0.0,303.7,304.2,175.2,-0.3,62.0,62.77,63.22,62.22,0.0,270.0,273.9,273.2,272.0,0.702,0.0,53.68,51.77,-0.022,51.73,0.999,6000.0,420400.0,391.0,437.0,59.93,7.0,46.0,51.0,59.18,31.82,65.43,949.0,64.28,64.89,65.39,60.0,59.5,75.6,1.0,272.0,272.4,271.0,52.83,-2.071,52.87,1962.0,433301.0,13742.0,1967.0,-0.999,0.818,0.791,0.836,47.16,47.17,47.17,35.36,14.41,14.41,14.41,10.81,53.0,53.0,53.0,39.0,1.447,196.5,56.14,2.8,3.497,2.0,-1.0,13.27,0.007,0.34,3.0,2.0,0.0,0.0,62.85,66.22,66.06,66.89,64.49,65.56,62.94,71.98,63.62,64.82,70.31,77.12,67.65,69.06,76.41,76.31,64.46,72.04,75.03
2017-06-30 11:45:00-05:00,906.2252,954.2678,997.12213,929.14557,930.5949,973.8193,976.7787,944.1412,938584.0,45.76,0.0,954.0,955.0,943.0,32.65,303.4,0.0,0.0,0.0,0.0,0.0,0.0,0.0,0.0,301.5,302.2,177.2,-0.3,62.0,62.93,63.53,62.53,0.0,270.0,273.7,273.3,272.0,0.722,0.0,53.88,51.93,-0.127,51.9,0.999,6000.0,420401.0,392.0,437.0,59.95,7.0,46.0,51.0,59.45,31.61,65.28,950.0,64.47,65.12,65.77,60.0,59.5,75.6,1.0,272.0,272.1,271.0,53.03,-2.01,53.07,1962.0,433302.0,13742.0,1967.0,-0.999,0.818,0.791,0.836,47.69,47.61,47.67,35.75,14.47,14.44,14.46,10.85,53.0,53.0,53.0,40.0,1.8,207.2,61.05,4.4,3.497,2.0,-1.0,13.27,0.007,0.34,3.0,2.0,0.0,0.0,63.14,65.9,66.2,67.0,64.57,65.51,63.04,72.16,63.6,65.15,70.34,77.49,68.02,69.2,76.76,76.69,64.42,72.43,75.37
2017-06-30 11:46:00-05:00,907.4614,957.21515,1000.6751,930.9993,934.5867,976.0763,978.78595,947.67737,938585.0,45.79,0.0,956.0,958.0,946.0,32.56,302.8,0.0,0.0,0.0,0.0,0.0,0.0,0.0,0.0,301.0,301.5,178.7,-0.3,62.25,63.0,64.0,63.0,0.0,269.9,273.6,273.0,271.9,0.747,0.0,54.21,52.22,-0.232,52.2,0.999,6000.0,420402.0,393.0,437.0,59.96,7.0,46.0,51.0,58.25,31.48,65.0,951.0,64.8,65.46,66.21,60.0,59.5,75.6,1.0,272.0,272.2,271.0,53.31,-1.946,53.35,1962.0,433303.0,13742.0,1967.0,-0.999,0.818,0.791,0.836,47.99,48.01,48.07,36.03,14.53,14.54,14.55,10.91,53.0,53.0,53.0,40.0,1.935,256.3,34.48,3.8,3.495,2.0,-1.0,13.27,0.007,0.341,3.0,2.0,0.0,0.0,63.0,65.61,65.99,66.84,64.53,65.28,62.89,71.94,63.04,64.57,70.0,77.43,67.76,69.23,76.82,76.59,63.52,72.16,75.21
2017-06-30 11:47:00-05:00,906.2252,955.57776,998.30646,930.07245,934.0716,976.0763,977.7823,946.49866,938586.0,45.83,0.0,954.0,957.0,945.0,32.03,302.7,0.0,0.0,0.0,0.0,0.0,0.0,0.0,0.0,301.0,301.2,178.9,-0.3,62.63,63.0,64.0,63.0,0.0,269.6,273.5,273.0,271.7,0.747,0.0,54.24,52.26,-0.133,52.23,0.999,6000.0,420403.0,394.0,437.0,59.95,7.0,46.0,51.0,59.93,31.07,64.64,950.0,64.87,65.5,66.26,60.0,59.5,75.6,1.0,271.8,272.0,271.0,53.34,-2.007,53.37,1962.0,433304.0,13742.0,1967.0,-0.999,0.818,0.791,0.836,48.11,48.05,48.02,36.05,14.56,14.55,14.54,10.91,53.0,53.0,53.0,40.0,2.565,242.0,44.44,5.3,3.497,2.0,-1.0,13.27,0.007,0.34,3.0,2.0,0.0,0.0,62.75,65.53,65.56,66.38,64.27,65.02,62.54,71.48,62.85,63.93,69.57,77.18,67.01,69.34,76.6,76.12,63.0,71.93,74.88
2017-06-30 11:48:00-05:00,907.585,957.3789,999.4908,931.529,936.0031,977.2048,978.78595,946.49866,938587.0,45.84,0.0,956.0,958.0,946.0,31.52,303.8,0.0,0.0,0.0,0.0,0.0,0.0,0.0,0.0,301.9,302.5,178.2,-0.3,62.72,63.0,63.83,62.83,0.0,269.9,273.9,273.0,272.0,0.747,0.0,54.25,52.24,-0.19,52.21,0.999,6000.0,420404.0,395.0,437.0,59.96,7.0,46.0,51.0,58.5,31.28,65.01,951.0,64.85,65.51,66.21,60.0,59.5,75.6,1.0,272.0,272.3,271.0,53.35,-1.971,53.39,1962.0,433304.0,13742.0,1967.0,-0.999,0.818,0.791,0.836,47.85,47.89,47.85,35.9,14.54,14.55,14.54,10.91,54.0,54.0,54.0,40.0,2.095,266.2,21.77,3.1,3.497,2.0,-1.0,13.24,0.01,0.34,3.0,2.0,0.0,0.001,62.87,65.56,65.66,66.1,64.44,65.17,62.51,71.36,62.96,63.73,69.49,77.14,66.91,69.06,76.55,75.8,62.42,71.72,74.59
2017-06-30 11:49:00-05:00,905.11273,954.75903,997.12213,928.8807,934.4579,974.9478,976.4023,944.1412,938588.0,45.88,0.0,953.0,956.0,944.0,31.67,309.1,0.0,0.0,0.0,0.0,0.0,0.0,0.0,0.0,307.1,308.0,173.0,-0.3,61.95,62.33,63.0,62.0,0.0,270.0,273.8,273.0,272.0,0.735,0.0,53.6,51.58,-0.212,51.56,0.999,6000.0,420404.0,395.0,437.0,59.96,7.0,46.0,51.0,58.92,31.77,65.45,949.0,64.12,64.75,65.19,60.0,59.5,75.6,1.0,272.0,272.1,271.0,52.67,-1.925,52.71,1962.0,433305.0,13742.0,1967.0,-0.999,0.818,0.791,0.836,46.44,46.44,46.49,34.82,14.35,14.35,14.37,10.76,54.0,54.0,54.0,40.0,1.933,256.1,37.87,3.2,3.495,2.0,-1.0,13.27,0.008,0.34,3.0,2.0,0.0,0.001,63.16,65.82,65.92,66.22,64.79,65.56,62.16,71.38,62.99,63.96,69.47,77.23,66.11,68.75,76.57,75.54,62.02,71.67,74.35
2017-06-30 11:50:00-05:00,908.4503,959.01624,1000.6751,931.7938,938.06335,978.3332,979.2878,947.67737,938589.0,45.91,0.0,956.0,959.0,947.0,31.71,311.8,0.0,0.0,0.0,0.0,0.0,0.0,0.0,0.0,309.6,310.6,171.1,-0.3,61.95,62.1,63.0,62.0,0.0,269.6,273.3,273.0,271.6,0.723,0.0,53.41,51.44,-0.133,51.39,1.0,6000.0,420405.0,396.0,437.0,59.95,7.0,46.0,51.0,59.75,31.39,65.03,952.0,63.96,64.59,65.05,60.0,59.5,75.6,1.0,271.8,272.0,271.0,52.5,-1.976,52.53,1962.0,433306.0,13742.0,1967.0,-0.999,0.818,0.791,0.836,45.94,45.91,45.93,34.45,14.33,14.32,14.32,10.74,54.0,54.0,54.0,40.0,2.758,241.8,15.06,4.1,3.495,2.0,-1.0,13.27,0.007,0.34,3.0,2.0,0.0,0.0,63.16,65.76,65.86,66.06,64.61,65.61,61.98,71.23,62.56,63.69,69.37,77.24,66.27,68.65,76.67,75.22,61.52,71.13,73.91
2017-06-30 11:51:00-05:00,906.7197,956.88763,998.30646,930.2049,936.38934,977.2048,978.66046,946.49866,938590.0,45.95,0.0,954.0,958.0,946.0,31.55,311.4,0.0,0.0,0.0,0.0,0.0,0.0,0.0,0.0,309.4,310.3,171.4,-0.3,61.77,62.53,63.0,62.0,0.0,269.6,273.1,273.0,271.6,0.728,0.0,53.49,51.5,-0.103,51.46,0.999,6000.0,420406.0,397.0,437.0,59.94,7.0,46.0,51.0,58.03,31.32,64.96,949.0,64.05,64.73,65.14,60.0,59.5,75.6,1.0,271.9,272.0,271.0,52.59,-2.004,52.62,1962.0,433307.0,13742.0,1967.0,-0.999,0.818,0.791,0.836,46.0,46.03,46.03,34.52,14.33,14.34,14.34,10.75,54.0,54.0,54.0,41.0,2.397,289.4,41.35,4.8,3.495,2.0,-1.0,13.27,0.007,0.34,3.0,2.0,0.0,0.0,63.16,65.61,65.6,65.57,64.54,65.51,61.93,70.75,62.42,63.09,68.88,76.99,65.42,68.62,76.43,74.94,60.9,70.75,73.64
2017-06-30 11:52:00-05:00,903.8766,954.92285,997.12213,925.96765,932.91266,973.8193,973.3914,942.9626,938591.0,45.97,0.0,952.0,954.0,943.0,31.71,311.0,0.0,0.0,0.0,0.0,0.0,0.0,0.0,0.0,309.0,309.8,171.2,-0.3,61.45,62.25,62.97,61.97,0.0,269.7,273.1,273.0,271.7,0.72,0.0,53.36,51.35,-0.248,51.32,0.999,6000.0,420407.0,398.0,437.0,59.97,7.0,46.0,51.0,59.83,31.61,65.62,947.0,63.89,64.57,64.96,60.0,59.5,75.6,1.0,271.9,272.0,271.0,52.45,-1.892,52.49,1962.0,433308.0,13742.0,1967.0,-0.999,0.818,0.791,0.836,46.04,46.01,46.02,34.48,14.32,14.31,14.31,10.72,55.0,55.0,55.0,41.0,1.91,258.5,21.45,3.3,3.494,2.0,-1.0,13.27,0.007,0.34,3.0,2.0,0.0,0.0,63.23,65.77,65.55,65.41,64.53,65.5,61.5,70.62,62.78,63.18,68.76,76.63,65.19,68.51,76.14,74.71,60.88,70.78,73.43
2017-06-30 11:53:00-05:00,903.0112,954.5953,995.93787,925.8352,932.91266,973.8193,973.3914,944.1412,938592.0,46.01,0.0,952.0,954.0,943.0,31.71,309.4,0.0,0.0,0.0,0.0,0.0,0.0,0.0,0.0,307.4,308.3,172.2,-0.3,61.58,62.32,62.98,61.98,0.0,269.8,273.4,273.0,271.8,0.728,0.0,53.43,51.44,-0.298,51.41,0.999,6000.0,420408.0,399.0,437.0,59.98,7.0,46.0,51.0,58.65,31.61,65.66,946.0,63.95,64.62,65.05,60.0,59.5,75.6,1.0,271.9,272.1,271.0,52.53,-1.8,52.56,1962.0,433309.0,13742.0,1967.0,-0.999,0.818,0.791,0.836,46.29,46.22,46.25,34.72,14.32,14.3,14.31,10.75,55.0,55.0,55.0,41.0,2.702,253.7,15.35,4.4,3.497,2.0,-1.0,13.27,0.009,0.34,3.0,2.0,0.0,0.0,63.63,66.13,65.91,65.72,64.98,65.89,61.98,70.71,62.51,63.15,68.73,76.78,65.58,68.92,76.29,74.86,61.18,70.82,73.67
2017-06-30 11:54:00-05:00,902.76404,953.61285,994.75354,923.71655,929.9511,971.5624,970.506,940.60516,938593.0,46.02,0.0,951.0,951.0,940.0,31.81,305.6,0.0,0.0,0.0,0.0,0.0,0.0,0.0,0.0,303.8,304.5,175.6,-0.3,62.0,62.68,63.28,62.28,0.0,270.0,273.8,273.0,272.0,0.705,0.0,53.8,51.81,-0.295,51.78,0.999,6000.0,420409.0,400.0,437.0,59.98,7.0,46.0,51.0,58.73,31.71,65.54,946.0,64.37,65.0,65.53,60.0,59.5,75.6,1.0,272.0,272.2,271.0,52.91,-1.833,52.94,1962.0,433310.0,13742.0,1967.0,-0.999,0.818,0.791,0.836,47.21,47.23,47.28,35.44,14.43,14.43,14.45,10.83,55.0,55.0,55.0,41.0,2.678,232.9,15.07,4.5,3.497,2.0,-1.0,13.19,-0.008,0.34,3.0,2.0,0.0,0.001,63.57,66.27,65.72,65.56,64.98,65.86,61.87,70.66,62.5,62.72,68.79,76.83,66.34,68.64,76.33,75.25,61.7,71.09,73.95
2017-06-30 11:55:00-05:00,908.6976,960.3262,1001.8593,930.07245,936.7757,978.3332,977.7823,947.67737,938594.0,46.07,0.0,957.0,958.0,947.0,31.81,305.1,0.0,0.0,0.0,0.0,0.0,0.0,0.0,0.0,303.2,304.0,176.7,-0.3,62.15,63.0,63.53,62.53,0.0,270.0,273.9,273.0,272.0,0.722,0.0,54.03,52.06,-0.213,52.03,0.999,6000.0,420410.0,401.0,437.0,59.96,7.0,46.0,51.0,59.87,31.77,65.95,951.0,64.67,65.3,65.82,60.0,59.5,75.6,1.0,272.0,272.1,271.0,53.15,-1.949,53.19,1962.0,433311.0,13743.0,1967.0,-0.999,0.818,0.791,0.836,47.54,47.51,47.48,35.64,14.5,14.49,14.49,10.87,55.0,55.0,55.0,41.0,1.382,193.1,23.23,2.6,3.497,2.0,-1.0,13.24,0.006,0.341,3.0,2.0,0.0,0.001,63.98,66.43,66.04,65.78,65.23,66.01,61.69,70.95,63.69,63.2,69.11,76.83,66.25,67.98,76.27,75.85,62.51,71.7,74.54
2017-06-30 11:56:00-05:00,907.585,959.01624,1000.6751,929.0132,935.23047,977.2048,976.7787,946.49866,938595.0,46.07,0.0,956.0,957.0,946.0,32.07,302.8,0.0,0.0,0.0,0.0,0.0,0.0,0.0,0.0,301.1,301.3,178.0,-0.3,62.0,63.0,63.9,62.9,0.0,270.0,273.5,273.0,272.0,0.73,0.0,54.02,52.05,-0.283,52.02,0.999,6000.0,420410.0,401.0,437.0,59.97,7.0,46.0,51.0,58.2,31.8,65.86,950.0,64.59,65.31,66.03,60.0,59.5,75.6,1.0,272.0,272.0,271.0,53.16,-1.891,53.19,1962.0,433311.0,13743.0,1967.0,-0.999,0.818,0.791,0.836,47.82,47.84,47.79,35.85,14.48,14.48,14.47,10.85,56.0,56.0,56.0,42.0,1.207,270.5,53.02,2.4,3.497,2.0,-1.0,13.24,0.007,0.341,3.0,2.0,0.0,0.001,63.98,66.71,66.26,66.23,65.58,66.42,61.93,71.28,63.18,63.92,69.56,77.13,65.76,68.78,76.6,76.47,62.52,72.56,75.24
2017-06-30 11:57:00-05:00,906.7197,957.21515,998.30646,927.9538,933.5565,974.9478,974.646,944.1412,938596.0,46.11,0.0,955.0,955.0,944.0,32.28,303.0,0.0,0.0,0.0,0.0,0.0,0.0,0.0,0.0,301.4,301.5,177.6,-0.3,62.0,63.0,63.47,62.47,0.0,269.8,273.4,273.0,271.8,0.735,0.0,53.91,51.95,-0.305,51.92,0.999,6000.0,420411.0,402.0,437.0,59.99,7.0,46.0,51.0,59.5,31.96,65.77,950.0,64.47,65.15,65.86,60.0,59.5,75.6,1.0,272.0,272.0,271.0,53.04,-1.814,53.07,1962.0,433312.0,13743.0,1967.0,-0.999,0.818,0.791,0.836,47.69,47.73,47.72,35.81,14.45,14.46,14.46,10.85,56.0,56.0,56.0,42.0,1.48,201.1,42.27,3.9,3.497,2.0,-1.0,13.23,0.007,0.341,3.0,2.0,0.0,0.0,63.78,66.87,66.61,66.17,66.16,66.67,61.24,71.09,62.48,63.76,69.33,76.82,64.02,68.29,76.03,76.02,62.38,71.99,74.89
2017-06-30 11:58:00-05:00,907.7086,958.6888,999.4908,930.73456,936.647,978.3332,978.0332,947.67737,938597.0,46.13,0.0,956.0,958.0,947.0,32.29,304.4,0.0,0.0,0.0,0.0,0.0,0.0,0.0,0.0,302.6,303.3,176.6,-0.3,62.0,63.0,63.23,62.23,0.0,270.0,273.6,273.0,272.0,0.748,0.0,53.93,51.94,-0.3,51.9,0.999,6000.0,420412.0,403.0,437.0,59.99,7.0,46.42,51.0,59.48,31.36,65.08,951.0,64.62,65.11,65.73,60.0,59.5,75.6,1.0,272.0,272.0,271.0,53.04,-1.817,53.07,1962.0,433313.0,13743.0,1967.0,-0.999,0.818,0.791,0.836,47.55,47.58,47.52,35.66,14.47,14.48,14.47,10.85,56.0,56.0,56.0,42.0,1.618,217.8,20.35,2.7,3.497,2.0,-1.0,13.24,0.007,0.341,3.0,2.0,0.0,0.0,62.96,67.1,66.19,66.2,66.13,66.66,61.2,70.84,62.99,63.29,69.03,76.85,64.93,68.15,76.15,75.68,62.27,71.42,74.39
2017-06-30 11:59:00-05:00,906.2252,957.05145,998.30646,929.27795,935.10175,976.0763,976.6532,945.31995,938598.0,46.17,0.0,954.0,956.0,945.0,32.25,304.1,0.0,0.0,0.0,0.0,0.0,0.0,0.0,0.0,302.4,303.0,176.1,-0.3,62.0,62.63,63.2,62.2,0.0,269.9,273.8,273.0,271.9,0.76,0.0,53.7,51.72,-0.298,51.69,0.999,6000.0,420413.0,404.0,437.0,59.98,7.0,46.62,51.0,58.2,31.91,65.64,950.0,64.27,64.87,65.52,60.0,59.5,75.6,1.0,272.0,272.1,271.0,52.82,-1.832,52.86,1962.0,433314.0,13743.0,1967.0,-0.999,0.818,0.791,0.836,47.34,47.26,47.3,35.52,14.4,14.37,14.39,10.8,56.0,56.0,56.0,42.0,0.747,245.0,76.56,1.7,3.497,2.0,-1.0,13.21,0.034,0.34,3.0,2.0,0.0,0.001,63.16,67.47,66.48,66.68,66.37,66.84,61.47,70.98,62.99,63.7,69.15,77.0,65.07,68.56,76.36,76.06,62.45,72.05,74.81
2017-06-30 12:00:00-05:00,908.4503,959.5075,1000.6751,930.9993,936.7757,978.3332,978.66046,947.67737,938599.0,46.18,0.0,957.0,958.0,947.0,32.46,305.3,0.0,0.0,0.0,0.0,0.0,0.0,0.0,0.0,303.4,304.2,175.2,-0.3,62.0,62.58,63.05,62.05,0.0,270.0,273.8,273.0,272.0,0.748,0.0,53.61,51.67,-0.297,51.63,0.999,6000.0,420414.0,405.0,437.0,59.98,7.0,47.0,51.0,59.95,31.91,65.16,952.0,64.22,64.81,65.34,60.0,59.5,75.6,1.0,272.0,272.0,271.0,52.75,-1.846,52.78,1962.0,433315.0,13743.0,1967.0,-0.999,0.818,0.791,0.836,47.09,47.07,47.07,35.31,14.38,14.37,14.37,10.78,57.0,57.0,57.0,42.0,2.12,185.2,25.12,4.8,3.497,2.0,-1.0,13.21,-0.018,0.341,3.0,2.0,0.0,0.001,63.27,67.76,66.93,66.98,66.24,67.0,62.04,71.04,61.65,63.67,69.21,77.37,66.03,69.46,76.7,76.33,63.35,71.97,75.23
2017-06-30 12:01:00-05:00,904.6182,954.75903,995.93787,926.89453,932.2689,973.8193,974.7714,944.1412,938600.0,46.22,0.0,953.0,954.0,943.0,32.04,303.2,0.0,0.0,0.0,0.0,0.0,0.0,0.0,0.0,301.5,301.8,177.2,-0.3,62.0,62.92,63.53,62.53,0.0,269.6,273.3,273.0,271.6,0.74,0.0,53.77,51.84,-0.303,51.8,0.999,6000.0,420415.0,405.0,437.0,59.98,7.0,46.73,51.0,58.43,31.64,65.07,948.0,64.41,65.02,65.74,60.0,59.5,75.6,1.0,271.9,272.0,271.0,52.93,-1.811,52.96,1962.0,433316.0,13743.0,1967.0,-0.999,0.818,0.791,0.836,47.68,47.57,47.54,35.72,14.45,14.42,14.41,10.83,57.0,57.0,57.0,42.0,2.662,234.9,37.62,4.6,3.497,2.0,-1.0,13.24,0.007,0.341,3.0,2.0,0.0,0.0,62.8,67.51,66.16,66.52,65.57,66.59,62.18,70.69,62.11,63.18,68.79,77.52,65.26,69.46,76.79,76.42,63.35,71.87,75.25
2017-06-30 12:02:00-05:00,905.11273,954.75903,995.93787,927.2918,932.0113,973.8193,974.5205,942.9626,938601.0,46.23,0.0,953.0,955.0,943.0,32.45,302.4,0.0,0.0,0.0,0.0,0.0,0.0,0.0,0.0,300.6,301.0,178.0,-0.3,62.0,63.0,63.95,62.95,0.0,269.2,273.1,273.0,271.2,0.742,0.0,53.96,51.98,-0.29,51.95,0.999,6000.0,420416.0,1.0,406.0,59.98,7.0,46.8,51.0,58.92,32.23,65.43,948.0,64.58,65.19,65.96,60.0,59.5,75.6,1.0,271.4,272.0,271.0,53.06,-1.858,53.09,1962.0,433317.0,13743.0,1967.0,-0.999,0.818,0.791,0.836,47.85,47.84,47.88,35.89,14.47,14.47,14.48,10.85,57.0,57.0,57.0,43.0,1.875,287.1,61.8,3.2,3.497,2.0,-1.0,13.24,0.007,0.341,3.0,2.0,0.0,0.0,63.36,66.89,66.18,66.27,65.59,66.42,61.54,70.3,61.64,62.4,68.41,77.12,64.62,69.03,76.43,75.74,62.53,71.54,74.71
2017-06-30 12:03:00-05:00,906.9669,956.88763,998.30646,929.94006,934.5867,976.0763,977.9078,946.49866,938602.0,46.28,0.0,955.0,957.0,946.0,32.78,303.7,0.0,0.0,0.0,0.0,0.0,0.0,0.0,0.0,301.8,302.3,177.3,-0.3,62.0,63.0,63.63,62.63,0.0,269.3,273.1,273.0,271.4,0.745,0.0,53.98,51.95,-0.29,51.93,0.999,6000.0,420416.0,1.0,406.0,59.97,7.0,47.0,51.0,59.87,32.49,65.4,950.0,64.65,65.19,65.85,60.0,59.5,75.6,1.0,271.6,272.0,271.0,53.06,-1.869,53.09,1962.0,433318.0,13743.0,1967.0,-0.999,0.818,0.791,0.836,47.6,47.63,47.65,35.69,14.46,14.47,14.47,10.84,57.0,57.0,57.0,43.0,1.38,210.0,56.29,3.2,3.495,2.0,-1.0,13.24,0.007,0.341,3.0,2.0,0.0,0.0,63.57,67.13,66.47,66.49,65.84,66.42,61.35,70.49,62.27,62.8,68.69,77.08,64.74,69.25,76.53,75.55,61.8,71.06,74.33
2017-06-30 12:04:00-05:00,904.98914,955.08655,997.12213,926.89453,932.5264,973.8193,974.89685,944.1412,938603.0,46.29,0.0,953.0,955.0,944.0,32.7,305.3,0.0,0.0,0.0,0.0,0.0,0.0,0.0,0.0,303.3,304.3,175.5,-0.3,62.0,63.0,63.0,62.0,0.0,269.0,273.0,272.7,271.0,0.75,0.0,53.67,51.69,-0.298,51.67,0.999,6000.0,420417.0,2.0,406.0,59.98,7.0,47.0,51.0,58.03,32.38,65.49,948.0,64.41,64.99,65.46,60.0,59.5,75.6,1.0,271.0,272.0,270.4,52.78,-1.854,52.81,1962.0,433319.0,13743.0,1967.0,-0.999,0.818,0.791,0.836,47.16,47.14,47.15,35.36,14.4,14.39,14.4,10.8,58.0,58.0,58.0,43.0,1.568,229.3,59.93,3.3,3.497,2.0,-1.0,13.24,0.007,0.341,3.0,2.0,0.0,0.0,63.52,67.34,66.55,66.57,66.06,66.59,61.51,70.83,63.18,63.58,69.15,77.1,65.42,69.15,76.49,75.64,62.82,71.04,74.43
2017-06-30 12:05:00-05:00,903.8766,953.94037,994.75354,925.4379,931.2387,972.6909,973.3914,942.9626,938604.0,46.3,0.0,952.0,953.0,942.0,32.86,305.6,0.0,0.0,0.0,0.0,0.0,0.0,0.0,0.0,303.7,304.5,174.4,-0.3,62.0,62.18,63.0,62.0,0.0,269.0,273.0,272.8,271.0,0.753,0.0,53.44,51.44,-0.3,51.42,0.999,6000.0,420418.0,3.0,406.0,59.98,7.0,47.0,51.0,59.72,32.09,66.09,947.0,64.1,64.68,65.12,60.0,59.5,75.6,1.0,271.0,272.0,270.7,52.53,-1.834,52.56,1962.0,433319.0,13743.0,1967.0,-0.999,0.818,0.791,0.836,46.89,46.9,46.93,35.12,14.33,14.33,14.34,10.73,58.0,58.0,58.0,43.0,1.432,272.1,45.35,3.0,3.497,2.0,-1.0,13.22,0.009,0.341,3.0,2.0,0.0,0.001,63.54,67.63,66.68,66.82,66.26,66.85,61.97,71.44,63.06,64.11,69.83,77.38,65.56,68.79,76.71,76.18,63.15,71.61,74.9
2017-06-30 12:06:00-05:00,908.2031,958.1976,999.4908,929.27795,935.6168,976.0763,977.65686,946.49866,938605.0,46.35,0.0,957.0,957.0,946.0,33.03,302.7,0.0,0.0,0.0,0.0,0.0,0.0,0.0,0.0,300.8,301.6,177.5,-0.3,62.07,62.97,63.72,62.72,0.0,269.0,273.0,272.6,271.0,0.743,0.0,53.83,51.85,-0.3,51.82,0.999,6000.0,420419.0,4.0,406.0,59.98,7.0,47.0,51.0,58.92,33.04,66.32,951.0,64.53,65.13,65.82,60.0,59.5,75.6,1.0,271.0,272.0,270.4,52.95,-1.849,52.98,1962.0,433320.0,13743.0,1967.0,-0.999,0.818,0.791,0.836,47.67,47.68,47.68,35.77,14.43,14.43,14.43,10.83,58.0,58.0,58.0,43.0,1.08,327.5,77.31,2.6,3.495,2.0,-1.0,13.24,0.007,0.341,3.0,2.0,0.0,0.0,64.08,67.68,67.06,66.94,66.72,67.08,61.48,71.53,62.39,63.92,69.81,77.07,64.57,69.27,76.48,76.04,62.44,71.47,74.8
2017-06-30 12:07:00-05:00,910.18097,960.3262,1001.8593,933.1179,939.2223,979.4617,982.0477,948.856,938606.0,46.37,0.0,958.0,961.0,949.0,33.4,303.1,0.0,0.0,0.0,0.0,0.0,0.0,0.0,0.0,301.2,301.8,177.5,-0.3,62.03,63.0,63.7,62.7,0.0,269.0,273.0,272.6,271.0,0.737,0.0,53.94,51.95,-0.3,51.94,0.999,6000.0,420420.0,5.0,406.0,59.98,7.0,47.0,51.0,58.55,33.21,66.2,952.0,64.69,65.24,65.94,60.0,59.5,75.6,1.0,271.0,272.0,270.4,53.06,-1.85,53.1,1962.0,433321.0,13743.0,1967.0,-0.999,0.818,0.791,0.836,47.73,47.75,47.73,35.78,14.47,14.47,14.47,10.84,58.0,58.0,58.0,44.0,2.437,241.7,36.8,4.3,3.497,2.0,-1.0,13.24,0.007,0.342,3.0,2.0,0.0,0.0,64.04,67.75,67.13,66.79,66.71,67.15,60.67,70.99,60.54,62.8,69.04,76.35,63.8,68.71,75.87,75.27,62.17,70.96,74.16
2017-06-30 12:08:00-05:00,908.3267,958.0338,999.4908,930.46967,936.9045,977.2048,978.78595,946.49866,938607.0,46.4,0.0,957.0,958.0,947.0,33.04,302.2,0.0,0.0,0.0,0.0,0.0,0.0,0.0,0.0,300.2,301.2,177.8,-0.3,62.0,63.0,63.88,62.88,0.0,269.0,273.0,272.2,271.0,0.74,0.0,53.86,51.9,-0.253,51.87,0.999,6000.0,420421.0,6.0,406.0,59.97,7.0,47.0,51.0,59.97,32.35,66.69,950.0,64.57,65.2,65.98,60.0,59.5,75.6,1.0,271.0,271.9,270.1,52.98,-1.916,53.02,1962.0,433322.0,13743.0,1967.0,-0.999,0.818,0.791,0.836,47.75,47.83,47.81,35.85,14.43,14.45,14.45,10.83,58.0,58.0,58.0,44.0,1.305,218.5,52.63,4.2,3.495,2.0,-1.0,13.24,0.007,0.341,3.0,2.0,0.0,0.0,64.27,67.77,67.2,66.83,66.65,67.18,61.02,71.28,62.37,63.49,69.53,76.54,64.7,69.33,76.07,75.45,62.26,71.23,74.19
2017-06-30 12:09:00-05:00,910.18097,960.1624,1000.6751,931.7938,938.06335,979.4617,980.54224,948.856,938608.0,46.42,0.0,958.0,960.0,949.0,32.89,305.4,0.0,0.0,0.0,0.0,0.0,0.0,0.0,0.0,303.3,304.2,175.4,-0.3,62.18,62.85,63.3,62.3,0.0,268.9,272.5,272.0,270.9,0.762,0.0,53.66,51.7,-0.175,51.66,1.0,6000.0,420422.0,7.0,406.0,59.95,7.0,47.0,51.0,58.12,32.03,67.01,952.0,64.52,65.12,65.63,60.0,59.5,75.6,1.0,270.9,271.4,270.0,52.79,-1.962,52.83,1962.0,433323.0,13743.0,1967.0,-0.999,0.818,0.791,0.836,47.05,47.09,47.09,35.34,14.37,14.38,14.38,10.79,59.0,59.0,59.0,44.0,1.373,204.8,38.73,2.7,3.495,2.0,-1.0,13.24,0.008,0.341,3.0,2.0,0.0,0.0,64.39,67.63,67.3,66.96,66.71,67.07,61.48,70.86,61.38,63.13,69.04,76.68,64.62,69.27,76.25,75.61,62.38,71.1,74.14
2017-06-30 12:10:00-05:00,908.0795,957.5426,999.4908,929.8076,935.6168,977.2048,979.2878,947.67737,938609.0,46.46,0.0,956.0,958.0,947.0,32.76,307.6,0.0,0.0,0.0,0.0,0.0,0.0,0.0,0.0,305.5,306.4,172.6,-0.3,61.83,62.02,63.0,62.0,0.0,268.9,272.3,272.0,270.9,0.758,0.0,53.18,51.23,-0.262,51.21,0.999,6000.0,420422.0,7.0,406.0,59.97,7.0,47.0,51.0,59.47,31.92,66.78,950.0,63.97,64.58,65.09,60.0,59.5,75.6,1.0,270.9,271.0,270.0,52.32,-1.881,52.36,1962.0,433324.0,13743.0,1967.0,-0.999,0.818,0.791,0.836,46.42,46.38,46.33,34.76,14.28,14.27,14.25,10.69,59.0,59.0,59.0,44.0,1.647,162.3,51.33,3.4,3.495,2.0,-1.0,13.23,0.01,0.341,3.0,2.0,0.0,0.001,64.45,67.5,67.46,67.11,66.48,67.13,61.98,71.11,63.05,63.63,69.34,76.79,65.36,69.3,76.31,75.56,62.4,71.2,74.31
2017-06-30 12:11:00-05:00,907.8323,957.3789,999.4908,929.0132,934.97296,977.2048,978.0332,947.67737,938610.0,46.47,0.0,956.0,958.0,947.0,32.77,305.1,0.0,0.0,0.0,0.0,0.0,0.0,0.0,0.0,303.1,303.9,175.1,-0.3,62.13,62.72,63.38,62.38,0.0,268.5,272.1,271.9,270.5,0.762,0.0,53.55,51.59,-0.293,51.56,0.999,6000.0,420423.0,8.0,406.0,59.97,7.0,47.0,51.0,59.3,31.34,66.36,950.0,64.45,65.01,65.62,60.0,59.5,75.6,1.0,270.5,271.0,269.7,52.68,-1.859,52.72,1962.0,433325.0,13743.0,1967.0,-0.999,0.818,0.791,0.836,47.16,47.04,47.05,35.33,14.39,14.35,14.35,10.78,59.0,59.0,59.0,44.0,2.678,176.6,26.2,5.0,3.493,2.0,-1.0,13.24,0.007,0.341,3.0,2.0,0.0,0.001,63.9,66.92,66.94,66.81,66.14,66.81,62.45,71.5,62.61,63.3,69.82,77.17,66.19,69.54,76.59,75.75,63.37,71.51,74.54
2017-06-30 12:12:00-05:00,909.6865,959.83496,1001.8593,929.94006,935.6168,978.3332,979.4132,947.67737,938611.0,46.51,0.0,959.0,959.0,948.0,32.55,310.2,0.0,0.0,0.0,0.0,0.0,0.0,0.0,0.0,307.9,308.9,171.0,-0.3,61.47,62.0,63.0,62.0,0.0,268.3,272.1,271.9,270.3,0.773,0.0,53.05,51.1,-0.212,51.1,0.999,6000.0,420424.0,9.0,406.0,59.96,7.0,47.0,51.0,58.3,31.62,65.63,952.0,63.84,64.45,64.97,60.0,59.5,75.6,1.0,270.3,271.0,269.5,52.19,-1.912,52.23,1962.0,433326.0,13743.0,1967.0,-0.999,0.818,0.791,0.836,45.86,45.95,45.91,34.41,14.23,14.25,14.24,10.67,59.0,59.0,59.0,44.0,1.67,191.6,31.12,3.3,3.495,2.0,-1.0,13.24,0.007,0.341,3.0,2.0,0.0,0.0,63.28,66.58,66.47,66.77,65.91,66.36,62.86,72.23,63.83,64.53,70.52,77.5,66.94,69.65,76.92,76.31,63.43,71.98,75.12
2017-06-30 12:13:00-05:00,908.6976,958.0338,1000.6751,929.6752,935.23047,978.3332,979.66406,948.856,938612.0,46.52,0.0,957.0,958.0,947.0,32.8,310.8,0.0,0.0,0.0,0.0,0.0,0.0,0.0,0.0,308.7,309.6,169.3,-0.3,61.03,62.0,62.33,61.33,0.0,268.2,272.0,271.6,270.2,0.765,0.0,52.73,50.77,-0.205,50.73,0.999,6000.0,420425.0,10.0,406.0,59.96,7.0,47.0,51.0,60.02,32.56,66.63,951.0,63.46,64.06,64.57,60.0,59.5,75.6,1.0,270.2,271.0,269.4,51.84,-1.896,51.87,1962.0,433326.0,13743.0,1967.0,-0.999,0.818,0.791,0.836,45.5,45.57,45.53,34.11,14.14,14.16,14.15,10.6,60.0,60.0,60.0,45.0,1.118,343.2,94.3,2.5,3.494,2.0,-1.0,13.24,0.008,0.341,3.0,2.0,0.0,0.0,63.8,66.71,67.0,67.24,66.0,66.63,62.77,72.28,63.47,64.68,70.54,77.66,66.19,69.92,77.1,76.38,63.0,72.19,75.19
2017-06-30 12:14:00-05:00,910.6754,960.4899,1001.8593,931.66144,937.80585,979.4617,981.5459,951.21344,938613.0,46.57,0.0,959.0,960.0,949.0,33.1,310.5,0.0,0.0,0.0,0.0,0.0,0.0,0.0,0.0,308.3,309.3,169.5,-0.3,61.0,62.0,62.32,61.32,0.0,268.4,272.0,271.6,270.4,0.743,0.0,52.77,50.81,-0.03,50.79,0.999,6000.0,420426.0,11.0,406.0,59.93,7.0,47.0,51.0,58.32,32.86,67.04,953.0,63.49,64.14,64.63,60.0,59.5,75.6,1.0,270.4,271.0,269.5,51.9,-2.034,51.94,1962.0,433327.0,13743.0,1967.0,-0.999,0.818,0.791,0.836,45.6,45.59,45.57,34.2,14.16,14.16,14.15,10.62,60.0,60.0,60.0,45.0,1.775,276.0,23.91,3.9,3.494,2.0,-1.0,13.24,0.008,0.342,3.0,2.0,0.0,0.0,64.42,67.13,67.26,67.6,66.26,66.85,62.58,72.16,63.65,64.61,70.37,77.78,66.58,70.5,77.27,76.26,62.42,72.11,75.13
2017-06-30 12:15:00-05:00,908.6976,958.6888,1000.6751,929.27795,937.41956,978.3332,978.66046,948.856,938614.0,46.58,0.0,957.0,959.0,948.0,33.34,310.7,0.0,0.0,0.0,0.0,0.0,0.0,0.0,0.0,308.6,309.4,168.7,-0.3,61.0,61.63,62.0,61.0,0.0,268.0,272.0,271.6,270.0,0.74,0.0,52.53,50.58,-0.072,50.54,0.999,6000.0,420427.0,12.0,406.0,59.94,7.0,47.0,51.0,59.1,33.0,67.13,951.0,63.23,63.84,64.33,60.0,59.5,75.6,1.0,270.0,271.0,269.0,51.64,-1.989,51.67,1962.0,433328.0,13743.0,1967.0,-0.999,0.818,0.791,0.836,45.34,45.35,45.38,34.01,14.09,14.09,14.1,10.57,60.0,60.0,60.0,45.0,1.232,210.9,64.06,2.5,3.497,2.0,-1.0,13.22,0.012,0.341,3.0,2.0,0.0,0.001,64.81,67.35,67.32,67.53,66.5,67.02,62.68,71.87,63.13,64.32,70.1,77.77,66.55,70.36,77.27,75.9,62.34,71.72,74.64
2017-06-30 12:16:00-05:00,908.8212,959.6712,1000.6751,928.7483,937.2908,978.3332,977.7823,948.856,938615.0,46.63,0.0,958.0,958.0,947.0,33.12,310.3,0.0,0.0,0.0,0.0,0.0,0.0,0.0,0.0,308.1,309.0,169.4,-0.3,61.0,62.0,62.0,61.0,0.0,268.7,272.2,271.9,270.7,0.765,0.0,52.71,50.76,-0.1,50.74,0.999,6000.0,420428.0,13.0,406.0,59.94,7.0,47.0,51.0,59.77,31.93,66.42,951.0,63.4,64.01,64.48,60.0,59.5,75.6,1.0,270.7,271.0,269.9,51.83,-1.978,51.86,1962.0,433329.0,13743.0,1967.0,-0.999,0.818,0.791,0.836,45.58,45.6,45.58,34.15,14.14,14.15,14.14,10.6,60.0,60.0,60.0,45.0,1.683,227.1,55.01,3.9,3.497,2.0,-1.0,13.22,0.019,0.341,3.0,2.0,0.0,0.001,64.3,66.84,66.96,67.26,66.09,66.71,63.1,71.13,61.1,63.72,69.25,77.65,66.42,70.25,77.23,75.61,62.29,71.76,74.38
2017-06-30 12:17:00-05:00,905.3599,956.7239,998.30646,925.7028,934.7154,974.9478,974.1441,945.31995,938616.0,46.64,0.0,955.0,955.0,944.0,32.82,303.2,0.0,0.0,0.0,0.0,0.0,0.0,0.0,0.0,301.5,302.1,175.7,-0.3,61.83,62.83,62.85,61.85,0.0,269.0,272.5,272.0,271.0,0.747,0.0,53.39,51.46,-0.118,51.44,0.999,6000.0,420428.0,13.0,406.0,59.94,7.0,47.0,51.0,58.22,31.59,66.71,948.0,64.08,64.75,65.51,60.0,59.5,75.6,1.0,271.0,271.1,270.0,52.54,-2.001,52.58,1962.0,433330.0,13743.0,1967.0,-0.999,0.818,0.791,0.836,47.3,47.3,47.33,35.48,14.34,14.34,14.35,10.76,61.0,61.0,61.0,45.0,1.85,205.4,44.67,3.6,3.494,2.0,-1.0,13.27,0.009,0.341,3.0,2.0,0.0,0.0,64.29,67.04,66.91,67.27,66.14,66.82,63.17,71.15,62.87,63.33,69.39,77.65,66.54,70.09,77.13,75.54,62.58,71.64,74.34
2017-06-30 12:18:00-05:00,908.574,960.1624,1001.8593,928.6159,936.13184,978.3332,977.0296,947.67737,938617.0,46.68,0.0,958.0,958.0,947.0,33.0,301.9,0.0,0.0,0.0,0.0,0.0,0.0,0.0,0.0,299.8,300.5,177.4,-0.3,62.0,63.0,63.53,62.53,0.0,269.0,272.2,272.0,271.0,0.743,0.0,53.64,51.71,-0.127,51.69,0.999,6000.0,420429.0,14.0,406.0,59.95,7.0,47.0,51.0,59.67,32.54,67.03,951.0,64.44,65.06,65.84,60.0,59.5,75.6,1.0,271.0,271.1,270.0,52.79,-1.991,52.83,1962.0,433331.0,13743.0,1967.0,-0.999,0.818,0.791,0.836,47.68,47.67,47.65,35.75,14.4,14.39,14.39,10.79,61.0,61.0,61.0,46.0,1.313,235.1,44.79,3.2,3.495,2.0,-1.0,13.24,-0.003,0.341,3.0,2.0,0.0,0.0,64.73,66.88,66.86,67.46,66.08,66.9,63.53,71.64,63.17,64.15,69.99,78.03,67.49,70.32,77.42,76.18,63.29,72.33,74.9
2017-06-30 12:19:00-05:00,910.4282,961.6361,1003.04364,930.46967,937.67706,979.4617,979.78955,950.0347,938618.0,46.71,0.0,960.0,960.0,949.0,33.4,304.6,0.0,0.0,0.0,0.0,0.0,0.0,0.0,0.0,302.5,303.4,174.7,-0.3,61.77,62.13,63.0,62.0,0.0,269.9,273.7,272.9,271.9,0.74,0.0,53.35,51.44,-0.085,51.41,0.999,6000.0,420430.0,15.0,406.0,59.94,7.0,47.0,51.0,58.98,32.79,67.44,952.0,63.96,64.53,65.09,60.0,59.5,75.6,1.0,271.9,272.1,270.9,52.51,-2.007,52.55,1962.0,433332.0,13743.0,1967.0,-0.999,0.818,0.791,0.836,46.96,46.98,47.04,35.27,14.3,14.31,14.33,10.75,61.0,61.0,61.0,46.0,1.433,240.3,30.56,3.6,3.495,2.0,-1.0,13.24,0.006,0.342,3.0,2.0,0.0,0.0,64.97,67.15,67.26,67.86,66.29,67.19,63.69,71.75,63.32,64.76,70.13,78.11,66.91,69.86,77.39,76.44,63.88,72.6,75.29
2017-06-30 12:20:00-05:00,911.78796,963.7647,1005.4123,931.39655,939.2223,981.7187,980.54224,951.21344,938619.0,46.74,0.0,961.0,961.0,950.0,33.69,304.6,0.0,0.0,0.0,0.0,0.0,0.0,0.0,0.0,302.6,303.3,174.8,-0.3,61.42,62.0,63.0,62.0,0.0,270.1,274.0,273.9,272.1,0.762,0.0,53.37,51.45,-0.03,51.42,0.999,6000.0,420431.0,16.0,406.0,59.93,7.0,47.0,51.0,58.48,32.7,67.26,954.0,63.82,64.38,65.01,60.0,59.5,75.6,1.0,272.1,273.0,271.5,52.52,-2.053,52.56,1962.0,433333.0,13743.0,1967.0,-0.999,0.818,0.791,0.836,47.0,47.09,47.06,35.24,14.32,14.34,14.34,10.73,61.0,61.0,61.0,46.0,2.265,222.7,14.59,3.3,3.495,2.0,-1.0,13.24,0.007,0.342,3.0,2.0,0.0,0.0,64.95,67.71,67.47,68.06,66.55,67.35,63.43,72.12,64.23,64.77,70.43,78.32,66.7,69.53,77.54,76.59,64.04,72.51,75.34
2017-06-30 12:21:00-05:00,911.4171,963.43713,1004.22797,930.6021,939.6085,980.5902,979.66406,951.21344,938620.0,46.75,0.0,960.0,961.0,949.0,33.62,303.7,0.0,0.0,0.0,0.0,0.0,0.0,0.0,0.0,301.5,302.2,175.6,-0.3,61.15,62.0,63.0,62.0,0.0,270.1,274.0,274.0,272.1,0.762,0.0,53.4,51.47,-0.072,51.43,0.999,6000.0,420432.0,17.0,406.0,59.94,7.0,47.0,51.0,59.98,33.14,67.39,953.0,63.78,64.36,65.12,60.0,59.5,75.6,1.0,272.0,273.0,271.7,52.54,-2.021,52.58,1962.0,433333.0,13743.0,1967.0,-0.999,0.818,0.791,0.836,47.22,47.24,47.07,35.38,14.34,14.35,14.3,10.75,62.0,62.0,62.0,46.0,1.783,272.2,28.21,2.9,3.494,2.0,-1.0,13.24,0.008,0.342,3.0,2.0,0.0,0.0,65.09,67.93,67.76,68.22,66.91,67.65,63.27,72.06,63.29,64.54,70.35,78.05,66.14,69.42,77.31,76.7,63.78,72.65,75.39
2017-06-30 12:22:00-05:00,909.9337,962.4548,1003.04364,929.0132,939.6085,979.4617,978.0332,950.0347,938621.0,46.8,0.0,959.0,960.0,948.0,33.28,306.6,0.0,0.0,0.0,0.0,0.0,0.0,0.0,0.0,304.8,305.3,172.8,-0.3,61.13,62.0,62.37,61.37,0.0,270.7,274.0,274.0,272.7,0.758,0.0,53.11,51.19,-0.133,51.17,0.999,6000.0,420433.0,18.0,406.0,59.95,7.0,47.0,51.0,58.27,32.42,66.55,951.0,63.46,64.08,64.59,60.0,59.5,75.6,1.0,272.6,273.0,272.0,52.28,-1.967,52.32,1962.0,433334.0,13743.0,1967.0,-0.999,0.818,0.791,0.836,46.51,46.42,46.53,34.89,14.26,14.23,14.27,10.7,62.0,62.0,62.0,46.0,2.937,243.1,12.88,4.8,3.495,2.0,-1.0,13.24,0.008,0.342,3.0,2.0,0.0,0.0,64.59,67.77,67.38,68.13,66.89,67.63,62.61,71.64,62.85,63.89,69.85,77.77,65.78,69.0,77.06,76.17,62.99,71.87,74.73
2017-06-30 12:23:00-05:00,906.8433,959.83496,999.4908,924.2463,936.5182,974.9478,972.2623,945.31995,938622.0,46.83,0.0,956.0,956.0,944.0,33.04,305.3,0.0,0.0,0.0,0.0,0.0,0.0,0.0,0.0,303.3,304.2,173.9,-0.3,61.0,62.0,62.67,61.67,0.0,270.1,274.0,274.0,272.1,0.782,0.0,53.19,51.28,-0.227,51.26,0.999,6000.0,420434.0,19.0,406.0,59.96,7.0,47.0,51.0,59.3,32.68,66.59,948.0,63.6,64.15,64.75,60.0,59.5,75.6,1.0,272.1,273.0,271.7,52.35,-1.903,52.39,1962.0,433335.0,13743.0,1967.0,-0.999,0.818,0.791,0.836,46.76,46.81,46.82,35.05,14.28,14.29,14.29,10.7,62.0,62.0,62.0,46.0,1.522,273.0,67.59,2.4,3.495,2.0,-1.0,13.23,0.014,0.341,3.0,2.0,0.0,0.001,64.15,67.57,66.98,67.62,66.69,67.27,62.2,71.37,63.45,63.78,69.73,77.78,65.33,68.88,76.98,76.05,63.08,72.01,74.76
2017-06-30 12:24:00-05:00,913.14777,966.22076,1006.5966,929.6752,941.15375,980.5902,977.53143,950.0347,938623.0,46.85,0.0,962.0,961.0,949.0,33.43,304.6,0.0,0.0,0.0,0.0,0.0,0.0,0.0,0.0,302.7,303.3,175.4,-0.3,61.73,62.28,62.78,61.78,0.0,270.2,274.0,274.0,272.2,0.8,0.0,53.53,51.6,-0.152,51.59,0.999,6000.0,420434.0,19.0,406.0,59.95,7.0,47.0,51.0,59.42,32.67,66.63,954.0,63.96,64.51,65.24,60.0,59.5,75.6,1.0,272.2,273.0,271.9,52.69,-1.977,52.72,1962.0,433336.0,13743.0,1967.0,-0.999,0.818,0.791,0.836,47.18,47.16,47.17,35.37,14.37,14.37,14.37,10.77,62.0,62.0,62.0,47.0,2.085,238.3,42.49,3.6,3.495,2.0,-1.0,13.23,0.003,0.342,3.0,2.0,0.0,0.001,64.43,67.8,67.21,67.63,66.45,67.42,61.98,71.56,62.82,63.93,69.74,77.92,66.29,69.11,77.18,76.06,62.64,72.12,74.67
2017-06-30 12:25:00-05:00,913.14777,965.72955,1006.5966,931.26416,942.5702,982.8471,980.54224,952.3922,938624.0,46.9,0.0,962.0,963.0,952.0,32.85,303.8,0.0,0.0,0.0,0.0,0.0,0.0,0.0,0.0,301.7,302.4,176.7,-0.3,62.0,62.3,63.0,62.0,0.0,270.1,274.0,274.0,272.1,0.793,0.0,53.73,51.77,-0.035,51.74,0.999,6000.0,420435.0,20.0,406.0,59.94,7.0,47.0,51.0,58.27,32.31,67.04,954.0,64.21,64.71,65.52,60.0,59.5,75.6,1.0,272.1,273.0,271.9,52.87,-2.056,52.91,1962.0,433337.0,13743.0,1967.0,-0.999,0.818,0.791,0.836,47.45,47.47,47.43,35.57,14.41,14.42,14.41,10.81,63.0,63.0,63.0,47.0,2.757,249.6,22.97,5.5,3.495,2.0,-1.0,13.24,0.008,0.342,3.0,2.0,0.0,0.0,64.56,67.94,67.22,67.56,66.47,67.47,61.65,71.57,63.16,63.52,69.82,77.9,65.63,69.06,77.1,76.22,62.33,72.1,74.75
2017-06-30 12:26:00-05:00,913.7658,965.72955,1006.5966,930.3373,940.89624,981.7187,979.2878,952.3922,938625.0,46.92,0.0,963.0,962.0,951.0,32.83,303.3,0.0,0.0,0.0,0.0,0.0,0.0,0.0,0.0,301.5,302.0,177.0,-0.3,62.0,62.82,63.5,62.5,0.0,269.3,273.5,273.1,271.6,0.797,0.0,53.82,51.87,0.0,51.85,0.999,6000.0,420436.0,21.0,406.0,59.92,7.0,47.0,51.0,59.92,32.49,67.22,954.0,64.5,64.97,65.74,60.0,59.5,75.6,1.0,271.7,272.1,271.1,52.95,-2.107,52.99,1962.0,433338.0,13744.0,1967.0,-0.999,0.818,0.791,0.836,47.63,47.59,47.6,35.69,14.45,14.43,14.44,10.83,63.0,63.0,63.0,47.0,1.293,264.0,55.98,2.8,3.495,2.0,-1.0,13.23,0.008,0.342,3.0,2.0,0.0,0.0,64.72,67.91,66.76,67.04,66.37,67.24,61.7,71.5,62.56,63.78,69.68,77.58,65.62,68.92,76.9,76.16,61.89,71.83,74.85
2017-06-30 12:27:00-05:00,917.47424,969.1681,1010.1495,935.1042,945.2743,986.2326,984.1804,957.107,938626.0,46.97,0.0,966.0,967.0,955.0,32.8,303.8,0.0,0.0,0.0,0.0,0.0,0.0,0.0,0.0,302.0,302.5,177.1,-0.3,62.07,63.0,63.6,62.6,0.0,269.0,273.0,272.9,271.0,0.798,0.0,53.89,51.95,-0.013,51.91,0.999,6000.0,420437.0,22.0,406.0,59.93,7.0,47.0,51.0,58.53,32.78,67.79,958.0,64.73,65.22,65.87,60.0,59.5,75.6,1.0,271.0,272.0,270.7,53.04,-2.092,53.08,1962.0,433339.0,13744.0,1967.0,-0.999,0.818,0.791,0.836,47.63,47.62,47.62,35.68,14.47,14.47,14.47,10.84,63.0,63.0,63.0,47.0,1.295,255.6,66.5,2.5,3.495,2.0,-1.0,13.24,0.008,0.342,3.0,2.0,0.0,0.0,65.16,68.03,67.21,67.1,66.64,67.34,61.69,71.35,62.85,63.94,69.5,77.37,65.5,69.12,76.72,75.74,61.88,71.38,74.43
2017-06-30 12:28:00-05:00,914.38385,965.0746,1006.5966,932.3235,943.34283,983.9756,982.17316,954.7496,938627.0,46.97,0.0,963.0,964.0,953.0,33.25,304.0,0.0,0.0,0.0,0.0,0.0,0.0,0.0,0.0,301.8,302.6,175.7,-0.3,62.0,62.45,63.33,62.33,0.0,269.0,273.0,272.9,271.0,0.793,0.0,53.53,51.6,-0.043,51.58,0.999,6000.0,420438.0,23.0,406.0,59.93,7.0,47.0,51.0,58.92,32.77,67.92,955.0,64.23,64.78,65.42,60.0,59.5,75.6,1.0,271.0,272.0,270.6,52.67,-2.052,52.71,1962.0,433340.0,13744.0,1967.0,-0.999,0.818,0.791,0.836,47.22,47.24,47.21,35.4,14.35,14.36,14.35,10.76,63.0,63.0,63.0,47.0,1.882,257.9,37.82,3.5,3.497,2.0,-1.0,13.24,0.008,0.342,3.0,2.0,0.0,0.0,65.57,68.37,67.65,67.6,66.93,67.71,62.21,71.73,63.87,64.46,69.91,77.58,66.18,69.9,77.03,75.94,62.11,71.78,74.75
2017-06-30 12:29:00-05:00,912.0352,962.7822,1004.22797,929.27795,941.02496,981.7187,979.2878,951.21344,938628.0,47.01,0.0,960.0,961.0,950.0,32.97,305.2,0.0,0.0,0.0,0.0,0.0,0.0,0.0,0.0,303.3,304.0,174.4,-0.3,61.97,62.12,63.0,62.0,0.0,269.0,273.1,273.0,271.1,0.8,0.0,53.37,51.43,-0.007,51.41,0.999,6000.0,420439.0,24.0,406.0,59.93,7.0,47.0,51.0,59.83,31.83,67.51,953.0,64.05,64.57,65.1,60.0,59.5,75.6,1.0,271.0,272.0,270.9,52.5,-2.074,52.54,1962.0,433340.0,13744.0,1967.0,-0.999,0.818,0.791,0.836,46.96,46.91,46.95,35.17,14.33,14.32,14.33,10.73,63.0,63.0,63.0,47.0,2.525,239.8,36.58,4.5,3.495,2.0,-1.0,13.2,0.01,0.341,3.0,2.0,0.0,0.001,65.63,68.31,67.5,67.68,66.96,67.81,62.47,71.73,63.4,64.32,69.87,77.46,65.68,69.81,76.97,75.75,61.94,71.74,74.59
2017-06-30 12:30:00-05:00,912.2824,962.946,1004.22797,930.46967,941.7976,982.8471,980.6677,952.3922,938629.0,47.05,0.0,960.0,963.0,951.0,32.47,302.9,0.0,0.0,0.0,0.0,0.0,0.0,0.0,0.0,301.1,301.6,177.3,-0.3,62.0,62.9,63.67,62.67,0.0,269.0,273.0,272.7,271.0,0.793,0.0,53.8,51.84,0.0,51.81,0.999,6000.0,420440.0,25.0,406.0,59.92,7.0,47.0,51.0,58.1,31.9,67.26,953.0,64.5,65.07,65.84,60.0,59.5,75.6,1.0,271.0,272.0,270.4,52.92,-2.127,52.97,1962.0,433341.0,13744.0,1967.0,-0.999,0.818,0.791,0.836,47.61,47.62,47.56,35.78,14.42,14.42,14.4,10.84,64.0,64.0,64.0,48.0,3.043,267.1,29.52,5.4,3.495,2.0,-1.0,13.23,0.008,0.341,3.0,2.0,0.0,0.0,65.18,68.03,67.01,67.24,66.6,67.35,62.42,71.61,63.29,64.14,69.77,77.3,65.47,69.48,76.84,75.5,61.86,71.53,74.35
2017-06-30 12:31:00-05:00,910.4282,961.14484,1001.8593,927.689,939.7373,979.4617,977.0296,950.0347,938630.0,47.08,0.0,958.0,960.0,949.0,32.53,304.9,0.0,0.0,0.0,0.0,0.0,0.0,0.0,0.0,302.8,303.7,175.2,-0.3,62.0,62.87,63.05,62.05,0.0,269.0,273.0,272.7,271.0,0.787,0.0,53.57,51.63,-0.063,51.6,0.999,6000.0,420440.0,25.0,406.0,59.94,7.0,47.0,51.0,59.82,32.89,67.5,951.0,64.33,64.89,65.43,60.0,59.5,75.6,1.0,271.0,271.9,270.4,52.7,-2.043,52.74,1962.0,433342.0,13744.0,1967.0,-0.999,0.818,0.791,0.836,47.07,47.03,47.09,35.37,14.35,14.34,14.36,10.79,64.0,64.0,64.0,48.0,3.013,289.2,30.11,4.1,3.495,2.0,-1.0,13.24,0.008,0.341,3.0,2.0,0.0,0.0,65.28,67.95,67.17,67.01,66.73,67.26,61.63,71.28,62.66,64.12,69.62,76.93,64.94,69.23,76.5,75.15,61.12,71.05,73.98
2017-06-30 12:32:00-05:00,910.18097,960.3262,1000.6751,927.9538,940.12366,980.5902,977.53143,951.21344,938631.0,47.09,0.0,957.0,960.0,949.0,32.58,303.8,0.0,0.0,0.0,0.0,0.0,0.0,0.0,0.0,302.0,302.7,176.4,-0.3,62.0,62.97,63.38,62.38,0.0,269.0,273.0,272.7,271.0,0.788,0.0,53.72,51.76,-0.067,51.73,0.999,6000.0,420441.0,26.0,406.0,59.94,7.0,47.0,51.0,58.82,32.6,67.11,950.0,64.47,65.0,65.66,60.0,59.5,75.6,1.0,271.0,272.0,270.4,52.84,-2.048,52.88,1962.0,433343.0,13744.0,1967.0,-0.999,0.818,0.791,0.836,47.43,47.42,47.36,35.56,14.41,14.41,14.39,10.8,64.0,64.0,64.0,48.0,2.245,253.3,34.38,4.0,3.497,2.0,-1.0,13.23,0.008,0.341,3.0,2.0,0.0,0.0,65.33,67.93,66.96,66.96,66.72,67.21,61.62,71.04,62.76,63.48,69.35,76.7,64.56,69.18,76.26,74.74,60.78,70.63,73.41
2017-06-30 12:33:00-05:00,902.5168,952.63043,992.3849,919.6118,932.0113,972.6909,968.7497,942.9626,938632.0,47.14,0.0,950.0,952.0,941.0,32.96,302.4,0.0,0.0,0.0,0.0,0.0,0.0,0.0,0.0,300.4,301.1,176.7,-0.3,62.0,62.35,63.0,62.0,0.0,269.0,273.0,272.3,271.0,0.773,0.0,53.51,51.55,-0.118,51.52,0.999,6000.0,420442.0,27.0,406.0,59.95,7.0,47.0,51.0,58.63,32.13,67.3,943.0,64.19,64.71,65.56,60.0,59.5,75.6,1.0,271.0,272.0,270.2,52.65,-1.995,52.68,1962.0,433344.0,13744.0,1967.0,-0.999,0.818,0.791,0.836,47.49,47.46,47.5,35.58,14.36,14.35,14.36,10.76,64.0,64.0,64.0,48.0,2.907,170.8,24.29,5.2,3.495,2.0,-1.0,13.23,0.008,0.341,3.0,2.0,0.0,0.0,65.41,67.48,67.09,66.65,66.7,67.04,61.9,71.07,63.6,63.76,69.46,76.63,65.29,69.43,76.29,74.62,61.32,70.75,73.51
2017-06-30 12:34:00-05:00,903.7529,954.2678,995.93787,919.6118,930.4661,971.5624,967.8715,941.78394,938633.0,47.15,0.0,953.0,952.0,941.0,33.08,302.5,0.0,0.0,0.0,0.0,0.0,0.0,0.0,0.0,300.6,301.1,177.1,-0.3,62.0,62.72,63.28,62.28,0.0,269.0,273.0,272.2,271.0,0.768,0.0,53.62,51.68,-0.103,51.65,0.999,6000.0,420443.0,28.0,406.0,59.94,7.0,47.0,51.0,59.93,32.26,67.18,944.0,64.35,64.84,65.7,60.0,59.5,75.6,1.0,271.0,272.0,270.0,52.76,-2.014,52.8,1962.0,433345.0,13744.0,1967.0,-0.999,0.818,0.791,0.836,47.6,47.57,47.56,35.68,14.4,14.39,14.39,10.79,65.0,65.0,65.0,48.0,2.362,198.1,43.31,3.9,3.497,2.0,-1.0,13.14,-0.025,0.341,3.0,2.0,0.0,0.001,65.04,66.9,66.96,66.58,66.41,66.63,62.49,71.7,62.91,63.27,70.04,77.0,66.26,69.93,76.54,75.27,62.76,71.39,74.19
2017-06-30 12:35:00-05:00,908.6976,959.18005,1000.6751,925.0407,935.10175,976.0763,973.89325,946.49866,938634.0,47.19,0.0,958.0,957.0,946.0,33.04,303.5,0.0,0.0,0.0,0.0,0.0,0.0,0.0,0.0,301.6,302.4,177.0,-0.3,61.93,62.93,63.82,62.82,0.0,269.0,273.0,272.2,271.0,0.772,0.0,53.85,51.89,-0.102,51.86,0.999,6000.0,420444.0,29.0,406.0,59.94,7.0,47.0,51.0,58.13,32.61,67.0,949.0,64.63,65.2,65.9,60.0,59.5,75.6,1.0,271.0,272.0,270.0,53.0,-2.02,53.03,1962.0,433346.0,13744.0,1967.0,-0.983,0.818,0.791,0.836,47.58,47.59,47.56,35.71,14.44,14.44,14.44,10.84,65.0,65.0,65.0,49.0,2.998,246.0,39.2,5.5,3.495,2.0,-1.0,13.22,0.041,0.341,3.0,2.0,0.0,0.001,64.8,67.04,66.75,66.62,66.34,66.4,62.18,71.47,62.02,62.91,69.79,76.88,65.35,69.32,76.37,75.4,61.95,71.02,74.07
2017-06-30 12:36:00-05:00,909.9337,960.1624,1001.8593,927.0269,937.0332,978.3332,976.27686,948.856,938635.0,47.2,0.0,958.0,959.0,948.0,33.12,303.8,0.0,0.0,0.0,0.0,0.0,0.0,0.0,0.0,301.8,302.5,177.4,-0.3,62.37,63.0,63.73,62.73,0.0,269.0,273.0,272.1,271.0,0.76,0.0,53.98,52.02,-0.105,51.98,0.999,6000.0,420445.0,30.0,406.0,59.94,7.0,47.0,51.0,59.48,32.68,66.68,950.0,64.74,65.33,66.06,60.0,59.5,75.6,1.0,271.0,272.0,270.0,53.1,-2.025,53.14,1962.0,433347.0,13744.0,1967.0,-0.999,0.818,0.791,0.836,47.65,47.64,47.62,35.69,14.48,14.47,14.47,10.84,65.0,65.0,65.0,49.0,2.462,230.0,43.66,3.8,3.495,2.0,-1.0,13.23,0.008,0.341,3.0,2.0,0.0,0.0,64.61,67.08,66.53,66.53,66.17,66.36,61.97,71.57,63.01,63.59,69.8,76.74,65.63,69.31,76.22,75.12,62.24,71.0,73.9
2017-06-30 12:37:00-05:00,908.2031,958.8525,1000.6751,925.0407,936.5182,977.2048,974.1441,947.67737,938636.0,47.2,0.0,957.0,957.0,946.0,33.22,307.3,0.0,0.0,0.0,0.0,0.0,0.0,0.0,0.0,305.0,306.0,173.9,-0.3,62.0,62.98,63.0,62.0,0.0,269.0,273.0,272.1,271.0,0.747,0.0,53.54,51.61,-0.088,51.57,0.999,6000.0,420446.0,31.0,406.0,59.94,7.0,47.47,51.0,59.33,32.92,67.16,948.0,64.28,64.93,65.41,60.0,59.5,75.6,1.0,271.0,272.0,270.0,52.68,-2.028,52.72,1962.0,433347.0,13744.0,1967.0,-0.999,0.818,0.791,0.836,46.74,46.73,46.72,35.03,14.36,14.36,14.35,10.76,65.0,65.0,65.0,49.0,2.077,270.9,43.88,4.1,3.495,2.0,-1.0,13.24,0.008,0.341,3.0,2.0,0.0,0.0,64.84,67.22,66.42,66.47,65.99,66.41,61.8,71.48,62.96,63.74,69.71,76.79,64.66,69.03,76.18,75.02,61.78,71.01,73.84
2017-06-30 12:38:00-05:00,905.4836,956.5602,997.12213,921.59796,933.0415,973.8193,970.38055,945.31995,938637.0,47.25,0.0,955.0,954.0,943.0,32.94,307.8,0.0,0.0,0.0,0.0,0.0,0.0,0.0,0.0,305.8,306.7,172.8,-0.3,61.78,62.25,63.0,62.0,0.0,269.0,273.0,272.0,271.0,0.742,0.0,53.32,51.35,-0.153,51.32,0.999,6000.0,420446.0,31.0,406.0,59.95,7.0,47.28,51.0,58.33,32.06,66.94,946.0,63.95,64.62,65.1,60.0,59.5,75.6,1.0,271.0,272.0,270.0,52.43,-1.954,52.47,1962.0,433348.0,13744.0,1967.0,-0.999,0.818,0.791,0.836,46.47,46.33,46.39,34.83,14.31,14.26,14.28,10.72,66.0,66.0,66.0,49.0,2.115,198.7,26.7,3.3,3.497,2.0,-1.0,13.23,0.008,0.341,3.0,2.0,0.0,0.0,64.62,67.21,66.16,66.44,65.92,66.44,61.8,71.44,62.8,63.76,69.58,76.77,65.33,69.31,76.22,74.94,61.86,70.98,73.83
2017-06-30 12:39:00-05:00,910.18097,960.9811,1001.8593,925.30554,935.7456,978.3332,974.26965,947.67737,938638.0,47.26,0.0,959.0,958.0,947.0,32.82,309.5,0.0,0.0,0.0,0.0,0.0,0.0,0.0,0.0,307.4,308.4,171.6,-0.3,61.57,62.0,63.0,62.0,0.0,269.0,273.0,272.2,271.0,0.718,0.0,53.25,51.26,-0.175,51.24,0.999,6000.0,420447.0,32.0,406.0,59.95,7.0,47.97,51.0,60.02,32.17,67.33,950.0,63.85,64.5,64.96,60.0,59.5,75.6,1.0,271.0,272.0,270.1,52.35,-1.945,52.39,1962.0,433349.0,13744.0,1967.0,-0.999,0.818,0.791,0.836,46.1,46.07,46.17,34.61,14.27,14.26,14.29,10.71,66.0,66.0,66.0,49.0,1.59,251.6,80.8,3.0,3.495,2.0,-1.0,13.23,0.009,0.341,3.0,2.0,0.0,0.0,64.99,67.15,66.48,66.5,65.73,66.52,62.19,71.4,62.68,64.05,69.54,77.03,65.72,69.67,76.42,75.33,63.12,71.34,74.15
2017-06-30 12:40:00-05:00,912.40607,963.27344,1004.22797,927.689,939.351,980.5902,977.53143,951.21344,938639.0,47.27,0.0,961.0,961.0,950.0,33.07,311.1,0.0,0.0,0.0,0.0,0.0,0.0,0.0,0.0,309.0,309.9,170.0,-0.3,61.03,62.0,62.87,61.87,0.0,269.0,273.0,272.1,271.0,0.737,0.0,53.05,51.09,-0.187,51.05,0.999,6000.0,420448.0,33.0,406.0,59.95,7.0,47.6,51.0,58.28,32.42,67.34,952.0,63.63,64.3,64.77,60.0,59.5,75.6,1.0,271.0,272.0,270.0,52.17,-1.934,52.2,1962.0,433350.0,13744.0,1967.0,-0.999,0.818,0.791,0.836,45.67,45.68,45.74,34.29,14.21,14.21,14.23,10.67,66.0,66.0,66.0,49.0,2.517,211.8,83.0,5.0,3.497,2.0,-1.0,13.14,-0.003,0.341,1.0,2.0,0.0,0.001,65.43,67.61,67.1,66.94,65.98,66.62,61.89,71.62,63.03,64.19,69.81,76.91,65.65,69.47,76.32,75.52,62.94,71.62,74.28
2017-06-30 12:41:00-05:00,913.39496,964.9108,1006.5966,927.2918,939.351,980.5902,977.40594,951.21344,938640.0,47.31,0.0,963.0,961.0,950.0,32.83,311.8,0.0,0.0,0.0,0.0,0.0,0.0,0.0,0.0,309.7,310.6,169.8,-0.3,61.0,62.0,62.83,61.83,0.0,269.0,273.0,272.1,271.0,0.733,0.0,53.07,51.09,-0.008,51.07,0.999,6000.0,420449.0,34.0,406.0,59.93,7.0,47.75,51.0,59.2,31.81,67.09,953.0,63.64,64.3,64.76,60.0,59.5,75.6,1.0,271.0,271.9,270.0,52.16,-2.056,52.2,1962.0,433351.0,13744.0,1967.0,-0.999,0.818,0.791,0.836,45.66,45.63,45.6,34.21,14.23,14.22,14.21,10.66,66.0,66.0,66.0,50.0,2.463,200.1,17.47,3.9,3.497,2.0,-1.0,13.14,0.021,0.342,3.0,2.0,0.0,0.001,64.95,67.05,66.59,66.8,65.98,66.4,62.11,71.81,63.12,64.09,69.99,77.09,65.31,69.77,76.48,75.69,63.28,71.67,74.34
2017-06-30 12:42:00-05:00,920.0702,971.62415,1013.70233,934.17725,945.5318,988.4895,985.81134,958.28564,938641.0,47.32,0.0,969.0,968.0,957.0,32.76,312.2,0.0,0.0,0.0,0.0,0.0,0.0,0.0,0.0,310.1,311.0,170.3,-0.3,61.68,62.15,62.92,61.92,0.0,269.0,272.7,272.0,271.0,0.738,0.0,53.25,51.27,-0.03,51.23,0.999,6000.0,420450.0,35.0,406.0,59.93,7.0,47.93,51.0,59.68,32.37,67.07,959.0,63.91,64.57,65.0,60.0,59.5,75.6,1.0,271.0,271.5,270.0,52.34,-2.051,52.38,1962.0,433352.0,13744.0,1967.0,-0.999,0.818,0.791,0.836,45.71,45.72,45.7,34.31,14.27,14.27,14.27,10.71,67.0,67.0,67.0,50.0,1.65,201.7,35.44,3.2,3.495,2.0,-1.0,13.24,0.009,0.342,3.0,2.0,0.0,0.0,64.87,67.0,66.37,66.96,65.63,66.34,62.62,72.21,63.93,64.3,70.45,77.43,66.68,69.87,76.75,76.18,63.17,71.99,74.77
2017-06-30 12:43:00-05:00,918.71045,970.1505,1012.518,932.72076,943.72906,987.3611,984.8077,957.107,938642.0,47.32,0.0,968.0,967.0,956.0,33.14,312.0,0.0,0.0,0.0,0.0,0.0,0.0,0.0,0.0,309.9,310.9,169.5,-0.3,61.25,62.0,62.57,61.57,0.0,269.0,272.9,272.0,271.0,0.725,0.0,53.03,51.06,-0.053,51.03,0.999,6000.0,420451.0,36.0,406.0,59.94,7.0,47.98,51.07,58.1,32.6,67.25,958.0,63.63,64.3,64.73,60.0,59.5,75.6,1.0,271.0,271.8,270.0,52.14,-2.017,52.18,1962.0,433353.0,13744.0,1967.0,-0.999,0.818,0.791,0.836,45.57,45.59,45.62,34.19,14.22,14.23,14.23,10.67,67.0,67.0,67.0,50.0,1.48,242.1,44.61,3.0,3.497,2.0,-1.0,13.23,0.009,0.342,3.0,2.0,0.0,0.0,65.07,67.12,66.61,67.13,65.68,66.57,63.32,72.48,63.66,64.92,70.7,77.92,67.5,70.38,77.26,76.64,64.38,72.73,75.27
2017-06-30 12:44:00-05:00,917.10345,967.85815,1010.1495,930.46967,942.0551,985.1041,982.8004,955.9283,938643.0,47.37,0.0,966.0,965.0,954.0,33.42,311.7,0.0,0.0,0.0,0.0,0.0,0.0,0.0,0.0,309.6,310.5,169.0,-0.3,61.0,62.0,62.23,61.23,0.0,269.0,272.4,272.0,271.0,0.728,0.0,52.83,50.86,-0.037,50.84,0.999,6000.0,420452.0,37.0,406.0,59.93,7.0,48.0,51.77,59.98,33.58,67.68,957.0,63.45,64.09,64.53,60.0,59.5,75.6,1.0,271.0,271.2,270.0,51.93,-2.024,51.97,1962.0,433354.0,13744.0,1967.0,-0.999,0.818,0.791,0.836,45.5,45.5,45.45,34.06,14.18,14.18,14.17,10.62,67.0,67.0,67.0,50.0,1.368,259.3,57.68,2.2,3.495,2.0,-1.0,13.23,0.009,0.342,3.0,2.0,0.0,0.0,65.41,67.57,67.17,67.62,65.87,66.83,63.55,73.01,64.58,65.62,71.21,78.2,67.77,70.55,77.55,77.31,64.65,73.11,75.91
2017-06-30 12:45:00-05:00,919.45215,969.98676,1012.518,932.5883,945.1455,987.3611,985.184,957.107,938644.0,47.37,0.0,968.0,968.0,956.0,33.35,312.2,0.0,0.0,0.0,0.0,0.0,0.0,0.0,0.0,310.1,311.1,168.8,-0.3,61.0,62.0,62.37,61.37,0.0,268.9,272.0,272.0,270.9,0.728,0.0,52.8,50.82,-0.102,50.8,0.999,6000.0,420452.0,37.0,406.0,59.94,7.0,48.0,52.0,58.23,33.48,67.48,960.0,63.43,64.12,64.56,60.0,59.5,75.6,1.0,270.9,271.0,270.0,51.92,-1.977,51.95,1962.0,433354.0,13744.0,1967.0,-0.999,0.818,0.791,0.836,45.37,45.37,45.33,34.0,14.16,14.16,14.15,10.61,67.0,67.0,67.0,50.0,2.357,259.0,22.72,4.3,3.494,2.0,-1.0,13.24,0.009,0.342,3.0,2.0,0.0,0.0,65.58,67.77,67.57,67.89,66.37,67.27,63.74,72.86,63.65,65.28,70.96,78.13,67.24,70.7,77.5,77.11,63.77,72.72,75.61
2017-06-30 12:46:00-05:00,922.1717,973.0977,1016.071,935.1042,949.52356,990.7465,988.1949,960.64307,938645.0,47.37,0.0,971.0,971.0,959.0,32.83,308.8,0.0,0.0,0.0,0.0,0.0,0.0,0.0,0.0,306.8,307.5,173.0,-0.3,61.78,62.4,63.05,62.05,0.0,269.6,273.2,272.8,271.6,0.748,0.0,53.55,51.55,-0.172,51.53,0.999,6000.0,420453.0,38.0,406.0,59.95,7.0,48.0,52.0,59.12,32.96,67.47,963.0,64.12,64.77,65.3,60.0,59.5,75.6,1.0,271.8,271.8,270.8,52.64,-1.958,52.68,1962.0,433355.0,13744.0,1967.0,-0.999,0.818,0.791,0.836,46.55,46.63,46.59,34.89,14.37,14.4,14.38,10.77,68.0,68.0,68.0,51.0,2.812,265.4,19.16,4.5,3.497,2.0,-1.0,13.24,0.009,0.342,3.0,2.0,0.0,0.0,65.13,67.82,67.49,67.66,66.43,67.37,63.8,72.04,62.79,64.33,70.15,77.77,66.4,70.22,77.25,76.52,62.91,72.22,74.94
2017-06-30 12:47:00-05:00,926.3746,977.3549,1019.6239,939.73865,954.28796,996.3889,993.0876,964.17914,938646.0,47.41,0.0,975.0,976.0,964.0,32.51,302.9,0.0,0.0,0.0,0.0,0.0,0.0,0.0,0.0,301.1,301.8,179.8,-0.3,63.0,63.82,64.05,63.05,0.0,269.7,273.6,273.0,271.8,0.74,0.0,54.63,52.59,-0.158,52.59,0.999,6000.0,420454.0,39.0,406.0,59.95,7.0,48.0,52.0,59.7,32.38,67.14,967.0,65.31,65.95,66.71,60.0,59.5,75.6,1.0,271.9,272.0,271.0,53.7,-2.0,53.74,1962.0,433356.0,13744.0,1967.0,-0.999,0.818,0.791,0.836,48.24,48.4,48.3,36.21,14.61,14.66,14.63,10.97,68.0,68.0,68.0,51.0,2.218,277.6,20.95,3.4,3.495,2.0,-1.0,13.23,0.01,0.342,3.0,2.0,0.0,0.0,65.18,67.81,67.35,67.38,66.43,67.3,63.46,71.72,63.15,64.16,69.88,77.51,66.17,70.03,77.02,76.17,62.77,71.98,74.64
2017-06-30 12:48:00-05:00,930.4539,982.9221,1025.5454,943.9759,959.9536,1002.0312,997.353,968.894,938647.0,47.43,0.0,980.0,981.0,969.0,32.97,303.1,0.0,0.0,0.0,0.0,0.0,0.0,0.0,0.0,301.3,301.9,180.4,-0.3,63.0,64.0,64.68,63.68,0.0,269.5,273.4,273.0,271.6,0.762,0.0,54.81,52.78,-0.018,52.77,0.999,6000.0,420455.0,40.0,406.0,59.93,7.0,48.0,52.0,58.17,32.45,67.19,971.0,65.63,66.21,66.96,60.0,59.5,75.6,1.0,271.7,272.0,270.9,53.91,-2.128,53.95,1962.0,433357.0,13744.0,1967.0,-0.999,0.818,0.791,0.836,48.55,48.46,48.46,36.37,14.72,14.69,14.69,11.02,68.0,68.0,68.0,51.0,1.932,251.6,32.94,3.4,3.495,2.0,-1.0,13.23,0.009,0.342,3.0,2.0,0.0,0.0,64.83,67.84,67.26,67.26,66.49,67.35,62.87,71.66,63.28,63.8,69.81,77.25,65.27,69.87,76.72,75.79,62.58,71.59,74.11
2017-06-30 12:49:00-05:00,929.58856,982.7583,1025.5454,943.711,960.2112,1002.0312,997.353,970.0727,938648.0,47.43,0.0,980.0,981.0,970.0,33.14,302.8,0.0,0.0,0.0,0.0,0.0,0.0,0.0,0.0,301.0,301.4,180.2,-0.3,63.0,64.0,64.45,63.45,0.0,269.3,273.2,273.0,271.4,0.747,0.0,54.69,52.67,-0.095,52.65,0.999,6000.0,420456.0,41.0,406.0,59.94,7.0,48.0,52.0,59.9,32.13,67.42,971.0,65.47,66.05,66.84,60.0,59.5,75.6,1.0,271.7,272.0,271.0,53.78,-2.069,53.82,1962.0,433358.0,13744.0,1967.0,-0.999,0.818,0.791,0.836,48.44,48.39,48.47,36.34,14.67,14.66,14.68,11.0,68.0,68.0,68.0,51.0,1.278,248.3,15.62,2.9,3.495,2.0,-1.0,13.23,0.009,0.342,3.0,2.0,0.0,0.0,64.92,68.1,67.37,67.46,67.01,67.57,62.92,71.98,63.9,64.46,70.2,77.45,66.04,70.41,76.92,75.89,63.16,71.92,74.26
2017-06-30 12:50:00-05:00,936.5111,989.4716,1031.4668,949.53723,964.58923,1007.67365,1003.6257,974.78754,938649.0,47.43,0.0,987.0,987.0,976.0,33.11,303.9,0.0,0.0,0.0,0.0,0.0,0.0,0.0,0.0,302.0,302.5,180.1,-0.3,63.28,64.0,64.75,63.75,0.0,269.2,273.3,273.0,271.4,0.765,0.0,54.86,52.85,-0.103,52.82,0.999,6000.0,420457.0,42.0,406.0,59.94,7.0,48.0,52.0,58.67,32.42,67.1,979.0,65.72,66.3,67.0,60.0,59.5,75.6,1.0,271.6,272.0,270.9,53.96,-2.058,54.0,1962.0,433359.0,13744.0,1967.0,-0.999,0.818,0.791,0.836,48.44,48.4,48.48,36.28,14.72,14.71,14.73,11.03,69.0,69.0,69.0,51.0,1.937,249.1,47.49,4.1,3.497,2.0,-1.0,13.23,0.009,0.343,3.0,2.0,0.0,0.0,64.96,68.34,67.71,67.76,67.38,67.79,62.86,71.97,62.37,64.3,70.06,77.58,65.62,70.02,77.07,75.77,62.27,71.67,74.25
2017-06-30 12:51:00-05:00,958.63824,1012.395,1056.3372,972.7096,986.73706,1031.3717,1024.9526,996.0042,938650.0,47.47,0.0,1010.0,1010.0,998.0,33.12,303.4,0.0,0.0,0.0,0.0,0.0,0.0,0.0,0.0,301.5,301.9,184.8,-0.3,64.75,65.57,66.38,65.38,0.0,269.3,273.3,273.0,271.5,0.765,0.0,56.17,54.12,-0.103,54.09,0.999,6000.0,420458.0,43.0,406.0,59.95,7.0,48.0,52.0,58.83,32.71,66.93,1001.0,67.3,67.87,68.63,60.0,59.5,75.6,1.0,271.6,272.0,271.0,55.26,-2.11,55.3,1962.0,433360.0,13744.0,1967.0,-0.999,0.818,0.791,0.836,49.59,49.62,49.62,37.2,15.04,15.05,15.05,11.29,69.0,69.0,69.0,51.0,2.278,233.3,61.03,4.5,3.494,2.0,-1.0,13.23,0.009,0.343,3.0,2.0,0.0,0.0,64.39,67.87,67.05,67.54,67.03,67.43,62.2,71.66,62.91,64.03,69.71,77.04,64.69,69.26,76.63,75.06,61.69,71.21,73.6
2017-06-30 12:52:00-05:00,834.40466,886.64386,922.8665,820.96375,847.15424,869.6609,867.3835,850.78796,938651.0,47.49,0.0,879.0,847.0,837.0,33.22,302.5,0.0,0.0,0.0,0.0,0.0,0.0,0.0,0.0,300.6,301.3,160.2,-0.297,55.98,56.67,57.37,56.37,0.0,269.1,273.1,273.0,271.2,0.775,0.0,48.57,46.8,-0.185,46.78,0.999,6000.0,420458.0,43.0,406.0,59.96,7.0,48.0,52.0,59.98,32.56,66.97,867.0,58.07,58.69,59.41,60.0,59.5,75.6,1.0,271.4,272.0,270.9,47.68,-1.738,47.71,1962.0,433361.0,13744.0,1967.0,-0.999,0.818,0.791,0.836,43.14,43.14,43.17,32.32,13.06,13.06,13.07,9.78,69.0,69.0,69.0,52.0,1.148,201.7,40.59,2.5,3.497,2.0,-1.0,13.08,-0.072,0.34,3.0,2.0,0.0,0.002,64.56,67.97,67.02,67.35,66.84,67.32,61.47,71.09,63.05,63.38,69.07,76.64,64.21,68.88,76.23,74.73,61.48,70.79,73.28
2017-06-30 12:53:00-05:00,991.3963,1046.6163,1093.0505,987.93713,995.75073,1040.3994,1023.6981,988.93195,938652.0,47.49,0.0,1050.0,1026.0,1014.0,33.21,303.1,0.0,0.0,0.0,0.0,0.0,0.0,0.0,0.0,301.0,301.7,190.6,-0.3,66.82,67.38,68.2,67.2,0.0,269.3,273.3,273.0,271.5,0.778,0.0,57.87,55.75,-0.218,55.73,0.999,6000.0,420459.0,44.0,406.0,59.96,7.0,48.0,52.0,58.02,32.77,67.27,1040.0,69.28,69.83,70.69,60.0,59.5,75.6,1.0,271.6,272.0,271.0,56.89,-2.109,56.93,1962.0,433362.0,13744.0,1967.0,-0.999,0.818,0.791,0.836,51.18,51.19,51.31,38.35,15.51,15.51,15.55,11.62,69.0,69.0,69.0,52.0,2.442,254.2,32.89,4.4,3.493,2.0,-1.0,13.24,0.102,0.341,3.0,2.0,0.0,0.002,64.78,68.0,67.08,67.67,66.67,67.39,61.68,71.33,62.89,63.86,69.43,76.79,65.42,69.04,76.34,74.87,62.55,71.28,73.39
2017-06-30 12:54:00-05:00,723.8924,762.03894,791.64594,777.9293,792.171,837.3864,842.9201,823.9136,938653.0,47.55,0.0,756.0,820.0,811.0,33.03,302.0,0.0,0.0,0.0,0.0,0.0,0.0,0.0,0.0,300.1,300.8,144.3,-0.293,50.32,51.0,51.72,50.72,0.0,269.0,272.8,272.3,271.0,0.782,0.0,43.7,42.11,-0.215,42.1,0.999,6000.0,420460.0,45.0,406.0,59.96,7.0,48.0,52.0,59.48,33.01,67.06,744.5,52.42,53.05,53.72,60.0,59.5,75.6,1.0,271.1,271.8,270.3,43.07,-1.521,43.1,1962.0,433362.0,13744.0,1967.0,-0.999,0.818,0.791,0.836,38.68,38.58,38.64,28.95,11.69,11.66,11.67,8.75,69.0,69.0,69.0,52.0,1.612,285.2,64.43,3.6,3.497,2.0,-1.0,13.23,0.01,0.337,3.0,2.0,0.0,0.001,64.6,67.73,66.83,67.25,66.57,67.18,61.68,71.69,63.37,64.19,69.77,77.03,65.31,69.62,76.63,75.25,62.01,71.54,73.86
2017-06-30 12:55:00-05:00,528.7035,558.02075,580.48505,570.56976,590.65155,619.5904,626.3879,617.6405,938654.0,47.55,0.0,549.6,601.0,594.8,32.9,304.0,0.0,0.0,0.0,0.0,0.0,0.0,0.0,0.0,302.5,303.3,105.8,-0.3,37.1,37.77,38.37,37.37,0.0,268.9,272.5,272.0,270.9,0.782,0.0,32.3,31.15,-0.202,31.14,0.999,6000.0,420461.0,46.0,406.0,59.96,7.0,48.0,52.0,58.27,32.73,65.19,537.3,38.71,39.32,39.78,60.0,59.5,75.6,1.0,271.0,271.6,270.0,31.86,-1.065,31.88,1962.0,433363.0,13744.0,1967.0,-0.999,0.818,0.791,0.836,28.28,28.31,28.28,21.19,8.6,8.6,8.59,6.44,70.0,70.0,70.0,52.0,2.182,261.5,44.51,3.5,3.495,2.0,-1.0,13.23,0.009,0.328,3.0,2.0,0.0,0.001,62.92,66.09,65.17,65.5,65.28,65.57,60.55,70.3,61.64,62.74,68.4,75.33,63.34,67.83,74.96,73.6,60.37,69.67,72.3
2017-06-30 12:56:00-05:00,562.57416,581.2716,607.13184,606.7187,600.3091,653.44464,670.29645,633.31726,938655.0,47.55,0.0,594.1,657.5,651.4,32.83,305.8,0.0,0.0,0.0,0.0,0.0,0.0,0.0,0.0,304.4,305.2,114.9,-0.3,40.52,41.22,41.8,40.8,0.0,269.0,272.8,272.1,271.0,0.79,0.0,35.3,34.01,-0.173,33.99,0.999,6000.0,420461.0,46.0,406.0,59.96,7.0,48.0,52.0,59.13,32.45,63.44,595.8,42.21,42.89,43.37,60.0,59.5,75.6,1.0,271.0,271.8,270.1,34.8,-1.207,34.82,1962.0,433363.0,13744.0,1967.0,-0.999,0.818,0.791,0.836,31.45,31.46,31.43,23.59,9.62,9.62,9.61,7.214,70.0,70.0,70.0,52.0,1.633,256.0,50.51,3.0,3.497,2.0,-1.0,13.24,0.009,0.324,3.0,2.0,0.0,0.0,61.14,64.5,63.51,63.61,63.51,63.89,59.07,68.37,59.9,60.69,66.43,73.63,61.91,66.15,73.16,71.58,58.82,67.75,70.4
2017-06-30 12:57:00-05:00,772.7205,824.75073,861.04596,741.5156,773.7574,779.15704,744.56476,743.40814,938656.0,47.54,0.0,819.0,757.7,749.3,32.74,304.8,0.0,0.0,0.0,0.0,0.0,0.0,0.0,0.0,303.0,303.7,149.9,-0.298,52.83,53.53,54.12,53.12,0.0,269.0,273.0,272.4,271.0,0.787,0.0,45.85,44.15,-0.083,44.13,0.999,6000.0,420462.0,47.0,406.0,59.94,7.0,48.0,52.0,58.95,32.51,63.04,790.7,55.02,55.59,56.19,60.0,59.5,75.6,1.0,271.0,272.0,270.4,45.14,-1.709,45.17,1962.0,433364.0,13745.0,1967.0,-0.999,0.818,0.791,0.836,39.97,39.98,39.97,29.96,12.19,12.19,12.19,9.14,70.0,70.0,70.0,52.0,2.397,267.7,32.94,4.5,3.497,2.0,-1.0,13.23,0.009,0.334,3.0,2.0,0.0,0.0,60.65,64.01,62.88,62.94,63.05,63.3,58.58,67.47,59.26,59.86,65.55,72.85,61.16,64.92,72.43,70.79,57.86,66.81,69.63
2017-06-30 12:58:00-05:00,536.3677,566.0439,589.4858,532.3023,555.6271,564.97205,545.3451,541.9678,938657.0,47.55,0.0,563.9,550.2,544.9,32.84,307.7,0.0,0.0,0.0,0.0,0.0,0.0,0.0,0.0,306.2,307.0,105.2,-0.3,37.37,38.07,38.67,37.67,0.0,268.7,272.4,272.0,270.7,0.788,0.0,32.55,31.38,-0.072,31.38,0.999,6000.0,420462.0,47.0,406.0,59.94,7.0,48.0,52.0,58.38,32.5,62.11,562.2,39.16,39.8,40.25,60.0,59.5,75.6,1.0,270.9,271.6,270.0,32.21,-1.173,32.23,1962.0,433365.0,13745.0,1967.0,-0.999,0.818,0.791,0.836,28.55,28.55,28.57,21.41,8.79,8.79,8.8,6.593,70.0,70.0,70.0,52.0,1.702,249.8,26.85,3.6,3.497,2.0,-1.0,13.23,0.009,0.326,3.0,2.0,0.0,0.0,60.01,63.19,62.33,61.83,62.55,62.42,57.69,65.96,58.21,58.46,64.19,71.57,60.25,63.52,71.23,69.14,56.66,65.22,68.08
2017-06-30 12:59:00-05:00,700.1582,743.7002,776.4869,692.52264,705.63995,735.1464,718.84686,697.67444,938658.0,47.55,0.0,748.3,727.4,720.2,32.98,307.9,0.0,0.0,0.0,0.0,0.0,0.0,0.0,0.0,305.9,306.7,139.3,-0.3,49.63,50.3,50.82,49.82,0.0,269.0,272.9,272.0,271.0,0.79,0.0,42.98,41.42,-0.017,41.4,0.999,6000.0,420463.0,48.0,406.0,59.93,7.0,48.0,52.0,59.52,32.37,61.55,729.3,51.83,52.44,52.91,60.0,59.5,75.6,1.0,271.0,271.9,270.0,42.52,-1.645,42.55,1962.0,433365.0,13745.0,1967.0,-0.999,0.818,0.791,0.836,37.47,37.47,37.47,28.1,11.54,11.54,11.54,8.65,70.0,70.0,70.0,53.0,1.987,249.7,56.04,3.9,3.497,2.0,-1.0,13.23,0.01,0.33,3.0,2.0,0.0,0.0,59.63,62.71,61.53,61.27,61.9,61.77,56.98,64.69,57.24,57.64,63.02,70.52,58.82,62.82,70.19,67.99,55.77,64.25,66.97
2017-06-30 13:00:00-05:00,872.9727,923.3212,963.96173,883.0657,896.4718,939.965,920.45013,895.4609,938659.0,47.61,0.0,927.0,925.0,915.0,32.8,306.1,0.0,0.0,0.0,0.0,0.0,0.0,0.0,0.0,303.9,304.7,174.6,-0.3,61.83,62.33,63.12,62.12,0.0,269.0,273.0,272.5,271.0,0.767,0.0,53.49,51.49,-0.053,51.47,0.999,6000.0,420464.0,49.0,406.0,59.94,7.0,48.0,52.0,58.28,32.32,61.56,916.0,64.05,64.63,65.18,60.0,59.5,75.6,1.0,271.0,272.0,270.4,52.55,-2.04,52.59,1962.0,433366.0,13745.0,1967.0,-0.999,0.818,0.791,0.836,47.01,47.04,47.01,35.27,14.38,14.39,14.38,10.79,71.0,71.0,71.0,53.0,3.072,218.2,34.4,4.9,3.497,2.0,-1.0,13.23,0.01,0.339,3.0,2.0,0.0,0.0,59.74,62.86,61.79,61.45,61.84,61.91,57.38,64.9,57.43,57.78,63.26,70.4,59.17,63.11,70.09,68.19,56.54,64.64,67.12
2017-06-30 13:01:00-05:00,952.7047,1011.08514,1053.9686,950.4641,962.2714,1008.8021,989.9513,958.28564,938660.0,47.62,0.0,1011.0,994.0,983.0,32.55,306.6,0.0,0.0,0.0,0.0,0.0,0.0,0.0,0.0,304.5,305.4,187.0,-0.3,66.28,66.92,67.62,66.62,0.0,269.1,273.1,272.7,271.2,0.773,0.0,57.42,55.25,-0.173,55.23,0.999,6000.0,420465.0,50.0,406.0,59.95,7.0,48.0,52.0,60.07,31.99,61.68,999.0,68.76,69.36,69.84,60.0,59.5,75.6,1.0,271.2,272.0,270.7,56.35,-2.121,56.39,1962.0,433367.0,13745.0,1967.0,-0.999,0.818,0.791,0.836,50.31,50.38,50.33,37.72,15.42,15.44,15.43,11.56,71.0,71.0,71.0,53.0,2.137,245.1,41.64,3.8,3.497,2.0,-1.0,13.23,0.01,0.341,3.0,2.0,0.0,0.0,60.05,63.12,61.83,61.76,62.22,62.14,57.58,65.31,57.5,58.35,63.54,70.8,59.45,63.52,70.51,68.8,56.8,65.19,67.7
2017-06-30 13:02:00-05:00,1007.4663,1065.4463,1108.4464,1033.6199,1048.1586,1101.3372,1083.9156,1054.9393,938661.0,47.6,0.0,1061.0,1077.0,1065.0,32.73,304.2,0.0,0.0,0.0,0.0,0.0,0.0,0.0,0.0,302.1,302.9,199.4,-0.3,70.17,70.83,71.48,70.48,0.0,269.1,273.2,273.0,271.3,0.767,0.0,60.78,58.48,-0.295,58.45,0.999,6000.0,420466.0,51.0,406.0,59.97,7.0,48.0,52.0,58.58,32.62,62.53,1053.0,72.76,73.37,74.0,60.0,59.5,75.6,1.0,271.4,272.0,271.0,59.68,-2.154,59.72,1962.0,433368.0,13745.0,1967.0,-0.999,0.818,0.791,0.836,53.64,53.58,53.65,40.21,16.32,16.3,16.32,12.23,71.0,71.0,71.0,53.0,2.318,262.4,39.94,3.9,3.494,2.0,-1.0,13.24,0.01,0.346,3.0,2.0,0.0,0.0,60.94,64.02,62.55,62.5,62.71,62.84,58.12,66.2,57.92,59.22,64.46,71.78,60.62,64.7,71.53,69.67,57.83,66.26,68.57
2017-06-30 13:03:00-05:00,1032.1893,1091.4807,1135.6853,1031.7661,1046.8708,1084.4102,1051.2977,1027.8291,938662.0,47.6,0.0,1091.0,1066.0,1054.0,32.81,303.6,0.0,0.0,0.0,0.0,0.0,0.0,0.0,0.0,301.6,302.2,202.8,-0.3,71.22,71.82,72.6,71.6,0.0,269.1,273.1,272.8,271.2,0.762,0.0,61.7,59.35,-0.295,59.32,0.999,6000.0,420467.0,52.0,406.0,59.97,7.0,48.0,52.0,59.1,31.96,62.84,1081.0,73.73,74.33,75.08,60.0,59.5,75.6,1.0,271.3,272.0,270.8,60.45,-2.183,60.49,1962.0,433369.0,13745.0,1967.0,-0.999,0.818,0.791,0.836,54.53,54.37,54.44,40.85,16.56,16.51,16.53,12.4,71.0,71.0,71.0,53.0,2.412,248.8,36.36,4.3,3.497,2.0,-1.0,13.24,0.01,0.346,3.0,2.0,0.0,0.0,61.33,64.56,63.14,63.17,63.15,63.51,58.78,67.14,58.94,59.99,65.44,72.56,61.34,65.53,72.32,70.55,58.8,66.98,69.45
2017-06-30 13:04:00-05:00,1002.52167,1060.5342,1102.5249,1022.0998,1044.2957,1076.5107,1043.7706,1024.2931,938663.0,47.6,0.0,1053.0,1049.0,1036.0,32.81,303.8,0.0,0.0,0.0,0.0,0.0,0.0,0.0,0.0,301.6,302.5,196.4,-0.3,68.97,69.72,70.42,69.42,0.0,269.0,273.0,272.4,271.0,0.748,0.0,59.75,57.49,-0.3,57.46,0.999,6000.0,420468.0,53.0,406.0,59.98,7.0,48.0,52.0,60.08,32.75,64.02,1044.0,71.71,72.29,72.98,60.0,59.5,75.6,1.0,271.0,271.9,270.3,58.75,-2.1,58.79,1962.0,433370.0,13745.0,1967.0,-0.999,0.818,0.791,0.836,52.57,52.6,52.6,39.4,15.97,15.98,15.98,11.97,72.0,72.0,72.0,54.0,2.323,246.5,30.94,4.3,3.497,2.0,-1.0,13.23,0.01,0.346,3.0,2.0,0.0,0.0,62.31,65.25,63.95,64.13,63.97,64.35,59.15,67.54,59.1,60.65,65.88,73.32,62.31,66.04,73.16,71.11,59.36,67.55,69.95
2017-06-30 13:05:00-05:00,831.6851,885.6614,919.6688,798.9831,821.01465,836.8222,814.06586,797.3927,938664.0,47.6,0.0,879.0,820.0,811.0,33.59,303.0,0.0,0.0,0.0,0.0,0.0,0.0,0.0,0.0,301.2,301.9,160.9,-0.3,56.47,57.2,57.72,56.72,0.0,269.0,272.6,272.1,271.0,0.757,0.0,48.89,47.09,-0.3,47.07,0.999,6000.0,420469.0,54.0,406.0,59.98,7.0,48.0,52.0,57.62,33.35,64.69,860.0,58.76,59.44,60.0,60.0,59.5,75.6,1.0,271.0,271.6,270.0,48.15,-1.627,48.18,1962.0,433371.0,13745.0,1967.0,-0.999,0.818,0.791,0.836,43.23,43.25,43.24,32.41,13.1,13.11,13.11,9.82,72.0,72.0,72.0,54.0,1.067,250.0,32.34,1.8,3.497,2.0,-1.0,13.23,0.01,0.337,3.0,2.0,0.0,0.0,63.18,65.86,64.85,64.7,64.65,64.92,59.43,67.78,59.65,60.65,66.08,73.73,63.35,66.26,73.52,71.08,59.82,67.85,70.07
2017-06-30 13:06:00-05:00,705.59735,748.12115,777.55273,672.5282,687.99896,705.3546,689.11444,676.22205,938665.0,47.6,0.0,750.0,693.9,686.5,33.61,304.6,0.0,0.0,0.0,0.0,0.0,0.0,0.0,0.0,302.4,303.0,136.3,-0.3,47.83,48.53,49.18,48.18,0.0,269.4,273.2,272.8,271.4,0.76,0.0,41.58,40.09,-0.3,40.06,0.999,6000.0,420469.0,54.0,406.0,59.98,7.0,48.0,52.0,59.83,33.73,64.56,740.9,49.65,50.3,50.83,60.0,59.5,75.6,1.0,271.7,272.0,270.8,40.86,-1.308,40.88,1962.0,433372.0,13745.0,1967.0,-0.999,0.818,0.791,0.836,37.09,37.09,37.08,27.83,11.3,11.3,11.29,8.48,72.0,72.0,72.0,54.0,0.827,257.0,72.58,1.8,3.495,2.0,-1.0,13.23,0.01,0.332,3.0,2.0,0.0,0.0,63.06,65.63,64.76,64.64,64.71,64.73,59.26,67.04,58.07,60.47,65.43,73.48,62.96,66.36,73.2,70.71,59.37,67.51,69.73
2017-06-30 13:07:00-05:00,723.0271,762.3664,794.6067,736.21906,745.04254,782.4296,779.44073,751.18756,938666.0,47.61,0.0,763.9,771.3,762.8,33.36,304.5,0.0,0.0,0.0,0.0,0.0,0.0,0.0,0.0,302.8,303.4,144.2,-0.297,50.6,51.45,52.0,51.0,0.0,269.4,273.2,273.0,271.4,0.74,0.0,44.03,42.44,-0.295,42.42,0.999,6000.0,420470.0,55.0,406.0,59.97,7.0,48.0,52.0,58.18,32.48,63.49,750.5,52.69,53.45,53.95,60.0,59.5,75.6,1.0,271.8,272.0,271.0,43.41,-1.47,43.44,1962.0,433372.0,13745.0,1967.0,-0.999,0.818,0.791,0.836,38.77,38.76,38.74,29.08,11.8,11.79,11.79,8.85,72.0,72.0,72.0,54.0,2.628,193.2,24.56,4.5,3.494,2.0,-1.0,13.23,0.01,0.331,3.0,2.0,0.0,0.0,62.1,64.81,64.09,64.12,64.2,64.15,59.07,66.16,58.01,59.4,64.49,72.78,62.48,65.51,72.46,70.05,58.92,66.86,69.07
2017-06-30 13:08:00-05:00,545.02075,581.7628,606.65814,568.3188,580.7366,611.3525,609.9535,595.9524,938667.0,47.61,0.0,571.2,593.8,587.5,32.77,304.6,0.0,0.0,0.0,0.0,0.0,0.0,0.0,0.0,303.0,303.9,108.3,-0.3,38.02,38.7,39.33,38.33,0.0,269.0,273.0,272.3,271.0,0.743,0.0,33.18,31.99,-0.285,31.98,0.999,6000.0,420471.0,56.0,406.0,59.97,7.0,48.0,52.0,59.1,32.08,62.33,551.5,39.89,40.57,41.05,60.0,59.5,75.6,1.0,271.1,272.0,270.4,32.89,-1.04,32.91,1962.0,433373.0,13745.0,1967.0,-1.0,0.818,0.791,0.836,28.96,28.94,28.95,21.7,8.83,8.82,8.83,6.616,72.0,72.0,72.0,54.0,2.445,199.5,46.08,5.4,3.497,2.0,-1.0,13.23,0.01,0.327,3.0,2.0,0.0,0.0,60.82,63.76,62.74,62.66,62.92,62.84,58.49,65.28,57.02,58.59,63.6,72.04,62.21,64.78,71.67,69.31,58.35,65.95,68.41
2017-06-30 13:09:00-05:00,723.6452,761.54767,796.9753,782.0342,783.02856,845.7372,848.9419,825.4459,938668.0,47.61,0.0,767.2,832.0,822.0,32.67,306.4,0.0,0.0,0.0,0.0,0.0,0.0,0.0,0.0,304.7,305.3,147.4,-0.298,51.95,52.82,53.4,52.4,0.0,269.4,273.3,272.9,271.4,0.732,0.0,45.24,43.58,-0.262,43.56,0.999,6000.0,420471.0,56.0,406.0,59.97,7.0,48.0,52.0,58.72,32.12,61.73,760.5,54.05,54.84,55.3,60.0,59.5,75.6,1.0,271.8,272.0,270.9,44.52,-1.546,44.55,1962.0,433374.0,13745.0,1967.0,-0.999,0.818,0.791,0.836,39.67,39.64,39.65,29.73,12.14,12.14,12.14,9.1,73.0,73.0,73.0,54.0,1.563,178.8,21.64,3.2,3.495,2.0,-1.0,13.23,0.01,0.335,3.0,2.0,0.0,0.0,60.09,63.17,61.89,61.92,61.77,62.02,58.25,64.79,56.3,57.9,62.99,71.66,62.12,64.17,71.15,69.15,58.4,65.79,68.13
2017-06-30 13:10:00-05:00,730.3204,767.2785,803.84424,717.284,730.74945,761.3271,757.361,733.6249,938669.0,47.61,0.0,773.9,751.4,743.2,32.88,307.0,0.0,0.0,0.0,0.0,0.0,0.0,0.0,0.0,305.2,306.0,145.7,-0.3,51.58,52.25,52.88,51.88,0.0,269.2,273.1,272.8,271.2,0.743,0.0,44.8,43.16,-0.292,43.14,0.999,6000.0,420472.0,57.0,406.0,59.98,7.0,48.0,52.0,58.67,32.4,61.16,767.2,53.76,54.44,54.92,60.0,59.5,75.6,1.0,271.5,272.0,270.7,44.18,-1.474,44.2,1962.0,433374.0,13745.0,1967.0,-0.999,0.818,0.791,0.836,39.25,39.24,39.27,29.4,12.04,12.04,12.04,9.02,73.0,73.0,73.0,54.0,1.142,244.3,80.8,2.6,3.495,2.0,-1.0,13.23,0.01,0.332,3.0,2.0,0.0,0.0,59.64,62.89,61.43,61.66,61.45,61.68,58.13,64.94,56.66,58.73,63.35,71.61,61.52,64.13,71.1,69.28,57.79,65.78,68.27
2017-06-30 13:11:00-05:00,791.7573,831.79144,871.34937,792.892,798.6093,845.5115,841.91644,811.41925,938670.0,47.61,0.0,843.0,835.0,826.0,33.21,305.9,0.0,0.0,0.0,0.0,0.0,0.0,0.0,0.0,304.0,304.7,158.1,-0.3,55.87,56.6,57.2,56.2,0.0,269.0,273.0,272.5,271.0,0.747,0.0,48.45,46.66,-0.288,46.63,0.999,6000.0,420473.0,58.0,406.0,59.97,7.0,48.0,52.0,59.88,33.08,61.36,837.0,58.05,58.69,59.2,60.0,59.5,75.6,1.0,271.1,272.0,270.5,47.68,-1.654,47.71,1962.0,433375.0,13745.0,1967.0,-0.999,0.818,0.791,0.836,42.86,42.79,42.81,32.1,13.11,13.08,13.09,9.82,73.0,73.0,73.0,55.0,1.162,221.2,81.9,3.5,3.495,2.0,-1.0,13.23,0.01,0.335,3.0,2.0,0.0,0.0,59.63,63.14,61.81,61.98,61.65,61.86,58.04,64.99,57.18,59.03,63.48,71.58,61.49,64.55,71.12,69.22,58.06,65.95,68.27
2017-06-30 13:12:00-05:00,801.77014,846.69165,885.3241,804.6769,821.01465,855.8935,841.03827,821.2025,938671.0,47.61,0.0,845.0,836.0,827.0,33.14,305.5,0.0,0.0,0.0,0.0,0.0,0.0,0.0,0.0,303.6,304.4,159.6,-0.3,56.38,56.97,57.68,56.68,0.0,269.0,273.0,272.3,271.0,0.763,0.0,48.84,47.04,-0.298,47.03,0.999,6000.0,420474.0,59.0,406.0,59.98,7.0,48.0,52.0,58.35,32.52,62.02,833.0,58.42,59.09,59.6,60.0,59.5,75.6,1.0,271.0,272.0,270.3,47.93,-1.65,47.96,1962.0,433376.0,13745.0,1967.0,-0.999,0.818,0.791,0.836,42.75,42.78,42.77,32.07,13.05,13.06,13.06,9.79,73.0,73.0,73.0,55.0,2.502,213.0,35.96,5.0,3.494,2.0,-1.0,13.23,0.01,0.337,3.0,2.0,0.0,0.0,60.29,63.54,62.28,62.36,61.92,62.33,58.32,65.61,57.83,59.27,64.0,71.95,61.75,64.81,71.46,69.42,58.14,66.19,68.49
2017-06-30 13:13:00-05:00,702.3833,742.8815,778.5002,707.3529,719.67554,756.0232,741.8048,724.7846,938672.0,47.61,0.0,745.4,740.1,731.9,32.9,306.9,0.0,0.0,0.0,0.0,0.0,0.0,0.0,0.0,305.1,305.9,140.5,-0.3,49.8,50.55,51.07,50.07,0.0,269.0,273.0,272.5,271.0,0.76,0.0,43.25,41.66,-0.302,41.64,0.999,6000.0,420474.0,59.0,406.0,59.98,7.0,48.0,52.0,59.52,31.6,61.53,731.2,51.77,52.38,52.82,60.0,59.5,75.6,1.0,271.1,272.0,270.3,42.52,-1.38,42.54,1962.0,433377.0,13745.0,1967.0,-0.999,0.818,0.791,0.836,37.71,37.74,37.72,28.27,11.57,11.58,11.58,8.68,73.0,73.0,73.0,55.0,2.003,189.1,26.04,3.9,3.495,2.0,-1.0,13.23,0.01,0.332,3.0,2.0,0.0,0.0,59.67,63.17,61.55,61.9,61.8,61.7,58.25,65.11,56.98,59.06,63.56,71.81,61.87,64.72,71.31,69.1,58.58,65.64,67.98
2017-06-30 13:14:00-05:00,684.5827,718.8119,756.11694,693.9792,704.60986,742.4815,727.5032,710.28656,938673.0,47.61,0.0,726.0,728.6,720.6,32.76,309.9,0.0,0.0,0.0,0.0,0.0,0.0,0.0,0.0,308.0,308.8,137.4,-0.3,49.22,49.85,50.37,49.37,0.0,269.0,273.0,272.3,271.0,0.752,0.0,42.68,41.11,-0.3,41.09,0.999,6000.0,420475.0,60.0,406.0,59.98,7.0,48.0,52.0,58.75,31.68,60.98,722.4,51.05,51.69,52.14,60.0,59.5,75.6,1.0,271.0,272.0,270.3,41.96,-1.357,41.98,1962.0,433377.0,13745.0,1967.0,-0.999,0.818,0.791,0.836,36.94,36.95,36.96,27.71,11.45,11.45,11.45,8.59,74.0,74.0,74.0,55.0,1.298,202.7,40.04,2.8,3.495,2.0,-1.0,13.23,0.01,0.331,3.0,2.0,0.0,0.0,59.16,62.54,60.93,61.39,61.1,61.12,58.24,64.51,56.81,58.23,62.84,71.48,61.78,64.6,70.94,68.78,58.01,65.03,67.71
2017-06-30 13:15:00-05:00,763.32574,798.7163,842.2156,781.5045,786.5053,839.8691,835.5183,806.1152,938674.0,47.61,0.0,816.0,830.0,821.0,33.1,308.1,0.0,0.0,0.0,0.0,0.0,0.0,0.0,0.0,306.2,307.0,154.9,-0.3,55.17,55.82,56.37,55.37,0.0,269.0,273.0,272.8,271.0,0.768,0.0,47.82,46.04,-0.3,46.02,0.999,6000.0,420476.0,61.0,406.0,59.99,7.0,48.0,52.0,58.7,32.5,61.4,813.0,57.19,57.8,58.27,60.0,59.5,75.6,1.0,271.1,272.0,270.7,46.99,-1.567,47.02,1962.0,433378.0,13745.0,1967.0,-0.999,0.818,0.791,0.836,41.9,41.89,41.88,31.4,12.9,12.9,12.89,9.67,74.0,74.0,74.0,55.0,1.36,196.9,30.7,3.0,3.497,2.0,-1.0,13.24,0.01,0.334,3.0,2.0,0.0,0.0,59.46,62.64,61.29,61.65,61.11,61.29,58.32,64.34,56.05,58.16,62.76,71.63,62.59,64.64,71.05,68.73,58.62,65.41,67.67
2017-06-30 13:16:00-05:00,977.057,1027.9501,1083.5762,993.631,1005.1507,1066.3545,1057.5704,1024.2931,938675.0,47.61,0.0,1039.0,1043.0,1031.0,33.46,304.6,0.0,0.0,0.0,0.0,0.0,0.0,0.0,0.0,302.5,303.3,195.2,-0.3,68.65,69.32,70.13,69.13,0.0,269.4,273.4,273.0,271.6,0.755,0.0,59.54,57.3,-0.285,57.27,0.999,6000.0,420477.0,62.0,406.0,59.97,7.0,48.0,52.0,59.92,32.82,62.54,1037.0,71.28,71.87,72.52,60.0,59.5,75.6,1.0,271.8,272.0,271.0,58.51,-2.105,58.55,1962.0,433379.0,13745.0,1967.0,-0.999,0.818,0.791,0.836,52.5,52.51,52.49,39.35,15.99,15.99,15.99,11.99,74.0,74.0,74.0,55.0,0.863,244.5,59.82,2.0,3.495,2.0,-1.0,13.24,0.01,0.344,3.0,2.0,0.0,0.0,60.63,63.84,62.38,62.91,62.08,62.4,59.56,65.77,58.48,59.56,64.17,72.89,63.64,65.92,72.23,70.14,58.74,66.8,68.85
2017-06-30 13:17:00-05:00,820.4361,873.87225,920.261,822.4203,850.88855,885.68524,872.65247,860.09973,938676.0,47.61,0.0,872.0,857.0,846.0,33.37,302.9,0.0,0.0,0.0,0.0,0.0,0.0,0.0,0.0,301.0,301.7,162.6,-0.3,56.98,57.62,58.35,57.35,0.0,269.2,273.3,272.6,271.3,0.767,0.0,49.4,47.58,-0.295,47.55,0.999,6000.0,420477.0,62.0,406.0,59.97,7.0,48.0,52.0,58.27,33.41,63.46,852.0,59.15,59.8,60.42,60.0,59.5,75.6,1.0,271.4,272.0,270.6,48.61,-1.69,48.64,1962.0,433380.0,13745.0,1967.0,-0.999,0.818,0.791,0.836,43.46,43.41,43.43,32.56,13.17,13.15,13.16,9.87,74.0,74.0,74.0,56.0,1.598,255.1,75.0,3.0,3.497,2.0,-1.0,13.23,0.01,0.339,3.0,2.0,0.0,0.0,61.56,64.89,63.26,64.0,63.31,63.36,60.25,66.94,58.94,60.69,65.4,73.83,64.13,66.69,73.24,71.16,60.12,67.87,70.0
2017-06-30 13:18:00-05:00,697.1914,735.51324,777.07904,695.9654,711.82074,746.54407,736.034,717.2409,938677.0,47.61,0.0,749.7,736.7,728.3,33.37,305.2,0.0,0.0,0.0,0.0,0.0,0.0,0.0,0.0,303.5,304.2,140.8,-0.3,49.73,50.45,50.97,49.97,0.0,269.0,272.9,272.1,271.0,0.762,0.0,43.1,41.55,-0.218,41.53,0.999,6000.0,420478.0,63.0,406.0,59.96,7.0,48.0,52.0,59.5,32.81,63.21,740.7,51.74,52.38,52.84,60.0,59.5,75.6,1.0,271.0,271.9,270.1,42.47,-1.498,42.5,1962.0,433381.0,13745.0,1967.0,-0.999,0.818,0.791,0.836,38.05,38.04,38.02,28.5,11.61,11.61,11.6,8.7,74.0,74.0,74.0,56.0,1.655,174.9,48.65,3.0,3.495,2.0,-1.0,13.23,0.01,0.331,3.0,2.0,0.0,0.0,61.27,64.41,63.22,63.63,63.46,63.08,59.8,66.58,59.24,60.59,65.01,73.31,63.7,66.23,72.79,70.74,60.01,67.37,69.56
2017-06-30 13:19:00-05:00,661.8374,698.9996,738.11554,664.0537,681.56067,714.0439,704.1688,688.59845,938678.0,47.61,0.0,707.3,700.0,692.0,33.42,307.2,0.0,0.0,0.0,0.0,0.0,0.0,0.0,0.0,305.5,306.3,132.5,-0.3,47.08,47.78,48.35,47.35,0.0,269.0,272.9,272.0,271.0,0.76,0.0,40.84,39.37,-0.283,39.35,0.999,6000.0,420479.0,64.0,406.0,59.97,7.0,48.0,52.0,58.87,32.93,63.13,695.7,48.96,49.61,50.05,60.0,59.5,75.6,1.0,271.0,271.9,270.0,40.21,-1.35,40.23,1962.0,433381.0,13745.0,1967.0,-0.999,0.818,0.791,0.836,35.62,35.61,35.62,26.71,10.94,10.94,10.94,8.21,75.0,75.0,75.0,56.0,1.673,183.7,56.88,3.4,3.495,2.0,-1.0,13.23,0.01,0.331,3.0,2.0,0.0,0.0,60.99,64.01,63.13,63.56,63.1,62.88,59.84,66.28,58.29,60.03,64.73,73.16,63.8,66.37,72.53,70.79,60.6,67.43,69.67
2017-06-30 13:20:00-05:00,630.5627,662.9771,701.04694,631.3476,644.73346,676.5784,667.28564,650.2906,938679.0,47.61,0.0,673.0,664.5,657.0,33.58,308.1,0.0,0.0,0.0,0.0,0.0,0.0,0.0,0.0,306.4,307.2,126.3,-0.3,45.02,45.77,46.25,45.25,0.0,269.0,272.7,272.0,271.0,0.745,0.0,39.07,37.64,-0.278,37.62,0.999,6000.0,420479.0,64.0,406.0,59.97,7.0,48.0,52.0,58.55,33.37,62.91,665.4,46.8,47.46,47.91,60.0,59.5,75.6,1.0,271.0,271.8,270.0,38.45,-1.265,38.47,1962.0,433382.0,13745.0,1967.0,-0.999,0.818,0.791,0.836,34.02,34.01,34.0,25.5,10.48,10.48,10.48,7.854,75.0,75.0,75.0,56.0,1.402,230.7,71.93,3.4,3.497,2.0,-1.0,13.23,0.01,0.329,3.0,2.0,0.0,0.0,60.52,63.6,62.67,63.12,62.53,62.47,59.77,66.27,58.83,60.2,64.68,72.92,63.83,66.05,72.28,70.68,60.03,67.35,69.52
2017-06-30 13:21:00-05:00,587.91534,615.6567,651.78,597.71454,605.97473,643.2884,640.18774,619.40857,938680.0,47.61,0.0,625.0,630.9,623.9,33.61,309.1,0.0,0.0,0.0,0.0,0.0,0.0,0.0,0.0,307.3,308.2,118.1,-0.3,42.07,42.87,43.35,42.35,0.0,269.1,273.0,272.5,271.1,0.742,0.0,36.64,35.32,-0.233,35.3,0.999,6000.0,420480.0,65.0,406.0,59.96,7.0,48.0,52.0,59.53,33.1,61.98,620.2,43.82,44.48,44.93,60.0,59.5,75.6,1.0,271.4,272.0,270.5,36.08,-1.213,36.1,1962.0,433383.0,13745.0,1967.0,-0.999,0.818,0.791,0.836,31.77,31.79,31.81,23.85,9.82,9.83,9.83,7.369,75.0,75.0,75.0,56.0,2.173,176.6,42.33,4.6,3.495,2.0,-1.0,13.23,0.01,0.327,3.0,2.0,0.0,0.0,60.06,62.73,61.94,62.31,61.55,61.84,59.26,65.24,56.15,59.07,63.64,72.23,62.55,65.39,71.62,69.93,59.28,66.5,68.93
2017-06-30 13:22:00-05:00,703.2486,737.47815,779.9213,696.8923,703.8373,742.9329,732.5213,707.3398,938681.0,47.61,0.0,752.7,733.9,725.8,33.27,308.7,0.0,0.0,0.0,0.0,0.0,0.0,0.0,0.0,307.0,307.7,141.0,-0.3,50.17,51.0,51.53,50.53,0.0,269.8,273.6,273.0,271.9,0.743,0.0,43.7,42.08,-0.268,42.05,0.999,6000.0,420481.0,66.0,406.0,59.97,7.0,48.0,52.0,58.12,32.66,60.75,748.4,52.28,52.97,53.44,60.0,59.5,75.6,1.0,272.0,272.1,271.0,43.05,-1.475,43.07,1962.0,433383.0,13745.0,1967.0,-0.999,0.818,0.791,0.836,38.13,38.13,38.11,28.56,11.77,11.77,11.76,8.82,75.0,75.0,75.0,56.0,3.268,194.8,30.18,5.5,3.494,2.0,-1.0,13.23,0.011,0.331,3.0,2.0,0.0,0.0,58.69,61.98,60.89,61.31,60.52,60.89,59.02,64.47,56.55,57.76,62.85,71.59,62.45,64.92,70.94,69.38,59.3,65.59,68.38
2017-06-30 13:23:00-05:00,819.3236,856.1885,903.0886,834.3375,837.4968,894.48737,893.6032,857.5066,938682.0,47.61,0.0,871.0,881.0,871.0,33.4,308.2,0.0,0.0,0.0,0.0,0.0,0.0,0.0,0.0,306.2,307.0,165.2,-0.3,58.75,59.5,60.03,59.03,0.0,269.7,273.7,273.0,271.8,0.76,0.0,51.03,49.12,-0.282,49.09,0.999,6000.0,420481.0,66.0,406.0,59.97,7.0,48.0,52.0,59.98,32.63,60.7,870.0,61.09,61.74,62.21,60.0,59.5,75.6,1.0,272.0,272.1,271.0,50.2,-1.766,50.23,1962.0,433384.0,13745.0,1967.0,-0.999,0.818,0.791,0.836,44.57,44.57,44.55,33.45,13.73,13.73,13.73,10.3,75.0,75.0,75.0,56.0,2.233,234.0,61.59,4.0,3.497,2.0,-1.0,13.23,0.01,0.336,3.0,2.0,0.0,0.0,58.64,61.86,60.91,61.16,60.42,60.73,58.79,64.18,55.35,57.48,62.46,71.25,61.36,63.98,70.65,69.36,58.9,65.48,68.12
2017-06-30 13:24:00-05:00,962.0995,1013.05,1065.8116,973.1068,983.64667,1041.528,1032.4799,998.3616,938683.0,47.61,0.0,1022.0,1020.0,1008.0,33.3,304.1,0.0,0.0,0.0,0.0,0.0,0.0,0.0,0.0,302.2,303.0,193.4,-0.3,67.9,68.63,69.25,68.25,0.0,270.0,274.0,273.1,272.0,0.763,0.0,58.96,56.74,-0.122,56.71,0.999,6000.0,420482.0,67.0,406.0,59.95,7.0,48.0,52.0,58.47,32.14,61.29,1020.0,70.42,71.13,71.81,60.0,59.5,75.6,1.0,272.0,272.8,271.0,57.93,-2.217,57.97,1962.0,433385.0,13745.0,1967.0,-0.999,0.818,0.791,0.836,52.06,52.01,52.01,39.03,15.83,15.82,15.82,11.87,76.0,76.0,76.0,57.0,2.403,291.3,49.69,5.1,3.497,2.0,-1.0,13.23,0.011,0.343,3.0,2.0,0.0,0.0,58.9,62.06,61.18,61.54,60.69,61.12,58.56,64.44,55.82,58.03,62.78,71.36,60.77,64.14,70.77,69.38,58.19,65.6,68.09
2017-06-30 13:25:00-05:00,981.50714,1036.4645,1090.6819,994.55786,1008.7561,1065.226,1053.8069,1023.1143,938684.0,47.61,0.0,1041.0,1039.0,1027.0,32.95,303.4,0.0,0.0,0.0,0.0,0.0,0.0,0.0,0.0,301.2,302.1,196.2,-0.3,68.78,69.35,70.22,69.22,0.0,269.7,273.8,273.0,271.9,0.77,0.0,59.66,57.43,-0.128,57.4,0.999,6000.0,420483.0,68.0,406.0,59.95,7.0,48.0,52.0,59.17,32.46,62.64,1034.0,71.31,71.96,72.74,60.0,59.5,75.6,1.0,272.0,272.1,271.0,58.6,-2.236,58.65,1962.0,433386.0,13745.0,1967.0,-0.999,0.818,0.791,0.836,52.73,52.67,52.69,39.5,16.0,15.98,15.99,11.99,76.0,76.0,76.0,57.0,1.46,290.3,55.17,2.5,3.495,2.0,-1.0,13.23,0.011,0.345,3.0,2.0,0.0,0.0,60.12,62.99,62.31,62.62,61.56,62.11,59.02,65.55,57.48,59.34,63.94,72.04,62.21,65.56,71.5,70.04,58.81,66.57,68.83
2017-06-30 13:26:00-05:00,973.4721,1027.2952,1080.0233,986.34814,1001.15894,1056.1981,1043.7706,1013.6847,938685.0,47.61,0.0,1032.0,1030.0,1018.0,33.25,304.5,0.0,0.0,0.0,0.0,0.0,0.0,0.0,0.0,302.4,303.2,192.6,-0.3,68.0,68.37,69.1,68.1,0.0,269.7,273.9,273.0,272.0,0.775,0.0,58.75,56.56,-0.075,56.53,0.999,6000.0,420484.0,69.0,406.0,59.94,7.0,48.0,52.0,59.85,32.61,63.79,1025.0,70.37,70.87,71.54,60.0,59.5,75.6,1.0,272.0,272.0,271.0,57.72,-2.236,57.77,1962.0,433387.0,13745.0,1967.0,-0.999,0.818,0.791,0.836,51.71,51.71,51.69,38.76,15.75,15.75,15.74,11.8,76.0,76.0,76.0,57.0,1.622,298.2,57.9,3.6,3.494,2.0,-1.0,13.23,0.011,0.344,3.0,2.0,0.0,0.0,61.26,63.89,63.3,63.77,62.82,63.23,59.33,66.73,58.43,60.74,65.16,73.02,62.55,66.46,72.43,71.02,59.76,67.76,69.87
2017-06-30 13:27:00-05:00,977.5514,1030.8975,1083.5762,995.6171,1009.6575,1066.3545,1053.8069,1021.9356,938686.0,47.61,0.0,1034.0,1039.0,1027.0,33.48,305.3,0.0,0.0,0.0,0.0,0.0,0.0,0.0,0.0,303.3,303.9,191.4,-0.3,67.75,68.1,68.87,67.87,0.0,269.2,273.3,273.0,271.4,0.778,0.0,58.55,56.36,-0.048,56.34,0.999,6000.0,420485.0,70.0,406.0,59.94,7.0,48.0,52.0,58.17,32.71,64.81,1028.0,70.1,70.71,71.31,60.0,59.5,75.6,1.0,271.7,272.0,271.0,57.52,-2.254,57.56,1962.0,433388.0,13745.0,1967.0,-0.999,0.818,0.791,0.836,51.37,51.28,51.35,38.48,15.68,15.65,15.68,11.75,76.0,76.0,76.0,57.0,1.28,195.2,89.0,2.8,3.497,2.0,-1.0,13.23,0.011,0.345,3.0,2.0,0.0,0.0,62.37,64.72,64.25,64.64,63.35,63.97,59.77,67.91,60.46,62.26,66.39,74.08,64.22,68.01,73.54,72.06,60.91,68.97,70.95
2017-06-30 13:28:00-05:00,981.50714,1031.3887,1084.7605,1001.8406,1011.3315,1073.1252,1066.3523,1029.0078,938687.0,47.61,0.0,1039.0,1049.0,1036.0,33.44,303.6,0.0,0.0,0.0,0.0,0.0,0.0,0.0,0.0,301.4,302.3,192.8,-0.3,67.78,68.32,69.08,68.08,0.0,269.0,273.0,272.9,271.0,0.787,0.0,58.64,56.46,-0.057,56.44,0.999,6000.0,420486.0,71.0,406.0,59.94,7.0,48.0,52.0,59.8,32.37,65.46,1039.0,70.28,70.81,71.57,60.0,59.5,75.6,1.0,271.1,272.0,270.7,57.67,-2.251,57.71,1962.0,433389.0,13745.0,1967.0,-0.999,0.818,0.791,0.836,51.83,51.87,51.82,38.9,15.74,15.75,15.73,11.81,77.0,77.0,77.0,57.0,1.822,176.1,33.24,3.7,3.497,2.0,-1.0,13.23,0.011,0.345,3.0,2.0,0.0,0.0,62.95,65.65,65.11,65.5,64.49,64.87,61.14,69.02,59.82,62.33,67.44,75.23,65.65,69.44,74.72,73.29,62.37,70.25,72.2
2017-06-30 13:29:00-05:00,921.92444,975.7176,1024.3611,937.75244,963.81665,1004.2882,985.93677,966.5366,938688.0,47.61,0.0,972.0,973.0,961.0,33.64,303.8,0.0,0.0,0.0,0.0,0.0,0.0,0.0,0.0,301.7,302.4,179.3,-0.3,62.98,63.67,64.42,63.42,0.0,269.0,273.1,272.6,271.1,0.777,0.0,54.59,52.56,-0.105,52.53,0.999,6000.0,420487.0,72.0,406.0,59.94,7.0,48.0,52.0,58.85,33.38,66.34,963.0,65.43,66.03,66.74,60.0,59.5,75.6,1.0,271.0,272.0,270.4,53.66,-2.05,53.7,1962.0,433390.0,13745.0,1967.0,-0.999,0.818,0.791,0.836,47.92,47.99,47.92,35.91,14.56,14.58,14.56,10.91,77.0,77.0,77.0,58.0,2.458,243.4,32.72,4.6,3.495,2.0,-1.0,13.23,0.011,0.345,3.0,2.0,0.0,0.0,63.45,66.95,65.89,66.52,65.34,65.89,61.91,70.31,62.33,64.1,68.83,76.32,66.83,69.62,75.73,74.36,63.22,71.02,73.19
2017-06-30 13:30:00-05:00,729.70233,757.6179,798.3965,731.9818,740.53564,777.01294,756.9846,733.8606,938689.0,47.61,0.0,774.8,767.6,759.2,33.72,303.2,0.0,0.0,0.0,0.0,0.0,0.0,0.0,0.0,301.4,302.3,145.4,-0.3,51.03,51.62,52.33,51.33,0.0,269.0,272.9,272.1,271.0,0.762,0.0,44.23,42.62,-0.222,42.6,0.999,6000.0,420488.0,73.0,406.0,59.96,7.0,48.0,52.0,58.37,33.53,66.0,780.5,53.28,53.89,54.52,60.0,59.5,75.6,1.0,271.0,272.0,270.1,43.79,-1.532,43.82,1962.0,433391.0,13745.0,1967.0,-0.999,0.818,0.791,0.836,39.45,39.49,39.48,29.56,11.96,11.97,11.97,8.96,77.0,77.0,77.0,58.0,2.198,260.9,37.43,4.0,3.493,2.0,-1.0,13.23,0.011,0.332,3.0,2.0,0.0,0.0,63.13,66.72,65.54,66.05,64.66,65.43,61.24,69.94,62.08,63.48,68.5,75.53,66.05,68.52,74.91,73.71,62.11,69.79,72.54
2017-06-30 13:31:00-05:00,717.83527,771.37195,812.9634,677.9571,715.0399,721.6047,693.6308,689.77716,938690.0,47.61,0.0,766.8,697.3,689.2,34.05,304.3,0.0,0.0,0.0,0.0,0.0,0.0,0.0,0.0,302.1,302.8,138.0,-0.3,48.43,49.2,49.73,48.73,0.0,268.8,272.4,272.0,270.8,0.752,0.0,42.05,40.51,-0.203,40.49,0.999,6000.0,420488.0,73.0,406.0,59.96,7.0,48.0,52.0,59.87,33.59,66.07,741.5,50.43,51.03,51.59,60.0,59.5,75.6,1.0,270.9,271.5,270.0,41.38,-1.461,41.4,1962.0,433391.0,13745.0,1967.0,-0.999,0.818,0.791,0.836,36.9,36.97,36.91,27.66,11.23,11.25,11.23,8.42,77.0,77.0,77.0,58.0,1.433,254.2,47.44,3.0,3.495,2.0,-1.0,13.23,0.011,0.333,3.0,2.0,0.0,0.0,63.17,66.69,65.36,65.85,64.72,65.28,60.69,69.32,61.09,62.92,67.81,74.54,64.43,67.86,73.97,73.0,61.59,69.23,71.76
2017-06-30 13:32:00-05:00,724.8813,766.296,809.1736,727.8771,748.90546,780.28546,763.1319,746.3549,938691.0,47.62,0.0,772.6,761.8,753.1,33.85,305.1,0.0,0.0,0.0,0.0,0.0,0.0,0.0,0.0,302.9,303.7,141.7,-0.3,49.85,50.53,51.15,50.15,0.0,268.8,272.5,272.1,270.8,0.76,0.0,43.26,41.64,-0.231,41.63,0.999,6000.0,420489.0,74.0,406.0,59.96,7.0,48.0,52.0,57.67,33.47,65.61,753.5,53.02,53.63,54.2,60.0,59.5,75.6,1.0,271.0,271.5,270.0,43.55,-1.526,43.58,1962.0,433392.0,13745.0,1967.0,-0.999,0.818,0.791,0.836,39.04,39.04,38.99,29.26,11.91,11.91,11.89,8.93,78.0,78.0,78.0,58.0,2.156,244.1,34.62,3.8,3.495,2.0,-1.0,13.23,0.011,0.333,3.0,2.0,0.0,0.0,62.75,66.12,64.79,65.27,64.04,64.68,60.66,68.43,60.66,62.21,66.95,74.13,64.68,67.63,73.54,72.27,60.65,68.54,71.03
2017-06-30 13:33:00-05:00,808.6927,863.72046,909.72076,826.3927,848.0556,895.72876,867.25806,856.91724,938692.0,47.66,0.0,864.0,872.0,861.0,33.8,304.5,0.0,0.0,0.0,0.0,0.0,0.0,0.0,0.0,302.5,303.4,159.8,-0.3,56.23,56.93,57.6,56.6,0.0,268.9,272.5,272.0,270.9,0.747,0.0,48.73,46.9,-0.21,46.88,0.999,6000.0,420490.0,75.0,406.0,59.96,7.0,48.0,52.0,59.9,32.84,65.53,845.0,58.84,59.44,60.03,60.0,59.5,75.6,1.0,271.0,271.4,270.0,48.27,-1.747,48.3,1962.0,433393.0,13746.0,1967.0,-0.999,0.818,0.791,0.836,42.6,42.61,42.58,31.93,12.97,12.97,12.96,9.72,78.0,78.0,78.0,58.0,1.108,267.8,68.6,2.4,3.495,2.0,-1.0,13.23,0.011,0.338,3.0,2.0,0.0,0.0,62.92,65.99,64.99,65.14,63.85,64.33,60.2,68.19,59.99,61.62,66.68,73.95,64.07,67.39,73.35,71.81,59.75,67.86,70.69
2017-06-30 13:34:00-05:00,593.9725,629.73816,662.6756,562.625,594.3858,592.1684,557.5141,559.1768,938693.0,47.67,0.0,632.5,576.8,570.4,33.86,306.0,0.0,0.0,0.0,0.0,0.0,0.0,0.0,0.0,304.4,305.1,116.6,-0.298,41.22,41.83,42.37,41.37,0.0,268.7,272.2,271.9,270.7,0.728,0.0,35.77,34.43,-0.18,34.43,0.999,6000.0,420491.0,76.0,406.0,59.95,7.0,48.0,52.0,58.27,33.07,64.35,632.3,43.06,43.75,44.23,60.0,59.5,75.6,1.0,270.9,271.2,270.0,35.22,-1.236,35.24,1962.0,433393.0,13746.0,1967.0,-0.999,0.818,0.791,0.836,31.58,31.54,31.53,23.66,9.65,9.64,9.64,7.231,78.0,78.0,78.0,58.0,2.612,235.2,52.72,4.4,3.495,2.0,-1.0,13.23,0.011,0.33,3.0,2.0,0.0,0.0,62.03,65.83,64.61,64.67,63.56,64.01,59.21,66.84,58.53,59.96,65.39,72.38,62.25,65.35,71.95,70.26,58.29,66.44,69.32
2017-06-30 13:35:00-05:00,484.32553,502.84088,531.21814,485.29547,484.6768,526.15247,537.4415,504.13138,938694.0,47.67,0.0,517.2,523.7,519.0,33.75,310.1,0.0,0.0,0.0,0.0,0.0,0.0,0.0,0.0,308.4,309.2,95.3,-0.3,34.0,34.8,35.23,34.23,0.0,268.4,272.1,271.8,270.4,0.738,0.0,29.71,28.62,-0.038,28.61,0.999,6000.0,420491.0,76.0,406.0,59.93,7.0,48.0,52.0,59.2,32.75,62.79,522.8,35.34,36.03,36.42,60.0,59.5,75.6,1.0,270.6,271.1,269.8,29.16,-1.076,29.18,1962.0,433394.0,13746.0,1967.0,-0.999,0.818,0.791,0.836,26.23,26.22,26.22,19.66,8.14,8.14,8.14,6.1,78.0,78.0,78.0,58.0,1.783,192.1,48.56,3.6,3.495,2.0,-1.0,13.23,0.011,0.321,3.0,2.0,0.0,0.0,60.36,64.3,63.28,62.97,62.23,62.74,57.7,64.85,56.91,58.31,63.34,70.66,60.24,63.68,70.18,68.27,56.72,64.44,67.2
2017-06-30 13:36:00-05:00,647.1272,654.62646,690.2698,749.328,739.76306,821.36206,839.4074,792.32434,938695.0,47.67,0.0,668.9,811.0,803.0,33.42,309.5,0.0,0.0,0.0,0.0,0.0,0.0,0.0,0.0,307.6,308.4,134.9,-0.3,48.05,48.82,49.28,48.28,0.0,269.1,273.0,272.4,271.1,0.757,0.0,41.79,40.24,-0.067,40.23,0.999,6000.0,420492.0,77.0,406.0,59.94,7.0,48.0,52.0,58.5,32.2,61.36,685.9,49.98,50.72,51.18,60.0,59.5,75.6,1.0,271.2,272.0,270.5,41.08,-1.562,41.11,1962.0,433395.0,13746.0,1967.0,-0.999,0.818,0.791,0.836,36.31,36.35,36.36,27.26,11.23,11.24,11.25,8.43,78.0,78.0,78.0,59.0,2.307,271.7,37.54,4.9,3.497,2.0,-1.0,13.23,0.011,0.331,3.0,2.0,0.0,0.0,59.07,63.11,61.9,61.87,60.68,61.63,56.65,64.09,55.98,57.39,62.44,69.9,58.81,62.54,69.39,67.65,55.95,63.67,66.48
2017-06-30 13:37:00-05:00,741.5694,799.8625,837.8337,694.1116,727.5303,734.80786,698.1471,688.59845,938696.0,47.68,0.0,793.5,715.5,707.6,33.1,308.5,0.0,0.0,0.0,0.0,0.0,0.0,0.0,0.0,306.6,307.5,142.8,-0.3,50.8,51.38,51.98,50.98,0.0,269.2,273.2,272.6,271.3,0.76,0.0,44.09,42.46,-0.128,42.42,0.999,6000.0,420492.0,77.0,406.0,59.95,7.0,48.0,52.0,59.2,32.09,61.5,765.8,52.97,53.6,54.05,60.0,59.5,75.6,1.0,271.3,272.0,270.5,43.38,-1.598,43.41,1962.0,433395.0,13746.0,1967.0,-0.999,0.818,0.791,0.836,37.96,37.98,37.97,28.46,11.68,11.69,11.69,8.76,78.0,78.0,78.0,59.0,1.337,199.4,62.5,3.3,3.495,2.0,-1.0,13.23,0.011,0.334,3.0,2.0,0.0,0.0,59.05,63.05,61.87,61.8,60.85,61.52,56.41,63.69,56.05,57.37,62.03,69.53,58.65,62.57,69.01,67.19,55.84,63.46,66.06
2017-06-30 13:38:00-05:00,597.80457,631.0481,661.37286,618.90076,641.5143,670.82324,641.19135,637.6784,938697.0,47.68,0.0,629.6,645.4,638.6,33.23,309.4,0.0,0.0,0.0,0.0,0.0,0.0,0.0,0.0,307.6,308.4,117.9,-0.3,41.92,42.57,43.13,42.13,0.0,269.2,273.2,272.4,271.2,0.738,0.0,36.53,35.18,-0.16,35.17,0.999,6000.0,420493.0,78.0,406.0,59.95,7.0,48.0,52.0,58.83,32.59,60.79,618.7,43.8,44.48,44.93,60.0,59.5,75.6,1.0,271.3,272.1,270.4,36.09,-1.273,36.12,1962.0,433396.0,13746.0,1967.0,-0.999,0.818,0.791,0.836,31.71,31.69,31.72,23.78,9.8,9.79,9.8,7.346,79.0,79.0,79.0,59.0,1.968,249.4,21.44,2.9,3.495,2.0,-1.0,13.23,0.011,0.33,3.0,2.0,0.0,0.0,58.56,62.48,61.21,61.33,60.5,61.05,56.02,62.97,55.51,56.8,61.36,68.96,58.81,61.69,68.53,66.63,56.02,63.28,65.51
2017-06-30 13:39:00-05:00,565.66455,588.63983,618.2643,550.9726,550.21893,587.76733,577.58655,542.79285,938698.0,47.69,0.0,605.3,588.2,583.4,33.29,315.3,0.0,0.0,0.0,0.0,0.0,0.0,0.0,0.0,313.4,314.3,110.8,-0.3,40.2,40.93,41.35,40.35,0.0,269.0,273.0,272.4,271.0,0.732,0.0,35.03,33.72,-0.12,33.71,0.999,6000.0,420494.0,79.0,406.0,59.95,7.0,48.0,52.0,58.32,32.74,60.43,605.0,41.67,42.37,42.77,60.0,59.5,75.6,1.0,271.2,272.0,270.6,34.22,-1.218,34.25,1962.0,433396.0,13746.0,1967.0,-0.999,0.818,0.791,0.836,30.36,30.37,30.39,22.78,9.56,9.57,9.57,7.177,79.0,79.0,79.0,59.0,0.927,218.8,53.54,1.6,3.497,2.0,-1.0,13.23,0.011,0.322,3.0,2.0,0.0,0.0,58.1,61.89,60.48,60.64,59.83,60.43,55.36,62.14,55.42,56.28,60.61,68.26,58.72,61.07,67.9,65.76,55.4,62.51,64.83
2017-06-30 13:40:00-05:00,978.4167,1032.6986,1081.2075,971.91516,983.13165,1034.7571,1004.88007,967.71533,938699.0,47.7,0.0,1038.0,1014.0,1003.0,33.57,305.4,0.0,0.0,0.0,0.0,0.0,0.0,0.0,0.0,303.4,304.2,194.1,-0.3,68.4,69.23,69.72,68.72,0.0,269.8,273.6,273.0,271.8,0.752,0.0,59.34,57.1,-0.105,57.07,0.999,6000.0,420494.0,79.0,406.0,59.95,7.0,48.0,52.0,59.73,32.95,60.87,1030.0,71.0,71.59,72.2,60.0,59.5,75.6,1.0,271.9,272.1,271.0,58.27,-2.243,58.32,1962.0,433397.0,13746.0,1967.0,-0.999,0.818,0.791,0.836,52.22,52.29,52.23,39.17,15.94,15.96,15.94,11.96,79.0,79.0,79.0,59.0,1.422,189.5,36.34,2.4,3.495,2.0,-1.0,13.23,0.011,0.342,3.0,2.0,0.0,0.0,58.9,62.26,61.15,61.2,60.52,61.0,56.47,63.05,55.49,57.31,61.49,69.15,59.42,62.43,68.7,66.84,56.61,63.47,65.73
2017-06-30 13:41:00-05:00,1030.9532,1087.551,1135.6853,1037.9895,1054.5969,1105.8511,1072.6249,1040.7949,938700.0,47.71,0.0,1087.0,1079.0,1068.0,33.65,304.0,0.0,0.0,0.0,0.0,0.0,0.0,0.0,0.0,302.0,302.7,203.6,-0.3,71.57,72.05,72.88,71.88,0.0,269.9,273.8,273.2,271.9,0.763,0.0,62.01,59.66,-0.03,59.63,0.999,6000.0,420495.0,80.0,406.0,59.93,7.0,48.0,52.0,58.32,32.8,62.27,1078.0,74.12,74.78,75.51,60.0,59.5,75.6,1.0,272.0,272.3,271.0,60.9,-2.406,60.95,1962.0,433398.0,13746.0,1967.0,-0.999,0.818,0.791,0.836,54.7,54.66,54.68,40.99,16.63,16.62,16.62,12.46,79.0,79.0,79.0,59.0,2.673,230.6,13.02,4.2,3.497,2.0,-1.0,13.23,0.011,0.347,3.0,2.0,0.0,0.0,60.04,63.84,62.75,62.91,62.03,62.57,58.15,65.04,57.83,59.2,63.57,71.06,61.88,64.37,70.64,68.88,58.65,65.33,67.6
2017-06-30 13:42:00-05:00,990.1601,1049.8911,1095.4192,984.6268,1002.44653,1050.5558,1024.9526,992.468,938701.0,47.71,0.0,1047.0,1026.0,1015.0,33.44,307.0,0.0,0.0,0.0,0.0,0.0,0.0,0.0,0.0,305.0,305.9,190.4,-0.3,67.48,68.25,68.83,67.83,0.0,269.8,273.9,273.2,271.9,0.78,0.0,58.59,56.36,-0.1,56.33,0.999,6000.0,420496.0,81.0,406.0,59.94,7.0,48.0,52.0,59.83,33.2,63.92,1031.0,70.05,70.63,71.23,60.0,59.5,75.6,1.0,271.9,272.4,271.0,57.55,-2.211,57.59,1962.0,433399.0,13746.0,1967.0,-0.999,0.818,0.791,0.836,51.12,51.15,51.14,38.3,15.69,15.7,15.7,11.76,80.0,80.0,80.0,60.0,2.23,260.9,23.5,4.4,3.497,2.0,-1.0,13.23,0.011,0.344,3.0,2.0,0.0,0.0,61.44,65.2,63.96,64.17,63.4,63.73,59.48,66.88,59.69,60.93,65.45,72.62,63.87,65.95,72.17,70.58,60.55,66.95,69.32
2017-06-30 13:43:00-05:00,784.464,829.99036,863.8883,784.94727,819.4695,830.7284,781.9499,781.0087,938702.0,47.71,0.0,818.0,806.0,797.0,33.14,304.8,0.0,0.0,0.0,0.0,0.0,0.0,0.0,0.0,302.7,303.5,152.9,-0.3,53.72,54.35,55.03,54.03,0.0,269.5,273.5,273.2,271.5,0.78,0.0,46.66,44.94,-0.083,44.92,0.999,6000.0,420497.0,82.0,406.0,59.94,7.0,48.0,52.0,58.92,33.48,64.37,799.3,55.91,56.56,57.15,60.0,59.5,75.6,1.0,271.6,272.4,270.9,46.01,-1.745,46.04,1962.0,433400.0,13746.0,1967.0,-0.999,0.818,0.791,0.836,40.66,40.67,40.68,30.5,12.39,12.4,12.4,9.3,80.0,80.0,80.0,60.0,2.733,273.4,22.66,4.1,3.497,2.0,-1.0,13.23,0.011,0.338,3.0,2.0,0.0,0.0,62.31,65.79,64.64,64.84,64.21,64.62,59.99,67.34,59.49,61.35,65.82,73.28,64.23,66.26,72.93,71.11,60.25,67.25,69.97
2017-06-30 13:44:00-05:00,821.67224,865.68536,905.69415,793.1569,816.1215,835.2423,781.82434,773.7008,938703.0,47.72,0.0,876.0,822.0,813.0,33.37,304.1,0.0,0.0,0.0,0.0,0.0,0.0,0.0,0.0,302.2,303.0,159.5,-0.297,55.92,56.68,57.28,56.28,0.0,269.0,273.2,272.9,271.2,0.795,0.0,48.6,46.81,-0.093,46.79,0.999,6000.0,420498.0,83.0,406.0,59.94,7.0,48.0,52.0,58.73,32.66,64.21,867.0,57.59,58.3,58.93,60.0,59.5,75.6,1.0,271.4,272.0,270.9,47.38,-1.802,47.41,1962.0,433401.0,13746.0,1967.0,-0.999,0.818,0.791,0.836,43.21,43.15,43.14,32.38,13.14,13.12,13.12,9.85,80.0,80.0,80.0,60.0,2.237,213.9,16.54,4.0,3.497,2.0,-1.0,13.23,0.011,0.336,3.0,2.0,0.0,0.0,61.95,65.43,64.3,64.33,63.75,64.27,59.78,66.41,58.45,59.95,64.86,72.89,64.15,65.92,72.47,70.48,59.83,66.77,69.25
2017-06-30 13:45:00-05:00,949.98517,1018.9445,1066.9958,890.74567,923.89905,941.09344,894.4814,874.4799,938704.0,47.72,0.0,1019.0,922.0,912.0,33.17,304.1,0.0,0.0,0.0,0.0,0.0,0.0,0.0,0.0,302.3,303.0,183.3,-0.297,64.33,65.07,65.85,64.85,0.0,269.6,273.8,273.0,271.8,0.795,0.0,55.9,53.8,-0.173,53.78,0.999,6000.0,420499.0,84.0,406.0,59.95,7.0,48.0,52.0,60.05,32.38,64.18,993.0,66.96,67.55,68.28,60.0,59.5,75.6,1.0,271.9,272.4,271.0,54.99,-2.053,55.03,1962.0,433402.0,13746.0,1967.0,-0.999,0.818,0.791,0.836,48.98,48.98,48.98,36.73,14.9,14.9,14.9,11.17,80.0,80.0,80.0,60.0,3.427,248.8,33.07,6.6,3.495,2.0,-1.0,13.23,0.011,0.339,3.0,2.0,0.0,0.0,62.31,65.38,64.03,64.21,63.52,64.21,59.92,66.34,58.44,60.27,64.84,73.05,64.21,65.61,72.44,70.77,60.17,66.94,69.49
2017-06-30 13:46:00-05:00,812.772,852.09503,890.4166,834.9996,857.3268,887.9422,854.08545,838.8831,938705.0,47.72,0.0,855.0,869.0,859.0,33.07,305.5,0.0,0.0,0.0,0.0,0.0,0.0,0.0,0.0,303.5,304.4,160.8,-0.3,56.85,57.53,58.12,57.12,0.0,269.0,272.9,272.4,271.0,0.792,0.0,49.25,47.41,-0.145,47.39,0.999,6000.0,420500.0,85.0,406.0,59.95,7.0,48.0,52.0,58.32,32.65,63.84,852.0,58.91,59.55,60.12,60.0,59.5,75.6,1.0,271.0,271.9,270.4,48.38,-1.803,48.41,1962.0,433403.0,13746.0,1967.0,-0.999,0.818,0.791,0.836,43.19,43.19,43.2,32.41,13.19,13.19,13.2,9.9,80.0,80.0,80.0,60.0,2.697,259.3,23.46,4.4,3.495,2.0,-1.0,13.23,0.011,0.34,3.0,2.0,0.0,0.0,62.21,65.45,64.15,64.4,63.89,64.51,60.27,66.86,58.62,60.62,65.32,73.06,63.81,65.5,72.56,71.08,59.52,67.17,69.87
2017-06-30 13:47:00-05:00,642.80066,677.5498,711.23193,660.21375,677.05383,712.46405,692.3763,674.9255,938706.0,47.72,0.0,684.4,697.0,690.2,33.21,307.3,0.0,0.0,0.0,0.0,0.0,0.0,0.0,0.0,305.7,306.5,128.0,-0.3,45.53,46.17,46.65,45.65,0.0,269.0,272.8,272.0,271.0,0.797,0.0,39.47,38.03,-0.06,38.01,0.999,6000.0,420500.0,85.0,406.0,59.94,7.0,48.0,52.0,59.07,33.15,62.66,672.8,47.3,47.9,48.35,60.0,59.5,75.6,1.0,271.0,271.7,270.0,38.76,-1.46,38.79,1962.0,433403.0,13746.0,1967.0,-0.999,0.818,0.791,0.836,34.47,34.49,34.46,25.84,10.59,10.59,10.58,7.937,81.0,81.0,81.0,60.0,2.027,244.2,37.27,4.3,3.495,2.0,-1.0,13.23,0.011,0.329,3.0,2.0,0.0,0.0,61.21,64.66,63.22,63.43,63.35,63.63,59.61,66.03,58.41,59.68,64.55,72.06,62.16,64.49,71.58,69.78,58.41,66.07,68.67
2017-06-30 13:48:00-05:00,723.0271,762.3664,800.5282,715.95984,728.04535,769.45215,760.3719,728.5565,938707.0,47.72,0.0,771.9,760.4,753.4,33.36,307.5,0.0,0.0,0.0,0.0,0.0,0.0,0.0,0.0,305.3,306.1,142.7,-0.3,50.65,51.37,51.92,50.92,0.0,269.0,272.9,272.1,271.0,0.8,0.0,43.93,42.32,-0.037,42.31,0.999,6000.0,420501.0,86.0,406.0,59.93,7.0,48.0,52.0,59.15,32.37,61.92,768.2,52.65,53.3,53.83,60.0,59.5,75.6,1.0,271.0,271.9,270.0,43.14,-1.652,43.18,1962.0,433404.0,13746.0,1967.0,-0.999,0.818,0.791,0.836,38.7,38.73,38.74,29.05,11.89,11.9,11.9,8.92,81.0,81.0,81.0,60.0,2.013,235.8,38.61,3.9,3.497,2.0,-1.0,13.24,0.011,0.333,3.0,2.0,0.0,0.0,60.15,63.95,62.38,62.46,62.57,62.77,58.56,64.48,55.87,58.14,62.88,70.72,60.67,63.38,70.24,68.48,56.81,64.67,67.3
2017-06-30 13:49:00-05:00,771.8552,814.76263,857.13776,764.42316,776.71906,820.5721,798.63513,770.28253,938708.0,47.72,0.0,829.0,810.0,802.0,33.05,308.0,0.0,0.0,0.0,0.0,0.0,0.0,0.0,0.0,305.9,306.8,152.8,-0.3,54.42,55.17,55.73,54.73,0.0,268.8,272.6,272.0,270.8,0.8,0.0,47.13,45.41,-0.027,45.39,0.999,6000.0,420502.0,87.0,406.0,59.93,7.0,48.0,52.0,58.38,32.59,61.34,818.0,56.63,57.2,57.74,60.0,59.5,75.6,1.0,270.9,271.4,270.0,46.27,-1.802,46.31,1962.0,433405.0,13746.0,1967.0,-0.999,0.818,0.791,0.836,41.39,41.36,41.37,31.03,12.73,12.72,12.72,9.54,81.0,81.0,81.0,61.0,2.967,215.4,34.36,4.6,3.497,2.0,-1.0,13.23,0.011,0.332,3.0,2.0,0.0,0.0,59.54,63.42,61.93,61.77,62.16,62.28,58.27,63.77,55.94,57.43,62.14,70.2,60.5,62.97,69.64,67.81,56.91,64.4,66.63
2017-06-30 13:50:00-05:00,959.25635,1014.35986,1062.2587,941.72485,974.3755,996.3889,960.84607,934.59375,938709.0,47.72,0.0,1011.0,973.0,963.0,33.43,303.6,0.0,0.0,0.0,0.0,0.0,0.0,0.0,0.0,301.6,302.3,187.7,-0.297,66.03,66.58,67.35,66.35,0.0,268.9,272.9,272.3,270.9,0.803,0.0,57.1,54.96,-0.035,54.93,0.999,6000.0,420503.0,88.0,406.0,59.94,7.0,48.0,52.0,60.0,33.21,62.58,1003.0,68.57,69.09,69.85,60.0,59.5,75.6,1.0,270.9,271.9,270.1,56.15,-2.201,56.2,1962.0,433406.0,13746.0,1967.0,-0.999,0.818,0.791,0.836,50.35,50.27,50.32,37.77,15.29,15.27,15.28,11.47,81.0,81.0,81.0,61.0,1.67,295.3,47.23,3.2,3.497,2.0,-1.0,13.23,0.011,0.345,3.0,2.0,0.0,0.0,60.58,64.16,62.72,62.62,62.82,62.98,59.34,64.43,56.74,58.33,62.78,71.17,61.54,64.05,70.65,68.57,57.12,65.12,67.4
2017-06-30 13:51:00-05:00,851.33997,896.63184,940.1573,843.20917,875.35406,900.4683,858.60175,847.2519,938710.0,47.72,0.0,905.0,876.0,867.0,33.53,303.5,0.0,0.0,0.0,0.0,0.0,0.0,0.0,0.0,301.4,302.1,169.1,-0.3,59.43,59.98,60.75,59.75,0.0,269.0,273.0,272.6,271.0,0.802,0.0,51.41,49.54,-0.01,49.52,0.999,6000.0,420503.0,88.0,406.0,59.93,7.0,48.0,52.0,58.0,32.72,62.85,888.0,61.68,62.27,62.94,60.0,59.5,75.6,1.0,271.0,272.0,270.6,50.54,-1.988,50.58,1962.0,433407.0,13746.0,1967.0,-0.999,0.818,0.791,0.836,45.21,45.23,45.21,33.9,13.72,13.73,13.72,10.29,82.0,82.0,82.0,61.0,2.002,199.5,66.83,5.7,3.497,2.0,-1.0,13.23,0.011,0.337,3.0,2.0,0.0,0.0,61.01,64.46,63.25,62.8,63.42,63.18,59.17,64.93,57.05,58.75,63.27,71.49,61.95,65.12,70.99,68.88,57.85,65.59,67.78
2017-06-30 13:52:00-05:00,830.2017,885.3339,929.2617,808.9141,825.264,859.84314,827.113,805.8794,938711.0,47.72,0.0,897.0,847.0,839.0,33.71,305.0,0.0,0.0,0.0,0.0,0.0,0.0,0.0,0.0,302.9,303.6,163.9,-0.3,57.75,58.43,59.15,58.15,0.0,269.0,273.1,272.6,271.1,0.808,0.0,50.05,48.22,-0.017,48.2,0.999,6000.0,420504.0,89.0,406.0,59.93,7.0,48.0,52.0,59.67,33.09,62.96,878.0,60.03,60.6,61.19,60.0,59.5,75.6,1.0,271.0,272.0,270.4,49.24,-1.938,49.28,1962.0,433407.0,13746.0,1967.0,-0.999,0.818,0.791,0.836,44.2,44.18,44.19,33.16,13.48,13.48,13.48,10.11,82.0,82.0,82.0,61.0,1.065,176.5,84.9,4.7,3.495,2.0,-1.0,13.23,0.011,0.337,3.0,2.0,0.0,0.0,61.47,64.6,63.11,62.9,63.3,63.14,59.33,65.02,57.47,59.02,63.43,71.86,62.81,65.46,71.4,68.95,58.08,65.9,67.86
2017-06-30 13:53:00-05:00,807.4565,846.52795,889.1139,787.86035,798.7381,834.56525,810.1768,775.351,938712.0,47.72,0.0,859.0,829.0,821.0,33.34,304.9,0.0,0.0,0.0,0.0,0.0,0.0,0.0,0.0,303.1,303.9,159.8,-0.3,56.48,57.1,57.68,56.68,0.0,269.0,273.0,272.2,271.0,0.802,0.0,48.88,47.09,-0.095,47.08,0.999,6000.0,420505.0,90.0,406.0,59.94,7.0,48.0,52.0,58.67,32.86,62.69,858.0,58.56,59.19,59.74,60.0,59.5,75.6,1.0,271.0,272.0,270.1,48.03,-1.821,48.07,1962.0,433408.0,13746.0,1967.0,-0.999,0.818,0.791,0.836,43.22,43.24,43.25,32.42,13.18,13.19,13.19,9.88,82.0,82.0,82.0,61.0,3.195,243.1,24.45,5.3,3.495,2.0,-1.0,13.23,0.011,0.334,3.0,2.0,0.0,0.0,61.3,64.47,62.91,62.93,62.83,62.9,59.2,64.64,56.67,58.51,63.01,71.53,62.08,64.73,70.99,68.49,57.29,65.16,67.37
2017-06-30 13:54:00-05:00,1028.481,1076.5806,1129.7639,1071.2251,1082.9255,1154.3756,1129.0789,1092.6578,938713.0,47.73,0.0,1086.0,1130.0,1117.0,33.35,303.9,0.0,0.0,0.0,0.0,0.0,0.0,0.0,0.0,301.9,302.5,203.6,-0.3,71.7,72.17,73.0,72.0,0.0,269.1,273.3,272.9,271.3,0.798,0.0,62.02,59.65,-0.165,59.63,0.999,6000.0,420506.0,91.0,406.0,59.95,7.0,48.0,52.0,59.05,32.42,62.86,1080.0,74.76,75.27,76.02,60.0,59.5,75.6,1.0,271.3,272.0,270.9,61.28,-2.329,61.32,1962.0,433409.0,13746.0,1967.0,-0.999,0.818,0.791,0.836,54.8,54.83,54.85,41.13,16.66,16.66,16.67,12.5,82.0,82.0,82.0,62.0,2.448,239.3,27.36,3.6,3.497,2.0,-1.0,13.23,0.012,0.347,3.0,2.0,0.0,0.0,61.13,64.73,63.01,63.39,63.18,63.27,59.96,65.17,56.53,59.07,63.51,72.48,63.08,65.35,71.99,69.44,58.53,66.18,67.95
2017-06-30 13:55:00-05:00,1091.5249,1149.1167,1203.1906,1106.9768,1127.9938,1188.23,1166.7147,1129.1976,938714.0,47.74,0.0,1152.0,1161.0,1148.0,33.57,303.8,0.0,0.0,0.0,0.0,0.0,0.0,0.0,0.0,301.8,302.4,212.3,-0.3,74.63,75.15,75.92,74.92,0.0,269.3,273.6,273.0,271.7,0.798,0.0,64.59,62.12,-0.158,62.09,1.0,6000.0,420507.0,92.0,406.0,59.95,7.0,48.0,52.0,60.05,32.83,64.08,1149.0,77.33,77.81,78.65,60.0,59.5,75.6,1.0,271.7,272.0,271.0,63.41,-2.424,63.46,1962.0,433410.0,13746.0,1967.0,-0.999,0.818,0.791,0.836,56.93,57.01,56.96,42.7,17.3,17.32,17.31,12.97,83.0,83.0,83.0,62.0,2.19,243.9,32.42,4.7,3.497,2.0,-1.0,13.23,0.012,0.35,3.0,2.0,0.0,0.0,62.09,65.99,64.23,64.43,64.2,64.41,60.88,66.81,58.71,60.68,65.21,74.05,64.06,66.99,73.56,71.02,59.58,67.63,69.64
2017-06-30 13:56:00-05:00,1044.551,1104.416,1155.8185,1038.3867,1064.8982,1110.365,1085.1702,1053.7606,938715.0,47.77,0.0,1104.0,1083.0,1072.0,33.62,303.4,0.0,0.0,0.0,0.0,0.0,0.0,0.0,0.0,301.2,302.1,201.5,-0.3,70.65,71.35,72.17,71.17,0.0,269.1,273.1,273.0,271.2,0.792,0.0,61.22,58.93,-0.127,58.9,0.999,6000.0,420508.0,93.0,406.0,59.94,7.0,48.0,52.0,58.02,33.11,65.71,1094.0,73.38,73.91,74.75,60.0,59.5,75.6,1.0,271.2,272.0,270.9,60.18,-2.313,60.22,1962.0,433411.0,13746.0,1967.0,-0.999,0.818,0.791,0.836,54.11,54.05,54.03,40.55,16.42,16.4,16.39,12.3,83.0,83.0,83.0,62.0,2.453,246.2,36.87,4.5,3.495,2.0,-1.0,13.24,0.012,0.347,3.0,2.0,0.0,0.0,63.54,67.14,65.42,65.52,65.45,65.6,61.52,67.54,59.01,61.66,65.96,75.02,65.44,67.99,74.51,71.79,60.12,68.29,70.49
2017-06-30 13:57:00-05:00,983.9795,1039.0844,1087.129,986.7454,1010.81635,1058.4551,1045.0251,1011.32733,938716.0,47.78,0.0,1041.0,1033.0,1022.0,33.39,302.9,0.0,0.0,0.0,0.0,0.0,0.0,0.0,0.0,300.9,301.8,190.9,-0.3,66.87,67.48,68.32,67.32,0.0,269.0,273.0,273.0,271.0,0.777,0.0,57.94,55.77,-0.17,55.75,0.999,6000.0,420509.0,94.0,406.0,59.95,7.0,48.0,52.0,59.6,33.47,66.22,1030.0,69.42,69.96,70.79,60.0,59.5,75.6,1.0,271.0,272.0,270.9,56.95,-2.141,56.99,1962.0,433412.0,13746.0,1967.0,-0.999,0.818,0.791,0.836,51.29,51.2,51.25,38.4,15.54,15.51,15.53,11.63,83.0,83.0,83.0,62.0,2.207,243.9,40.82,3.8,3.495,2.0,-1.0,13.23,0.012,0.345,3.0,2.0,0.0,0.0,64.28,67.6,65.87,66.04,66.05,66.26,61.96,68.34,60.35,62.08,66.64,75.6,65.34,68.08,75.07,72.12,60.5,68.72,70.95
2017-06-30 13:58:00-05:00,833.4158,884.8428,924.4061,850.6244,872.26373,920.78094,920.1993,887.4457,938717.0,47.78,0.0,883.0,898.0,888.0,33.68,302.5,0.0,0.0,0.0,0.0,0.0,0.0,0.0,0.0,300.5,301.3,163.8,-0.297,57.28,57.9,58.7,57.7,0.0,269.0,273.0,272.7,271.1,0.778,0.0,49.66,47.85,-0.212,47.83,0.999,6000.0,420510.0,95.0,406.0,59.96,7.0,48.0,52.0,58.95,33.54,67.03,865.0,59.51,60.13,60.89,60.0,59.5,75.6,1.0,271.2,272.0,270.7,48.91,-1.778,48.94,1962.0,433413.0,13746.0,1967.0,-0.999,0.818,0.791,0.836,43.87,43.89,43.9,32.92,13.27,13.28,13.28,9.96,83.0,83.0,83.0,62.0,1.493,277.7,56.58,3.1,3.495,2.0,-1.0,13.23,0.012,0.34,3.0,2.0,0.0,0.0,64.85,67.99,66.14,66.21,66.33,66.43,61.85,68.64,60.18,62.24,66.95,75.79,65.55,68.92,75.21,72.29,60.83,69.2,71.22
2017-06-30 13:59:00-05:00,881.13135,926.10486,971.06757,869.42706,882.56506,930.93726,922.7083,883.55597,938718.0,47.78,0.0,941.0,919.0,909.0,33.53,302.6,0.0,0.0,0.0,0.0,0.0,0.0,0.0,0.0,300.7,301.6,172.2,-0.298,60.37,60.9,61.73,60.73,0.0,269.0,273.0,272.4,271.0,0.76,0.0,52.27,50.34,-0.29,50.32,0.999,6000.0,420511.0,96.0,406.0,59.97,7.0,48.0,52.0,58.42,33.57,66.53,941.0,62.52,63.1,63.85,60.0,59.5,75.6,1.0,271.1,272.0,270.4,51.32,-1.812,51.35,1962.0,433414.0,13746.0,1967.0,-0.999,0.818,0.791,0.836,46.52,46.52,46.5,34.91,14.08,14.08,14.08,10.57,84.0,84.0,84.0,62.0,2.243,262.4,39.71,3.3,3.497,2.0,-1.0,13.23,0.012,0.338,3.0,2.0,0.0,0.0,64.67,67.65,66.03,65.94,65.91,66.17,60.98,68.46,60.63,62.01,66.74,75.24,64.93,68.43,74.68,72.09,60.54,68.76,70.9
2017-06-30 14:00:00-05:00,1000.0493,1059.388,1108.4464,972.17993,1003.60547,1031.3717,991.58215,971.2514,938719.0,47.78,0.0,1065.0,1012.0,1000.0,33.21,303.1,0.0,0.0,0.0,0.0,0.0,0.0,0.0,0.0,301.1,301.8,192.5,-0.3,67.42,68.13,68.93,67.93,0.0,269.1,273.1,273.0,271.2,0.763,0.0,58.45,56.26,-0.3,56.25,0.999,6000.0,420512.0,97.0,406.0,59.98,7.0,48.0,52.0,60.0,33.45,67.24,1054.0,70.01,70.55,71.4,60.0,59.5,75.6,1.0,271.5,272.0,271.0,57.45,-2.025,57.49,1962.0,433415.0,13746.0,1967.0,-0.999,0.818,0.791,0.836,51.69,51.66,51.78,38.76,15.67,15.66,15.69,11.75,84.0,84.0,84.0,63.0,2.73,278.6,27.94,4.6,3.495,2.0,-1.0,13.23,0.012,0.344,3.0,2.0,0.0,0.0,65.19,68.16,66.55,66.42,66.51,66.7,61.32,68.84,60.6,62.39,67.0,75.67,65.28,68.92,75.11,72.57,60.75,69.17,71.38
2017-06-30 14:01:00-05:00,782.1153,826.7156,866.0201,789.97894,809.4257,851.7181,840.16016,815.19116,938720.0,47.79,0.0,829.0,834.0,825.0,33.78,302.8,0.0,0.0,0.0,0.0,0.0,0.0,0.0,0.0,300.7,301.5,151.5,-0.298,52.87,53.65,54.4,53.4,0.0,269.1,273.0,272.4,271.1,0.743,0.0,45.99,44.29,-0.298,44.28,0.999,6000.0,420512.0,97.0,406.0,59.98,7.0,48.0,52.0,58.45,33.6,66.88,819.0,55.09,55.66,56.39,60.0,59.5,75.6,1.0,271.2,272.0,270.4,45.26,-1.531,45.29,1962.0,433416.0,13746.0,1967.0,-0.999,0.818,0.791,0.836,40.75,40.75,40.73,30.58,12.35,12.35,12.34,9.27,84.0,84.0,84.0,63.0,1.918,257.6,36.29,3.4,3.495,2.0,-1.0,13.23,0.012,0.336,3.0,2.0,0.0,0.0,65.23,68.39,66.93,66.68,66.88,67.02,60.87,68.77,60.83,62.34,66.93,75.48,64.48,68.33,74.97,72.33,60.51,68.95,71.25
2017-06-30 14:02:00-05:00,853.56506,900.72534,943.71014,860.8202,888.7458,927.55176,914.8048,894.0464,938721.0,47.83,0.0,902.0,903.0,893.0,33.73,303.0,0.0,0.0,0.0,0.0,0.0,0.0,0.0,0.0,301.0,301.8,166.8,-0.3,58.37,59.1,59.92,58.92,0.0,269.1,273.1,272.4,271.1,0.747,0.0,50.63,48.78,-0.233,48.77,0.999,6000.0,420513.0,98.0,406.0,59.96,7.0,48.0,52.0,59.55,33.76,67.26,893.0,60.7,61.33,62.07,60.0,59.5,75.6,1.0,271.2,272.0,270.3,49.87,-1.791,49.9,1962.0,433416.0,13746.0,1967.0,-0.999,0.818,0.791,0.836,44.74,44.66,44.74,33.57,13.56,13.53,13.56,10.17,84.0,84.0,84.0,63.0,1.578,246.9,29.57,2.4,3.497,2.0,-1.0,13.23,0.012,0.342,3.0,2.0,0.0,0.0,65.39,68.72,67.04,66.71,66.87,67.09,61.0,68.82,60.61,62.63,66.99,75.52,64.74,68.82,75.01,72.27,60.75,69.27,71.06
2017-06-30 14:03:00-05:00,958.51465,1002.5707,1052.7843,954.9662,971.6714,1021.21533,1006.13464,967.71533,938722.0,47.84,0.0,1015.0,1005.0,994.0,33.97,303.7,0.0,0.0,0.0,0.0,0.0,0.0,0.0,0.0,301.7,302.5,185.4,-0.298,65.1,65.77,66.65,65.65,0.0,269.3,273.2,272.7,271.4,0.747,0.0,56.43,54.31,-0.173,54.29,0.999,6000.0,420514.0,99.0,406.0,59.95,7.0,48.72,52.0,58.85,33.59,67.09,1014.0,67.63,68.17,68.91,60.0,59.5,75.6,1.0,271.6,272.0,270.7,55.48,-2.079,55.52,1962.0,433417.0,13746.0,1967.0,-0.999,0.818,0.791,0.836,49.69,49.79,49.78,37.32,15.09,15.12,15.12,11.34,84.0,84.0,84.0,63.0,2.092,244.4,20.72,4.7,3.495,2.0,-1.0,13.23,0.012,0.341,3.0,2.0,0.0,0.0,65.43,68.84,67.22,67.01,66.98,67.3,61.55,69.3,62.13,63.1,67.51,75.83,65.34,69.14,75.27,72.63,61.08,69.56,71.49
2017-06-30 14:04:00-05:00,740.7041,794.62286,832.38586,710.9281,747.2315,763.2455,734.27765,730.20667,938723.0,47.84,0.0,790.0,738.4,730.2,33.75,303.1,0.0,0.0,0.0,0.0,0.0,0.0,0.0,0.0,301.2,302.0,142.0,-0.298,49.57,50.35,51.07,50.07,0.0,269.3,273.2,272.6,271.3,0.745,0.0,43.16,41.59,-0.268,41.56,0.999,6000.0,420515.0,100.0,406.0,59.97,7.0,48.43,52.0,58.53,33.19,66.78,770.4,51.8,52.47,53.15,60.0,59.5,75.6,1.0,271.5,272.0,270.5,42.65,-1.458,42.67,1962.0,433418.0,13746.0,1967.0,-0.999,0.818,0.791,0.836,38.07,38.05,38.06,28.55,11.54,11.54,11.54,8.66,85.0,85.0,85.0,63.0,1.59,210.9,38.7,3.1,3.495,2.0,-1.0,13.23,0.012,0.335,3.0,2.0,0.0,0.0,65.07,68.85,67.34,66.73,66.9,66.92,61.76,69.03,61.16,62.85,67.28,75.68,65.65,69.04,75.18,72.61,61.39,69.63,71.52
2017-06-30 14:05:00-05:00,699.2929,724.2153,759.6698,785.4769,797.708,858.71466,854.5873,828.039,938724.0,47.84,0.0,726.6,840.0,831.0,33.53,303.2,0.0,0.0,0.0,0.0,0.0,0.0,0.0,0.0,301.5,302.3,141.2,-0.3,49.37,50.17,50.93,49.93,0.0,269.0,273.0,272.4,271.0,0.753,0.0,42.97,41.41,-0.28,41.39,0.999,6000.0,420515.0,100.0,406.0,59.97,7.0,48.93,52.0,59.77,33.86,66.35,712.0,51.44,52.12,52.73,60.0,59.5,75.6,1.0,271.2,272.0,270.3,42.32,-1.437,42.35,1962.0,433419.0,13746.0,1967.0,-0.999,0.818,0.791,0.836,37.76,37.73,37.72,28.28,11.45,11.44,11.44,8.58,85.0,85.0,85.0,63.0,2.46,266.3,21.27,5.0,3.497,2.0,-1.0,13.23,0.012,0.334,3.0,2.0,0.0,0.0,64.38,68.22,66.67,66.14,66.35,66.53,61.58,68.74,61.17,62.5,67.0,75.44,65.23,68.44,74.88,72.37,60.9,69.36,71.28
2017-06-30 14:06:00-05:00,757.39215,788.89197,828.833,754.4921,764.7438,815.71967,812.93677,781.36237,938725.0,47.88,0.0,811.0,806.0,796.9,33.76,303.9,0.0,0.0,0.0,0.0,0.0,0.0,0.0,0.0,302.2,302.9,150.1,-0.3,52.65,53.45,54.12,53.12,0.0,269.1,273.0,272.4,271.1,0.752,0.0,45.77,44.1,-0.293,44.09,0.999,6000.0,420516.0,101.0,406.0,59.98,7.0,48.38,52.0,57.85,33.7,65.5,819.0,54.89,55.59,56.16,60.0,59.5,75.6,1.0,271.2,272.0,270.3,45.13,-1.525,45.16,1962.0,433420.0,13747.0,1967.0,-0.999,0.818,0.791,0.836,40.84,40.87,40.86,30.6,12.41,12.42,12.42,9.3,85.0,85.0,85.0,64.0,1.34,186.4,69.44,3.5,3.495,2.0,-1.0,13.23,0.012,0.333,3.0,2.0,0.0,0.0,63.56,67.47,65.98,65.19,65.19,65.85,60.94,67.93,59.4,61.58,66.17,74.63,64.41,67.74,74.11,71.64,60.23,68.52,70.63
2017-06-30 14:07:00-05:00,798.43256,845.7092,886.0347,741.78046,764.87256,788.4105,781.19714,752.83777,938726.0,47.9,0.0,849.0,777.0,768.8,33.94,303.4,0.0,0.0,0.0,0.0,0.0,0.0,0.0,0.0,301.9,302.6,153.8,-0.298,53.9,54.62,55.28,54.28,0.0,269.1,273.1,272.9,271.1,0.773,0.0,46.84,45.11,-0.285,45.09,0.999,6000.0,420517.0,102.0,406.0,59.97,7.0,48.98,52.0,59.87,32.88,64.99,839.0,56.03,56.67,57.3,60.0,59.5,75.6,1.0,271.2,272.0,270.7,46.06,-1.573,46.09,1962.0,433420.0,13747.0,1967.0,-0.999,0.818,0.791,0.836,41.5,41.49,41.54,31.11,12.59,12.59,12.6,9.44,85.0,85.0,85.0,64.0,2.178,208.6,61.2,5.5,3.495,2.0,-1.0,13.24,0.012,0.336,3.0,2.0,0.0,0.0,63.01,66.86,65.59,64.94,64.46,65.5,60.59,67.08,57.99,60.52,65.35,73.84,63.1,67.06,73.26,71.0,59.34,67.63,70.01
2017-06-30 14:08:00-05:00,840.2146,895.6495,938.2624,817.521,847.6694,870.45087,836.52203,818.60944,938727.0,47.91,0.0,892.0,852.0,842.0,33.83,302.9,0.0,0.0,0.0,0.0,0.0,0.0,0.0,0.0,300.8,301.6,165.6,-0.3,58.0,58.62,59.42,58.42,0.0,269.0,273.0,272.7,271.0,0.795,0.0,50.25,48.42,-0.182,48.4,0.999,6000.0,420518.0,103.0,406.0,59.96,7.0,48.7,52.0,58.77,32.57,64.52,866.0,60.36,60.97,61.69,60.0,59.5,75.6,1.0,271.0,272.0,270.6,49.57,-1.807,49.6,1962.0,433421.0,13747.0,1967.0,-0.999,0.818,0.791,0.836,44.14,44.16,44.11,33.07,13.37,13.38,13.36,10.02,85.0,85.0,85.0,64.0,2.323,187.9,41.05,5.5,3.495,2.0,-1.0,13.23,0.012,0.337,3.0,2.0,0.0,0.0,62.48,66.15,65.1,64.3,63.91,64.97,60.32,65.94,56.96,59.42,64.24,73.05,62.81,66.25,72.51,70.05,58.78,66.67,68.94
2017-06-30 14:09:00-05:00,734.3997,767.44226,805.62067,715.03296,731.52203,763.6969,752.092,729.73517,938728.0,47.95,0.0,782.3,749.8,742.4,33.84,305.5,0.0,0.0,0.0,0.0,0.0,0.0,0.0,0.0,303.5,304.3,143.7,-0.3,50.72,51.18,51.98,50.98,0.0,269.0,273.0,272.5,271.1,0.795,0.0,43.93,42.34,-0.203,42.32,0.999,6000.0,420518.0,103.0,406.0,59.96,7.0,49.0,52.0,58.87,33.22,63.9,780.1,52.46,53.1,53.68,60.0,59.5,75.6,1.0,271.1,271.9,270.5,43.12,-1.534,43.14,1962.0,433422.0,13747.0,1967.0,-0.999,0.818,0.791,0.836,39.04,39.12,39.05,29.28,11.92,11.94,11.92,8.94,86.0,86.0,86.0,64.0,2.202,220.2,60.86,4.8,3.497,2.0,-1.0,13.23,0.012,0.334,3.0,2.0,0.0,0.0,61.88,65.35,64.45,63.86,63.25,64.29,60.01,65.09,56.28,58.45,63.44,72.45,62.42,65.53,71.89,69.14,57.87,65.71,68.08
2017-06-30 14:10:00-05:00,795.8367,853.56866,897.2856,735.02734,756.2452,786.605,768.6518,743.8796,938729.0,47.96,0.0,862.0,770.2,762.4,33.4,304.8,0.0,0.0,0.0,0.0,0.0,0.0,0.0,0.0,302.9,303.6,154.2,-0.3,54.3,54.93,55.57,54.57,0.0,269.0,273.0,272.7,271.0,0.788,0.0,47.08,45.34,-0.177,45.31,0.999,6000.0,420519.0,104.0,406.0,59.96,7.0,49.0,52.0,59.92,32.78,62.83,835.0,56.41,56.95,57.57,60.0,59.5,75.6,1.0,271.1,272.0,270.6,46.25,-1.677,46.28,1962.0,433423.0,13747.0,1967.0,-0.999,0.818,0.791,0.836,41.52,41.53,41.57,31.11,12.65,12.65,12.67,9.48,86.0,86.0,86.0,64.0,3.638,228.3,20.35,7.2,3.497,2.0,-1.0,13.23,0.012,0.332,3.0,2.0,0.0,0.0,61.15,64.91,63.67,63.33,62.59,63.56,59.23,63.97,55.33,56.84,62.25,71.51,61.75,64.67,70.98,67.95,56.58,64.33,66.89
2017-06-30 14:11:00-05:00,950.4796,1002.407,1051.6,926.76215,944.63043,988.4895,970.00415,932.35425,938730.0,47.96,0.0,1011.0,974.0,964.0,33.44,304.4,0.0,0.0,0.0,0.0,0.0,0.0,0.0,0.0,302.4,303.1,187.0,-0.3,65.93,66.38,67.27,66.27,0.0,269.0,273.1,273.0,271.1,0.8,0.0,57.05,54.93,-0.208,54.91,0.999,6000.0,420520.0,105.0,406.0,59.96,7.0,49.0,52.0,58.58,33.16,63.76,1004.0,68.34,68.88,69.56,60.0,59.5,75.6,1.0,271.1,272.0,270.9,56.04,-2.087,56.08,1962.0,433424.0,13747.0,1967.0,-0.999,0.818,0.791,0.836,50.44,50.5,50.49,37.85,15.35,15.37,15.37,11.52,86.0,86.0,86.0,64.0,1.362,230.8,62.45,3.9,3.497,2.0,-1.0,13.23,0.012,0.341,3.0,2.0,0.0,0.0,61.67,65.1,63.64,63.27,62.68,63.49,59.37,64.28,56.41,57.81,62.64,71.65,62.18,64.82,71.01,68.43,57.91,64.89,67.16
2017-06-30 14:12:00-05:00,780.2611,829.66284,867.6781,806.26587,838.2694,879.47864,875.0361,855.62067,938731.0,47.96,0.0,819.0,848.0,839.0,33.79,303.3,0.0,0.0,0.0,0.0,0.0,0.0,0.0,0.0,301.4,302.1,155.0,-0.298,54.27,55.02,55.65,54.65,0.0,268.9,272.9,272.6,270.9,0.802,0.0,47.14,45.4,-0.192,45.4,0.999,6000.0,420521.0,106.0,406.0,59.96,7.0,49.0,52.0,59.5,33.03,64.28,798.4,56.63,57.25,57.85,60.0,59.5,75.6,1.0,271.1,271.9,270.6,46.5,-1.689,46.53,1962.0,433424.0,13747.0,1967.0,-0.999,0.818,0.791,0.836,41.24,41.25,41.19,30.96,12.51,12.51,12.49,9.39,86.0,86.0,86.0,65.0,1.847,201.3,36.15,4.1,3.495,2.0,-1.0,13.23,0.012,0.34,3.0,2.0,0.0,0.0,62.44,65.8,64.3,63.94,63.35,64.2,59.92,64.89,56.86,58.53,63.21,72.49,63.18,65.35,71.89,69.23,58.74,65.85,67.9
2017-06-30 14:13:00-05:00,659.2415,685.40924,721.65375,679.8109,687.48395,735.5978,731.6431,698.85315,938732.0,47.96,0.0,698.2,730.5,723.3,33.73,309.2,0.0,0.0,0.0,0.0,0.0,0.0,0.0,0.0,307.1,307.9,131.3,-0.3,46.9,47.53,48.12,47.12,0.0,269.0,272.9,272.1,271.0,0.792,0.0,40.68,39.18,-0.232,39.16,0.999,6000.0,420521.0,106.0,406.0,59.96,7.0,49.0,52.0,58.62,32.38,62.39,683.4,48.74,49.37,49.82,60.0,59.5,75.6,1.0,271.0,271.9,270.0,39.79,-1.366,39.82,1962.0,433425.0,13747.0,1967.0,-0.999,0.818,0.791,0.836,35.44,35.44,35.42,26.54,10.96,10.96,10.96,8.21,87.0,87.0,87.0,65.0,2.775,205.3,30.23,5.1,3.495,2.0,-1.0,13.23,0.012,0.329,3.0,2.0,0.0,0.0,60.84,64.47,62.67,62.42,62.26,62.77,58.96,63.42,55.09,56.98,61.73,71.35,61.36,64.19,70.91,67.98,57.86,64.44,66.62
2017-06-30 14:14:00-05:00,719.31866,736.6594,776.0132,774.88385,790.2395,837.725,836.02014,803.63983,938733.0,47.97,0.0,747.9,824.0,816.0,33.68,307.0,0.0,0.0,0.0,0.0,0.0,0.0,0.0,0.0,305.2,306.1,148.3,-0.298,52.6,53.27,53.85,52.85,0.0,268.9,272.9,272.3,270.9,0.783,0.0,45.65,43.96,-0.257,43.93,0.999,6000.0,420522.0,107.0,406.0,59.97,7.0,49.0,52.0,59.17,32.61,61.58,762.3,54.21,54.89,55.38,60.0,59.5,75.6,1.0,271.0,271.9,270.3,44.57,-1.552,44.59,1962.0,433426.0,13747.0,1967.0,-0.999,0.818,0.791,0.836,39.96,39.94,39.95,29.93,12.27,12.27,12.27,9.19,87.0,87.0,87.0,65.0,2.127,257.6,63.69,4.4,3.495,2.0,-1.0,13.23,0.012,0.335,3.0,2.0,0.0,0.0,59.75,63.33,61.59,61.39,60.97,61.72,58.08,62.74,54.75,56.35,61.04,70.72,61.19,63.04,70.25,67.11,56.59,63.55,65.65
2017-06-30 14:15:00-05:00,713.2615,733.22095,773.4077,783.3583,796.2915,853.8622,848.8164,815.66266,938734.0,48.0,0.0,744.4,838.0,830.0,33.54,309.5,0.0,0.0,0.0,0.0,0.0,0.0,0.0,0.0,307.6,308.5,146.3,-0.3,52.32,53.03,53.6,52.6,0.0,268.7,272.5,272.0,270.7,0.777,0.0,45.35,43.67,-0.273,43.65,0.999,6000.0,420523.0,108.0,406.0,59.97,7.0,49.0,52.0,59.83,32.58,61.14,748.3,54.4,55.0,55.46,60.0,59.5,75.6,1.0,270.9,271.5,270.0,44.57,-1.542,44.6,1962.0,433427.0,13747.0,1967.0,-0.999,0.818,0.791,0.836,39.25,39.22,39.24,29.41,12.13,12.12,12.12,9.09,87.0,87.0,87.0,65.0,1.892,224.5,55.94,4.6,3.497,2.0,-1.0,13.23,0.012,0.333,3.0,2.0,0.0,0.0,59.08,62.83,61.12,60.83,60.42,61.11,58.04,62.94,55.43,57.0,61.28,70.51,61.34,63.17,70.06,66.69,56.48,63.53,65.45
2017-06-30 14:16:00-05:00,696.2025,718.9757,757.538,776.20795,797.9655,841.6747,816.44946,800.10376,938735.0,48.02,0.0,721.8,822.0,814.0,33.51,307.4,0.0,0.0,0.0,0.0,0.0,0.0,0.0,0.0,305.7,306.5,145.2,-0.3,51.68,52.22,52.9,51.9,0.0,269.0,272.8,272.2,271.0,0.793,0.0,44.75,43.09,-0.268,43.07,0.999,6000.0,420524.0,109.0,406.0,59.97,7.0,49.0,52.0,58.35,32.29,61.04,717.2,53.79,54.42,54.92,60.0,59.5,75.6,1.0,271.0,271.9,270.1,44.15,-1.53,44.17,1962.0,433427.0,13747.0,1967.0,-0.999,0.818,0.791,0.836,38.53,38.54,38.54,28.88,11.84,11.84,11.84,8.88,87.0,87.0,87.0,65.0,2.25,175.7,24.27,3.3,3.495,2.0,-1.0,13.23,0.012,0.334,3.0,2.0,0.0,0.0,58.75,62.74,61.33,60.87,60.52,61.19,58.48,63.09,55.18,57.19,61.48,70.65,61.31,63.59,70.06,67.01,57.42,63.75,65.64
2017-06-30 14:17:00-05:00,581.4873,616.80286,651.5431,588.84283,603.2706,649.38214,655.9948,632.13855,938736.0,48.02,0.0,627.2,637.1,631.1,33.43,311.6,0.0,0.0,0.0,0.0,0.0,0.0,0.0,0.0,309.9,310.7,114.5,-0.3,41.17,41.93,42.45,41.45,0.0,268.8,272.5,272.0,270.9,0.768,0.0,35.83,34.51,-0.275,34.5,0.999,6000.0,420524.0,109.0,406.0,59.97,7.0,49.0,52.0,59.58,32.49,60.17,613.5,42.85,43.49,43.93,60.0,59.5,75.6,1.0,271.0,271.6,270.0,35.13,-1.149,35.15,1962.0,433428.0,13747.0,1967.0,-0.999,0.818,0.791,0.836,31.07,31.06,31.06,23.29,9.68,9.68,9.68,7.255,87.0,87.0,87.0,65.0,2.068,238.6,70.92,4.0,3.497,2.0,-1.0,13.23,0.012,0.329,3.0,2.0,0.0,0.0,57.73,62.39,60.44,60.32,59.95,60.51,58.57,63.1,55.73,57.33,61.51,70.5,61.34,63.57,69.96,67.01,57.42,63.75,65.83
2017-06-30 14:18:00-05:00,631.9225,658.06494,695.12537,641.411,656.9663,692.71564,676.3183,656.1841,938737.0,48.02,0.0,674.3,681.9,675.1,33.17,314.3,0.0,0.0,0.0,0.0,0.0,0.0,0.0,0.0,312.3,313.1,126.8,-0.3,46.02,46.63,47.23,46.23,0.0,268.9,272.5,272.0,270.9,0.76,0.0,39.91,38.43,-0.247,38.42,0.999,6000.0,420525.0,110.0,406.0,59.97,7.0,49.0,52.0,58.35,32.53,59.65,667.6,47.9,48.55,49.0,60.0,59.5,75.6,1.0,271.0,271.7,270.0,39.43,-1.334,39.46,1962.0,433428.0,13747.0,1967.0,-0.999,0.818,0.791,0.836,34.32,34.29,34.3,25.73,10.78,10.77,10.77,8.08,87.0,87.0,87.0,65.0,2.478,207.0,39.6,5.7,3.497,2.0,-1.0,13.2,0.002,0.327,3.0,2.0,0.0,0.0,57.28,61.53,59.78,59.55,58.9,59.78,57.44,62.03,53.57,56.19,60.52,69.69,59.95,62.76,69.1,66.18,56.26,62.91,65.11
2017-06-30 14:19:00-05:00,850.8455,900.07043,946.19727,852.743,871.74866,920.78094,915.18115,877.07306,938738.0,48.02,0.0,905.0,901.0,892.0,32.96,307.6,0.0,0.0,0.0,0.0,0.0,0.0,0.0,0.0,305.8,306.6,171.0,-0.3,61.02,61.62,62.22,61.22,0.0,269.0,272.9,272.0,271.0,0.763,0.0,52.75,50.75,-0.282,50.72,0.999,6000.0,420526.0,111.0,406.0,59.97,7.0,49.0,52.0,59.48,32.48,59.45,902.0,63.12,63.72,64.21,60.0,59.5,75.6,1.0,271.0,271.8,270.0,51.62,-1.825,51.65,1962.0,433429.0,13747.0,1967.0,-0.999,0.818,0.791,0.836,46.03,46.05,46.05,34.52,14.16,14.16,14.16,10.62,88.0,88.0,88.0,66.0,2.345,230.0,56.8,3.6,3.497,2.0,-1.0,13.2,0.005,0.339,3.0,2.0,0.0,0.0,57.39,60.98,59.57,59.41,58.8,59.64,57.85,62.2,54.49,56.45,60.63,69.85,60.69,63.24,69.31,66.46,56.84,63.18,65.33
2017-06-30 14:20:00-05:00,821.7959,860.60944,904.0361,824.53894,841.10223,885.12103,876.0398,840.6511,938739.0,48.02,0.0,870.0,870.0,861.0,33.02,309.2,0.0,0.0,0.0,0.0,0.0,0.0,0.0,0.0,307.1,308.0,164.0,-0.3,58.6,59.3,59.92,58.92,0.0,268.8,272.6,271.9,270.8,0.768,0.0,50.77,48.84,-0.3,48.82,0.999,6000.0,420527.0,112.0,406.0,59.98,7.0,49.0,52.0,59.73,32.47,59.3,868.0,60.88,61.44,61.97,60.0,59.5,75.6,1.0,270.9,271.7,269.9,49.8,-1.699,49.83,1962.0,433430.0,13747.0,1967.0,-0.999,0.818,0.791,0.836,44.25,44.27,44.29,33.2,13.67,13.68,13.68,10.26,88.0,88.0,88.0,66.0,2.952,220.8,40.52,5.5,3.495,2.0,-1.0,13.2,0.01,0.337,3.0,2.0,0.0,0.0,57.65,61.08,59.72,59.75,59.37,59.78,57.96,62.4,53.88,56.57,60.93,70.16,60.29,63.48,69.69,66.8,57.07,63.24,65.52
2017-06-30 14:21:00-05:00,780.87915,830.48157,870.8757,775.1487,803.2449,836.5965,825.60754,802.22546,938740.0,48.02,0.0,828.0,813.0,805.0,33.15,307.7,0.0,0.0,0.0,0.0,0.0,0.0,0.0,0.0,305.6,306.5,155.1,-0.3,55.3,55.95,56.58,55.58,0.0,268.6,272.3,271.9,270.6,0.785,0.0,47.8,46.02,-0.288,46.0,0.999,6000.0,420527.0,112.0,406.0,59.97,7.0,49.0,52.0,58.3,32.97,59.28,810.0,57.42,57.94,58.52,60.0,59.5,75.6,1.0,270.7,271.3,269.8,47.01,-1.63,47.04,1962.0,433431.0,13747.0,1967.0,-0.999,0.818,0.791,0.836,41.58,41.59,41.58,31.17,12.78,12.78,12.78,9.58,88.0,88.0,88.0,66.0,2.717,243.5,42.15,4.1,3.497,2.0,-1.0,13.2,0.011,0.338,3.0,2.0,0.0,0.0,57.91,61.23,59.83,59.81,59.6,59.9,58.3,62.11,53.97,56.48,60.65,70.48,61.1,63.6,69.94,66.77,56.73,63.21,65.6
2017-06-30 14:22:00-05:00,666.65845,706.69525,742.8528,671.2041,691.34686,726.00574,713.2015,691.8988,938741.0,48.02,0.0,710.9,711.1,704.3,33.05,312.8,0.0,0.0,0.0,0.0,0.0,0.0,0.0,0.0,310.9,311.8,132.6,-0.3,47.97,48.58,49.3,48.3,0.0,268.0,272.0,271.5,270.0,0.792,0.0,41.54,39.98,-0.29,39.97,0.999,6000.0,420528.0,113.0,406.0,59.98,7.0,49.0,52.0,59.82,32.5,58.66,695.3,50.06,50.65,51.19,60.0,59.5,75.6,1.0,270.1,271.0,269.3,40.98,-1.358,41.01,1962.0,433432.0,13747.0,1967.0,-0.999,0.818,0.791,0.836,35.56,35.56,35.57,26.67,11.11,11.11,11.11,8.33,88.0,88.0,88.0,66.0,3.04,196.5,25.85,6.0,3.497,2.0,-1.0,13.2,0.011,0.332,3.0,2.0,0.0,0.0,57.35,60.94,59.32,59.17,59.26,59.51,57.63,61.68,53.85,56.1,60.29,69.9,60.77,63.03,69.35,66.1,56.41,62.62,64.97
2017-06-30 14:23:00-05:00,768.02313,812.79785,855.006,723.9046,743.23975,775.20734,765.76636,732.5641,938742.0,48.02,0.0,824.0,763.9,757.1,32.82,312.3,0.0,0.0,0.0,0.0,0.0,0.0,0.0,0.0,310.2,311.1,150.0,-0.3,54.27,54.9,55.57,54.57,0.0,268.2,272.1,271.9,270.3,0.795,0.0,46.93,45.16,-0.3,45.15,0.999,6000.0,420529.0,114.0,406.0,59.98,7.0,49.0,52.0,58.27,32.32,58.32,811.0,56.12,56.73,57.24,60.0,59.5,75.6,1.0,270.4,271.1,269.7,45.98,-1.546,46.0,1962.0,433432.0,13747.0,1967.0,-0.999,0.818,0.791,0.836,40.68,40.65,40.65,30.51,12.7,12.69,12.69,9.52,89.0,89.0,89.0,66.0,1.507,195.5,38.56,4.0,3.494,2.0,-1.0,13.2,0.011,0.333,3.0,2.0,0.0,0.0,56.71,60.75,58.74,58.59,58.75,58.96,57.31,60.62,52.98,55.26,59.21,69.28,60.43,62.72,68.67,65.38,55.69,61.72,64.13
2017-06-30 14:24:00-05:00,792.0045,836.8674,878.57367,796.4672,817.7955,859.7303,846.1819,817.0771,938743.0,48.02,0.0,839.0,839.0,831.0,32.76,311.8,0.0,0.0,0.0,0.0,0.0,0.0,0.0,0.0,309.5,310.5,157.7,-0.3,57.05,57.65,58.25,57.25,0.0,268.0,272.0,271.7,270.1,0.793,0.0,49.27,47.4,-0.3,47.39,0.999,6000.0,420530.0,115.0,406.0,59.98,7.0,49.0,52.0,59.17,32.56,58.83,828.0,59.3,59.88,60.4,60.0,59.5,75.6,1.0,270.2,271.0,269.6,48.49,-1.656,48.51,1962.0,433433.0,13747.0,1967.0,-0.999,0.818,0.791,0.836,42.4,42.37,42.33,31.76,13.22,13.21,13.2,9.9,89.0,89.0,89.0,66.0,2.257,194.8,35.05,4.8,3.495,2.0,-1.0,13.2,0.011,0.337,3.0,2.0,0.0,0.0,57.27,61.04,59.22,59.03,59.19,59.49,57.55,60.81,52.5,55.51,59.28,69.52,60.63,63.0,69.01,65.67,56.29,61.86,64.45
2017-06-30 14:25:00-05:00,819.5708,863.393,905.5757,822.68506,843.67755,887.6037,873.6561,842.65497,938744.0,48.0,0.0,866.0,866.0,858.0,32.71,309.1,0.0,0.0,0.0,0.0,0.0,0.0,0.0,0.0,307.0,307.9,164.0,-0.3,58.88,59.43,60.03,59.03,0.0,268.2,272.1,272.0,270.2,0.792,0.0,50.82,48.92,-0.265,48.89,0.999,6000.0,420530.0,115.0,406.0,59.97,7.0,49.0,52.0,59.6,32.27,59.19,857.0,61.09,61.68,62.17,60.0,59.5,75.6,1.0,270.4,271.1,269.9,49.96,-1.754,50.0,1962.0,433434.0,13747.0,1967.0,-0.999,0.818,0.791,0.836,44.12,44.1,44.11,33.07,13.64,13.63,13.63,10.22,89.0,89.0,89.0,67.0,3.41,172.6,19.02,5.5,3.495,2.0,-1.0,13.2,0.011,0.338,3.0,2.0,0.0,0.0,57.35,61.36,59.53,59.21,59.64,59.69,57.98,61.06,53.47,55.87,59.51,69.86,61.58,63.47,69.31,66.17,56.76,62.12,64.82
2017-06-30 14:26:00-05:00,819.94165,864.5392,906.28625,820.16925,841.6173,883.4283,869.8925,838.8831,938745.0,47.96,0.0,866.0,863.0,854.0,33.02,310.8,0.0,0.0,0.0,0.0,0.0,0.0,0.0,0.0,308.7,309.6,162.7,-0.3,58.68,59.08,59.9,58.9,0.0,268.9,272.9,272.0,270.9,0.803,0.0,50.7,48.8,-0.3,48.77,0.999,6000.0,420531.0,116.0,406.0,59.98,7.0,49.0,52.0,58.28,32.65,58.87,856.0,60.83,61.41,61.92,60.0,59.5,75.6,1.0,270.9,271.9,270.0,49.84,-1.736,49.87,1962.0,433435.0,13747.0,1967.0,-0.999,0.818,0.791,0.836,43.75,43.73,43.72,32.78,13.6,13.59,13.59,10.19,89.0,89.0,89.0,67.0,2.08,248.1,40.8,4.8,3.495,2.0,-1.0,13.2,0.012,0.338,3.0,2.0,0.0,0.0,57.36,61.58,59.6,59.51,59.79,59.71,58.2,61.62,54.36,56.61,59.99,70.39,61.94,63.43,69.85,66.82,57.27,62.8,65.47
2017-06-30 14:27:00-05:00,820.1889,864.2117,905.102,820.16925,841.6173,883.20264,869.3907,838.6474,938746.0,47.96,0.0,865.0,863.0,854.0,33.59,312.1,0.0,0.0,0.0,0.0,0.0,0.0,0.0,0.0,310.0,310.9,161.3,-0.3,58.0,59.0,59.68,58.68,0.0,269.0,273.0,272.0,271.0,0.808,0.0,50.46,48.57,-0.232,48.55,0.999,6000.0,420532.0,117.0,406.0,59.96,7.0,49.0,52.0,59.88,33.55,59.97,854.0,60.53,61.07,61.61,60.0,59.5,75.6,1.0,271.0,272.0,270.0,49.6,-1.779,49.63,1962.0,433436.0,13747.0,1967.0,-0.999,0.818,0.791,0.836,43.39,43.39,43.36,32.53,13.54,13.54,13.53,10.15,89.0,89.0,89.0,67.0,2.08,262.3,33.01,3.4,3.495,2.0,-1.0,13.2,0.012,0.338,3.0,2.0,0.0,0.0,58.13,62.13,60.3,60.23,60.44,60.28,58.4,62.08,55.08,56.68,60.5,70.36,61.89,63.45,69.92,66.91,56.93,62.72,65.62
2017-06-30 14:28:00-05:00,821.3014,865.1941,904.86505,821.2286,843.1625,883.8797,869.26526,838.6474,938747.0,47.96,0.0,865.0,863.0,855.0,33.4,312.2,0.0,0.0,0.0,0.0,0.0,0.0,0.0,0.0,310.2,311.0,160.5,-0.3,58.0,58.78,59.12,58.12,0.0,269.0,273.0,272.0,271.0,0.802,0.0,50.25,48.37,-0.297,48.34,0.999,6000.0,420533.0,118.0,406.0,59.97,7.0,49.0,52.0,58.58,33.37,60.38,854.0,60.3,60.88,61.42,60.0,59.5,75.6,1.0,271.0,272.0,270.0,49.42,-1.722,49.45,1962.0,433437.0,13747.0,1967.0,-0.999,0.818,0.791,0.836,43.16,43.13,43.15,32.35,13.47,13.46,13.47,10.1,90.0,90.0,90.0,67.0,1.757,244.4,44.94,3.0,3.495,2.0,-1.0,13.2,0.012,0.338,3.0,2.0,0.0,0.0,58.79,62.79,60.93,60.86,61.08,60.9,58.5,62.38,55.01,57.11,60.9,70.61,62.25,63.68,70.1,67.19,56.87,63.15,65.87
2017-06-30 14:29:00-05:00,820.5597,864.7029,903.3255,820.0368,842.38995,882.29987,866.0035,835.46484,938748.0,47.96,0.0,863.0,861.0,853.0,33.47,313.1,0.0,0.0,0.0,0.0,0.0,0.0,0.0,0.0,311.1,312.1,159.2,-0.3,58.0,58.0,59.0,58.0,0.0,269.0,273.0,272.1,271.0,0.797,0.0,50.01,48.13,-0.272,48.1,0.999,6000.0,420534.0,119.0,406.0,59.97,7.0,49.0,52.0,58.87,33.12,60.87,852.0,59.97,60.54,61.06,60.0,59.5,75.6,1.0,271.0,272.0,270.0,49.16,-1.727,49.19,1962.0,433437.0,13747.0,1967.0,-0.999,0.818,0.791,0.836,42.85,42.82,42.8,32.11,13.41,13.41,13.4,10.05,90.0,90.0,90.0,67.0,2.867,230.7,33.4,6.3,3.494,2.0,-1.0,13.2,0.012,0.338,3.0,2.0,0.0,0.0,59.15,63.13,61.44,61.33,61.41,61.36,58.71,62.68,55.34,57.23,61.1,70.66,61.74,63.6,70.18,67.17,56.86,63.39,65.99
2017-06-30 14:30:00-05:00,816.7276,860.77313,899.062,816.06445,838.9132,877.56024,861.1108,831.57513,938749.0,47.96,0.0,859.0,856.0,848.0,33.42,312.8,0.0,0.0,0.0,0.0,0.0,0.0,0.0,0.0,310.9,311.9,158.2,-0.3,57.22,58.0,58.48,57.48,0.0,269.0,273.0,272.3,271.0,0.793,0.0,49.62,47.75,-0.24,47.73,0.999,6000.0,420534.0,119.0,406.0,59.97,7.0,49.0,52.0,59.75,33.1,61.39,848.0,59.48,60.06,60.56,60.0,59.5,75.6,1.0,271.0,272.0,270.4,48.77,-1.733,48.8,1962.0,433438.0,13747.0,1967.0,-0.999,0.818,0.791,0.836,42.51,42.49,42.52,31.9,13.3,13.29,13.3,9.98,90.0,90.0,90.0,67.0,1.462,278.3,51.68,2.5,3.497,2.0,-1.0,13.2,0.012,0.338,3.0,2.0,0.0,0.0,59.53,63.71,61.96,61.99,61.88,61.99,59.14,63.09,55.44,57.48,61.56,70.93,62.65,64.33,70.45,67.47,57.6,63.99,66.34
2017-06-30 14:31:00-05:00,809.9288,854.0599,891.95624,808.64923,831.316,870.9022,854.83813,825.68164,938750.0,47.95,0.0,853.0,849.0,841.0,33.52,312.6,0.0,0.0,0.0,0.0,0.0,0.0,0.0,0.0,310.6,311.6,156.5,-0.3,56.85,57.32,58.0,57.0,0.0,268.9,272.9,272.0,270.9,0.802,0.0,49.07,47.23,-0.28,47.21,0.999,6000.0,420535.0,120.0,406.0,59.97,7.0,49.0,52.0,58.08,33.63,61.98,841.0,58.88,59.46,59.97,60.0,59.5,75.6,1.0,271.0,271.9,270.0,48.25,-1.67,48.28,1962.0,433439.0,13747.0,1967.0,-0.999,0.818,0.791,0.836,42.05,42.08,42.1,31.53,13.15,13.16,13.16,9.86,90.0,90.0,90.0,68.0,2.165,240.4,23.92,4.6,3.494,2.0,-1.0,13.2,0.012,0.337,3.0,2.0,0.0,0.0,59.99,64.24,62.35,62.49,62.27,62.51,59.84,63.63,55.68,57.88,62.11,71.49,63.47,65.0,71.01,68.0,58.41,64.76,66.79
2017-06-30 14:32:00-05:00,805.6023,849.1477,886.9822,804.1472,826.6804,866.61395,851.2,821.43823,938751.0,47.95,0.0,848.0,845.0,837.0,33.58,312.4,0.0,0.0,0.0,0.0,0.0,0.0,0.0,0.0,310.3,311.2,155.5,-0.3,56.0,57.0,57.63,56.63,0.0,269.0,273.0,272.7,271.0,0.793,0.0,48.73,46.92,-0.272,46.9,0.999,6000.0,420536.0,121.0,406.0,59.97,7.0,49.0,52.0,59.88,33.92,62.32,838.0,58.41,58.99,59.49,60.0,59.5,75.6,1.0,271.0,272.0,270.7,47.93,-1.683,47.96,1962.0,433440.0,13747.0,1967.0,-0.999,0.818,0.791,0.836,41.87,41.85,41.85,31.4,13.08,13.07,13.07,9.81,91.0,91.0,91.0,68.0,1.673,228.3,65.09,4.1,3.497,2.0,-1.0,13.2,0.012,0.337,3.0,2.0,0.0,0.0,60.44,64.49,63.02,62.87,62.64,62.95,60.18,64.05,56.28,58.25,62.51,71.88,63.57,65.26,71.33,68.54,58.53,64.96,67.24
2017-06-30 14:33:00-05:00,805.355,848.4928,886.0347,804.9417,827.0667,867.1782,851.70184,822.1455,938752.0,47.95,0.0,847.0,846.0,838.0,34.01,314.0,0.0,0.0,0.0,0.0,0.0,0.0,0.0,0.0,311.9,312.9,153.9,-0.3,56.0,56.7,57.08,56.08,0.0,269.0,272.9,272.2,271.0,0.793,0.0,48.48,46.67,-0.228,46.65,0.999,6000.0,420537.0,122.0,406.0,59.96,7.0,49.0,52.0,58.53,33.81,62.53,836.0,58.14,58.73,59.25,60.0,59.5,75.6,1.0,271.0,272.0,270.1,47.68,-1.704,47.71,1962.0,433441.0,13747.0,1967.0,-0.999,0.818,0.791,0.836,41.38,41.38,41.34,31.02,12.99,13.0,12.98,9.74,91.0,91.0,91.0,68.0,1.603,247.2,54.2,4.1,3.495,2.0,-1.0,13.2,0.012,0.337,3.0,2.0,0.0,0.0,60.66,64.15,63.1,62.98,62.86,63.18,60.26,64.17,56.5,58.44,62.58,71.77,63.86,64.99,71.2,68.53,58.1,64.94,67.32
2017-06-30 14:34:00-05:00,801.52295,844.7268,881.65283,801.10175,822.68866,862.77716,846.6837,817.43066,938753.0,47.91,0.0,843.0,841.0,834.0,33.81,313.9,0.0,0.0,0.0,0.0,0.0,0.0,0.0,0.0,311.9,312.8,153.2,-0.3,56.0,56.07,57.0,56.0,0.0,269.0,273.0,272.7,271.0,0.798,0.0,48.33,46.53,-0.092,46.49,0.999,6000.0,420537.0,122.0,406.0,59.94,7.0,49.0,52.0,58.97,33.24,62.14,832.0,57.88,58.45,58.97,60.0,59.5,75.6,1.0,271.0,272.0,270.6,47.49,-1.792,47.52,1962.0,433441.0,13747.0,1967.0,-0.999,0.818,0.791,0.836,41.25,41.27,41.28,30.94,12.95,12.95,12.96,9.71,91.0,91.0,91.0,68.0,2.575,213.7,60.42,4.1,3.495,2.0,-1.0,13.2,0.012,0.337,3.0,2.0,0.0,0.0,60.58,64.04,62.78,62.77,62.67,63.01,60.24,64.0,54.83,58.18,62.27,71.84,63.73,64.91,71.27,68.48,58.53,65.16,67.34
2017-06-30 14:35:00-05:00,798.8034,842.27075,878.8105,799.51276,820.6284,860.5202,844.3001,815.19116,938754.0,47.9,0.0,840.0,839.0,831.0,33.62,314.1,0.0,0.0,0.0,0.0,0.0,0.0,0.0,0.0,312.0,313.0,153.0,-0.3,56.0,56.0,57.0,56.0,0.0,269.0,273.0,272.4,271.0,0.785,0.0,48.21,46.41,-0.152,46.38,0.999,6000.0,420538.0,123.0,406.0,59.95,7.0,49.0,52.0,59.73,32.94,61.67,829.0,57.78,58.38,58.89,60.0,59.5,75.6,1.0,271.1,272.0,270.3,47.41,-1.75,47.44,1962.0,433442.0,13747.0,1967.0,-0.999,0.818,0.791,0.836,41.13,41.14,41.22,30.86,12.92,12.92,12.95,9.69,91.0,91.0,91.0,68.0,2.45,265.9,63.36,4.4,3.497,2.0,-1.0,13.2,0.012,0.337,3.0,2.0,0.0,0.0,60.19,63.81,62.24,62.44,62.24,62.64,59.4,63.82,54.9,57.95,61.99,71.58,63.0,64.84,70.97,68.21,57.77,64.68,67.11
2017-06-30 14:36:00-05:00,794.72406,838.01355,874.0733,795.5403,816.25037,855.8935,839.03107,810.35846,938755.0,47.9,0.0,835.0,834.0,827.0,33.42,315.1,0.0,0.0,0.0,0.0,0.0,0.0,0.0,0.0,313.0,313.9,152.0,-0.3,55.12,56.0,56.45,55.45,0.0,269.5,273.8,272.9,271.8,0.785,0.0,47.96,46.17,-0.172,46.15,0.999,6000.0,420539.0,124.0,406.0,59.96,7.0,49.0,52.0,58.27,32.73,61.66,824.0,57.39,58.01,58.52,60.0,59.5,75.6,1.0,271.9,272.3,270.9,47.17,-1.71,47.2,1962.0,433443.0,13747.0,1967.0,-0.999,0.818,0.791,0.836,40.78,40.76,40.83,30.6,12.85,12.84,12.87,9.64,91.0,91.0,91.0,68.0,3.03,199.5,36.21,5.5,3.497,2.0,-1.0,13.2,0.012,0.337,3.0,2.0,0.0,0.0,59.98,63.84,62.23,62.05,62.08,62.39,59.31,63.52,55.08,57.22,61.78,71.47,63.7,65.02,70.87,67.86,57.95,64.26,66.71
2017-06-30 14:37:00-05:00,788.41974,831.464,866.84906,788.9197,809.6832,848.8969,832.3821,804.2292,938756.0,47.9,0.0,828.0,828.0,820.0,33.13,316.0,0.0,0.0,0.0,0.0,0.0,0.0,0.0,0.0,314.0,315.0,150.3,-0.3,55.0,55.42,56.0,55.0,0.0,269.5,273.8,273.0,271.8,0.762,0.0,47.62,45.84,-0.23,45.83,0.999,6000.0,420540.0,125.0,406.0,59.96,7.0,49.0,52.0,59.83,32.49,60.97,817.0,56.99,57.6,58.09,60.0,59.5,75.6,1.0,271.9,272.3,271.0,46.85,-1.653,46.88,1962.0,433444.0,13747.0,1967.0,-0.999,0.818,0.791,0.836,40.42,40.45,40.43,30.31,12.77,12.78,12.77,9.58,92.0,92.0,92.0,69.0,2.602,239.3,47.71,4.3,3.495,2.0,-1.0,13.2,0.012,0.336,3.0,2.0,0.0,0.0,59.16,63.69,61.6,61.62,61.54,61.95,59.08,62.99,53.48,57.02,61.35,70.94,62.24,64.24,70.42,67.64,57.5,63.85,66.46
2017-06-30 14:38:00-05:00,784.58765,827.2068,862.3487,784.4176,804.9189,844.49585,826.98755,798.68933,938757.0,47.9,0.0,824.0,824.0,816.0,33.46,314.5,0.0,0.0,0.0,0.0,0.0,0.0,0.0,0.0,312.5,313.3,150.8,-0.3,55.0,55.4,56.0,55.0,0.0,269.4,273.6,273.0,271.7,0.762,0.0,47.58,45.82,-0.277,45.78,0.999,6000.0,420541.0,126.0,406.0,59.97,7.0,49.0,52.0,58.67,33.28,61.65,813.0,56.94,57.57,58.07,60.0,59.5,75.6,1.0,272.0,272.1,271.0,46.81,-1.633,46.84,1962.0,433444.0,13747.0,1967.0,-0.999,0.818,0.791,0.836,40.58,40.56,40.57,30.47,12.77,12.76,12.76,9.58,92.0,92.0,92.0,69.0,1.72,106.4,96.9,4.4,3.497,2.0,-1.0,13.2,0.012,0.336,3.0,2.0,0.0,0.0,59.51,63.36,61.6,61.35,61.2,61.79,58.37,62.63,54.39,57.04,61.03,70.63,61.67,63.84,70.11,67.19,57.02,63.54,66.07
2017-06-30 14:39:00-05:00,785.57654,828.35297,862.94086,786.00653,806.0778,846.5271,827.4894,798.92505,938758.0,47.9,0.0,825.0,825.0,818.0,33.96,314.1,0.0,0.0,0.0,0.0,0.0,0.0,0.0,0.0,312.0,313.0,151.0,-0.3,54.9,55.13,56.0,55.0,0.0,269.8,273.9,273.0,271.9,0.763,0.0,47.55,45.78,-0.237,45.75,0.999,6000.0,420541.0,126.0,406.0,59.97,7.0,49.0,52.0,58.75,33.71,62.18,814.0,56.85,57.48,57.97,60.0,59.5,75.6,1.0,272.0,272.5,271.0,46.77,-1.643,46.8,1962.0,433445.0,13747.0,1967.0,-0.999,0.818,0.791,0.836,40.58,40.58,40.61,30.45,12.74,12.74,12.75,9.56,92.0,92.0,92.0,69.0,2.312,186.0,44.23,4.9,3.497,2.0,-1.0,13.2,0.012,0.336,3.0,2.0,0.0,0.0,59.98,63.56,62.12,61.71,61.51,62.07,58.55,62.94,55.57,57.35,61.33,70.5,62.01,64.27,70.08,67.01,56.89,63.59,65.94
2017-06-30 14:40:00-05:00,778.9013,821.47595,855.3613,778.8562,798.9956,838.6278,817.9549,790.43835,938759.0,47.9,0.0,818.0,817.0,810.0,33.84,315.8,0.0,0.0,0.0,0.0,0.0,0.0,0.0,0.0,313.8,314.5,148.7,-0.3,54.07,55.0,55.62,54.62,0.0,269.2,273.5,273.0,271.6,0.78,0.0,47.09,45.34,-0.047,45.32,0.999,6000.0,420542.0,127.0,406.0,59.94,7.0,49.0,52.0,59.8,33.24,61.99,807.0,56.36,56.98,57.48,60.0,59.5,75.6,1.0,271.8,272.0,271.0,46.32,-1.777,46.36,1962.0,433446.0,13747.0,1967.0,-0.999,0.818,0.791,0.836,40.01,40.01,39.99,29.98,12.63,12.63,12.63,9.47,92.0,92.0,92.0,69.0,2.45,208.6,42.92,5.0,3.495,2.0,-1.0,13.2,0.012,0.336,3.0,2.0,0.0,0.0,59.65,63.42,61.85,61.46,61.18,62.0,58.61,63.18,54.93,57.38,61.51,70.62,62.29,64.22,70.16,67.25,57.18,63.79,66.13
2017-06-30 14:41:00-05:00,778.036,820.9847,855.1245,777.66455,797.83673,836.5965,816.32404,788.5525,938760.0,47.9,0.0,817.0,816.0,809.0,33.59,317.3,0.0,0.0,0.0,0.0,0.0,0.0,0.0,0.0,315.4,316.1,147.9,-0.3,54.0,55.0,55.05,54.05,0.0,269.5,273.7,273.0,271.8,0.78,0.0,47.03,45.27,-0.07,45.24,0.999,6000.0,420543.0,128.0,406.0,59.94,7.0,49.0,52.0,58.2,33.06,61.27,806.0,56.23,56.87,57.39,60.0,59.5,75.6,1.0,271.9,272.1,271.0,46.24,-1.759,46.28,1962.0,433447.0,13747.0,1967.0,-0.999,0.818,0.791,0.836,39.76,39.79,39.76,29.8,12.61,12.62,12.61,9.46,92.0,92.0,92.0,69.0,2.992,230.4,24.95,5.8,3.493,2.0,-1.0,13.2,0.012,0.336,3.0,2.0,0.0,0.0,59.34,63.03,61.56,61.14,60.75,61.66,58.38,62.64,54.47,56.85,60.95,70.51,62.26,63.99,70.03,67.11,57.06,63.68,65.98
2017-06-30 14:42:00-05:00,696.8206,736.49567,766.77563,700.8647,724.3111,756.58746,738.66846,718.066,938761.0,47.9,0.0,730.8,735.5,729.1,33.47,315.0,0.0,0.0,0.0,0.0,0.0,0.0,0.0,0.0,313.2,314.0,134.2,-0.3,48.77,49.53,50.18,49.18,0.0,269.3,273.5,272.9,271.5,0.782,0.0,42.46,40.9,-0.172,40.88,0.999,6000.0,420543.0,128.0,406.0,59.96,7.0,49.0,52.0,59.77,32.7,60.51,714.7,50.73,51.35,51.83,60.0,59.5,75.6,1.0,271.8,272.2,270.9,41.75,-1.479,41.78,1962.0,433448.0,13748.0,1967.0,-0.999,0.818,0.791,0.836,36.04,36.03,36.02,27.01,11.36,11.36,11.35,8.51,93.0,93.0,93.0,69.0,2.723,217.8,50.28,5.9,3.497,2.0,-1.0,13.2,0.012,0.333,3.0,2.0,0.0,0.0,58.79,62.96,61.04,60.88,60.67,61.39,58.49,62.45,54.64,56.64,60.84,70.44,61.2,63.29,69.84,67.36,57.67,63.77,66.14
2017-06-30 14:43:00-05:00,671.35583,706.3678,737.2865,654.6524,671.13055,702.30774,683.0927,657.48065,938762.0,47.9,0.0,710.6,692.0,686.3,33.54,312.8,0.0,0.0,0.0,0.0,0.0,0.0,0.0,0.0,311.0,311.8,131.7,-0.3,47.58,48.25,48.83,47.83,0.0,269.0,273.3,272.5,271.3,0.797,0.0,41.32,39.81,-0.102,39.79,0.999,6000.0,420544.0,129.0,406.0,59.94,7.0,49.0,52.0,58.27,33.1,59.85,700.7,49.4,50.05,50.55,60.0,59.5,75.6,1.0,271.3,272.0,270.4,40.65,-1.5,40.67,1962.0,433448.0,13748.0,1967.0,-0.999,0.818,0.791,0.836,35.61,35.62,35.61,26.69,11.14,11.14,11.14,8.35,93.0,93.0,93.0,70.0,2.568,209.0,53.94,3.7,3.495,2.0,-1.0,13.2,0.012,0.33,3.0,2.0,0.0,0.0,57.9,62.59,60.45,60.01,60.07,60.74,57.82,61.54,53.47,55.83,60.03,69.57,60.69,62.8,69.0,66.33,56.4,62.63,65.05
2017-06-30 14:44:00-05:00,772.5969,815.4176,850.38727,764.02594,786.5053,824.409,803.026,775.58673,938763.0,47.9,0.0,813.0,805.0,797.7,33.76,307.7,0.0,0.0,0.0,0.0,0.0,0.0,0.0,0.0,305.8,306.6,153.2,-0.3,54.58,55.3,55.73,54.73,0.0,269.2,273.6,272.8,271.5,0.793,0.0,47.33,45.59,-0.122,45.56,0.999,6000.0,420545.0,130.0,406.0,59.95,7.0,49.0,52.0,59.3,33.05,60.13,803.0,56.7,57.31,57.8,60.0,59.5,75.6,1.0,271.6,272.2,270.8,46.58,-1.736,46.61,1962.0,433449.0,13748.0,1967.0,-0.999,0.818,0.791,0.836,41.3,41.28,41.27,30.95,12.71,12.7,12.7,9.52,93.0,93.0,93.0,70.0,2.408,227.0,58.63,5.8,3.495,2.0,-1.0,13.2,0.013,0.335,3.0,2.0,0.0,0.0,57.76,62.49,60.39,60.01,60.0,60.65,57.8,61.43,53.8,55.7,59.85,69.64,60.94,62.74,69.04,65.85,56.34,62.36,64.61
2017-06-30 14:45:00-05:00,776.5526,819.5111,853.7033,774.61896,796.5491,837.16077,816.9513,788.67035,938764.0,47.9,0.0,816.0,817.0,810.0,33.7,310.9,0.0,0.0,0.0,0.0,0.0,0.0,0.0,0.0,308.9,309.7,153.4,-0.3,55.0,55.98,56.28,55.28,0.0,269.3,273.8,272.9,271.8,0.802,0.0,47.84,46.07,-0.137,46.03,0.999,6000.0,420546.0,131.0,406.0,59.95,7.0,49.0,52.0,59.47,32.58,59.72,806.0,57.23,57.84,58.36,60.0,59.5,75.6,1.0,271.8,272.3,270.9,47.04,-1.749,47.07,1962.0,433450.0,13748.0,1967.0,-0.999,0.818,0.791,0.836,41.26,41.26,41.25,30.92,12.83,12.83,12.83,9.61,93.0,93.0,93.0,70.0,2.877,195.7,49.51,6.7,3.497,2.0,-1.0,13.2,0.013,0.336,3.0,2.0,0.0,0.0,57.63,62.55,60.44,60.01,60.2,60.7,57.97,61.3,52.87,55.75,59.76,69.59,61.09,62.48,69.1,65.91,55.7,62.09,64.67
2017-06-30 14:46:00-05:00,763.20215,803.13727,835.70197,763.4963,784.445,825.98883,805.2842,777.119,938765.0,47.88,0.0,797.9,805.0,797.7,33.3,312.4,0.0,0.0,0.0,0.0,0.0,0.0,0.0,0.0,310.4,311.3,149.9,-0.3,54.18,54.68,55.52,54.52,0.0,269.1,273.5,272.8,271.5,0.805,0.0,46.98,45.23,-0.09,45.21,0.999,6000.0,420546.0,131.0,406.0,59.94,7.0,49.0,52.0,58.47,32.33,59.01,791.0,56.23,56.84,57.36,60.0,59.5,75.6,1.0,271.4,272.1,270.8,46.2,-1.742,46.23,1962.0,433451.0,13748.0,1967.0,-0.999,0.818,0.791,0.836,40.29,40.32,40.3,30.22,12.59,12.59,12.59,9.44,94.0,94.0,93.0,70.0,2.815,175.9,30.06,6.0,3.497,2.0,-1.0,13.2,0.013,0.335,3.0,2.0,0.0,0.0,56.9,62.35,60.14,59.74,59.85,60.3,58.14,60.81,52.45,54.77,59.22,69.41,60.65,62.5,68.88,65.54,55.44,61.77,64.38
2017-06-30 14:47:00-05:00,756.7742,798.55255,830.72784,753.3004,774.78754,813.9141,790.857,763.7997,938766.0,47.85,0.0,792.5,793.9,786.6,33.65,317.7,0.0,0.0,0.0,0.0,0.0,0.0,0.0,0.0,315.6,316.5,145.2,-0.3,53.32,53.97,54.42,53.42,0.0,269.3,274.0,273.0,272.0,0.802,0.0,46.26,44.55,-0.198,44.52,0.999,6000.0,420547.0,132.0,406.0,59.96,7.0,49.0,52.0,59.92,33.43,59.21,783.0,55.32,55.9,56.46,60.0,59.5,75.6,1.0,272.0,272.5,271.0,45.49,-1.622,45.52,1962.0,433451.0,13748.0,1967.0,-0.999,0.818,0.791,0.836,39.13,39.11,39.06,29.3,12.43,12.42,12.41,9.31,94.0,94.0,94.0,70.0,2.213,239.7,40.16,4.4,3.497,2.0,-1.0,13.2,0.013,0.335,3.0,2.0,0.0,0.0,57.05,62.4,60.11,59.92,59.9,60.26,58.35,61.04,53.59,55.39,59.44,69.3,60.5,62.39,68.89,65.75,55.62,61.97,64.52
2017-06-30 14:48:00-05:00,765.18,807.3945,839.018,761.7749,783.92993,822.94196,798.38416,771.697,938767.0,47.84,0.0,801.0,802.0,795.4,33.65,309.0,0.0,0.0,0.0,0.0,0.0,0.0,0.0,0.0,307.2,308.0,151.6,-0.3,54.0,54.97,55.43,54.43,0.0,269.1,273.4,272.5,271.4,0.808,0.0,47.0,45.24,-0.068,45.22,0.999,6000.0,420548.0,133.0,406.0,59.94,7.0,49.0,52.0,58.27,32.77,59.18,790.8,56.27,56.89,57.39,60.0,59.5,75.6,1.0,271.3,272.1,270.5,46.22,-1.754,46.25,1962.0,433452.0,13748.0,1967.0,-0.999,0.818,0.791,0.836,40.81,40.82,40.8,30.6,12.61,12.61,12.6,9.45,94.0,94.0,94.0,70.0,3.433,199.4,40.93,5.8,3.497,2.0,-1.0,13.2,0.013,0.335,3.0,2.0,0.0,0.0,56.98,62.22,60.17,59.66,60.06,60.13,58.35,61.38,54.58,55.69,59.85,69.07,60.71,62.82,68.75,65.64,56.27,62.02,64.4
2017-06-30 14:49:00-05:00,763.32574,805.26587,837.00464,758.7294,780.32446,817.5252,792.1116,766.27496,938768.0,47.84,0.0,799.3,797.0,790.0,33.46,306.4,0.0,0.0,0.0,0.0,0.0,0.0,0.0,0.0,304.5,305.3,151.9,-0.3,53.9,54.33,54.93,53.93,0.0,269.0,273.5,272.8,271.5,0.81,0.0,46.66,44.93,-0.108,44.91,0.999,6000.0,420549.0,134.0,406.0,59.95,7.0,49.0,52.02,59.13,33.11,58.91,788.9,55.88,56.47,56.93,60.0,59.5,75.6,1.0,271.3,272.1,270.8,45.88,-1.715,45.92,1962.0,433453.0,13748.0,1967.0,-0.999,0.818,0.791,0.836,40.86,40.85,40.85,30.63,12.52,12.51,12.51,9.38,94.0,94.0,94.0,70.0,2.048,254.9,42.93,5.5,3.497,2.0,-1.0,13.2,0.013,0.335,3.0,2.0,0.0,0.0,57.01,61.85,60.0,59.75,59.87,60.09,58.46,62.3,54.91,56.48,60.91,69.18,60.94,62.75,68.8,66.38,56.83,62.66,65.14
2017-06-30 14:50:00-05:00,733.1636,776.2841,806.2128,725.3612,749.8068,781.414,756.73376,734.8036,938769.0,47.84,0.0,767.3,760.4,753.5,33.41,309.5,0.0,0.0,0.0,0.0,0.0,0.0,0.0,0.0,307.6,308.4,144.5,-0.3,51.72,52.2,52.9,51.9,0.0,269.0,273.6,273.0,271.6,0.82,0.0,44.87,43.2,-0.185,43.19,0.999,6000.0,420549.0,134.0,406.0,59.96,7.0,49.13,52.22,59.55,33.59,59.09,754.9,53.75,54.34,54.81,60.0,59.5,75.6,1.0,271.6,272.1,271.0,44.17,-1.572,44.2,1962.0,433454.0,13748.0,1967.0,-0.999,0.818,0.791,0.836,38.78,38.8,38.8,29.08,12.0,12.01,12.01,9.0,94.0,94.0,94.0,71.0,3.213,272.0,30.64,5.9,3.497,2.0,-1.0,13.2,0.013,0.334,3.0,2.0,0.0,0.0,57.23,61.67,59.96,59.76,60.09,60.04,57.64,62.04,53.52,56.04,60.59,68.69,60.42,61.21,68.27,66.33,56.07,62.3,65.03
2017-06-30 14:51:00-05:00,729.2079,765.4774,795.67255,726.1557,740.922,780.9626,760.8737,730.20667,938770.0,47.84,0.0,763.4,766.1,759.5,33.13,313.7,0.0,0.0,0.0,0.0,0.0,0.0,0.0,0.0,312.0,312.8,143.4,-0.3,52.07,52.58,53.3,52.3,0.0,269.0,273.1,272.8,271.1,0.815,0.0,45.13,43.43,-0.25,43.42,0.999,6000.0,420550.0,135.0,406.0,59.97,7.0,49.05,52.25,58.17,33.63,58.85,757.1,54.03,54.61,55.09,60.0,59.5,75.6,1.0,271.1,272.0,270.7,44.36,-1.539,44.38,1962.0,433454.0,13748.0,1967.0,-0.999,0.818,0.791,0.836,38.69,38.66,38.66,28.99,12.13,12.13,12.12,9.09,95.0,95.0,95.0,71.0,3.147,278.4,26.88,4.8,3.497,2.0,-1.0,13.2,0.013,0.332,3.0,2.0,0.0,0.0,57.19,61.04,59.69,59.29,59.78,59.74,56.5,61.23,53.56,54.94,59.75,67.71,58.5,60.44,67.28,64.94,54.85,61.09,63.8
2017-06-30 14:52:00-05:00,738.3554,769.7346,798.98865,744.0315,763.0698,803.645,780.5699,754.4879,938771.0,47.84,0.0,762.2,782.7,775.7,33.3,314.0,0.0,0.0,0.0,0.0,0.0,0.0,0.0,0.0,312.0,312.7,145.1,-0.3,52.67,53.33,53.77,52.77,0.0,269.1,273.3,273.0,271.3,0.798,0.0,45.67,43.96,-0.2,43.94,0.999,6000.0,420551.0,136.0,406.0,59.96,7.0,49.0,52.33,59.9,33.28,58.7,761.5,54.62,55.22,55.69,60.0,59.5,75.6,1.0,271.3,272.0,271.0,44.91,-1.611,44.93,1962.0,433455.0,13748.0,1967.0,-0.999,0.818,0.791,0.836,38.99,39.03,38.99,29.24,12.24,12.26,12.24,9.18,95.0,95.0,95.0,71.0,2.305,279.4,48.59,4.1,3.497,2.0,-1.0,13.2,0.013,0.334,3.0,2.0,0.0,0.0,56.96,60.68,59.41,58.91,59.44,59.5,56.11,60.61,52.44,54.72,59.06,67.12,57.63,59.93,66.71,64.31,54.21,60.5,63.04
2017-06-30 14:53:00-05:00,712.8906,763.83997,792.1197,726.1557,755.7301,791.57025,769.9063,745.4119,938772.0,47.84,0.0,744.2,764.0,757.1,33.33,312.5,0.0,0.0,0.0,0.0,0.0,0.0,0.0,0.0,310.6,311.5,140.8,-0.3,50.77,51.6,51.95,50.95,0.0,269.0,273.1,272.6,271.1,0.797,0.0,44.1,42.43,-0.235,42.42,0.999,6000.0,420552.0,137.0,406.0,59.96,7.0,49.0,52.77,58.33,33.31,59.1,718.9,53.05,53.68,54.14,60.0,59.5,75.6,1.0,271.2,272.0,270.7,43.58,-1.532,43.6,1962.0,433456.0,13748.0,1967.0,-0.999,0.818,0.791,0.836,37.36,37.37,37.36,28.03,11.68,11.68,11.68,8.76,95.0,95.0,95.0,71.0,2.217,266.5,56.39,4.0,3.497,2.0,-1.0,13.2,0.013,0.334,3.0,2.0,0.0,0.0,56.91,60.56,59.49,58.89,59.57,59.53,55.35,60.43,52.73,54.96,58.91,66.79,58.07,60.23,66.49,63.95,54.46,60.52,62.78
2017-06-30 14:54:00-05:00,657.8817,682.9532,710.0476,673.58746,667.78265,719.79913,695.7635,670.32855,938773.0,47.82,0.0,688.7,707.2,700.8,33.56,316.4,0.0,0.0,0.0,0.0,0.0,0.0,0.0,0.0,314.6,315.5,128.7,-0.303,46.92,47.57,48.18,47.18,0.0,269.0,273.1,272.5,271.1,0.797,0.0,40.82,39.27,-0.253,39.25,0.999,6000.0,420552.0,137.0,406.0,59.97,7.0,49.0,53.0,59.1,33.52,59.14,692.7,48.65,49.25,49.71,60.0,59.5,75.6,1.0,271.2,272.0,270.6,39.99,-1.357,40.01,1962.0,433456.0,13748.0,1967.0,-0.999,0.818,0.791,0.836,35.07,35.07,35.07,26.28,11.09,11.09,11.09,8.31,95.0,95.0,95.0,71.0,1.862,230.2,33.97,3.8,3.497,2.0,-1.0,13.2,0.013,0.33,3.0,2.0,0.0,0.0,56.76,60.48,59.33,58.72,59.46,59.26,55.18,59.91,52.24,53.98,58.42,66.66,58.08,60.38,66.46,63.78,54.83,60.24,62.51
2017-06-30 14:55:00-05:00,716.47546,753.19696,781.46094,709.7364,721.7358,769.22644,747.952,722.19147,938774.0,47.78,0.0,746.2,750.2,743.5,33.65,314.4,0.0,0.0,0.0,0.0,0.0,0.0,0.0,0.0,312.4,313.2,139.0,-0.3,50.57,51.13,51.7,50.7,0.0,269.0,273.1,273.0,271.1,0.803,0.0,43.84,42.19,-0.278,42.17,0.999,6000.0,420553.0,138.0,406.0,59.97,7.0,49.75,53.0,59.45,33.64,59.08,737.3,52.38,52.97,53.44,60.0,59.5,75.6,1.0,271.1,272.0,271.0,43.05,-1.478,43.07,1962.0,433457.0,13748.0,1967.0,-0.999,0.818,0.791,0.836,37.41,37.42,37.42,28.05,11.76,11.76,11.76,8.82,95.0,95.0,95.0,71.0,3.18,257.2,30.24,6.9,3.497,2.0,-1.0,13.2,0.013,0.333,3.0,2.0,0.0,0.0,56.93,60.8,59.36,58.97,59.6,59.54,55.64,60.18,52.73,54.74,58.63,66.95,58.5,60.46,66.73,64.26,55.31,60.46,63.04
2017-06-30 14:56:00-05:00,713.2615,753.8519,781.6978,714.9005,734.87,771.82196,746.94836,722.42725,938775.0,47.78,0.0,745.7,752.8,746.0,33.73,314.4,0.0,0.0,0.0,0.0,0.0,0.0,0.0,0.0,312.4,313.3,140.1,-0.3,51.1,51.52,52.18,51.18,0.0,269.0,273.0,272.4,271.0,0.82,0.0,44.19,42.52,-0.233,42.5,0.999,6000.0,420554.0,139.0,406.0,59.96,7.0,49.25,53.0,58.15,33.09,58.88,733.7,52.88,53.46,53.94,60.0,59.5,75.6,1.0,271.0,272.0,270.4,43.4,-1.521,43.43,1962.0,433458.0,13748.0,1967.0,-0.999,0.818,0.791,0.836,37.65,37.65,37.66,28.23,11.84,11.84,11.84,8.88,96.0,96.0,96.0,71.0,1.795,256.0,78.58,4.1,3.495,2.0,-1.0,13.2,0.013,0.333,3.0,2.0,0.0,0.0,56.59,60.66,59.33,58.8,59.43,59.36,55.38,59.7,51.82,54.19,58.2,66.54,57.76,59.93,66.4,63.97,54.38,60.07,62.74
2017-06-30 14:57:00-05:00,718.82416,760.4015,788.0931,715.95984,736.80145,773.7403,748.45386,724.5488,938776.0,47.78,0.0,752.2,754.2,747.7,33.89,313.6,0.0,0.0,0.0,0.0,0.0,0.0,0.0,0.0,311.7,312.6,141.1,-0.3,51.27,51.78,52.47,51.47,0.0,269.0,273.0,272.5,271.0,0.822,0.0,44.42,42.75,-0.197,42.73,0.999,6000.0,420554.0,139.0,406.0,59.96,7.0,49.17,53.0,60.02,33.27,59.33,739.9,53.22,53.79,54.28,60.0,59.5,75.6,1.0,271.0,272.0,270.5,43.68,-1.563,43.71,1962.0,433459.0,13748.0,1967.0,-0.999,0.818,0.791,0.836,37.95,37.99,37.98,28.46,11.9,11.91,11.91,8.92,96.0,96.0,96.0,72.0,1.037,157.0,63.58,2.3,3.497,2.0,-1.0,13.2,0.013,0.333,3.0,2.0,0.0,0.0,56.86,60.82,59.53,58.97,59.85,59.45,55.53,59.52,51.96,54.58,58.04,66.55,58.35,60.55,66.34,63.78,54.51,60.27,62.66
2017-06-30 14:58:00-05:00,704.11395,744.3551,771.8681,702.1888,721.8645,758.39307,733.27405,710.75806,938777.0,47.78,0.0,736.2,738.4,731.8,33.99,313.5,0.0,0.0,0.0,0.0,0.0,0.0,0.0,0.0,311.6,312.5,138.2,-0.3,50.0,50.78,51.2,50.2,0.0,269.0,273.1,272.6,271.1,0.822,0.0,43.46,41.86,-0.15,41.83,0.999,6000.0,420555.0,140.0,406.0,59.95,7.0,49.0,53.0,57.95,33.08,59.29,725.5,52.09,52.68,53.16,60.0,59.5,75.6,1.0,271.0,272.0,270.7,42.79,-1.554,42.82,1962.0,433459.0,13748.0,1967.0,-0.999,0.818,0.791,0.836,37.17,37.17,37.18,27.87,11.65,11.65,11.66,8.74,96.0,96.0,96.0,72.0,1.488,193.3,47.55,3.2,3.497,2.0,-1.0,13.2,0.013,0.332,3.0,2.0,0.0,0.0,57.16,61.21,59.88,59.33,60.16,59.69,55.62,59.46,51.44,54.33,58.04,66.65,58.71,60.93,66.32,63.89,54.92,60.52,62.83
2017-06-30 14:59:00-05:00,702.2597,743.0452,770.0916,697.5543,717.1002,753.5406,727.3777,704.27515,938778.0,47.73,0.0,735.0,733.5,727.0,34.1,316.1,0.0,0.0,0.0,0.0,0.0,0.0,0.0,0.0,314.2,315.1,136.4,-0.3,49.75,50.45,51.05,50.05,0.0,269.0,273.0,272.1,271.0,0.813,0.0,43.22,41.6,-0.257,41.58,0.999,6000.0,420556.0,141.0,406.0,59.97,7.0,49.0,53.0,59.67,33.32,59.02,722.7,51.79,52.36,52.88,60.0,59.5,75.6,1.0,271.0,272.0,270.1,42.51,-1.453,42.53,1962.0,433460.0,13748.0,1967.0,-0.999,0.818,0.791,0.836,36.69,36.67,36.67,27.52,11.6,11.59,11.59,8.7,96.0,96.0,96.0,72.0,2.297,213.5,24.54,4.6,3.495,2.0,-1.0,13.2,0.013,0.332,3.0,2.0,0.0,0.0,57.01,61.27,60.09,59.62,60.14,59.82,56.06,60.02,52.88,54.53,58.55,67.09,59.74,61.33,66.79,64.28,55.77,60.65,63.19
2017-06-30 15:00:00-05:00,707.45154,747.3024,773.8814,705.49915,723.1522,761.43994,736.034,711.70105,938779.0,47.72,0.0,739.4,742.9,736.7,33.9,316.0,0.0,0.0,0.0,0.0,0.0,0.0,0.0,0.0,314.1,314.9,137.7,-0.3,50.17,50.87,51.67,50.67,0.0,269.0,273.5,272.6,271.5,0.823,0.0,43.67,42.02,-0.282,42.0,0.999,6000.0,420556.0,141.0,406.0,59.97,7.0,49.0,53.0,58.75,33.17,58.37,729.4,52.25,52.85,53.38,60.0,59.5,75.6,1.0,271.3,272.1,270.7,42.95,-1.448,42.97,1962.0,433461.0,13748.0,1967.0,-0.999,0.818,0.791,0.836,37.09,37.06,37.09,27.82,11.72,11.71,11.72,8.79,96.0,96.0,96.0,72.0,2.618,206.9,49.04,5.7,3.497,2.0,-1.0,13.2,0.013,0.332,3.0,2.0,0.0,0.0,56.67,60.82,59.61,59.35,59.66,59.63,56.31,60.24,51.81,54.69,58.81,67.36,59.64,61.48,67.0,64.66,56.1,60.83,63.57
2017-06-30 15:01:00-05:00,703.74304,744.68256,771.27594,700.4674,718.3878,756.0232,730.01227,706.5147,938780.0,47.72,0.0,736.2,737.5,731.0,33.75,317.6,0.0,0.0,0.0,0.0,0.0,0.0,0.0,0.0,315.8,316.6,136.7,-0.3,50.0,50.9,51.3,50.3,0.0,269.0,273.1,272.3,271.1,0.815,0.0,43.54,41.89,-0.285,41.87,0.999,6000.0,420557.0,142.0,406.0,59.97,7.0,49.0,53.0,58.75,32.74,57.75,725.0,52.11,52.68,53.23,60.0,59.5,75.6,1.0,271.1,272.0,270.3,42.81,-1.44,42.83,1962.0,433461.0,13748.0,1967.0,-0.999,0.818,0.791,0.836,36.76,36.76,36.76,27.55,11.67,11.67,11.67,8.75,96.0,96.0,96.0,72.0,2.875,206.2,31.62,5.4,3.495,2.0,-1.0,13.2,0.013,0.332,3.0,2.0,0.0,0.0,55.98,60.62,58.95,58.88,59.36,59.18,56.16,59.79,51.58,54.33,58.28,67.16,58.8,60.93,66.84,64.49,55.73,60.75,63.37
2017-06-30 15:02:00-05:00,709.55304,750.5772,777.6712,705.36676,723.1522,761.21423,735.53217,712.0546,938781.0,47.72,0.0,742.6,742.9,736.6,33.54,317.5,0.0,0.0,0.0,0.0,0.0,0.0,0.0,0.0,315.6,316.5,137.9,-0.3,50.58,51.28,51.8,50.8,0.0,269.0,273.3,272.9,271.3,0.82,0.0,43.96,42.29,-0.18,42.28,0.999,6000.0,420558.0,143.0,406.0,59.96,7.0,49.92,53.0,59.82,32.81,57.69,731.2,52.56,53.14,53.66,60.0,59.5,75.6,1.0,271.3,272.0,270.9,43.2,-1.547,43.23,1962.0,433462.0,13748.0,1967.0,-0.999,0.818,0.791,0.836,37.14,37.11,37.12,27.85,11.79,11.78,11.78,8.84,97.0,97.0,97.0,72.0,2.323,221.2,47.42,6.3,3.495,2.0,-1.0,13.2,0.013,0.332,3.0,2.0,0.0,0.0,55.76,60.44,58.53,58.45,58.78,58.75,56.02,59.28,51.2,53.91,57.85,66.87,59.06,60.39,66.56,64.03,55.14,60.28,62.73
2017-06-30 15:03:00-05:00,729.4551,772.0269,799.58075,726.02325,743.8836,783.21954,757.73737,733.74274,938782.0,47.68,0.0,763.4,764.3,757.9,33.5,316.7,0.0,0.0,0.0,0.0,0.0,0.0,0.0,0.0,314.9,315.7,142.0,-0.303,52.0,52.63,53.32,52.32,0.0,269.0,273.1,272.5,271.1,0.81,0.0,45.16,43.44,-0.22,43.43,0.999,6000.0,420559.0,144.0,406.0,59.96,7.0,49.18,53.0,57.95,32.75,57.58,750.1,54.03,54.64,55.16,60.0,59.5,75.6,1.0,271.1,272.0,270.6,44.39,-1.562,44.42,1962.0,433463.0,13748.0,1967.0,-0.999,0.818,0.791,0.836,38.3,38.25,38.22,28.69,12.13,12.11,12.1,9.09,97.0,97.0,97.0,73.0,2.578,238.1,42.81,4.1,3.494,2.0,-1.0,13.2,0.013,0.333,3.0,2.0,0.0,0.0,55.66,60.07,58.41,58.13,58.5,58.66,55.87,58.87,50.56,53.71,57.32,66.66,58.66,59.8,66.31,63.64,54.68,60.15,62.27
2017-06-30 15:04:00-05:00,725.74664,768.58844,795.79095,722.1832,741.3083,780.28546,754.4756,731.8569,938783.0,47.67,0.0,759.4,760.8,754.3,33.69,322.0,0.0,0.0,0.0,0.0,0.0,0.0,0.0,0.0,320.1,321.1,138.3,-0.308,51.15,52.0,53.0,52.0,0.0,269.0,273.6,272.9,271.6,0.813,0.0,44.72,43.01,-0.252,43.0,0.999,6000.0,420559.0,144.0,406.0,59.97,7.0,49.82,53.0,59.87,33.0,57.51,746.4,53.44,54.03,54.56,60.0,59.5,75.6,1.0,271.5,272.2,270.9,43.93,-1.508,43.96,1962.0,433464.0,13748.0,1967.0,-0.999,0.818,0.791,0.836,37.23,37.19,37.19,27.91,11.99,11.97,11.98,8.99,97.0,97.0,97.0,73.0,3.647,272.8,25.21,6.3,3.495,2.0,-1.0,13.2,0.013,0.333,3.0,2.0,0.0,0.0,55.81,59.95,58.43,58.12,58.46,58.64,55.59,58.32,50.56,53.09,56.85,66.36,57.94,59.39,66.0,63.0,53.45,59.34,61.62
2017-06-30 15:05:00-05:00,718.70056,760.72894,787.9746,714.50323,734.74115,774.07886,747.952,725.84546,938784.0,47.67,0.0,751.7,754.1,747.8,33.6,321.9,0.0,0.0,0.0,0.0,0.0,0.0,0.0,0.0,320.0,321.0,137.6,-0.312,51.0,51.87,52.35,51.35,0.0,269.1,273.5,272.9,271.5,0.803,0.0,44.4,42.72,-0.295,42.7,0.999,6000.0,420560.0,145.0,406.0,59.97,7.0,49.67,53.0,58.52,33.25,57.26,739.3,53.1,53.73,54.25,60.0,59.5,75.6,1.0,271.4,272.1,270.9,43.67,-1.465,43.7,1962.0,433464.0,13748.0,1967.0,-0.999,0.818,0.791,0.836,37.0,36.98,37.0,27.73,11.91,11.91,11.91,8.93,97.0,97.0,97.0,73.0,3.12,248.7,33.01,5.8,3.497,2.0,-1.0,13.2,0.013,0.333,3.0,2.0,0.0,0.0,55.76,59.81,58.28,57.79,58.38,58.45,55.37,57.96,51.2,52.69,56.57,65.79,57.53,58.97,65.49,62.24,52.98,58.77,60.93
2017-06-30 15:06:00-05:00,717.7117,759.58276,787.38245,713.3115,733.45355,773.96606,745.1921,724.43097,938785.0,47.63,0.0,751.5,753.4,747.5,33.62,322.7,0.0,0.0,0.0,0.0,0.0,0.0,0.0,0.0,320.8,321.7,136.7,-0.322,51.0,51.63,52.0,51.0,0.0,269.2,273.7,272.9,271.7,0.797,0.0,44.27,42.58,-0.3,42.57,0.999,6000.0,420561.0,146.0,406.0,59.98,7.0,49.43,53.0,58.92,32.9,57.41,739.8,52.9,53.5,54.03,60.0,59.5,75.6,1.0,271.7,272.2,270.8,43.51,-1.433,43.53,1962.0,433465.0,13748.0,1967.0,-0.999,0.818,0.791,0.836,36.77,36.77,36.79,27.57,11.86,11.87,11.87,8.9,97.0,97.0,97.0,73.0,2.31,214.4,42.12,3.7,3.497,2.0,-1.0,13.2,0.013,0.333,3.0,2.0,0.0,0.0,55.83,59.94,58.12,57.76,58.37,58.45,55.63,58.32,51.63,53.3,56.91,65.87,57.72,59.26,65.47,62.18,53.76,59.08,60.92
2017-06-30 15:07:00-05:00,706.58624,747.95734,775.6579,697.42194,719.5467,755.79755,725.99774,706.279,938786.0,47.61,0.0,739.6,735.5,729.9,33.74,319.9,0.0,0.0,0.0,0.0,0.0,0.0,0.0,0.0,318.0,318.9,136.1,-0.312,50.25,50.82,51.55,50.55,0.0,269.1,273.3,272.7,271.4,0.785,0.0,43.7,42.04,-0.235,42.02,0.999,6000.0,420561.0,146.0,406.0,59.96,7.0,49.82,53.0,59.67,32.94,57.04,729.6,52.21,52.85,53.33,60.0,59.5,75.6,1.0,271.6,272.0,270.7,42.93,-1.489,42.96,1962.0,433466.0,13748.0,1967.0,-0.999,0.818,0.791,0.836,36.63,36.65,36.68,27.47,11.72,11.72,11.73,8.79,98.0,98.0,98.0,73.0,2.172,287.8,52.72,4.6,3.497,2.0,-1.0,13.2,0.013,0.332,3.0,2.0,0.0,0.0,55.83,59.94,57.84,57.68,58.28,58.32,55.39,58.21,50.64,53.03,56.83,65.86,57.22,59.01,65.44,62.23,53.09,59.05,61.0
2017-06-30 15:08:00-05:00,709.80023,751.2321,779.21075,706.82324,724.95496,766.4052,738.79395,715.7086,938787.0,47.61,0.0,743.3,745.6,740.1,33.63,319.2,0.0,0.0,0.0,0.0,0.0,0.0,0.0,0.0,317.4,318.3,137.9,-0.302,50.98,51.42,52.0,51.0,0.0,269.0,273.2,272.8,271.2,0.795,0.0,44.16,42.49,-0.277,42.48,0.999,6000.0,420562.0,147.0,406.0,59.97,7.0,49.15,53.0,58.08,32.66,56.49,732.6,52.8,53.41,53.92,60.0,59.5,75.6,1.0,271.4,272.0,271.0,43.41,-1.476,43.44,1962.0,433467.0,13748.0,1967.0,-0.999,0.818,0.791,0.836,37.07,37.08,37.08,27.8,11.83,11.84,11.84,8.87,98.0,98.0,98.0,73.0,2.638,189.1,37.32,6.4,3.495,2.0,-1.0,13.2,0.013,0.332,3.0,2.0,0.0,0.0,55.54,59.77,57.64,57.37,57.89,58.2,54.91,57.51,49.57,52.54,56.22,65.38,56.8,58.63,64.91,61.62,52.28,58.42,60.47
2017-06-30 15:09:00-05:00,709.9238,750.5772,779.4477,707.08813,724.1824,766.7438,738.79395,715.11926,938788.0,47.61,0.0,743.2,745.3,739.9,33.58,320.0,0.0,0.0,0.0,0.0,0.0,0.0,0.0,0.0,318.3,319.2,137.6,-0.305,50.85,51.52,52.05,51.05,0.0,269.2,273.3,272.9,271.4,0.777,0.0,44.22,42.53,-0.3,42.51,0.999,6000.0,420563.0,148.0,406.0,59.98,7.0,49.13,53.0,59.9,32.7,56.25,733.8,52.86,53.47,53.95,60.0,59.5,75.6,1.0,271.6,272.0,270.9,43.46,-1.442,43.48,1962.0,433467.0,13748.0,1967.0,-0.999,0.818,0.791,0.836,37.02,37.03,37.01,27.77,11.85,11.85,11.84,8.89,98.0,98.0,98.0,73.0,2.237,224.5,55.11,5.8,3.497,2.0,-1.0,13.2,0.013,0.332,3.0,2.0,0.0,0.0,55.02,59.36,57.21,57.07,57.39,57.82,54.57,57.31,50.24,52.19,55.94,64.93,56.83,58.21,64.55,60.85,51.84,57.62,59.65
2017-06-30 15:10:00-05:00,715.363,756.963,785.60596,712.5171,730.3631,772.8375,744.1884,721.1306,938789.0,47.6,0.0,749.9,751.5,745.7,33.06,318.5,0.0,0.0,0.0,0.0,0.0,0.0,0.0,0.0,316.6,317.4,139.9,-0.3,51.6,51.98,52.78,51.78,0.0,269.0,273.5,272.7,271.5,0.808,0.0,44.73,43.02,-0.3,43.01,0.999,6000.0,420564.0,149.0,406.0,59.97,7.0,49.0,53.0,58.8,32.13,55.39,740.0,53.52,54.14,54.64,60.0,59.5,75.6,1.0,271.6,272.1,270.7,43.99,-1.484,44.02,1962.0,433468.0,13748.0,1967.0,-0.999,0.818,0.791,0.836,37.61,37.62,37.65,28.21,11.98,11.98,11.99,8.99,98.0,98.0,98.0,74.0,4.17,187.0,21.11,7.2,3.497,2.0,-1.0,13.2,0.013,0.332,3.0,2.0,0.0,0.0,54.38,59.13,56.59,56.55,56.96,57.21,54.45,56.78,48.22,51.5,55.33,64.71,56.36,58.21,64.24,60.33,51.56,56.98,59.24
2017-06-30 15:11:00-05:00,572.0926,602.7213,622.88306,590.4318,622.58563,646.561,613.5917,615.401,938790.0,47.56,0.0,580.1,615.6,610.7,33.16,318.1,0.0,0.0,0.0,0.0,0.0,0.0,0.0,0.0,316.2,317.1,110.7,-0.302,40.6,41.18,41.83,40.83,0.0,269.0,273.2,272.7,271.3,0.788,0.0,35.4,34.05,-0.25,34.04,0.998,6000.0,420564.0,149.0,406.0,59.97,7.0,49.0,53.0,58.97,32.34,54.64,564.7,42.12,42.77,43.23,60.0,59.5,75.6,1.0,271.4,272.0,270.6,34.62,-1.137,34.64,1962.0,433469.0,13748.0,1967.0,-1.0,0.818,0.791,0.836,29.34,29.32,29.31,21.98,9.35,9.34,9.34,7.003,98.0,98.0,98.0,74.0,2.34,233.1,36.38,4.2,3.495,2.0,-1.0,13.2,0.013,0.331,3.0,2.0,0.0,0.0,53.79,58.66,55.97,55.79,56.53,56.59,54.36,56.22,48.41,51.04,54.81,64.61,55.94,57.98,64.06,60.1,51.15,56.5,58.96
2017-06-30 15:12:00-05:00,283.32675,289.3259,304.42456,223.11676,246.84523,232.40987,198.59244,201.4404,938791.0,47.55,0.0,300.3,234.6,234.0,33.47,319.1,0.0,0.0,0.0,0.0,0.0,0.0,0.0,0.0,317.7,318.5,51.38,-0.313,18.53,19.1,19.72,18.72,0.0,269.0,272.9,272.1,271.0,0.793,0.0,16.61,15.93,-0.195,15.94,0.997,6000.0,420564.0,149.0,406.0,59.96,7.0,49.38,53.0,58.33,32.73,53.14,301.3,19.5,20.21,20.65,60.0,59.5,75.6,1.0,271.0,272.0,270.1,16.52,-0.423,16.53,1962.0,433469.0,13748.0,1967.0,-1.0,0.818,0.791,0.836,14.56,14.55,14.54,10.91,4.68,4.675,4.674,3.506,99.0,98.0,98.0,74.0,1.963,277.7,55.02,4.5,3.497,2.0,-1.0,13.2,0.013,0.308,3.0,2.0,0.0,0.0,52.12,56.72,53.96,53.69,54.83,54.78,52.01,53.88,47.24,49.4,52.62,61.95,53.05,55.34,61.41,57.59,49.14,54.15,56.75
2017-06-30 15:13:00-05:00,654.2969,690.64886,716.20593,666.8344,672.6758,732.0995,706.05066,680.11176,938792.0,47.55,0.0,684.0,716.4,709.2,33.75,322.6,0.0,0.0,0.0,0.0,0.0,0.0,0.0,0.0,320.7,321.7,128.6,-0.325,47.83,48.48,49.08,48.08,0.0,269.2,273.5,272.8,271.5,0.8,0.0,41.64,40.04,-0.213,40.03,0.999,6000.0,420565.0,150.0,406.0,59.96,7.0,49.87,53.0,59.92,33.13,53.43,674.7,49.68,50.29,50.78,60.0,59.5,75.6,1.0,271.5,272.2,270.9,40.92,-1.425,40.94,1962.0,433470.0,13748.0,1967.0,-0.999,0.818,0.791,0.836,34.56,34.56,34.55,25.92,11.15,11.15,11.14,8.36,99.0,99.0,99.0,74.0,1.658,281.5,90.4,3.0,3.497,2.0,-1.0,13.2,0.013,0.33,3.0,2.0,0.0,0.0,52.06,56.46,53.86,53.32,54.43,54.38,51.29,53.13,46.17,48.85,51.82,61.28,52.79,55.2,60.72,56.89,49.01,53.8,55.86
2017-06-30 15:14:00-05:00,454.5342,452.2457,468.56866,463.7121,494.72058,501.6645,453.01154,456.8654,938793.0,47.5,0.0,449.4,488.0,484.9,33.52,324.1,0.0,0.0,0.0,0.0,0.0,0.0,0.0,0.0,322.8,323.7,88.1,-0.34,32.75,33.4,34.07,33.07,0.0,268.9,272.9,272.2,271.0,0.803,0.0,28.76,27.63,-0.207,27.62,0.999,6000.0,420565.0,150.0,406.0,59.96,7.0,49.15,53.0,58.03,33.12,53.08,464.0,34.25,34.89,35.38,60.0,59.5,75.6,1.0,271.1,271.9,270.2,28.3,-0.909,28.31,1962.0,433470.0,13748.0,1967.0,-1.0,0.818,0.791,0.836,23.8,23.8,23.8,17.82,7.717,7.716,7.718,5.779,99.0,99.0,99.0,74.0,2.723,272.6,61.32,4.1,3.497,2.0,-1.0,13.2,0.013,0.32,3.0,2.0,0.0,0.0,51.77,55.88,53.44,53.03,54.11,53.87,50.74,53.16,46.33,48.85,51.89,60.79,52.03,54.78,60.36,56.69,49.04,53.88,55.85
2017-06-30 15:15:00-05:00,634.7656,664.7782,687.7828,665.90753,672.2895,723.86163,700.5307,673.27527,938794.0,47.49,0.0,656.9,703.4,699.6,33.54,323.4,0.0,0.0,0.0,0.0,0.0,0.0,0.0,0.0,321.6,322.5,126.0,-0.33,47.08,47.58,48.28,47.28,0.0,269.0,273.0,272.5,271.0,0.813,0.0,40.92,39.36,-0.235,39.34,0.999,6000.0,420566.0,151.0,406.0,59.97,7.0,49.55,53.0,59.83,32.68,52.86,654.2,48.87,49.47,49.95,60.0,59.5,75.6,1.0,271.0,272.0,270.6,40.17,-1.369,40.19,1962.0,433471.0,13748.0,1967.0,-0.999,0.818,0.791,0.836,33.87,33.85,33.9,25.42,10.95,10.95,10.96,8.22,99.0,99.0,99.0,74.0,2.295,222.9,53.59,4.2,3.495,2.0,-1.0,13.2,0.013,0.329,3.0,2.0,0.0,0.0,51.58,55.78,53.3,52.94,53.96,53.7,50.93,53.44,47.37,49.3,52.17,60.86,53.19,55.4,60.54,56.92,49.59,54.28,56.07
2017-06-30 15:16:00-05:00,710.0474,751.7233,776.60535,705.63153,718.90295,760.5372,724.2414,701.56415,938795.0,47.48,0.0,739.6,738.4,734.0,33.57,325.8,0.0,0.0,0.0,0.0,0.0,0.0,0.0,0.0,323.8,324.7,136.4,-0.378,51.47,51.8,52.57,51.57,0.0,269.0,273.1,272.8,271.1,0.817,0.0,44.59,42.86,-0.163,42.84,0.999,6000.0,420567.0,152.0,406.0,59.96,7.0,49.05,53.0,58.3,32.8,52.77,729.0,53.3,53.92,54.4,60.0,59.5,75.6,1.0,271.1,272.0,270.8,43.8,-1.573,43.83,1962.0,433471.0,13748.0,1967.0,-0.999,0.818,0.791,0.836,36.64,36.63,36.64,27.5,11.93,11.93,11.93,8.96,99.0,99.0,99.0,74.0,2.972,256.1,42.04,5.8,3.495,2.0,-1.0,13.2,0.013,0.332,3.0,2.0,0.0,0.0,51.74,55.94,53.56,53.36,54.13,54.12,51.59,54.34,47.75,49.85,53.09,61.28,53.31,55.79,60.99,57.79,50.15,54.99,56.89
2017-06-30 15:17:00-05:00,568.8786,602.8851,620.6329,575.33673,589.7502,621.39594,596.7809,582.0437,938796.0,47.43,0.0,587.5,601.1,597.9,33.38,326.4,0.0,0.0,0.0,0.0,0.0,0.0,0.0,0.0,324.7,325.6,108.9,-0.377,41.05,41.67,42.23,41.23,0.0,269.0,273.0,272.6,271.0,0.803,0.0,35.73,34.39,-0.12,34.36,0.999,6000.0,420567.0,152.0,406.0,59.95,7.0,49.23,53.0,59.05,32.92,52.77,572.2,42.64,43.25,43.7,60.0,59.5,75.6,1.0,271.0,272.0,270.6,35.08,-1.242,35.1,1962.0,433472.0,13748.0,1967.0,-0.999,0.818,0.791,0.836,29.2,29.2,29.21,21.89,9.53,9.53,9.54,7.145,99.0,99.0,99.0,74.0,3.445,257.2,81.8,6.5,3.497,2.0,-1.0,13.2,0.013,0.327,3.0,2.0,0.0,0.0,51.85,55.6,53.41,53.04,54.26,53.85,51.26,54.16,47.32,49.79,52.99,60.85,52.94,55.16,60.64,57.54,49.54,54.52,56.74
2017-06-30 15:18:00-05:00,587.05005,614.18304,634.60767,600.6277,605.846,653.219,633.16235,609.8611,938797.0,47.42,0.0,610.9,638.5,635.3,33.23,325.1,0.0,0.0,0.0,0.0,0.0,0.0,0.0,0.0,323.3,324.2,115.3,-0.35,43.2,43.9,44.43,43.43,0.0,269.0,273.0,272.7,271.0,0.797,0.0,37.66,36.23,-0.242,36.22,0.999,6000.0,420568.0,153.0,406.0,59.96,7.0,49.12,53.0,58.98,32.55,52.16,605.0,45.04,45.67,46.12,60.0,59.5,75.6,1.0,271.1,272.0,270.7,37.09,-1.249,37.11,1962.0,433473.0,13748.0,1967.0,-0.999,0.818,0.791,0.836,31.21,31.2,31.22,23.41,10.14,10.14,10.15,7.608,100.0,100.0,100.0,74.0,2.622,226.2,48.37,4.2,3.495,2.0,-1.0,13.2,0.013,0.326,3.0,2.0,0.0,0.0,51.33,54.97,52.77,52.06,53.12,52.97,50.58,53.38,46.58,49.05,52.13,59.96,52.28,54.55,59.68,56.49,48.56,53.58,55.76
2017-06-30 15:19:00-05:00,645.27295,681.47955,704.5998,644.32416,655.54987,698.9223,671.0492,650.40845,938798.0,47.37,0.0,671.5,679.2,675.4,33.03,323.2,0.0,0.0,0.0,0.0,0.0,0.0,0.0,0.0,321.4,322.2,125.9,-0.318,46.97,47.62,48.18,47.18,0.0,269.0,273.0,272.9,271.0,0.795,0.0,40.84,39.27,-0.228,39.25,0.999,6000.0,420569.0,154.0,406.0,59.96,7.0,49.05,53.0,58.63,32.61,52.86,660.2,48.81,49.45,49.9,60.0,59.5,75.6,1.0,271.1,272.0,271.0,40.14,-1.397,40.17,1962.0,433473.0,13748.0,1967.0,-0.999,0.818,0.791,0.836,33.86,33.89,33.86,25.37,10.94,10.95,10.94,8.2,100.0,100.0,100.0,75.0,2.543,218.8,41.76,4.7,3.495,2.0,-1.0,13.2,0.013,0.329,3.0,2.0,0.0,0.0,51.53,55.25,52.96,52.39,53.45,53.23,50.77,53.62,47.35,49.28,52.34,60.24,52.8,54.96,59.94,56.62,49.26,53.87,55.81
2017-06-30 15:20:00-05:00,658.6234,696.37976,719.8773,654.5199,667.13885,709.4172,678.70184,659.8381,938799.0,47.37,0.0,685.9,688.4,684.5,33.2,324.4,0.0,0.0,0.0,0.0,0.0,0.0,0.0,0.0,322.6,323.4,127.6,-0.343,47.75,48.47,49.0,48.0,0.0,269.0,273.0,272.4,271.0,0.785,0.0,41.52,39.93,-0.225,39.91,0.999,6000.0,420569.0,154.0,406.0,59.96,7.0,49.02,53.0,59.72,33.54,53.57,673.9,49.67,50.28,50.74,60.0,59.5,75.6,1.0,271.0,272.0,270.4,40.8,-1.413,40.83,1962.0,433474.0,13748.0,1967.0,-0.999,0.818,0.791,0.836,34.3,34.29,34.27,25.72,11.13,11.13,11.12,8.35,100.0,100.0,100.0,75.0,2.163,327.0,74.26,4.2,3.495,2.0,-1.0,13.2,0.013,0.329,3.0,2.0,0.0,0.0,52.38,55.74,53.37,52.76,53.94,53.62,51.07,54.01,46.83,49.99,52.72,60.77,53.26,55.5,60.45,57.14,49.55,54.42,56.31
2017-06-30 15:21:00-05:00,657.2636,694.7424,717.62714,653.8579,666.8813,708.28864,677.4473,658.7773,938800.0,47.33,0.0,684.0,687.2,683.4,33.43,322.3,0.0,0.0,0.0,0.0,0.0,0.0,0.0,0.0,320.4,321.3,127.7,-0.322,47.68,48.0,49.0,48.0,0.0,269.0,273.0,272.4,271.0,0.79,0.0,41.35,39.77,-0.182,39.75,0.999,6000.0,420570.0,155.0,406.0,59.96,7.0,49.0,53.0,58.17,32.99,53.37,671.8,49.49,50.12,50.54,60.0,59.5,75.6,1.0,271.0,272.0,270.5,40.66,-1.429,40.69,1962.0,433475.0,13748.0,1967.0,-0.999,0.818,0.791,0.836,34.42,34.43,34.4,25.81,11.09,11.1,11.09,8.32,100.0,100.0,100.0,75.0,2.232,270.0,53.81,4.6,3.497,2.0,-1.0,13.2,0.013,0.329,3.0,2.0,0.0,0.0,52.63,55.85,53.61,52.74,54.1,53.82,50.72,53.73,46.69,49.67,52.5,60.4,52.83,55.18,60.13,57.04,49.45,54.42,56.27
2017-06-30 15:22:00-05:00,652.1954,689.99396,712.53467,649.4883,663.0183,703.6619,672.4292,654.416,938801.0,47.32,0.0,679.2,682.5,678.8,33.15,320.0,0.0,0.0,0.0,0.0,0.0,0.0,0.0,0.0,318.1,319.1,127.5,-0.3,47.0,48.0,48.37,47.37,0.0,269.0,272.9,272.1,271.0,0.798,0.0,40.99,39.46,-0.252,39.43,0.999,6000.0,420571.0,156.0,406.0,59.97,7.0,49.0,53.0,59.93,32.3,52.88,666.8,49.09,49.72,50.14,60.0,59.5,75.6,1.0,271.0,271.9,270.0,40.31,-1.359,40.34,1962.0,433475.0,13748.0,1967.0,-0.999,0.818,0.791,0.836,34.37,34.36,34.36,25.76,11.0,11.0,10.99,8.24,100.0,100.0,100.0,75.0,3.673,212.6,39.66,7.2,3.497,2.0,-1.0,13.2,0.013,0.329,3.0,2.0,0.0,0.0,52.09,55.49,53.36,52.51,53.95,53.59,50.7,53.43,46.53,49.2,52.2,60.05,52.78,54.89,59.78,56.58,48.77,53.68,55.82
2017-06-30 15:23:00-05:00,650.71204,688.52026,710.99506,647.2372,660.958,701.9692,670.79834,652.8837,938802.0,47.27,0.0,677.5,680.8,677.0,32.88,320.4,0.0,0.0,0.0,0.0,0.0,0.0,0.0,0.0,318.5,319.5,127.0,-0.3,47.0,48.0,48.0,47.0,0.0,269.0,273.0,272.2,271.0,0.792,0.0,40.94,39.39,-0.272,39.38,0.999,6000.0,420571.0,156.0,406.0,59.97,7.0,49.0,53.0,58.32,32.31,52.75,665.2,49.0,49.64,50.09,60.0,59.5,75.6,1.0,271.0,272.0,270.1,40.27,-1.356,40.29,1962.0,433476.0,13749.0,1967.0,-0.999,0.818,0.791,0.836,34.27,34.27,34.27,25.7,10.98,10.98,10.98,8.23,100.0,100.0,100.0,75.0,2.607,193.6,31.82,5.3,3.497,2.0,-1.0,13.2,0.013,0.329,3.0,2.0,0.0,0.0,51.79,55.38,53.43,52.5,53.7,53.53,51.12,53.46,47.4,49.51,52.16,60.32,53.69,55.34,60.02,56.62,49.11,53.65,55.77
2017-06-30 15:24:00-05:00,649.22864,686.88293,709.45544,645.3834,658.89777,699.8251,668.9165,651.11566,938803.0,47.25,0.0,676.1,679.0,675.3,32.95,319.9,0.0,0.0,0.0,0.0,0.0,0.0,0.0,0.0,318.1,319.1,127.0,-0.3,47.0,48.0,48.0,47.0,0.0,269.0,272.8,272.0,271.0,0.797,0.0,40.85,39.26,-0.228,39.24,0.999,6000.0,420572.0,157.0,406.0,59.96,7.0,49.0,53.0,59.25,32.42,52.62,663.8,48.88,49.51,49.93,60.0,59.5,75.6,1.0,271.0,271.8,270.0,40.13,-1.381,40.15,1962.0,433477.0,13749.0,1967.0,-0.999,0.818,0.791,0.836,34.22,34.22,34.21,25.66,10.95,10.95,10.95,8.21,101.0,101.0,101.0,75.0,3.448,184.5,21.7,5.5,3.494,2.0,-1.0,13.2,0.013,0.329,3.0,2.0,0.0,0.0,51.62,55.37,53.29,52.49,53.56,53.49,51.53,53.66,47.13,49.54,52.3,60.61,53.92,55.49,60.3,57.15,50.14,54.18,56.25
2017-06-30 15:25:00-05:00,651.8246,689.83014,713.00836,648.56134,661.4731,702.9848,672.3038,654.1803,938804.0,47.2,0.0,678.4,682.3,678.3,33.05,321.4,0.0,0.0,0.0,0.0,0.0,0.0,0.0,0.0,319.6,320.4,127.1,-0.32,46.98,47.98,48.23,47.23,0.0,269.0,273.0,272.2,271.0,0.78,0.0,41.0,39.45,-0.253,39.43,0.999,6000.0,420573.0,158.0,406.0,59.97,7.0,49.0,53.0,59.2,32.86,52.71,667.1,49.07,49.71,50.15,60.0,59.5,75.6,1.0,271.0,272.0,270.2,40.33,-1.377,40.35,1962.0,433477.0,13749.0,1967.0,-0.999,0.818,0.791,0.836,34.23,34.22,34.23,25.66,11.0,11.0,11.0,8.25,101.0,101.0,101.0,75.0,2.793,246.8,66.75,7.1,3.497,2.0,-1.0,13.2,0.013,0.329,3.0,2.0,0.0,0.0,51.76,55.34,53.26,52.65,53.48,53.45,51.84,53.82,47.13,49.79,52.47,60.63,53.92,55.38,60.36,57.53,50.24,54.42,56.48
2017-06-30 15:26:00-05:00,651.57733,689.83014,713.48206,648.4289,661.2156,703.2105,672.5546,654.1803,938805.0,47.18,0.0,679.7,682.8,678.7,33.26,318.6,0.0,0.0,0.0,0.0,0.0,0.0,0.0,0.0,316.7,317.6,127.7,-0.302,47.07,47.8,48.35,47.35,0.0,269.0,273.0,272.1,271.0,0.787,0.0,40.88,39.33,-0.235,39.31,0.999,6000.0,420573.0,158.0,406.0,59.96,7.0,49.0,53.0,58.53,33.01,52.91,668.6,48.96,49.61,50.04,60.0,59.5,75.6,1.0,271.0,272.0,270.1,40.22,-1.388,40.24,1962.0,433478.0,13749.0,1967.0,-0.999,0.818,0.791,0.836,34.43,34.43,34.43,25.82,10.97,10.97,10.97,8.23,101.0,101.0,101.0,76.0,2.8,289.2,41.04,4.9,3.497,2.0,-1.0,13.2,0.014,0.329,3.0,2.0,0.0,0.0,51.95,55.26,53.43,52.69,53.6,53.43,51.64,53.48,46.74,49.37,52.21,60.23,52.89,55.07,59.97,57.24,49.59,54.13,56.35
2017-06-30 15:27:00-05:00,265.89694,284.41376,294.7133,269.4615,295.13263,300.90845,285.7824,292.3184,938806.0,47.14,0.0,268.3,278.5,277.6,33.61,321.6,0.0,0.0,0.0,0.0,0.0,0.0,0.0,0.0,320.2,321.1,48.43,-0.303,17.43,18.12,18.58,17.58,0.0,268.4,272.3,272.0,270.4,0.768,0.0,15.7,15.02,-0.29,15.06,0.993,6000.0,420574.0,159.0,406.0,59.97,7.0,49.0,53.0,59.83,33.18,52.74,248.4,18.3,18.97,19.4,60.0,59.5,75.6,1.0,270.8,271.4,270.1,15.27,-0.292,15.28,1962.0,433478.0,13749.0,1967.0,0.167,0.818,0.791,0.836,12.86,12.86,12.86,9.64,4.137,4.135,4.135,3.102,101.0,101.0,101.0,76.0,1.902,208.2,82.0,5.6,3.497,2.0,-1.0,13.2,0.013,0.315,3.0,2.0,0.0,0.0,51.77,54.87,53.03,52.26,53.4,53.08,50.51,52.64,46.08,48.82,51.34,59.35,52.19,54.05,59.14,56.24,48.96,53.27,55.49
2017-06-30 15:28:00-05:00,491.0008,512.66516,532.75775,522.7685,519.4437,571.17865,554.5032,527.1161,938807.0,47.13,0.0,507.0,554.7,551.9,33.4,323.2,0.0,0.0,0.0,0.0,0.0,0.0,0.0,0.0,321.6,322.5,95.8,-0.33,35.58,36.23,36.73,35.73,0.0,268.8,272.8,272.2,270.9,0.79,0.0,31.14,29.91,-0.292,29.91,0.998,6000.0,420574.0,159.0,406.0,59.97,7.0,49.0,53.0,57.63,32.63,51.3,500.8,37.03,37.7,38.15,60.0,59.5,75.6,1.0,271.0,271.9,270.1,30.54,-0.936,30.55,1962.0,433479.0,13749.0,1967.0,-0.766,0.818,0.791,0.836,25.85,25.85,25.84,19.38,8.36,8.36,8.36,6.265,101.0,101.0,101.0,76.0,3.338,248.9,65.47,6.1,3.497,2.0,-1.0,13.2,0.014,0.323,3.0,2.0,0.0,0.0,50.38,53.58,51.6,50.93,51.98,51.82,49.43,51.19,45.2,47.53,49.91,57.95,50.89,52.96,57.72,54.93,47.76,52.01,54.03
2017-06-30 15:29:00-05:00,250.1978,256.74194,269.9614,179.28789,198.42905,186.48085,160.95648,160.5394,938808.0,47.08,0.0,268.0,185.4,185.7,33.1,323.2,0.0,0.0,0.0,0.0,0.0,0.0,0.0,0.0,321.7,322.7,43.65,-0.323,15.82,16.72,16.97,15.97,0.0,268.3,272.2,272.0,270.3,0.795,0.0,14.33,13.73,-0.278,13.75,0.995,6000.0,420574.0,159.0,406.0,59.97,7.0,49.25,53.0,59.82,32.27,49.7,268.3,17.04,17.72,18.18,60.0,59.5,75.6,1.0,270.9,271.3,270.0,14.28,-0.272,14.28,1962.0,433479.0,13749.0,1967.0,-0.967,0.818,0.791,0.836,12.57,12.56,12.57,9.42,4.098,4.097,4.099,3.071,101.0,101.0,101.0,76.0,3.268,248.4,54.48,6.3,3.497,2.0,-1.0,13.2,0.013,0.307,3.0,2.0,0.0,0.0,48.95,52.16,50.01,49.48,50.7,50.26,47.59,49.61,44.04,45.96,48.34,56.02,48.55,50.84,55.79,52.97,45.75,50.06,52.34
2017-06-30 15:30:00-05:00,515.22943,551.4712,569.82635,551.10504,564.64075,602.6632,569.0558,552.694,938809.0,47.04,0.0,533.4,583.1,580.0,33.35,332.4,0.0,0.0,0.0,0.0,0.0,0.0,0.0,0.0,331.0,331.9,99.6,-0.39,38.13,38.63,39.47,38.47,0.0,268.9,273.1,272.3,271.1,0.812,0.0,33.38,32.02,-0.283,32.01,0.999,6000.0,420575.0,160.0,406.0,59.97,7.0,49.07,53.0,58.9,32.33,50.09,512.6,39.58,40.2,40.71,60.0,59.5,75.6,1.0,271.0,272.0,270.3,32.62,-1.011,32.64,1962.0,433480.0,13749.0,1967.0,-1.0,0.818,0.791,0.836,26.35,26.36,26.34,19.75,8.78,8.78,8.77,6.579,101.0,101.0,101.0,76.0,2.758,220.2,57.58,6.1,3.497,2.0,-1.0,13.2,0.014,0.325,3.0,2.0,0.0,0.0,48.88,52.02,49.84,49.4,50.19,50.14,46.97,48.94,43.13,45.48,47.69,55.24,48.37,50.62,55.06,52.22,45.57,49.62,51.45
2017-06-30 15:31:00-05:00,338.95374,347.2893,361.38943,309.84763,315.09143,328.21756,294.4387,282.18155,938810.0,47.02,0.0,352.0,325.1,324.5,33.19,331.9,0.0,0.0,0.0,0.0,0.0,0.0,0.0,0.0,330.5,331.5,61.73,-0.375,23.22,23.9,24.53,23.53,0.0,268.6,272.7,272.0,270.7,0.813,0.0,20.72,19.82,-0.287,19.84,0.997,6000.0,420575.0,160.0,406.0,59.97,7.0,49.0,53.0,59.17,32.1,48.59,356.0,24.65,25.31,25.8,60.0,59.5,75.6,1.0,270.9,271.9,270.0,20.46,-0.519,20.47,1962.0,433480.0,13749.0,1967.0,-1.0,0.818,0.791,0.836,17.26,17.28,17.26,12.93,5.745,5.751,5.745,4.304,102.0,102.0,102.0,76.0,2.515,180.1,61.83,4.2,3.497,2.0,-1.0,13.2,0.014,0.311,3.0,2.0,0.0,0.0,47.78,51.06,48.93,48.27,49.21,49.12,46.29,48.22,43.24,44.69,47.05,54.35,47.94,49.61,54.14,51.41,45.17,48.78,50.74
2017-06-30 15:32:00-05:00,647.6216,685.40924,707.44214,647.1048,657.8677,699.37366,660.5111,639.8001,938811.0,46.97,0.0,671.7,677.1,674.2,33.15,335.1,0.0,0.0,0.0,0.0,0.0,0.0,0.0,0.0,333.4,334.3,123.1,-0.4,47.48,48.23,48.92,47.92,0.0,269.0,273.0,272.0,271.0,0.82,0.0,41.41,39.77,-0.235,39.75,0.999,6000.0,420576.0,161.0,406.0,59.96,7.0,49.0,53.0,59.22,32.71,49.32,661.7,49.48,50.07,50.59,60.0,59.5,75.6,1.0,271.0,272.0,270.1,40.64,-1.401,40.67,1962.0,433481.0,13749.0,1967.0,-0.999,0.818,0.791,0.836,33.07,33.07,33.1,24.82,11.08,11.08,11.09,8.32,102.0,102.0,102.0,76.0,1.633,251.2,43.23,3.3,3.497,2.0,-1.0,13.2,0.014,0.329,3.0,2.0,0.0,0.0,48.07,51.56,49.35,48.75,49.45,49.48,46.92,48.91,43.57,45.53,47.73,54.78,48.77,50.11,54.57,52.11,46.3,49.66,51.21
2017-06-30 15:33:00-05:00,641.6881,679.18726,700.4548,634.2607,648.08136,687.9761,650.0985,632.2564,938812.0,46.92,0.0,665.7,666.7,664.0,33.17,328.9,0.0,0.0,0.0,0.0,0.0,0.0,0.0,0.0,327.1,328.0,124.1,-0.4,46.97,47.8,48.23,47.23,0.0,269.0,273.1,272.2,271.1,0.822,0.0,40.95,39.32,-0.275,39.31,0.999,6000.0,420576.0,161.0,406.0,59.97,7.0,49.0,53.0,59.18,33.09,50.3,656.0,48.91,49.51,50.02,60.0,59.5,75.6,1.0,271.0,272.0,270.3,40.2,-1.346,40.23,1962.0,433481.0,13749.0,1967.0,-0.999,0.818,0.791,0.836,33.33,33.33,33.34,24.99,10.96,10.96,10.96,8.22,102.0,102.0,102.0,76.0,3.283,245.2,53.08,5.1,3.497,2.0,-1.0,13.2,0.014,0.328,3.0,2.0,0.0,0.0,49.06,52.68,50.32,49.84,50.62,50.44,47.86,49.96,44.66,46.65,48.82,55.88,50.05,51.05,55.75,53.19,46.94,50.62,52.34
2017-06-30 15:34:00-05:00,633.1586,670.0178,690.15137,625.12415,639.5828,678.94824,640.4386,624.0055,938813.0,46.94,0.0,656.1,657.7,655.1,33.14,330.3,0.0,0.0,0.0,0.0,0.0,0.0,0.0,0.0,328.4,329.3,121.4,-0.4,46.0,47.0,47.92,46.92,0.0,268.9,273.0,272.0,271.0,0.81,0.0,40.28,38.69,-0.195,38.66,0.999,6000.0,420577.0,162.0,406.0,59.96,7.0,49.0,53.0,58.48,32.78,50.54,646.2,48.12,48.74,49.25,60.0,59.5,75.6,1.0,271.0,272.0,270.1,39.54,-1.381,39.57,1962.0,433482.0,13749.0,1967.0,-0.999,0.818,0.791,0.836,32.69,32.66,32.66,24.51,10.8,10.79,10.79,8.09,102.0,102.0,102.0,76.0,2.627,210.3,69.84,6.9,3.497,2.0,-1.0,13.2,0.014,0.328,3.0,2.0,0.0,0.0,49.55,52.95,50.71,50.21,51.02,50.81,48.59,50.59,44.99,47.15,49.45,56.63,51.22,52.04,56.49,53.77,47.79,51.3,52.98
2017-06-30 15:35:00-05:00,635.6309,672.96515,692.51996,628.69934,641.5143,680.52814,642.3204,626.0093,938814.0,46.9,0.0,657.9,659.2,656.5,33.22,330.0,0.0,0.0,0.0,0.0,0.0,0.0,0.0,0.0,328.0,329.0,121.7,-0.4,46.0,47.0,47.73,46.73,0.0,269.0,273.1,272.3,271.1,0.817,0.0,40.3,38.73,-0.195,38.72,0.999,6000.0,420578.0,163.0,406.0,59.96,7.0,49.0,53.0,59.87,32.72,50.36,646.7,48.16,48.77,49.25,60.0,59.5,75.6,1.0,271.0,272.0,270.4,39.6,-1.373,39.62,1962.0,433483.0,13749.0,1967.0,-0.999,0.818,0.791,0.836,32.73,32.73,32.74,24.56,10.8,10.8,10.81,8.1,102.0,102.0,102.0,77.0,3.415,211.9,56.6,7.7,3.497,2.0,-1.0,13.2,0.014,0.328,3.0,2.0,0.0,0.0,49.5,52.93,50.7,50.31,50.89,50.8,49.14,50.83,44.58,47.55,49.76,57.21,51.55,52.58,57.04,54.32,48.05,51.65,53.49
2017-06-30 15:36:00-05:00,629.20294,666.2519,685.7694,622.21106,635.2048,673.0802,636.92596,621.1766,938815.0,46.85,0.0,651.1,652.0,649.0,33.27,330.1,0.0,0.0,0.0,0.0,0.0,0.0,0.0,0.0,328.1,329.0,120.2,-0.4,46.0,46.18,47.0,46.0,0.0,269.0,273.0,272.3,271.0,0.825,0.0,39.81,38.31,-0.192,38.28,0.999,6000.0,420578.0,163.0,406.0,59.96,7.0,49.0,53.0,58.0,32.79,50.66,639.9,47.61,48.23,48.71,60.0,59.5,75.6,1.0,271.0,272.0,270.2,39.14,-1.374,39.17,1962.0,433483.0,13749.0,1967.0,-0.999,0.818,0.791,0.836,32.36,32.35,32.32,24.26,10.68,10.68,10.67,8.01,102.0,102.0,102.0,77.0,2.26,253.8,62.19,5.5,3.497,2.0,-1.0,13.2,0.014,0.327,3.0,2.0,0.0,0.0,49.8,53.0,50.78,50.5,51.07,50.86,49.32,50.81,44.61,47.76,49.8,57.47,51.36,52.73,57.3,54.46,47.89,51.8,53.64
2017-06-30 15:37:00-05:00,623.02216,659.3748,679.0189,617.709,631.0842,670.259,636.1732,620.94086,938816.0,46.8,0.0,644.7,648.6,645.9,33.28,330.3,0.0,0.0,0.0,0.0,0.0,0.0,0.0,0.0,328.4,329.4,119.0,-0.4,45.33,45.95,46.62,45.62,0.0,269.0,273.0,272.1,271.0,0.815,0.0,39.43,37.93,-0.193,37.91,0.999,6000.0,420579.0,164.0,406.0,59.96,7.0,49.0,53.0,59.88,32.55,50.83,633.8,47.15,47.75,48.23,60.0,59.5,75.6,1.0,271.0,272.0,270.1,38.74,-1.351,38.76,1962.0,433484.0,13749.0,1967.0,-0.999,0.818,0.791,0.836,31.97,32.0,32.0,23.97,10.56,10.57,10.57,7.918,103.0,103.0,103.0,77.0,3.422,215.4,28.81,6.6,3.497,2.0,-1.0,13.2,0.014,0.327,3.0,2.0,0.0,0.0,49.76,53.2,50.89,50.51,51.17,50.98,49.18,51.11,45.64,47.45,50.09,57.51,51.85,52.86,57.41,54.65,48.46,52.03,53.78
2017-06-30 15:38:00-05:00,614.7399,650.2055,670.25507,609.76416,623.1007,662.0211,627.5169,613.515,938817.0,46.75,0.0,636.5,640.9,638.3,33.12,330.7,0.0,0.0,0.0,0.0,0.0,0.0,0.0,0.0,328.9,329.8,116.9,-0.4,44.98,45.0,46.0,45.0,0.0,269.0,273.0,272.1,271.0,0.805,0.0,38.84,37.35,-0.268,37.34,0.999,6000.0,420580.0,165.0,406.0,59.97,7.0,49.0,53.0,58.13,32.58,51.09,626.2,46.4,47.04,47.53,60.0,59.5,75.6,1.0,271.0,272.0,270.2,38.17,-1.276,38.2,1962.0,433484.0,13749.0,1967.0,-0.999,0.818,0.791,0.836,31.5,31.48,31.48,23.63,10.42,10.41,10.41,7.812,103.0,103.0,103.0,77.0,2.218,203.4,37.02,6.5,3.497,2.0,-1.0,13.2,0.014,0.327,3.0,2.0,0.0,0.0,49.9,53.41,51.19,50.88,51.58,51.28,49.68,51.85,46.38,48.58,50.79,57.93,52.49,53.39,57.75,55.25,49.08,52.42,54.39
2017-06-30 15:39:00-05:00,610.4134,645.6208,665.5179,606.189,619.10895,658.41,623.6279,610.0968,938818.0,46.72,0.0,631.9,637.4,634.8,33.3,330.8,0.0,0.0,0.0,0.0,0.0,0.0,0.0,0.0,329.0,330.0,116.0,-0.4,44.18,45.0,45.42,44.42,0.0,269.0,273.0,272.3,271.0,0.807,0.0,38.54,37.05,-0.21,37.02,0.999,6000.0,420580.0,165.0,406.0,59.96,7.0,49.0,53.0,59.33,32.75,51.07,622.2,46.03,46.63,47.12,60.0,59.5,75.6,1.0,271.0,272.0,270.4,37.86,-1.292,37.88,1962.0,433485.0,13749.0,1967.0,-0.999,0.818,0.791,0.836,31.2,31.23,31.23,23.39,10.32,10.33,10.33,7.738,103.0,103.0,103.0,77.0,2.863,204.7,46.6,5.1,3.497,2.0,-1.0,13.2,0.028,0.326,3.0,2.0,0.0,0.0,50.03,53.46,51.36,50.92,51.62,51.41,49.89,52.3,46.54,48.92,51.2,58.45,53.01,53.67,58.2,55.8,49.53,53.0,54.89
2017-06-30 15:40:00-05:00,605.59235,640.7087,660.5438,601.0249,613.9583,653.10614,618.108,604.7926,938819.0,46.68,0.0,626.9,632.5,629.9,33.18,330.2,0.0,0.0,0.0,0.0,0.0,0.0,0.0,0.0,328.4,329.3,115.3,-0.4,44.0,44.93,45.0,44.0,0.0,269.0,273.0,272.1,271.0,0.8,0.0,38.31,36.81,-0.228,36.78,0.999,6000.0,420581.0,166.0,406.0,59.96,7.0,49.0,53.0,58.92,32.64,51.2,617.5,45.72,46.35,46.82,60.0,59.5,75.6,1.0,271.0,272.0,270.2,37.6,-1.28,37.62,1962.0,433486.0,13749.0,1967.0,-0.999,0.818,0.791,0.836,31.08,31.07,31.06,23.31,10.26,10.26,10.26,7.698,103.0,103.0,103.0,77.0,2.77,216.9,65.67,6.0,3.497,2.0,-1.0,13.23,0.023,0.325,3.0,2.0,0.0,0.0,49.93,53.27,51.28,50.84,51.38,51.3,50.2,52.4,46.57,48.73,51.23,58.48,52.8,53.56,58.28,55.65,48.89,52.81,54.85
2017-06-30 15:41:00-05:00,603.98535,639.0713,659.0042,599.5683,612.4131,651.97766,616.3516,602.90674,938820.0,46.63,0.0,625.2,631.0,628.6,33.13,330.1,0.0,0.0,0.0,0.0,0.0,0.0,0.0,0.0,328.2,329.1,115.0,-0.4,44.0,44.5,45.0,44.0,0.0,269.0,273.0,272.1,271.0,0.802,0.0,38.17,36.7,-0.163,36.67,0.999,6000.0,420581.0,166.0,406.0,59.95,7.0,49.0,53.0,58.65,32.73,51.18,615.6,45.58,46.21,46.67,60.0,59.5,75.6,1.0,271.0,272.0,270.1,37.48,-1.315,37.5,1962.0,433486.0,13749.0,1967.0,-0.999,0.818,0.791,0.836,31.0,30.97,30.94,23.21,10.24,10.23,10.21,7.663,103.0,103.0,103.0,77.0,3.94,213.3,40.21,6.3,3.497,2.0,-1.0,13.23,0.017,0.325,3.0,2.0,0.0,0.0,50.08,53.31,51.4,51.01,51.53,51.4,50.25,52.34,46.15,48.7,51.19,58.49,52.46,53.56,58.12,55.48,48.78,52.73,54.6
2017-06-30 15:42:00-05:00,600.4005,635.7965,655.56976,595.72833,609.0652,648.3665,612.4625,599.1349,938821.0,46.58,0.0,621.6,627.3,624.9,33.09,330.0,0.0,0.0,0.0,0.0,0.0,0.0,0.0,0.0,328.0,329.0,114.3,-0.4,43.68,44.0,45.0,44.0,0.0,269.0,273.0,272.1,271.0,0.805,0.0,37.95,36.48,-0.148,36.46,0.999,6000.0,420582.0,167.0,406.0,59.95,7.0,49.0,53.0,59.68,32.65,51.22,611.9,45.29,45.92,46.38,60.0,59.5,75.6,1.0,271.0,272.0,270.2,37.26,-1.327,37.28,1962.0,433487.0,13749.0,1967.0,-0.999,0.818,0.791,0.836,30.82,30.8,30.8,23.1,10.17,10.17,10.17,7.622,103.0,103.0,103.0,77.0,2.427,236.2,47.23,5.5,3.497,2.0,-1.0,13.23,0.016,0.325,3.0,2.0,0.0,0.0,49.89,53.17,51.35,51.01,51.3,51.33,50.45,52.18,45.84,48.43,50.95,58.43,52.69,53.66,58.13,55.36,48.6,52.57,54.47
2017-06-30 15:43:00-05:00,599.28796,634.3229,653.55646,594.5367,607.7775,647.1252,611.20807,597.7204,938822.0,46.53,0.0,619.9,626.1,623.6,33.4,329.8,0.0,0.0,0.0,0.0,0.0,0.0,0.0,0.0,327.8,328.8,114.1,-0.4,43.13,44.0,44.87,43.87,0.0,269.0,273.0,272.3,271.0,0.802,0.0,37.8,36.36,-0.153,36.34,0.999,6000.0,420583.0,168.0,406.0,59.95,7.0,49.0,53.0,58.05,33.13,51.35,610.3,45.15,45.79,46.25,60.0,59.5,75.6,1.0,271.0,272.0,270.4,37.15,-1.316,37.17,1962.0,433488.0,13749.0,1967.0,-0.999,0.818,0.791,0.836,30.72,30.72,30.72,23.03,10.13,10.13,10.13,7.594,104.0,104.0,104.0,78.0,2.343,236.5,52.88,9.1,3.497,2.0,-1.0,13.23,0.016,0.325,3.0,2.0,0.0,0.0,50.26,53.24,51.58,51.17,51.72,51.51,50.41,52.03,46.16,48.52,50.86,58.37,51.96,53.48,58.03,55.15,48.22,52.23,54.33
2017-06-30 15:44:00-05:00,594.467,628.9195,647.75336,589.90216,603.1419,642.2727,606.31537,593.1235,938823.0,46.51,0.0,614.6,621.3,618.9,33.51,330.0,0.0,0.0,0.0,0.0,0.0,0.0,0.0,0.0,328.0,329.0,113.4,-0.4,43.0,44.0,44.0,43.0,0.0,269.0,273.0,272.1,271.0,0.805,0.0,37.55,36.1,-0.12,36.09,0.999,6000.0,420583.0,168.0,406.0,59.95,7.0,49.0,53.0,60.0,32.94,51.03,605.5,44.84,45.47,45.92,60.0,59.5,75.6,1.0,271.0,272.0,270.1,36.87,-1.326,36.9,1962.0,433488.0,13749.0,1967.0,-0.999,0.818,0.791,0.836,30.48,30.48,30.49,22.87,10.06,10.06,10.06,7.548,104.0,104.0,104.0,78.0,2.633,214.7,67.74,9.8,3.497,2.0,-1.0,13.23,0.016,0.325,3.0,2.0,0.0,0.0,50.18,52.82,51.46,50.98,51.6,51.49,50.18,51.92,46.29,48.07,50.78,58.21,51.81,53.25,57.86,54.93,47.88,52.09,54.06
2017-06-30 15:45:00-05:00,590.75854,624.9898,643.9636,586.0622,599.4077,638.21027,602.05,589.1159,938824.0,46.46,0.0,610.6,617.5,615.0,33.12,330.4,0.0,0.0,0.0,0.0,0.0,0.0,0.0,0.0,328.6,329.6,112.2,-0.4,43.0,43.3,44.0,43.0,0.0,269.0,273.0,272.3,271.0,0.822,0.0,37.28,35.83,-0.153,35.81,0.999,6000.0,420584.0,169.0,406.0,59.95,7.0,49.0,53.0,57.85,32.96,51.35,601.5,44.51,45.12,45.61,60.0,59.5,75.6,1.0,271.0,272.0,270.3,36.62,-1.283,36.64,1962.0,433489.0,13749.0,1967.0,-0.999,0.818,0.791,0.836,30.25,30.24,30.23,22.68,9.99,9.99,9.99,7.493,104.0,104.0,104.0,78.0,3.617,239.6,31.84,5.8,3.495,2.0,-1.0,13.23,0.016,0.325,3.0,2.0,0.0,0.0,50.16,52.66,51.32,50.88,51.55,51.36,49.95,52.06,46.05,48.47,50.87,58.24,52.11,53.17,57.84,55.09,48.35,52.27,54.23
2017-06-30 15:46:00-05:00,588.78064,622.8612,641.59503,583.6787,597.73376,635.9533,599.4154,587.11206,938825.0,46.42,0.0,608.5,615.2,613.0,32.77,329.5,0.0,0.0,0.0,0.0,0.0,0.0,0.0,0.0,327.6,328.7,112.0,-0.4,42.92,43.0,44.0,43.0,0.0,269.0,273.0,272.0,271.0,0.813,0.0,37.15,35.71,-0.147,35.69,0.999,6000.0,420584.0,169.0,406.0,59.95,7.0,49.0,53.0,59.8,32.85,51.65,599.1,44.39,45.0,45.48,60.0,59.5,75.6,1.0,271.0,272.0,270.0,36.49,-1.287,36.52,1962.0,433489.0,13749.0,1967.0,-0.999,0.818,0.791,0.836,30.2,30.21,30.24,22.65,9.95,9.96,9.96,7.464,104.0,104.0,104.0,78.0,3.195,213.9,42.86,5.5,3.497,2.0,-1.0,13.23,0.015,0.325,3.0,2.0,0.0,0.0,50.41,53.04,51.51,50.94,51.82,51.51,50.13,51.86,45.95,48.1,50.7,58.16,51.95,53.12,57.78,54.9,47.96,52.21,54.05
2017-06-30 15:47:00-05:00,584.82495,618.4402,636.6209,579.70636,593.6132,631.89075,595.15,582.8688,938826.0,46.4,0.0,604.0,611.1,609.0,32.66,328.7,0.0,0.0,0.0,0.0,0.0,0.0,0.0,0.0,327.0,328.0,111.9,-0.4,42.0,43.0,44.0,43.0,0.0,269.0,273.0,272.2,271.0,0.812,0.0,36.95,35.5,-0.108,35.49,0.999,6000.0,420585.0,170.0,406.0,59.95,7.0,49.0,53.0,58.28,32.32,51.34,595.0,44.08,44.74,45.19,60.0,59.5,75.6,1.0,271.0,272.0,270.2,36.28,-1.309,36.31,1962.0,433490.0,13749.0,1967.0,-0.999,0.818,0.791,0.836,30.12,30.1,30.09,22.57,9.9,9.9,9.89,7.421,104.0,104.0,104.0,78.0,3.028,202.1,37.07,4.5,3.497,2.0,-1.0,13.23,0.015,0.324,3.0,2.0,0.0,0.0,50.19,52.99,51.36,50.81,51.7,51.44,50.42,52.2,46.5,48.45,51.09,58.26,52.48,53.37,57.82,55.08,48.76,52.39,54.29
2017-06-30 15:48:00-05:00,583.5888,617.1303,635.19977,578.1174,592.1968,630.19806,593.7701,581.21857,938827.0,46.35,0.0,602.5,609.8,607.5,32.66,329.5,0.0,0.0,0.0,0.0,0.0,0.0,0.0,0.0,327.6,328.6,111.2,-0.4,42.0,43.0,43.9,42.9,0.0,269.0,273.0,272.0,271.0,0.8,0.0,36.81,35.41,-0.082,35.38,0.999,6000.0,420586.0,171.0,406.0,59.94,7.0,49.0,53.0,59.2,32.52,51.23,593.5,44.01,44.64,45.11,60.0,59.5,75.6,1.0,271.0,272.0,270.0,36.19,-1.322,36.21,1962.0,433491.0,13749.0,1967.0,-0.999,0.818,0.791,0.836,29.97,29.95,29.98,22.48,9.88,9.87,9.88,7.408,104.0,104.0,104.0,78.0,2.372,249.4,62.96,4.4,3.495,2.0,-1.0,13.23,0.015,0.324,3.0,2.0,0.0,0.0,50.08,52.81,51.12,50.75,51.51,51.22,50.5,52.07,45.94,48.4,50.89,58.3,52.52,53.07,57.81,54.97,48.09,52.21,54.17
2017-06-30 15:49:00-05:00,579.1386,613.03687,630.69946,573.8801,588.4625,626.1355,589.37915,577.4467,938828.0,46.3,0.0,597.8,605.5,603.3,32.76,329.1,0.0,0.0,0.0,0.0,0.0,0.0,0.0,0.0,327.2,328.3,110.6,-0.398,42.0,42.82,43.08,42.08,0.0,269.0,272.9,272.0,271.0,0.802,0.0,36.59,35.18,-0.153,35.14,0.999,6000.0,420586.0,171.0,406.0,59.95,7.0,49.0,53.0,58.98,32.24,50.99,588.9,43.71,44.32,44.81,60.0,59.5,75.6,1.0,271.0,272.0,270.0,35.94,-1.25,35.96,1962.0,433491.0,13749.0,1967.0,-0.999,0.818,0.791,0.836,29.79,29.82,29.81,22.35,9.81,9.81,9.81,7.354,105.0,105.0,105.0,78.0,2.717,221.9,42.62,7.9,3.497,2.0,-1.0,13.23,0.015,0.324,3.0,2.0,0.0,0.0,50.11,52.68,50.96,50.61,51.48,51.1,49.95,51.75,45.96,47.92,50.48,58.03,52.18,52.42,57.57,54.36,47.49,51.63,53.58
2017-06-30 15:50:00-05:00,574.3176,607.6335,625.1332,568.716,582.92554,620.60596,583.48285,571.90686,938829.0,46.29,0.0,592.6,600.1,597.8,32.93,328.1,0.0,0.0,0.0,0.0,0.0,0.0,0.0,0.0,326.3,327.3,110.1,-0.4,41.65,42.0,43.0,42.0,0.0,269.0,273.0,272.0,271.0,0.792,0.0,36.27,34.87,-0.237,34.86,0.999,6000.0,420587.0,172.0,406.0,59.97,7.0,49.0,53.0,58.52,32.33,51.02,584.1,43.29,43.95,44.43,60.0,59.5,75.6,1.0,271.0,272.0,270.1,35.64,-1.183,35.66,1962.0,433492.0,13749.0,1967.0,-0.999,0.818,0.791,0.836,29.65,29.64,29.65,22.22,9.73,9.73,9.73,7.292,105.0,105.0,105.0,78.0,2.713,227.0,60.37,4.6,3.497,2.0,-1.0,13.23,0.015,0.324,3.0,2.0,0.0,0.0,49.87,52.28,50.88,50.45,51.31,50.89,49.97,51.62,45.46,47.58,50.41,57.81,52.04,52.56,57.24,54.06,47.53,51.45,53.3
2017-06-30 15:51:00-05:00,573.32874,606.15985,623.47516,566.9946,581.12286,618.8004,581.2247,569.903,938830.0,46.24,0.0,591.2,598.4,596.3,32.91,328.9,0.0,0.0,0.0,0.0,0.0,0.0,0.0,0.0,327.0,328.0,109.7,-0.398,41.25,42.0,43.0,42.0,0.0,269.0,273.0,272.0,271.0,0.802,0.0,36.2,34.77,-0.148,34.75,0.999,6000.0,420587.0,172.0,406.0,59.95,7.0,49.0,53.0,59.53,32.52,51.19,582.6,43.19,43.85,44.34,60.0,59.5,75.6,1.0,271.0,272.0,270.0,35.56,-1.246,35.58,1962.0,433492.0,13749.0,1967.0,-0.999,0.818,0.791,0.836,29.52,29.5,29.5,22.14,9.71,9.7,9.7,7.281,105.0,105.0,105.0,79.0,2.432,200.5,33.52,5.6,3.497,2.0,-1.0,13.23,0.015,0.324,3.0,2.0,0.0,0.0,50.0,52.32,50.96,50.57,51.22,50.92,50.05,51.42,45.49,47.73,50.21,57.78,51.42,52.65,57.3,53.97,47.45,51.32,53.13
2017-06-30 15:52:00-05:00,571.4745,603.8675,621.10657,565.5381,579.3201,617.2205,579.8447,568.3707,938831.0,46.2,0.0,588.7,596.9,594.8,32.89,328.3,0.0,0.0,0.0,0.0,0.0,0.0,0.0,0.0,326.5,327.4,109.3,-0.4,41.0,42.0,43.0,42.0,0.0,269.0,273.0,272.0,271.0,0.798,0.0,36.06,34.67,-0.172,34.65,0.999,6000.0,420588.0,173.0,406.0,59.95,7.0,49.0,53.0,58.13,32.39,51.1,580.4,43.04,43.71,44.18,60.0,59.5,75.6,1.0,271.0,272.0,270.0,35.42,-1.232,35.44,1962.0,433493.0,13749.0,1967.0,-0.999,0.818,0.791,0.836,29.44,29.46,29.45,22.07,9.66,9.67,9.67,7.245,105.0,105.0,105.0,79.0,3.382,208.8,36.22,5.9,3.497,2.0,-1.0,13.23,0.015,0.324,3.0,2.0,0.0,0.0,49.99,52.35,50.74,50.52,51.1,50.81,50.33,51.51,45.77,47.94,50.24,57.87,52.14,52.83,57.39,53.99,47.49,51.48,53.17
2017-06-30 15:53:00-05:00,571.10364,603.70374,620.6329,564.87604,579.19135,616.6563,579.09204,567.8992,938832.0,46.17,0.0,588.0,596.1,594.0,32.87,328.3,0.0,0.0,0.0,0.0,0.0,0.0,0.0,0.0,326.4,327.4,109.2,-0.4,41.0,42.0,42.73,41.73,0.0,269.0,273.0,272.0,271.0,0.805,0.0,36.01,34.61,-0.222,34.59,0.999,6000.0,420589.0,174.0,406.0,59.96,7.0,49.0,53.0,59.93,32.29,50.8,579.2,42.96,43.6,44.08,60.0,59.5,75.6,1.0,271.0,272.0,270.1,35.37,-1.179,35.39,1962.0,433494.0,13749.0,1967.0,-0.999,0.818,0.791,0.836,29.42,29.41,29.41,22.05,9.66,9.65,9.65,7.238,105.0,105.0,105.0,79.0,2.645,215.0,44.11,5.4,3.497,2.0,-1.0,13.24,0.015,0.324,3.0,2.0,0.0,0.0,49.71,52.03,50.58,50.34,50.83,50.6,50.26,51.55,45.59,47.96,50.27,57.79,52.14,53.06,57.38,54.12,47.94,51.72,53.3
2017-06-30 15:54:00-05:00,566.2826,598.4641,615.1851,559.57947,573.912,611.0139,573.32117,562.3593,938833.0,46.13,0.0,582.9,590.7,588.6,32.82,328.8,0.0,0.0,0.0,0.0,0.0,0.0,0.0,0.0,327.0,328.0,108.0,-0.4,41.0,41.88,42.0,41.0,0.0,269.0,273.1,272.1,271.1,0.797,0.0,35.69,34.32,-0.22,34.3,0.999,6000.0,420589.0,174.0,406.0,59.96,7.0,49.0,53.0,57.88,32.59,50.84,574.6,42.57,43.24,43.74,60.0,59.5,75.6,1.0,271.1,272.0,270.2,35.08,-1.188,35.1,1962.0,433494.0,13749.0,1967.0,-0.999,0.818,0.791,0.836,29.12,29.09,29.09,21.82,9.58,9.57,9.57,7.177,105.0,105.0,105.0,79.0,2.807,233.4,21.42,5.6,3.497,2.0,-1.0,13.23,0.015,0.324,3.0,2.0,0.0,0.0,49.72,52.18,50.57,50.36,50.78,50.63,50.44,51.53,45.55,48.02,50.21,57.99,52.29,53.15,57.56,54.27,47.88,51.77,53.45
2017-06-30 15:55:00-05:00,564.18115,596.00806,612.69806,557.06366,571.7229,608.75696,570.68665,560.0019,938834.0,46.08,0.0,580.8,588.3,586.2,33.04,328.3,0.0,0.0,0.0,0.0,0.0,0.0,0.0,0.0,326.4,327.5,107.3,-0.4,40.62,41.0,42.0,41.0,0.0,269.0,273.0,272.1,271.0,0.805,0.0,35.46,34.08,-0.212,34.06,0.999,6000.0,420590.0,175.0,406.0,59.96,7.0,49.0,53.0,59.9,32.96,51.37,572.1,42.27,42.92,43.43,60.0,59.5,75.6,1.0,271.0,272.0,270.2,34.84,-1.178,34.86,1962.0,433495.0,13749.0,1967.0,-0.999,0.818,0.791,0.836,28.97,28.98,28.96,21.71,9.51,9.51,9.51,7.129,106.0,106.0,106.0,79.0,1.863,241.5,46.03,4.6,3.497,2.0,-1.0,13.23,0.015,0.323,3.0,2.0,0.0,0.0,50.2,52.47,50.93,50.78,51.17,50.94,50.61,51.54,45.48,48.16,50.31,57.98,52.09,53.19,57.58,54.44,48.07,51.97,53.54
2017-06-30 15:56:00-05:00,561.70886,593.0607,609.6189,554.2829,568.8901,605.9358,567.55035,557.0551,938835.0,46.07,0.0,577.5,585.5,583.4,33.28,327.5,0.0,0.0,0.0,0.0,0.0,0.0,0.0,0.0,325.8,326.8,107.0,-0.4,40.0,41.0,41.88,40.88,0.0,269.0,273.4,272.5,271.3,0.8,0.0,35.27,33.86,-0.287,33.84,0.999,6000.0,420590.0,175.0,406.0,59.97,7.0,49.0,53.0,57.87,33.31,51.61,569.6,41.99,42.64,43.14,60.0,59.5,75.6,1.0,271.3,272.1,270.7,34.63,-1.099,34.65,1962.0,433495.0,13749.0,1967.0,-0.999,0.818,0.791,0.836,28.85,28.86,28.87,21.63,9.45,9.45,9.45,7.083,106.0,106.0,106.0,79.0,1.697,247.7,35.21,3.9,3.495,2.0,-1.0,13.23,0.015,0.323,3.0,2.0,0.0,0.0,50.47,52.89,51.46,51.28,51.61,51.41,50.59,51.6,46.17,48.07,50.4,57.85,52.19,52.97,57.48,54.58,48.19,51.94,53.66
2017-06-30 15:57:00-05:00,560.10187,591.25964,607.25024,552.8264,567.73114,604.46875,566.04486,555.7586,938836.0,46.02,0.0,575.3,584.1,582.0,33.11,327.1,0.0,0.0,0.0,0.0,0.0,0.0,0.0,0.0,325.4,326.4,106.8,-0.39,40.0,41.0,41.17,40.17,0.0,269.0,273.2,272.4,271.2,0.813,0.0,35.11,33.73,-0.3,33.73,0.999,6000.0,420591.0,176.0,406.0,59.98,7.0,49.0,53.0,59.67,32.78,51.71,567.6,41.8,42.44,42.94,60.0,59.5,75.6,1.0,271.3,272.1,270.5,34.47,-1.038,34.48,1962.0,433496.0,13749.0,1967.0,-1.0,0.818,0.791,0.836,28.76,28.76,28.77,21.57,9.41,9.41,9.41,7.054,106.0,106.0,106.0,79.0,2.845,217.3,26.28,4.9,3.497,2.0,-1.0,13.23,0.015,0.323,3.0,2.0,0.0,0.0,50.4,53.04,51.72,51.4,51.82,51.61,50.63,51.75,46.44,48.18,50.5,57.92,52.49,52.91,57.5,54.58,48.27,52.04,53.7
2017-06-30 15:58:00-05:00,560.5963,591.9146,607.4872,552.694,568.2462,604.5816,565.91943,555.9943,938837.0,45.99,0.0,575.3,584.3,582.2,32.97,326.0,0.0,0.0,0.0,0.0,0.0,0.0,0.0,0.0,324.4,325.3,107.0,-0.385,40.0,41.0,41.0,40.0,0.0,269.0,273.1,272.5,271.1,0.822,0.0,35.04,33.7,-0.293,33.69,0.999,6000.0,420591.0,176.0,406.0,59.97,7.0,49.0,53.0,58.18,32.37,51.73,567.2,41.77,42.41,42.92,60.0,59.5,75.6,1.0,271.1,272.0,270.8,34.44,-1.096,34.46,1962.0,433497.0,13749.0,1967.0,-1.0,0.818,0.791,0.836,28.82,28.83,28.83,21.61,9.4,9.4,9.4,7.045,106.0,106.0,106.0,79.0,2.442,208.6,45.8,4.6,3.497,2.0,-1.0,13.24,0.015,0.323,3.0,2.0,0.0,0.0,50.19,52.9,51.53,51.28,51.76,51.55,50.65,51.83,46.54,48.18,50.65,58.11,52.51,53.02,57.62,54.85,48.72,52.26,53.97
2017-06-30 15:59:00-05:00,558.00037,589.2948,604.88165,549.91327,565.4134,601.76044,562.7831,553.4012,938838.0,45.96,0.0,572.3,581.6,579.5,32.94,325.7,0.0,0.0,0.0,0.0,0.0,0.0,0.0,0.0,323.9,324.9,106.3,-0.383,40.0,40.45,41.0,40.0,0.0,269.0,273.5,272.8,271.5,0.827,0.0,34.83,33.49,-0.227,33.48,0.999,6000.0,420592.0,177.0,406.0,59.96,7.0,49.0,53.0,59.32,32.5,51.64,564.0,41.53,42.14,42.62,60.0,59.5,75.6,1.0,271.3,272.1,270.9,34.23,-1.129,34.24,1962.0,433497.0,13749.0,1967.0,-0.999,0.818,0.791,0.836,28.68,28.67,28.68,21.51,9.34,9.34,9.34,7.006,106.0,106.0,106.0,80.0,2.553,174.7,32.74,4.9,3.498,2.0,-1.0,13.23,0.015,0.323,3.0,2.0,0.0,0.0,50.31,52.79,51.49,51.15,51.6,51.58,50.64,52.28,47.01,48.82,51.11,58.3,52.91,53.14,57.79,55.42,49.3,52.73,54.47
2017-06-30 16:00:00-05:00,554.16833,584.87384,600.38135,545.4112,560.649,596.90796,557.76495,549.15784,938839.0,45.93,0.0,568.0,577.0,575.1,33.16,325.6,0.0,0.0,0.0,0.0,0.0,0.0,0.0,0.0,323.9,324.9,105.6,-0.378,39.63,40.0,41.0,40.0,0.0,269.0,273.6,273.0,271.6,0.827,0.0,34.56,33.2,-0.267,33.19,0.999,6000.0,420592.0,177.0,406.0,59.97,7.0,49.0,53.0,58.52,33.04,51.83,559.9,41.15,41.8,42.28,60.0,59.5,75.6,1.0,271.2,272.1,271.0,33.95,-1.078,33.97,1962.0,433498.0,13749.0,1967.0,-1.0,0.818,0.791,0.836,28.45,28.46,28.46,21.33,9.26,9.27,9.26,6.947,106.0,106.0,106.0,80.0,1.757,233.1,39.08,3.1,3.497,2.0,-1.0,13.23,0.015,0.323,3.0,2.0,0.0,0.0,50.46,52.59,51.64,51.27,51.78,51.59,50.69,52.63,47.25,49.14,51.44,58.53,53.23,53.27,57.95,55.79,49.54,53.03,54.8
2017-06-30 16:01:00-05:00,549.59454,579.9617,594.8151,540.64435,555.49835,591.4913,552.11957,544.2073,938840.0,45.9,0.0,563.0,571.9,569.9,33.13,325.3,0.0,0.0,0.0,0.0,0.0,0.0,0.0,0.0,323.6,324.6,104.8,-0.367,39.0,40.0,40.2,39.2,0.0,269.0,273.4,272.7,271.4,0.82,0.0,34.18,32.9,-0.253,32.88,0.999,6000.0,420593.0,178.0,406.0,59.97,7.0,49.0,53.0,59.03,33.01,51.85,555.2,40.76,41.38,41.86,60.0,59.5,75.6,1.0,271.4,272.2,270.8,33.61,-1.083,33.63,1962.0,433498.0,13749.0,1967.0,-0.999,0.818,0.791,0.836,28.2,28.2,28.19,21.13,9.18,9.17,9.17,6.876,107.0,107.0,107.0,80.0,2.762,257.3,22.46,5.4,3.495,2.0,-1.0,13.23,0.015,0.323,3.0,2.0,0.0,0.0,50.44,52.93,51.64,51.4,51.94,51.69,50.56,52.96,47.49,49.18,51.8,58.5,53.41,52.98,57.97,56.21,49.85,53.25,55.18
2017-06-30 16:02:00-05:00,544.89716,575.21326,589.6042,535.74506,551.249,586.6388,546.5996,539.61035,938841.0,45.85,0.0,557.6,566.9,564.9,32.83,324.8,0.0,0.0,0.0,0.0,0.0,0.0,0.0,0.0,323.0,324.0,103.7,-0.34,38.77,39.45,40.0,39.0,0.0,269.0,273.7,272.9,271.7,0.815,0.0,33.86,32.57,-0.223,32.53,0.999,6000.0,420594.0,179.0,406.0,59.96,7.0,49.0,53.0,58.95,32.43,51.48,550.0,40.32,41.0,41.47,60.0,59.5,75.6,1.0,271.8,272.3,271.0,33.29,-1.106,33.31,1962.0,433499.0,13749.0,1967.0,-0.999,0.818,0.791,0.836,27.96,27.96,27.96,20.97,9.08,9.08,9.08,6.811,107.0,107.0,107.0,80.0,3.928,222.2,17.24,5.7,3.497,2.0,-1.0,13.23,0.015,0.322,3.0,2.0,0.0,0.0,50.16,52.81,51.49,51.25,51.86,51.56,50.47,52.92,47.41,48.86,51.76,58.35,53.14,52.5,57.84,55.88,49.37,52.81,54.84
2017-06-30 16:03:00-05:00,538.71643,568.1725,582.26154,528.8595,544.5532,579.5294,539.32336,532.4203,938842.0,45.84,0.0,550.8,560.3,558.3,32.62,325.1,0.0,0.0,0.0,0.0,0.0,0.0,0.0,0.0,323.3,324.3,102.2,-0.37,38.0,39.0,39.95,38.95,0.0,269.2,273.8,272.9,271.8,0.798,0.0,33.48,32.2,-0.26,32.18,0.999,6000.0,420594.0,179.0,406.0,59.97,7.0,49.0,53.0,58.7,32.38,51.37,543.9,39.83,40.51,40.98,60.0,59.5,75.6,1.0,271.8,272.3,271.0,32.9,-1.045,32.91,1962.0,433499.0,13749.0,1967.0,-0.999,0.818,0.791,0.836,27.63,27.63,27.63,20.71,8.98,8.98,8.98,6.733,107.0,107.0,107.0,80.0,3.098,207.1,31.99,6.2,3.497,2.0,-1.0,13.23,0.015,0.322,3.0,2.0,0.0,0.0,49.93,52.81,51.17,50.94,51.59,51.4,50.18,52.66,46.35,49.02,51.46,58.15,52.71,52.5,57.62,55.83,49.61,52.73,54.73
2017-06-30 16:04:00-05:00,538.4691,567.6813,581.6694,528.5947,544.42444,578.6266,538.94696,531.59515,938843.0,45.8,0.0,549.9,559.7,557.6,32.4,325.3,0.0,0.0,0.0,0.0,0.0,0.0,0.0,0.0,323.5,324.5,102.0,-0.367,38.0,39.0,39.7,38.7,0.0,269.0,273.7,272.8,271.7,0.827,0.0,33.44,32.15,-0.288,32.13,0.999,6000.0,420595.0,180.0,406.0,59.97,7.0,49.0,53.0,59.42,32.36,51.1,542.7,39.8,40.47,40.96,60.0,59.5,75.6,1.0,271.7,272.4,270.9,32.86,-1.027,32.88,1962.0,433500.0,13749.0,1967.0,-1.0,0.818,0.791,0.836,27.59,27.59,27.59,20.68,8.97,8.97,8.97,6.728,107.0,107.0,107.0,80.0,4.78,277.4,17.94,6.4,3.497,2.0,-1.0,13.23,0.015,0.322,3.0,2.0,0.0,0.0,49.82,52.65,50.98,50.65,51.31,51.14,49.98,52.49,46.31,48.66,51.29,57.8,52.51,52.11,57.39,55.57,48.63,52.32,54.52
2017-06-30 16:05:00-05:00,536.8621,566.20764,579.65607,527.00574,543.65186,577.3853,536.93976,530.41644,938844.0,45.78,0.0,547.5,558.0,556.1,32.2,326.9,0.0,0.0,0.0,0.0,0.0,0.0,0.0,0.0,325.1,326.1,101.6,-0.388,38.0,39.0,39.25,38.25,0.0,269.1,273.9,273.0,271.9,0.815,0.0,33.43,32.12,-0.29,32.09,0.999,6000.0,420595.0,180.0,406.0,59.97,7.0,48.97,53.0,58.23,32.26,50.63,540.2,39.76,40.42,40.91,60.0,59.5,75.6,1.0,271.9,272.7,271.0,32.85,-1.027,32.86,1962.0,433500.0,13749.0,1967.0,-1.0,0.818,0.791,0.836,27.43,27.42,27.42,20.57,8.97,8.96,8.96,6.723,107.0,107.0,107.0,80.0,3.152,237.7,36.48,5.9,3.497,2.0,-1.0,13.23,0.015,0.322,3.0,2.0,0.0,0.0,49.49,52.32,50.51,50.11,50.88,50.74,49.27,51.49,45.27,47.78,50.39,57.0,51.48,51.21,56.68,54.57,47.47,51.36,53.52
2017-06-30 16:06:00-05:00,530.3105,559.0032,572.3134,520.78235,537.2135,571.29156,530.66705,523.9336,938845.0,45.73,0.0,540.1,551.2,549.5,32.36,330.5,0.0,0.0,0.0,0.0,0.0,0.0,0.0,0.0,328.7,329.7,99.9,-0.4,38.0,38.57,39.03,38.03,0.0,269.1,273.8,273.0,271.8,0.798,0.0,33.14,31.85,-0.3,31.84,0.999,6000.0,420596.0,181.0,406.0,59.98,7.0,49.0,53.0,59.65,32.29,50.43,533.2,39.42,40.08,40.54,60.0,59.5,75.6,1.0,272.0,272.5,271.0,32.56,-0.985,32.58,1962.0,433501.0,13749.0,1967.0,-1.0,0.818,0.791,0.836,26.89,26.89,26.9,20.17,8.89,8.89,8.89,6.666,107.0,107.0,107.0,80.0,3.948,266.8,28.33,8.2,3.497,2.0,-1.0,13.23,0.015,0.322,3.0,2.0,0.0,0.0,49.27,51.9,50.33,49.78,50.59,50.45,48.7,50.9,45.05,47.43,49.79,56.46,51.09,51.09,56.15,53.92,47.25,50.91,52.8
2017-06-30 16:07:00-05:00,526.9729,555.2372,568.4052,517.0747,533.22174,567.229,526.778,519.8081,938846.0,45.71,0.0,536.5,547.3,545.7,32.12,330.8,0.0,0.0,0.0,0.0,0.0,0.0,0.0,0.0,329.0,330.0,99.0,-0.4,37.95,38.0,39.0,38.0,0.0,269.0,273.3,272.6,271.3,0.798,0.0,32.92,31.69,-0.3,31.67,0.999,6000.0,420596.0,181.0,406.0,59.98,7.0,48.8,53.0,58.05,32.22,50.34,529.6,39.18,39.88,40.35,60.0,59.5,75.6,1.0,271.4,272.2,270.8,32.37,-0.98,32.39,1962.0,433501.0,13749.0,1967.0,-1.0,0.818,0.791,0.836,26.72,26.73,26.71,20.03,8.84,8.84,8.84,6.626,107.0,107.0,107.0,80.0,3.535,273.1,26.37,6.4,3.497,2.0,-1.0,13.23,0.015,0.321,3.0,2.0,0.0,0.0,49.25,51.7,50.08,49.54,50.53,50.26,48.49,50.38,44.61,46.77,49.25,56.04,50.25,50.72,55.75,53.26,46.36,50.38,52.1
2017-06-30 16:08:00-05:00,522.3991,550.1613,563.07587,512.8375,529.23,563.1665,522.63806,515.6827,938847.0,45.68,0.0,531.1,542.8,541.2,31.97,330.7,0.0,0.0,0.0,0.0,0.0,0.0,0.0,0.0,329.0,330.0,98.2,-0.4,37.27,38.0,38.47,37.47,0.0,269.0,273.4,272.9,271.4,0.798,0.0,32.66,31.39,-0.3,31.36,0.999,6000.0,420597.0,182.0,406.0,59.98,7.0,49.0,53.0,59.9,31.83,50.02,524.7,38.84,39.51,39.98,60.0,59.5,75.6,1.0,271.6,272.1,271.0,32.08,-0.959,32.1,1962.0,433502.0,13749.0,1967.0,-1.0,0.818,0.791,0.836,26.49,26.48,26.49,19.86,8.76,8.76,8.76,6.57,108.0,108.0,108.0,81.0,3.16,251.4,41.8,5.0,3.497,2.0,-1.0,13.23,0.015,0.321,3.0,2.0,0.0,0.0,49.14,51.66,49.87,49.28,50.37,50.08,48.18,50.14,44.76,46.76,49.03,55.58,50.0,50.64,55.31,52.82,46.5,50.2,51.77
2017-06-30 16:09:00-05:00,520.6685,548.1964,560.9441,510.7189,526.3971,560.571,520.00354,512.5002,938848.0,45.63,0.0,529.5,540.5,538.9,31.87,331.4,0.0,0.0,0.0,0.0,0.0,0.0,0.0,0.0,329.6,330.6,97.5,-0.4,37.02,37.97,38.47,37.47,0.0,269.0,273.1,272.7,271.1,0.805,0.0,32.52,31.27,-0.232,31.26,0.999,6000.0,420597.0,182.0,406.0,59.96,7.0,48.95,53.0,57.82,32.09,50.12,522.9,38.75,39.43,39.88,60.0,59.5,75.6,1.0,271.3,272.0,270.8,31.99,-1.037,32.01,1962.0,433503.0,13749.0,1967.0,-0.999,0.818,0.791,0.836,26.36,26.36,26.36,19.76,8.74,8.73,8.74,6.549,108.0,108.0,108.0,81.0,3.62,234.1,26.84,5.7,3.495,2.0,-1.0,13.23,0.015,0.321,3.0,2.0,0.0,0.0,49.04,51.54,49.82,49.18,50.03,49.85,48.23,50.06,44.67,46.69,48.96,55.38,49.7,50.49,55.11,52.77,46.42,50.19,51.71
2017-06-30 16:10:00-05:00,521.16296,548.36017,560.9441,511.64578,527.81354,561.69946,521.509,514.0325,938849.0,45.61,0.0,529.3,541.4,539.8,32.04,331.5,0.0,0.0,0.0,0.0,0.0,0.0,0.0,0.0,329.9,330.8,97.6,-0.4,37.0,38.0,38.37,37.37,0.0,269.0,273.1,272.2,271.1,0.797,0.0,32.54,31.28,-0.237,31.25,0.999,6000.0,420598.0,183.0,406.0,59.96,7.0,49.0,53.0,59.98,32.46,50.17,522.2,38.74,39.41,39.87,60.0,59.5,75.6,1.0,271.2,272.0,270.4,31.97,-1.036,31.99,1962.0,433503.0,13749.0,1967.0,-0.999,0.818,0.791,0.836,26.33,26.33,26.33,19.74,8.73,8.73,8.73,6.543,108.0,108.0,108.0,81.0,2.025,237.0,58.79,5.2,3.498,2.0,-1.0,13.23,0.015,0.321,3.0,2.0,0.0,0.0,49.19,51.48,49.8,49.14,50.08,49.85,48.31,49.99,45.13,46.69,48.91,55.36,50.01,50.67,55.14,52.72,46.55,50.2,51.7
2017-06-30 16:11:00-05:00,515.9711,542.9568,554.9042,505.8196,521.76154,555.71857,515.73816,508.25687,938850.0,45.57,0.0,523.7,535.5,533.9,32.24,330.6,0.0,0.0,0.0,0.0,0.0,0.0,0.0,0.0,329.0,329.9,96.9,-0.4,36.9,37.3,38.0,37.0,0.0,269.0,273.0,272.2,271.0,0.792,0.0,32.17,30.92,-0.26,30.9,0.999,6000.0,420598.0,183.0,406.0,59.97,7.0,49.0,53.0,57.8,32.47,49.81,517.0,38.28,38.99,39.45,60.0,59.5,75.6,1.0,271.1,272.0,270.3,31.62,-0.991,31.63,1962.0,433504.0,13749.0,1967.0,-1.0,0.818,0.791,0.836,26.12,26.12,26.11,19.59,8.63,8.63,8.63,6.474,108.0,108.0,108.0,81.0,2.697,217.9,58.41,6.4,3.498,2.0,-1.0,13.23,0.015,0.321,3.0,2.0,0.0,0.0,48.92,51.28,49.82,48.99,49.9,49.79,48.37,50.1,44.37,46.55,49.02,55.51,50.13,50.92,55.26,52.79,46.52,50.17,51.8
2017-06-30 16:12:00-05:00,512.13904,539.35455,551.1144,501.71475,517.641,551.20465,511.72363,504.24924,938851.0,45.53,0.0,519.6,531.3,529.9,32.29,330.4,0.0,0.0,0.0,0.0,0.0,0.0,0.0,0.0,328.7,329.6,96.1,-0.4,36.0,37.0,38.0,37.0,0.0,269.1,273.5,272.8,271.5,0.772,0.0,31.93,30.7,-0.247,30.67,0.999,6000.0,420599.0,184.0,406.0,59.96,7.0,49.0,53.0,59.88,31.81,49.12,513.2,37.94,38.66,39.11,60.0,59.5,75.6,1.0,271.9,272.1,270.9,31.37,-1.01,31.39,1962.0,433504.0,13749.0,1967.0,-0.999,0.818,0.791,0.836,25.94,25.94,25.94,19.44,8.57,8.57,8.57,6.425,108.0,108.0,108.0,81.0,3.145,251.2,53.05,6.0,3.497,2.0,-1.0,13.23,0.015,0.32,3.0,2.0,0.0,0.0,48.29,50.68,49.3,48.47,49.54,49.26,47.99,49.6,43.98,46.22,48.54,54.96,49.34,50.3,54.55,52.18,45.42,49.41,51.26
2017-06-30 16:13:00-05:00,510.03757,537.22595,548.7458,499.72858,515.70953,549.5119,509.59097,502.1276,938852.0,45.51,0.0,517.0,529.1,527.7,32.25,330.4,0.0,0.0,0.0,0.0,0.0,0.0,0.0,0.0,328.7,329.5,95.9,-0.4,36.0,37.0,37.62,36.62,0.0,269.0,273.1,272.5,271.2,0.783,0.0,31.74,30.52,-0.185,30.52,0.999,6000.0,420599.0,184.0,406.0,59.95,7.0,48.88,53.0,57.85,31.78,49.07,510.6,37.78,38.51,38.95,60.0,59.5,75.6,1.0,271.5,272.0,270.7,31.23,-1.056,31.25,1962.0,433505.0,13749.0,1967.0,-0.999,0.818,0.791,0.836,25.81,25.8,25.81,19.36,8.53,8.52,8.53,6.394,108.0,108.0,108.0,81.0,2.232,257.2,64.93,4.9,3.497,2.0,-1.0,13.23,0.015,0.32,3.0,2.0,0.0,0.0,48.11,50.59,49.02,48.34,49.3,49.07,47.56,49.4,44.12,46.07,48.36,54.57,49.22,49.69,54.25,51.73,45.35,49.06,50.8
2017-06-30 16:14:00-05:00,505.95825,532.64124,544.2455,495.75616,511.46024,545.4494,505.20004,498.11996,938853.0,45.46,0.0,512.4,524.8,523.4,32.17,330.1,0.0,0.0,0.0,0.0,0.0,0.0,0.0,0.0,328.3,329.3,94.9,-0.4,36.0,36.72,37.0,36.0,0.0,269.2,273.6,272.9,271.6,0.807,0.0,31.47,30.25,-0.207,30.23,0.999,6000.0,420600.0,185.0,406.0,59.96,7.0,48.93,53.0,59.85,31.93,48.99,506.3,37.41,38.09,38.55,60.0,59.5,75.6,1.0,271.7,272.5,270.9,30.92,-1.023,30.94,1962.0,433505.0,13749.0,1967.0,-0.999,0.818,0.791,0.836,25.59,25.59,25.58,19.18,8.45,8.45,8.44,6.332,108.0,108.0,108.0,81.0,3.802,236.5,38.54,7.5,3.497,2.0,-1.0,13.24,0.015,0.32,3.0,2.0,0.0,0.0,48.25,50.45,49.01,48.15,49.3,49.05,47.23,48.94,43.01,45.6,47.86,54.24,49.01,49.38,53.96,51.38,44.86,48.76,50.5
2017-06-30 16:15:00-05:00,501.75534,528.38403,539.38983,491.1217,506.82465,540.7098,500.43283,493.40515,938854.0,45.41,0.0,507.8,519.9,518.6,32.18,330.6,0.0,0.0,0.0,0.0,0.0,0.0,0.0,0.0,329.0,330.0,94.0,-0.4,36.0,36.0,37.0,36.0,0.0,269.3,273.9,273.0,271.9,0.793,0.0,31.23,29.98,-0.26,29.98,0.999,6000.0,420600.0,185.0,406.0,59.97,7.0,48.62,53.0,57.85,31.63,48.45,502.0,37.1,37.8,38.26,60.0,59.5,75.6,1.0,271.9,272.7,271.0,30.7,-0.953,30.71,1962.0,433506.0,13749.0,1967.0,-1.0,0.818,0.791,0.836,25.36,25.35,25.35,19.01,8.38,8.38,8.38,6.286,109.0,109.0,109.0,81.0,3.088,218.5,62.47,5.9,3.497,2.0,-1.0,13.23,0.015,0.319,3.0,2.0,0.0,0.0,47.8,50.08,48.64,47.82,48.87,48.67,47.09,48.53,43.23,45.35,47.5,53.99,48.89,49.11,53.71,50.83,44.48,48.25,49.99
2017-06-30 16:16:00-05:00,498.41772,524.6181,535.9554,488.07617,503.34796,537.4372,497.29654,490.22266,938855.0,45.39,0.0,504.1,516.5,515.3,32.14,330.9,0.0,0.0,0.0,0.0,0.0,0.0,0.0,0.0,329.2,330.2,93.1,-0.4,35.23,36.0,37.0,36.0,0.0,269.0,273.1,272.1,271.1,0.782,0.0,31.01,29.8,-0.162,29.8,0.999,6000.0,420601.0,186.0,406.0,59.95,7.0,48.75,53.0,59.83,31.74,48.26,498.5,36.95,37.64,38.07,60.0,59.5,75.6,1.0,271.1,272.1,270.1,30.47,-1.032,30.49,1962.0,433506.0,13750.0,1967.0,-0.999,0.818,0.791,0.836,25.16,25.16,25.16,18.86,8.32,8.32,8.32,6.241,109.0,109.0,109.0,81.0,3.532,258.3,47.83,5.4,3.497,2.0,-1.0,13.23,0.015,0.319,3.0,2.0,0.0,0.0,47.49,49.73,48.34,47.59,48.44,48.31,46.63,48.05,42.6,45.02,47.02,53.53,48.14,48.76,53.28,50.42,44.22,47.93,49.53
2017-06-30 16:17:00-05:00,498.41772,524.94556,535.4816,488.47342,504.1205,537.8886,497.54742,490.3405,938856.0,45.35,0.0,503.6,516.6,515.3,31.91,332.0,0.0,0.0,0.0,0.0,0.0,0.0,0.0,0.0,330.3,331.2,93.0,-0.4,35.53,36.0,37.0,36.0,0.0,268.9,272.9,272.0,271.0,0.807,0.0,31.07,29.86,-0.137,29.84,0.999,6000.0,420601.0,186.0,406.0,59.95,7.0,48.1,53.0,58.08,31.52,47.72,497.9,36.99,37.7,38.16,60.0,59.5,75.6,1.0,271.0,271.9,270.0,30.52,-1.04,30.54,1962.0,433507.0,13750.0,1967.0,-0.999,0.818,0.791,0.836,25.11,25.12,25.12,18.83,8.34,8.34,8.34,6.249,109.0,109.0,109.0,81.0,4.172,201.7,36.31,7.3,3.497,2.0,-1.0,13.23,0.015,0.319,3.0,2.0,0.0,0.0,47.1,49.52,47.84,47.05,48.19,47.9,46.38,47.64,42.03,44.71,46.56,53.14,47.74,48.63,52.86,50.12,44.3,47.79,49.2
2017-06-30 16:18:00-05:00,494.3384,520.68835,531.09973,484.1038,499.74246,533.149,493.40747,485.74362,938857.0,45.3,0.0,499.0,511.8,510.7,31.97,331.2,0.0,0.0,0.0,0.0,0.0,0.0,0.0,0.0,329.4,330.4,92.1,-0.4,35.0,36.0,36.17,35.17,0.0,269.0,273.0,272.0,271.0,0.805,0.0,30.69,29.51,-0.2,29.49,0.999,6000.0,420602.0,187.0,406.0,59.96,7.0,48.3,53.0,59.63,31.84,47.84,493.5,36.56,37.24,37.71,60.0,59.5,75.6,1.0,271.0,272.0,270.0,30.17,-0.981,30.19,1962.0,433507.0,13750.0,1967.0,-0.999,0.818,0.791,0.836,24.89,24.89,24.9,18.67,8.24,8.24,8.24,6.181,109.0,109.0,109.0,82.0,1.377,228.3,52.93,3.4,3.498,2.0,-1.0,13.23,0.015,0.319,3.0,2.0,0.0,0.0,46.93,49.23,47.69,46.93,47.9,47.64,46.44,47.73,42.21,44.77,46.68,53.19,48.3,48.83,52.9,50.17,44.76,47.91,49.29
2017-06-30 16:19:00-05:00,492.2369,518.23224,528.49426,482.11755,496.6521,530.7792,491.52567,483.2683,938858.0,45.27,0.0,496.5,509.8,509.2,32.19,332.9,0.0,0.0,0.0,0.0,0.0,0.0,0.0,0.0,331.2,332.2,91.5,-0.4,35.0,36.0,36.0,35.0,0.0,269.0,273.0,272.0,271.0,0.803,0.0,30.63,29.41,-0.072,29.42,0.999,6000.0,420602.0,187.0,406.0,59.94,7.0,48.0,53.0,58.2,31.75,48.05,491.5,36.47,37.17,37.66,60.0,59.5,75.6,1.0,271.0,272.0,270.0,30.1,-1.08,30.12,1962.0,433508.0,13750.0,1967.0,-0.999,0.818,0.791,0.836,24.69,24.69,24.7,18.52,8.22,8.22,8.22,6.164,109.0,109.0,109.0,82.0,2.015,244.1,39.88,4.9,3.497,2.0,-1.0,13.23,0.015,0.319,3.0,2.0,0.0,0.0,47.06,49.36,47.68,47.14,48.19,47.8,46.49,47.97,42.69,45.16,46.92,53.4,48.54,49.28,53.12,50.44,45.05,48.24,49.61
2017-06-30 16:20:00-05:00,489.3938,515.285,525.29663,479.4693,493.56168,527.7323,488.5148,480.5573,938859.0,45.21,0.0,493.5,506.9,507.2,32.24,333.9,0.0,0.0,0.0,0.0,0.0,0.0,0.0,0.0,332.3,333.2,90.8,-0.4,35.0,35.45,36.0,35.0,0.0,269.0,273.0,272.0,271.0,0.813,0.0,30.48,29.27,-0.04,29.27,0.999,6000.0,420603.0,188.0,406.0,59.94,7.0,48.0,53.0,59.4,31.7,48.06,488.6,36.24,36.92,37.41,60.0,59.5,75.6,1.0,271.0,272.0,270.0,29.93,-1.088,29.95,1962.0,433508.0,13750.0,1967.0,-0.999,0.818,0.791,0.836,24.49,24.48,24.48,18.35,8.18,8.18,8.17,6.129,109.0,109.0,109.0,82.0,1.92,192.3,67.34,4.4,3.497,2.0,-1.0,13.23,0.015,0.319,3.0,2.0,0.0,0.0,47.17,49.51,47.64,47.09,48.17,47.74,46.59,47.94,42.3,45.28,46.9,53.4,48.48,49.39,53.07,50.53,45.14,48.23,49.73
2017-06-30 16:21:00-05:00,486.05618,511.68274,521.3884,476.29138,489.82748,524.34686,485.253,477.25696,938860.0,45.19,0.0,489.5,503.5,503.9,32.37,334.0,0.0,0.0,0.0,0.0,0.0,0.0,0.0,0.0,332.4,333.3,89.9,-0.4,34.52,35.0,36.0,35.0,0.0,268.9,272.8,272.0,270.9,0.813,0.0,30.23,29.04,-0.065,29.02,0.999,6000.0,420603.0,188.0,406.0,59.94,7.0,48.0,53.0,58.25,31.74,47.72,485.1,36.0,36.68,37.17,60.0,59.5,75.6,1.0,271.0,271.9,270.0,29.7,-1.08,29.72,1962.0,433509.0,13750.0,1967.0,-0.999,0.818,0.791,0.836,24.29,24.28,24.28,18.21,8.11,8.11,8.11,6.082,109.0,109.0,109.0,82.0,3.067,225.9,43.9,5.9,3.497,2.0,-1.0,13.23,0.015,0.319,3.0,2.0,0.0,0.0,47.04,49.62,47.68,47.09,48.11,47.86,46.67,47.93,42.57,45.23,46.88,53.54,48.64,49.4,53.27,50.62,45.48,48.29,49.78
2017-06-30 16:22:00-05:00,482.10046,507.2618,516.53284,471.92175,485.70694,519.7201,480.86212,473.0136,938861.0,45.14,0.0,485.0,499.0,499.6,32.08,333.8,0.0,0.0,0.0,0.0,0.0,0.0,0.0,0.0,332.1,333.1,89.0,-0.4,34.0,35.0,35.63,34.63,0.0,268.2,272.1,271.9,270.2,0.807,0.0,29.94,28.75,-0.012,28.74,0.999,6000.0,420604.0,189.0,406.0,59.93,7.0,48.0,53.0,59.43,31.41,47.31,481.0,35.72,36.39,36.84,60.0,59.5,75.6,1.0,270.6,271.3,269.8,29.41,-1.098,29.43,1962.0,433509.0,13750.0,1967.0,-0.999,0.818,0.791,0.836,24.08,24.09,24.09,18.06,8.04,8.04,8.04,6.028,110.0,110.0,110.0,82.0,3.173,228.9,50.29,5.4,3.497,2.0,-1.0,13.23,0.015,0.319,3.0,2.0,0.0,0.0,46.53,49.28,47.33,46.86,47.88,47.57,46.54,47.64,41.81,44.7,46.64,53.16,48.37,49.21,52.85,50.42,44.99,48.04,49.68
2017-06-30 16:23:00-05:00,479.25732,504.15076,513.2168,468.7438,483.00287,516.5604,477.4749,469.71326,938862.0,45.1,0.0,481.5,495.5,496.1,31.94,333.7,0.0,0.0,0.0,0.0,0.0,0.0,0.0,0.0,332.0,333.0,88.4,-0.4,34.0,34.75,35.2,34.2,0.0,268.5,272.5,272.0,270.7,0.81,0.0,29.73,28.55,-0.06,28.54,0.999,6000.0,420604.0,189.0,406.0,59.94,7.0,48.0,53.0,58.33,31.36,47.1,477.6,35.44,36.11,36.58,60.0,59.5,75.6,1.0,270.9,271.7,270.0,29.21,-1.055,29.23,1962.0,433510.0,13750.0,1967.0,-0.999,0.818,0.791,0.836,23.91,23.9,23.91,17.93,7.981,7.977,7.979,5.984,110.0,110.0,110.0,82.0,1.967,239.9,73.69,4.3,3.497,2.0,-1.0,13.23,0.015,0.318,3.0,2.0,0.0,0.0,46.27,48.88,47.18,46.65,47.57,47.33,46.36,47.54,42.22,44.53,46.49,52.97,48.09,48.86,52.66,49.97,44.78,47.64,49.14
2017-06-30 16:24:00-05:00,474.3127,498.91116,508.12427,463.7121,477.72342,511.8208,472.4568,464.6448,938863.0,45.06,0.0,476.3,490.5,491.1,31.94,333.5,0.0,0.0,0.0,0.0,0.0,0.0,0.0,0.0,331.7,332.7,87.5,-0.4,33.63,34.03,35.0,34.0,0.0,268.1,272.1,272.0,270.2,0.805,0.0,29.36,28.24,-0.017,28.23,0.999,6000.0,420605.0,190.0,406.0,59.93,7.0,48.0,53.0,59.42,31.72,47.36,472.7,35.04,35.69,36.16,60.0,59.5,75.6,1.0,270.6,271.3,270.0,28.86,-1.08,28.88,1962.0,433510.0,13750.0,1967.0,-0.999,0.818,0.791,0.836,23.65,23.65,23.65,17.73,7.888,7.888,7.887,5.913,110.0,110.0,110.0,82.0,3.02,230.8,71.41,5.1,3.497,2.0,-1.0,13.23,0.015,0.318,3.0,2.0,0.0,0.0,46.39,48.74,47.23,46.68,47.61,47.34,46.23,47.53,42.09,44.61,46.48,52.94,47.6,48.87,52.62,49.91,44.78,47.68,49.07
2017-06-30 16:25:00-05:00,473.8182,498.09244,506.94,462.9176,476.5645,510.80515,470.95132,463.23038,938864.0,45.01,0.0,475.3,489.3,490.0,31.92,333.4,0.0,0.0,0.0,0.0,0.0,0.0,0.0,0.0,331.7,332.7,87.1,-0.4,33.32,34.0,35.0,34.0,0.0,268.5,272.3,272.0,270.6,0.805,0.0,29.29,28.13,-0.057,28.13,0.999,6000.0,420605.0,190.0,406.0,59.94,7.0,48.0,53.0,58.22,31.76,47.37,471.6,34.92,35.59,36.05,60.0,59.5,75.6,1.0,271.0,271.8,270.0,28.79,-1.04,28.81,1962.0,433511.0,13750.0,1967.0,-0.999,0.818,0.791,0.836,23.6,23.6,23.59,17.69,7.868,7.868,7.866,5.897,110.0,110.0,110.0,82.0,3.243,255.2,61.51,5.2,3.497,2.0,-1.0,13.24,0.015,0.318,3.0,2.0,0.0,0.0,46.42,48.8,47.27,46.76,47.67,47.32,45.96,47.34,42.43,44.67,46.28,52.8,47.63,48.73,52.47,49.79,44.57,47.61,48.94
2017-06-30 16:26:00-05:00,469.3681,492.8528,501.49222,458.68036,472.444,506.62982,466.93686,459.22278,938865.0,44.97,0.0,470.0,485.0,485.6,31.89,335.2,0.0,0.0,0.0,0.0,0.0,0.0,0.0,0.0,333.5,334.6,86.3,-0.4,33.0,33.92,34.32,33.32,0.0,268.9,273.4,272.8,271.4,0.822,0.0,29.05,27.92,-0.088,27.92,0.999,6000.0,420606.0,191.0,406.0,59.94,7.0,48.0,53.0,59.53,31.2,47.09,467.2,34.54,35.19,35.65,60.0,59.5,75.6,1.0,271.4,272.2,270.9,28.55,-0.999,28.57,1962.0,433511.0,13750.0,1967.0,-0.999,0.818,0.791,0.836,23.28,23.28,23.28,17.45,7.804,7.804,7.804,5.85,110.0,110.0,110.0,82.0,2.165,184.4,59.9,6.0,3.497,2.0,-1.0,13.23,0.015,0.318,3.0,2.0,0.0,0.0,46.29,48.6,47.33,46.53,47.59,47.3,45.87,47.25,42.08,44.26,46.2,52.57,47.3,48.45,52.24,49.7,44.36,47.38,48.8
2017-06-30 16:27:00-05:00,463.8054,487.12198,495.68912,452.58936,466.39197,500.08463,460.53873,453.2114,938866.0,44.94,0.0,464.2,478.8,479.5,31.97,334.8,0.0,0.0,0.0,0.0,0.0,0.0,0.0,0.0,333.2,334.2,85.2,-0.4,32.78,33.0,34.0,33.0,0.0,269.0,273.8,273.0,271.8,0.815,0.0,28.67,27.56,-0.108,27.56,0.999,6000.0,420606.0,191.0,406.0,59.95,7.0,48.0,53.0,58.03,31.04,46.61,461.8,34.06,34.75,35.18,60.0,59.5,75.6,1.0,271.9,272.5,271.0,28.2,-0.971,28.21,1962.0,433512.0,13750.0,1967.0,-0.999,0.818,0.791,0.836,23.01,23.02,23.02,17.26,7.704,7.707,7.707,5.779,110.0,110.0,110.0,82.0,1.682,199.9,57.2,3.2,3.497,2.0,-1.0,13.23,0.015,0.317,3.0,2.0,0.0,0.0,45.92,48.27,46.78,46.15,47.12,46.91,45.43,46.79,41.26,44.04,45.74,52.11,46.85,47.8,51.81,49.2,43.85,46.78,48.34
2017-06-30 16:28:00-05:00,460.34415,483.84723,492.25467,449.41144,463.30157,497.03775,457.52786,450.14676,938867.0,44.89,0.0,460.6,475.6,475.7,31.76,334.6,0.0,0.0,0.0,0.0,0.0,0.0,0.0,0.0,333.0,334.0,84.3,-0.4,32.0,33.0,34.0,33.0,0.0,269.0,273.6,272.9,271.6,0.817,0.0,28.43,27.34,-0.213,27.33,0.999,6000.0,420607.0,192.0,406.0,59.96,7.0,48.0,53.0,59.75,31.05,46.24,458.6,33.78,34.45,34.93,60.0,59.5,75.6,1.0,271.7,272.3,271.0,27.97,-0.885,27.99,1962.0,433512.0,13750.0,1967.0,-1.0,0.818,0.791,0.836,22.86,22.86,22.86,17.14,7.649,7.649,7.649,5.734,110.0,110.0,110.0,83.0,3.488,196.8,24.51,5.4,3.497,2.0,-1.0,13.23,0.015,0.317,3.0,2.0,0.0,0.0,45.64,48.0,46.45,46.05,46.79,46.62,45.4,46.5,41.28,43.68,45.45,51.8,46.79,47.79,51.45,48.88,43.81,46.58,48.03
2017-06-30 16:29:00-05:00,455.89398,479.59003,487.7543,444.64456,459.05228,492.29813,453.01154,445.90344,938868.0,44.86,0.0,456.0,471.0,469.9,31.59,335.5,0.0,0.0,0.0,0.0,0.0,0.0,0.0,0.0,333.8,334.8,83.3,-0.4,32.0,33.0,33.07,32.07,0.0,269.2,273.9,273.0,271.9,0.815,0.0,28.2,27.09,-0.257,27.08,0.999,6000.0,420607.0,192.0,406.0,59.97,7.0,48.0,53.0,57.82,30.99,45.97,454.0,33.47,34.16,34.6,60.0,59.5,75.6,1.0,271.9,272.8,271.0,27.73,-0.837,27.74,1962.0,433513.0,13750.0,1967.0,-1.0,0.818,0.791,0.836,22.59,22.59,22.6,16.95,7.58,7.579,7.581,5.685,110.0,110.0,110.0,83.0,2.428,178.3,37.33,4.3,3.497,2.0,-1.0,13.23,0.015,0.317,3.0,2.0,0.0,0.0,45.21,47.81,46.33,45.78,46.64,46.47,45.3,46.12,40.76,43.49,45.09,51.69,46.89,47.6,51.35,48.85,43.94,46.52,47.96
2017-06-30 16:30:00-05:00,455.2759,478.7713,486.68845,443.71765,458.15094,491.05682,452.38425,445.07834,938869.0,44.81,0.0,454.8,470.1,468.6,31.77,335.7,0.0,0.0,0.0,0.0,0.0,0.0,0.0,0.0,334.0,335.0,83.0,-0.4,32.0,32.83,33.0,32.0,0.0,269.1,273.7,273.0,271.7,0.818,0.0,28.13,27.03,-0.163,27.02,0.999,6000.0,420607.0,192.0,406.0,59.95,7.0,48.0,53.0,59.9,31.38,45.64,452.9,33.41,34.04,34.52,60.0,59.5,75.6,1.0,271.7,272.6,271.0,27.65,-0.908,27.67,1962.0,433513.0,13750.0,1967.0,-0.999,0.818,0.791,0.836,22.52,22.52,22.52,16.88,7.559,7.56,7.562,5.668,111.0,111.0,111.0,83.0,3.202,265.3,48.57,5.9,3.497,2.0,-1.0,13.23,0.015,0.317,3.0,2.0,0.0,0.0,44.86,47.76,46.29,45.8,46.67,46.44,45.09,45.82,40.82,43.19,44.82,51.56,46.52,47.27,51.16,48.79,43.78,46.41,47.88
2017-06-30 16:31:00-05:00,452.18552,475.33282,483.13553,441.0694,455.1893,488.23563,449.6243,442.1316,938870.0,44.76,0.0,451.2,466.9,465.5,31.66,336.5,0.0,0.0,0.0,0.0,0.0,0.0,0.0,0.0,334.9,335.9,82.7,-0.4,32.0,32.07,33.0,32.0,0.0,269.4,274.0,273.0,272.0,0.823,0.0,27.97,26.88,-0.287,26.86,0.999,6000.0,420608.0,193.0,406.0,59.97,7.0,48.0,53.0,57.65,30.95,45.34,449.8,33.15,33.82,34.3,60.0,59.5,75.6,1.0,272.0,273.0,271.0,27.48,-0.796,27.49,1962.0,433513.0,13750.0,1967.0,-1.0,0.818,0.791,0.836,22.33,22.33,22.33,16.74,7.514,7.513,7.515,5.634,111.0,111.0,111.0,83.0,3.017,207.1,33.02,5.2,3.494,2.0,-1.0,13.23,0.015,0.316,3.0,2.0,0.0,0.0,44.57,47.47,46.14,45.52,46.4,46.19,44.57,45.38,40.11,42.87,44.41,51.0,46.13,46.7,50.6,48.22,43.17,45.89,47.34
2017-06-30 16:32:00-05:00,448.35345,471.56683,479.46417,437.3618,451.84137,484.73734,445.6098,438.59546,938871.0,44.7,0.0,447.1,462.9,461.5,31.49,338.7,0.0,0.0,0.0,0.0,0.0,0.0,0.0,0.0,337.1,338.0,81.4,-0.4,31.35,32.0,33.0,32.0,0.0,269.2,274.0,273.0,272.0,0.825,0.0,27.74,26.64,-0.25,26.64,0.999,6000.0,420608.0,193.0,406.0,59.97,7.0,48.0,53.0,59.97,31.09,45.08,445.7,32.89,33.55,34.03,60.0,59.5,75.6,1.0,272.0,272.9,271.0,27.26,-0.814,27.27,1962.0,433514.0,13750.0,1967.0,-1.0,0.818,0.791,0.836,22.02,22.02,22.02,16.51,7.457,7.457,7.456,5.591,111.0,111.0,111.0,83.0,3.327,250.5,35.78,7.7,3.497,2.0,-1.0,13.23,0.015,0.316,3.0,2.0,0.0,0.0,44.38,47.24,45.73,45.37,46.17,45.87,44.41,45.16,40.18,42.77,44.21,50.91,45.94,46.6,50.51,47.94,42.91,45.72,47.01
2017-06-30 16:33:00-05:00,443.9033,466.6547,474.49014,432.99216,447.33453,479.99774,441.09348,433.88065,938872.0,44.64,0.0,442.4,458.1,456.7,31.47,338.5,0.0,0.0,0.0,0.0,0.0,0.0,0.0,0.0,336.9,337.9,80.9,-0.4,31.0,32.0,32.32,31.32,0.0,269.3,273.9,273.0,271.9,0.817,0.0,27.46,26.37,-0.207,26.37,0.999,6000.0,420609.0,194.0,406.0,59.96,7.0,48.0,53.0,57.72,31.03,45.03,441.3,32.55,33.22,33.7,60.0,59.5,75.6,1.0,272.0,272.9,271.0,26.99,-0.847,27.0,1962.0,433514.0,13750.0,1967.0,-1.0,0.818,0.791,0.836,21.81,21.81,21.81,16.35,7.383,7.381,7.381,5.535,111.0,111.0,111.0,83.0,2.727,200.4,73.22,6.6,3.497,2.0,-1.0,13.23,0.015,0.316,3.0,2.0,0.0,0.0,44.33,47.01,45.43,45.0,45.96,45.61,44.3,44.95,39.93,42.68,43.96,50.59,45.82,46.51,50.13,47.63,42.67,45.43,46.77
2017-06-30 16:34:00-05:00,442.2963,465.0173,472.35843,431.4032,445.5318,478.305,439.0862,431.87686,938873.0,44.59,0.0,440.2,456.2,454.7,31.34,337.8,0.0,0.0,0.0,0.0,0.0,0.0,0.0,0.0,336.2,337.2,80.5,-0.4,31.0,31.77,32.0,31.0,0.0,269.3,274.0,273.0,272.0,0.817,0.0,27.33,26.21,-0.172,26.21,0.999,6000.0,420609.0,194.0,406.0,59.96,7.0,48.0,53.0,60.0,30.88,44.71,439.4,32.36,33.04,33.49,60.0,59.5,75.6,1.0,272.0,272.9,271.0,26.83,-0.868,26.84,1962.0,433515.0,13750.0,1967.0,-0.999,0.818,0.791,0.836,21.73,21.73,21.73,16.29,7.341,7.341,7.34,5.504,111.0,111.0,111.0,83.0,3.83,202.6,42.88,7.9,3.498,2.0,-1.0,13.23,0.015,0.316,3.0,2.0,0.0,0.0,43.99,46.83,45.33,44.75,45.74,45.48,44.31,45.17,40.43,42.58,44.19,50.51,45.83,46.64,50.07,47.64,42.85,45.34,46.77
2017-06-30 16:35:00-05:00,438.71143,460.92383,468.21338,428.09286,441.66882,474.12967,435.44806,427.98715,938874.0,44.55,0.0,436.0,452.4,450.9,31.33,337.2,0.0,0.0,0.0,0.0,0.0,0.0,0.0,0.0,335.5,336.5,79.67,-0.4,31.0,31.0,32.0,31.0,0.0,269.1,273.8,272.9,271.8,0.822,0.0,27.03,25.96,-0.143,25.96,0.999,6000.0,420610.0,195.0,406.0,59.95,7.0,48.0,53.0,57.67,31.05,44.66,435.7,32.06,32.73,33.21,60.0,59.5,75.6,1.0,271.8,272.6,271.0,26.57,-0.867,26.59,1962.0,433515.0,13750.0,1967.0,-0.999,0.818,0.791,0.836,21.56,21.56,21.56,16.17,7.271,7.27,7.27,5.452,111.0,111.0,111.0,83.0,3.355,269.1,48.96,5.3,3.498,2.0,-1.0,13.23,0.015,0.315,3.0,2.0,0.0,0.0,43.89,46.69,44.99,44.59,45.43,45.22,43.92,45.04,39.75,42.75,44.01,50.31,45.29,46.22,49.89,47.57,42.62,45.28,46.73
2017-06-30 16:36:00-05:00,437.22803,459.28644,466.43695,426.76874,440.50992,472.88834,433.94266,426.5727,938875.0,44.5,0.0,434.2,450.9,449.4,31.41,337.1,0.0,0.0,0.0,0.0,0.0,0.0,0.0,0.0,335.5,336.6,79.0,-0.4,30.82,31.0,32.0,31.0,0.0,269.0,273.1,272.2,271.1,0.817,0.0,26.9,25.83,-0.093,25.84,0.999,6000.0,420610.0,195.0,406.0,59.94,7.0,48.0,53.0,59.9,31.21,44.76,433.7,31.97,32.62,33.09,60.0,59.5,75.6,1.0,271.1,272.1,270.2,26.44,-0.908,26.46,1962.0,433516.0,13750.0,1967.0,-0.999,0.818,0.791,0.836,21.46,21.46,21.46,16.09,7.235,7.235,7.235,5.424,111.0,111.0,111.0,83.0,2.673,244.0,48.04,5.2,3.493,2.0,-1.0,13.24,0.015,0.315,3.0,2.0,0.0,0.0,43.92,46.67,44.88,44.48,45.35,45.06,43.71,44.82,39.99,42.46,43.82,50.09,45.34,46.15,49.7,47.27,42.25,44.98,46.41
2017-06-30 16:37:00-05:00,434.5085,456.83035,463.5946,424.25287,437.9346,470.29285,431.05722,423.7438,938876.0,44.47,0.0,431.2,448.0,446.6,31.22,336.5,0.0,0.0,0.0,0.0,0.0,0.0,0.0,0.0,335.0,335.9,78.88,-0.4,30.0,31.0,32.0,31.0,0.0,269.0,273.0,272.0,271.0,0.813,0.0,26.64,25.65,-0.252,25.64,0.999,6000.0,420610.0,195.0,406.0,59.97,7.0,48.0,53.0,57.88,30.94,44.43,431.0,31.72,32.38,32.84,60.0,59.5,75.6,1.0,271.0,272.0,270.0,26.23,-0.783,26.25,1962.0,433516.0,13750.0,1967.0,-1.0,0.818,0.791,0.836,21.33,21.33,21.33,15.99,7.178,7.177,7.178,5.382,111.0,111.0,111.0,83.0,4.288,223.3,20.42,7.9,3.498,2.0,-1.0,13.24,0.015,0.315,3.0,2.0,0.0,0.0,43.95,46.54,44.83,44.33,45.29,44.93,43.45,44.72,40.27,42.31,43.8,49.77,45.14,45.88,49.35,47.03,42.02,44.81,46.18
2017-06-30 16:38:00-05:00,433.1487,455.35672,461.93658,422.6639,436.64694,468.82584,429.1754,422.32935,938877.0,44.42,0.0,428.9,446.1,444.6,31.05,337.8,0.0,0.0,0.0,0.0,0.0,0.0,0.0,0.0,336.2,337.1,78.27,-0.4,30.0,31.0,31.3,30.3,0.0,269.0,273.0,272.0,271.0,0.807,0.0,26.6,25.53,-0.25,25.53,0.999,6000.0,420611.0,196.0,406.0,59.97,7.0,48.0,53.0,59.72,31.14,44.47,428.8,31.59,32.28,32.72,60.0,59.5,75.6,1.0,271.0,272.0,270.0,26.14,-0.768,26.15,1962.0,433517.0,13750.0,1967.0,-1.0,0.818,0.791,0.836,21.18,21.18,21.18,15.88,7.155,7.155,7.152,5.364,112.0,112.0,112.0,83.0,2.918,243.7,30.83,5.9,3.498,2.0,-1.0,13.23,0.015,0.315,3.0,2.0,0.0,0.0,43.73,46.39,44.57,44.13,45.17,44.71,43.44,44.87,40.52,42.48,43.93,49.69,45.01,45.75,49.32,46.92,41.9,44.52,46.08
2017-06-30 16:39:00-05:00,429.6875,451.59073,457.6731,418.8239,433.17023,465.32755,425.66275,418.79324,938878.0,44.38,0.0,424.7,442.3,440.7,31.2,339.6,0.0,0.0,0.0,0.0,0.0,0.0,0.0,0.0,338.0,339.0,77.18,-0.4,30.0,31.0,31.0,30.0,0.0,269.0,273.0,272.0,271.0,0.807,0.0,26.42,25.36,-0.215,25.36,0.999,6000.0,420611.0,196.0,406.0,59.96,7.0,48.0,53.0,58.03,31.04,44.41,425.0,31.36,32.05,32.5,60.0,59.5,75.6,1.0,271.0,272.0,270.1,25.96,-0.795,25.97,1962.0,433517.0,13750.0,1967.0,-1.0,0.818,0.791,0.836,20.92,20.91,20.92,15.68,7.103,7.103,7.105,5.325,112.0,112.0,112.0,84.0,2.97,206.7,40.42,5.4,3.494,2.0,-1.0,13.24,0.025,0.315,3.0,2.0,0.0,0.0,43.63,46.34,44.44,43.97,45.14,44.59,43.47,44.84,40.37,42.3,43.85,49.52,45.05,45.68,49.12,46.78,41.97,44.52,45.92
2017-06-30 16:40:00-05:00,427.09158,448.64343,454.5939,415.7784,429.69354,461.7164,422.0246,415.25714,938879.0,44.32,0.0,421.5,438.6,437.0,31.18,339.0,0.0,0.0,0.0,0.0,0.0,0.0,0.0,0.0,337.3,338.3,76.9,-0.4,30.0,30.3,31.0,30.0,0.0,269.0,273.0,272.0,271.0,0.808,0.0,26.16,25.12,-0.108,25.11,0.999,6000.0,420612.0,197.0,406.0,59.95,7.0,48.0,53.0,59.53,30.92,44.2,421.9,31.07,31.75,32.2,60.0,59.5,75.6,1.0,271.0,272.0,270.1,25.71,-0.866,25.73,1962.0,433517.0,13750.0,1967.0,-0.999,0.818,0.791,0.836,20.77,20.77,20.77,15.57,7.04,7.041,7.041,5.277,112.0,112.0,112.0,84.0,3.173,233.3,39.21,5.5,3.497,2.0,-1.0,13.27,0.018,0.314,3.0,2.0,0.0,0.0,43.41,45.92,44.26,43.82,44.85,44.46,43.16,44.59,40.01,42.23,43.63,49.33,44.88,45.47,48.92,46.64,41.56,44.44,45.87
2017-06-30 16:41:00-05:00,421.28165,442.74884,448.67242,410.08463,423.89905,455.84833,416.25375,409.71725,938880.0,44.28,0.0,415.3,432.5,430.4,31.12,339.5,0.0,0.0,0.0,0.0,0.0,0.0,0.0,0.0,337.9,338.9,75.47,-0.4,29.13,30.0,30.63,29.63,0.0,269.0,273.0,272.0,271.0,0.808,0.0,25.8,24.76,-0.157,24.75,0.999,6000.0,420612.0,197.0,406.0,59.95,7.0,48.0,53.0,58.28,31.33,44.07,416.2,30.62,31.31,31.75,60.0,59.5,75.6,1.0,271.0,272.0,270.0,25.35,-0.823,25.37,1962.0,433518.0,13750.0,1967.0,-0.999,0.818,0.791,0.836,20.43,20.43,20.44,15.32,6.937,6.938,6.941,5.202,112.0,112.0,112.0,84.0,3.193,242.7,26.86,6.0,3.494,2.0,-1.0,13.27,0.017,0.314,3.0,2.0,0.0,0.0,43.26,45.74,44.05,43.71,44.67,44.23,43.08,44.66,40.49,42.01,43.69,49.2,45.11,45.28,48.84,46.5,41.83,44.35,45.72
2017-06-30 16:42:00-05:00,415.84256,437.18173,442.86935,404.25842,418.10455,449.75458,410.10654,403.47012,938881.0,44.23,0.0,409.4,426.4,423.9,31.35,340.1,0.0,0.0,0.0,0.0,0.0,0.0,0.0,0.0,338.4,339.5,74.25,-0.4,29.0,29.75,30.0,29.0,0.0,269.0,273.0,272.0,271.0,0.802,0.0,25.43,24.4,-0.19,24.4,0.999,6000.0,420613.0,198.0,406.0,59.96,7.0,48.0,53.0,59.12,31.11,43.92,410.8,30.18,30.88,31.32,60.0,59.5,75.6,1.0,271.0,272.0,270.0,24.99,-0.786,25.0,1962.0,433518.0,13750.0,1967.0,-1.0,0.818,0.791,0.836,20.11,20.12,20.11,15.07,6.839,6.842,6.84,5.124,112.0,112.0,112.0,84.0,2.98,226.4,52.46,5.6,3.498,2.0,-1.0,13.27,0.016,0.313,3.0,2.0,0.0,0.0,43.08,45.61,43.99,43.55,44.61,44.07,43.28,44.63,39.88,42.38,43.71,49.28,45.08,45.61,48.89,46.71,42.28,44.62,45.92
2017-06-30 16:43:00-05:00,410.6507,431.61465,437.30313,398.69708,412.43884,444.11218,404.96298,398.0481,938882.0,44.18,0.0,404.1,421.1,418.5,31.32,340.5,0.0,0.0,0.0,0.0,0.0,0.0,0.0,0.0,339.0,340.0,73.0,-0.4,28.15,29.0,30.0,29.0,0.0,269.0,273.0,272.1,271.0,0.798,0.0,25.1,24.1,-0.24,24.09,0.999,6000.0,420613.0,198.0,406.0,59.96,7.0,48.0,53.0,58.73,30.85,43.75,406.0,29.76,30.46,30.87,60.0,59.5,75.6,1.0,271.0,272.0,270.3,24.66,-0.726,24.67,1962.0,433519.0,13750.0,1967.0,-1.0,0.818,0.791,0.836,19.84,19.83,19.84,14.88,6.755,6.753,6.755,5.065,112.0,112.0,112.0,84.0,3.933,228.5,25.88,6.4,3.498,2.0,-1.0,13.27,0.016,0.313,3.0,2.0,0.0,0.0,42.91,45.52,43.82,43.5,44.41,43.92,43.33,44.67,40.33,42.32,43.72,49.37,45.23,45.59,49.04,46.88,42.31,44.74,46.04
2017-06-30 16:44:00-05:00,403.60464,424.2464,429.84204,392.2088,406.12927,437.3413,398.69028,392.03668,938883.0,44.14,0.0,396.5,414.3,411.7,31.15,341.5,0.0,0.0,0.0,0.0,0.0,0.0,0.0,0.0,340.0,341.0,71.9,-0.4,27.93,28.83,29.07,28.07,0.0,269.0,273.0,272.0,271.0,0.8,0.0,24.69,23.64,-0.283,23.63,0.999,6000.0,420613.0,198.0,406.0,59.97,7.0,48.0,53.0,58.62,31.03,43.69,398.9,29.23,29.92,30.36,60.0,59.5,75.6,1.0,271.0,272.0,270.1,24.22,-0.664,24.23,1962.0,433519.0,13750.0,1967.0,-1.0,0.818,0.791,0.836,19.42,19.41,19.42,14.56,6.633,6.63,6.632,4.973,112.0,112.0,112.0,84.0,3.23,284.3,43.3,5.6,3.498,2.0,-1.0,13.27,0.016,0.313,3.0,2.0,0.0,0.0,42.92,45.3,43.6,43.3,44.23,43.74,43.09,44.53,40.04,42.23,43.61,49.06,44.54,45.15,48.72,46.69,41.98,44.48,45.9
2017-06-30 16:45:00-05:00,399.89618,419.9892,425.4601,387.83917,401.1074,432.48886,393.67215,386.61465,938884.0,44.08,0.0,392.5,409.5,407.0,31.26,340.5,0.0,0.0,0.0,0.0,0.0,0.0,0.0,0.0,339.0,340.0,71.03,-0.4,27.78,28.0,28.97,27.97,0.0,269.0,273.0,272.0,271.0,0.8,0.0,24.39,23.37,-0.177,23.37,0.999,6000.0,420614.0,199.0,406.0,59.96,7.0,48.0,53.0,59.33,31.14,43.85,395.6,28.88,29.57,30.0,60.0,59.5,75.6,1.0,271.0,272.0,270.1,23.93,-0.749,23.95,1962.0,433519.0,13750.0,1967.0,-1.0,0.818,0.791,0.836,19.27,19.28,19.27,14.44,6.561,6.563,6.562,4.917,112.0,112.0,112.0,84.0,2.933,220.0,48.44,5.8,3.497,2.0,-1.0,13.27,0.016,0.312,3.0,2.0,0.0,0.0,43.01,45.34,43.6,43.26,44.18,43.69,42.93,44.2,39.5,42.14,43.29,48.76,44.66,45.07,48.44,46.45,42.03,44.29,45.59
2017-06-30 16:46:00-05:00,401.37955,421.46286,426.28912,389.69296,402.91013,434.40726,395.30307,388.61847,938885.0,44.05,0.0,393.5,411.2,408.9,31.44,340.4,0.0,0.0,0.0,0.0,0.0,0.0,0.0,0.0,338.7,339.8,71.33,-0.4,27.87,28.0,29.0,28.0,0.0,269.0,272.9,272.3,271.0,0.805,0.0,24.42,23.44,-0.133,23.44,0.999,6000.0,420614.0,199.0,406.0,59.95,7.0,48.0,53.0,58.18,30.91,43.93,396.4,28.95,29.66,30.07,60.0,59.5,75.6,1.0,271.0,272.0,270.7,24.0,-0.784,24.01,1962.0,433520.0,13750.0,1967.0,-0.999,0.818,0.791,0.836,19.32,19.31,19.32,14.49,6.574,6.572,6.574,4.931,112.0,112.0,112.0,84.0,3.487,187.3,26.64,6.9,3.498,2.0,-1.0,13.27,0.016,0.312,3.0,2.0,0.0,0.0,43.06,45.36,43.64,43.18,44.2,43.74,43.11,44.4,40.18,42.2,43.43,48.86,45.1,45.15,48.53,46.83,42.98,44.62,45.97
2017-06-30 16:47:00-05:00,398.53638,418.3518,423.09152,386.3826,399.30466,430.4576,391.79037,385.20023,938886.0,43.99,0.0,390.3,407.7,405.4,31.46,340.9,0.0,0.0,0.0,0.0,0.0,0.0,0.0,0.0,339.4,340.4,70.38,-0.4,27.0,28.0,29.0,28.0,0.0,269.0,273.0,272.2,271.0,0.795,0.0,24.21,23.27,-0.025,23.27,0.999,6000.0,420615.0,200.0,406.0,59.93,7.0,48.0,53.0,59.83,30.68,43.63,393.4,28.71,29.41,29.81,60.0,59.5,75.6,1.0,271.0,272.0,270.4,23.79,-0.856,23.81,1962.0,433520.0,13750.0,1967.0,-0.999,0.818,0.791,0.836,19.13,19.13,19.13,14.35,6.522,6.523,6.523,4.891,113.0,113.0,113.0,84.0,2.85,197.6,33.72,5.4,3.498,2.0,-1.0,13.27,0.016,0.312,3.0,2.0,0.0,0.0,42.73,45.33,43.43,43.0,43.97,43.51,43.29,44.39,39.8,42.19,43.42,48.93,45.17,45.28,48.61,47.06,42.99,44.7,46.19
2017-06-30 16:48:00-05:00,401.13232,421.13538,425.57855,388.50122,401.1074,432.71457,394.17398,387.204,938887.0,43.95,0.0,392.3,410.0,407.7,31.63,341.7,0.0,0.0,0.0,0.0,0.0,0.0,0.0,0.0,340.2,341.2,70.63,-0.4,27.57,28.0,29.0,28.0,0.0,269.0,273.0,272.5,271.0,0.807,0.0,24.35,23.32,-0.138,23.33,0.999,6000.0,420615.0,200.0,406.0,59.95,7.0,48.0,53.0,57.82,30.95,43.63,395.2,28.84,29.54,29.95,60.0,59.5,75.6,1.0,271.0,272.0,270.9,23.91,-0.776,23.93,1962.0,433521.0,13750.0,1967.0,-0.999,0.818,0.791,0.836,19.18,19.17,19.17,14.37,6.553,6.551,6.551,4.911,113.0,113.0,113.0,84.0,1.828,211.1,36.41,4.2,3.498,2.0,-1.0,13.27,0.016,0.312,3.0,2.0,0.0,0.0,42.62,45.45,43.47,43.14,44.07,43.53,43.53,44.4,39.8,42.43,43.45,49.15,45.58,45.6,48.81,47.14,43.39,44.82,46.23
2017-06-30 16:49:00-05:00,400.14337,419.82547,423.8021,387.57434,399.9485,431.92465,393.54672,386.73254,938888.0,43.89,0.0,390.6,408.8,406.6,31.56,343.7,0.0,0.0,0.0,0.0,0.0,0.0,0.0,0.0,342.2,343.3,69.77,-0.4,27.07,28.0,28.78,27.78,0.0,269.0,273.0,272.0,271.0,0.813,0.0,24.21,23.2,-0.23,23.2,0.999,6000.0,420615.0,200.0,406.0,59.96,7.0,48.0,53.0,60.02,30.81,43.48,393.6,28.65,29.33,29.75,60.0,59.5,75.6,1.0,271.0,272.0,270.2,23.74,-0.695,23.75,1962.0,433521.0,13750.0,1967.0,-1.0,0.818,0.791,0.836,18.93,18.94,18.92,14.19,6.507,6.509,6.505,4.878,113.0,113.0,113.0,84.0,2.482,214.3,43.85,5.3,3.498,2.0,-1.0,13.27,0.016,0.312,3.0,2.0,0.0,0.0,42.54,45.38,43.48,43.17,43.99,43.63,43.63,44.24,39.57,42.32,43.28,49.27,45.39,45.5,48.83,47.16,43.15,44.81,46.26
2017-06-30 16:50:00-05:00,397.30023,417.04193,421.0782,384.92606,397.37317,429.21628,390.78674,384.37515,938889.0,43.85,0.0,387.5,406.1,403.8,31.55,345.9,0.0,0.0,0.0,0.0,0.0,0.0,0.0,0.0,344.3,345.3,68.65,-0.4,27.0,27.93,28.0,27.0,0.0,269.0,273.0,272.4,271.0,0.813,0.0,23.88,22.91,-0.16,22.91,0.999,6000.0,420616.0,201.0,406.0,59.95,7.0,48.0,53.0,57.68,30.88,43.45,390.8,28.27,28.95,29.4,60.0,59.5,75.6,1.0,271.0,272.0,270.8,23.46,-0.742,23.47,1962.0,433521.0,13750.0,1967.0,-1.0,0.818,0.791,0.836,18.58,18.59,18.57,13.92,6.427,6.431,6.423,4.815,113.0,113.0,113.0,84.0,2.145,208.8,37.53,3.7,3.497,2.0,-1.0,13.27,0.016,0.312,3.0,2.0,0.0,0.0,42.46,45.34,43.46,43.14,43.88,43.53,43.62,44.11,39.94,42.26,43.14,49.12,45.0,45.25,48.63,46.97,42.85,44.7,46.1
2017-06-30 16:51:00-05:00,394.0862,413.43967,417.17,382.2778,394.5403,426.6208,388.0268,381.78198,938890.0,43.8,0.0,383.8,403.1,401.0,31.52,346.8,0.0,0.0,0.0,0.0,0.0,0.0,0.0,0.0,345.2,346.2,67.67,-0.4,26.82,27.0,28.0,27.0,0.0,269.0,273.2,272.8,271.2,0.81,0.0,23.58,22.62,-0.162,22.62,0.999,6000.0,420616.0,201.0,406.0,59.95,7.0,48.0,53.0,59.83,31.0,43.52,387.6,27.88,28.56,29.02,60.0,59.5,75.6,1.0,271.5,272.0,271.0,23.15,-0.726,23.16,1962.0,433522.0,13750.0,1967.0,-1.0,0.818,0.791,0.836,18.31,18.3,18.29,13.73,6.35,6.344,6.343,4.759,113.0,113.0,113.0,85.0,2.782,162.7,58.79,7.3,3.497,2.0,-1.0,13.27,0.016,0.312,3.0,2.0,0.0,0.0,42.61,45.44,43.42,43.01,43.89,43.55,43.66,44.13,39.54,42.01,43.16,49.02,45.08,45.27,48.46,46.84,42.71,44.62,46.03
2017-06-30 16:52:00-05:00,389.63608,408.85498,412.4328,378.17294,390.4198,422.10687,383.25955,377.18503,938891.0,43.75,0.0,379.2,398.6,396.4,31.58,347.1,0.0,0.0,0.0,0.0,0.0,0.0,0.0,0.0,345.7,346.7,66.65,-0.4,26.0,27.0,27.47,26.47,0.0,269.0,273.3,272.5,271.3,0.807,0.0,23.28,22.32,-0.183,22.31,0.999,6000.0,420616.0,201.0,406.0,59.96,7.0,48.0,53.0,58.08,31.23,43.54,383.3,27.51,28.16,28.64,60.0,59.5,75.6,1.0,271.4,272.0,270.8,22.84,-0.685,22.85,1962.0,433522.0,13750.0,1967.0,-1.0,0.818,0.791,0.836,18.04,18.05,18.05,13.53,6.262,6.267,6.266,4.696,113.0,113.0,113.0,85.0,1.197,251.7,58.01,2.7,3.497,2.0,-1.0,13.27,0.016,0.312,3.0,2.0,0.0,0.0,42.64,45.4,43.39,42.98,43.78,43.46,43.6,44.08,39.9,42.06,43.13,48.89,44.93,45.32,48.35,46.78,42.94,44.6,46.04
2017-06-30 16:53:00-05:00,386.6693,405.90768,409.2352,375.12744,387.20062,418.94714,379.99777,374.00253,938892.0,43.7,0.0,375.8,395.3,393.2,31.66,349.0,0.0,0.0,0.0,0.0,0.0,0.0,0.0,0.0,347.6,348.6,64.82,-0.4,26.0,26.43,27.0,26.0,0.0,269.0,273.3,272.9,271.3,0.82,0.0,22.84,21.89,-0.292,21.89,0.999,6000.0,420617.0,202.0,406.0,59.97,7.0,48.0,53.0,59.27,30.89,43.36,380.1,26.99,27.67,28.13,60.0,59.5,75.6,1.0,271.4,272.1,271.0,22.43,-0.593,22.44,1962.0,433523.0,13750.0,1967.0,-1.0,0.818,0.791,0.836,17.63,17.63,17.64,13.21,6.152,6.153,6.157,4.61,113.0,113.0,113.0,85.0,2.32,183.9,44.68,4.8,3.497,2.0,-1.0,13.27,0.016,0.312,3.0,2.0,0.0,0.0,42.43,45.32,43.24,42.95,43.79,43.34,43.59,43.96,39.49,42.1,43.03,48.9,45.17,45.41,48.36,46.64,42.59,44.46,45.88
2017-06-30 16:54:00-05:00,383.20807,401.978,405.09015,371.55228,383.33762,415.33603,376.61053,370.46643,938893.0,43.66,0.0,371.7,391.6,389.5,31.54,349.2,0.0,0.0,0.0,0.0,0.0,0.0,0.0,0.0,347.7,348.7,63.97,-0.4,25.17,26.0,27.0,26.0,0.0,269.0,273.7,273.0,271.7,0.813,0.0,22.58,21.62,-0.25,21.62,0.999,6000.0,420617.0,202.0,406.0,59.97,7.0,48.0,53.0,58.63,31.02,43.45,376.6,26.65,27.31,27.77,60.0,59.5,75.6,1.0,271.8,272.5,271.0,22.16,-0.608,22.16,1962.0,433523.0,13750.0,1967.0,-1.0,0.818,0.791,0.836,17.42,17.42,17.41,13.06,6.085,6.083,6.08,4.559,113.0,113.0,113.0,85.0,2.035,233.1,50.86,4.5,3.498,2.0,-1.0,13.27,0.016,0.311,3.0,2.0,0.0,0.0,42.38,45.25,43.11,42.93,43.64,43.27,43.66,43.82,39.57,41.93,42.89,48.95,45.12,45.45,48.41,46.58,42.69,44.45,45.81
2017-06-30 16:55:00-05:00,379.49963,398.37573,401.18195,367.44748,379.47464,411.04782,372.34512,366.69458,938894.0,43.61,0.0,367.6,387.3,385.3,31.46,349.3,0.0,0.0,0.0,0.0,0.0,0.0,0.0,0.0,347.8,348.8,63.47,-0.4,25.0,25.92,26.48,25.48,0.0,269.4,273.9,273.0,271.9,0.802,0.0,22.32,21.38,-0.228,21.38,0.999,6000.0,420618.0,203.0,406.0,59.97,7.0,48.0,53.0,58.75,31.03,43.28,372.6,26.32,27.01,27.47,60.0,59.5,75.6,1.0,272.0,272.8,271.0,21.91,-0.609,21.92,1962.0,433523.0,13750.0,1967.0,-1.0,0.818,0.791,0.836,17.22,17.23,17.23,12.91,6.013,6.019,6.019,4.507,113.0,113.0,113.0,85.0,2.9,250.9,62.55,7.0,3.498,2.0,-1.0,13.27,0.016,0.311,3.0,2.0,0.0,0.0,42.31,45.1,43.01,42.85,43.4,43.21,43.56,43.6,38.83,41.66,42.64,48.83,44.87,45.23,48.3,46.34,42.22,44.21,45.55
2017-06-30 16:56:00-05:00,371.83545,390.68002,393.36557,359.7675,372.00616,402.8099,364.69247,359.38663,938895.0,43.56,0.0,359.8,379.3,377.3,31.4,348.7,0.0,0.0,0.0,0.0,0.0,0.0,0.0,0.0,347.1,348.0,62.45,-0.4,24.67,25.33,26.0,25.0,0.0,269.3,273.8,273.0,271.8,0.797,0.0,21.92,21.0,-0.292,21.01,0.999,6000.0,420618.0,203.0,406.0,59.98,7.0,48.0,53.0,59.43,31.08,43.11,364.7,25.85,26.53,26.96,60.0,59.5,75.6,1.0,272.0,272.8,271.0,21.52,-0.533,21.53,1962.0,433524.0,13750.0,1967.0,-1.0,0.818,0.791,0.836,16.97,16.94,16.95,12.72,5.917,5.907,5.91,4.436,113.0,113.0,113.0,85.0,2.933,236.9,50.72,5.6,3.497,2.0,-1.0,13.27,0.016,0.311,3.0,2.0,0.0,0.0,42.1,44.7,42.9,42.65,43.16,43.06,43.18,43.22,39.07,41.15,42.28,48.3,44.19,44.75,47.82,45.81,41.49,43.64,45.07
2017-06-30 16:57:00-05:00,372.08267,390.68002,393.24713,360.56198,372.52127,403.82556,365.31973,359.97598,938896.0,43.52,0.0,359.4,379.9,378.1,31.32,348.7,0.0,0.0,0.0,0.0,0.0,0.0,0.0,0.0,347.2,348.2,62.5,-0.4,24.93,25.2,26.0,25.0,0.0,269.1,273.6,273.0,271.6,0.808,0.0,21.95,21.01,-0.282,21.01,0.999,6000.0,420618.0,203.0,406.0,59.97,7.0,48.0,53.0,57.85,31.01,42.91,365.0,25.9,26.57,27.0,60.0,59.5,75.6,1.0,271.9,272.4,271.0,21.55,-0.553,21.56,1962.0,433524.0,13750.0,1967.0,-1.0,0.818,0.791,0.836,16.95,16.93,16.95,12.71,5.911,5.905,5.911,4.432,114.0,114.0,114.0,85.0,3.607,227.5,24.01,5.1,3.497,2.0,-1.0,13.27,0.016,0.311,3.0,2.0,0.0,0.0,42.04,44.57,42.78,42.52,43.21,42.91,42.95,43.26,39.25,41.28,42.31,48.04,44.3,44.2,47.61,45.62,41.44,43.5,44.88
2017-06-30 16:58:00-05:00,366.7672,385.27667,387.6809,355.39786,367.7569,398.52173,360.05072,355.37903,938897.0,43.47,0.0,353.7,374.8,373.0,31.08,349.3,0.0,0.0,0.0,0.0,0.0,0.0,0.0,0.0,347.9,348.9,61.23,-0.4,24.03,25.0,25.32,24.32,0.0,269.0,273.0,272.8,271.0,0.8,0.0,21.55,20.64,-0.3,20.64,0.999,6000.0,420619.0,204.0,406.0,59.98,7.0,48.0,53.0,60.05,30.79,42.82,359.4,25.46,26.12,26.55,60.0,59.5,75.6,1.0,271.2,272.0,271.0,21.17,-0.512,21.17,1962.0,433524.0,13750.0,1967.0,-1.0,0.818,0.791,0.836,16.66,16.65,16.65,12.49,5.819,5.817,5.814,4.363,114.0,114.0,114.0,85.0,2.108,206.4,65.4,4.9,3.498,2.0,-1.0,13.27,0.016,0.311,3.0,2.0,0.0,0.0,41.91,44.38,42.61,42.3,42.99,42.74,42.87,43.22,39.07,41.16,42.3,47.94,43.93,44.19,47.43,45.4,41.41,43.37,44.67
2017-06-30 16:59:00-05:00,364.54214,382.98428,385.07547,352.6172,364.79526,395.9262,357.16528,352.3144,938898.0,43.43,0.0,351.1,372.1,370.4,31.1,347.0,0.0,0.0,0.0,0.0,0.0,0.0,0.0,0.0,345.4,346.4,61.83,-0.4,24.27,25.0,25.62,24.62,0.0,269.0,273.0,272.3,271.0,0.803,0.0,21.59,20.67,-0.262,20.67,0.999,6000.0,420619.0,204.0,406.0,59.97,7.0,48.0,53.0,57.63,30.93,42.63,357.4,25.5,26.19,26.6,60.0,59.5,75.6,1.0,271.0,272.0,270.8,21.2,-0.559,21.2,1962.0,433525.0,13750.0,1967.0,-1.0,0.818,0.791,0.836,16.78,16.77,16.77,12.59,5.824,5.819,5.82,4.367,114.0,114.0,114.0,85.0,3.147,190.8,26.82,5.2,3.497,2.0,-1.0,13.27,0.016,0.31,3.0,2.0,0.0,0.0,41.73,44.3,42.44,42.19,42.74,42.7,42.75,43.2,38.94,41.09,42.29,47.97,44.12,44.39,47.5,45.39,41.67,43.46,44.69
2017-06-30 17:00:00-05:00,359.35028,377.58093,379.50922,347.32065,359.0008,389.83243,351.5199,346.4209,938899.0,43.39,0.0,345.5,366.1,364.6,31.17,345.9,0.0,0.0,0.0,0.0,0.0,0.0,0.0,0.0,344.4,345.4,61.2,-0.4,24.0,24.77,25.15,24.15,0.0,269.0,273.1,272.8,271.1,0.807,0.0,21.31,20.39,-0.283,20.39,0.999,6000.0,420619.0,204.0,406.0,59.97,7.0,48.0,53.0,59.3,31.24,42.69,352.1,25.13,25.81,26.24,60.0,59.5,75.6,1.0,271.3,272.0,271.0,20.91,-0.533,20.92,1962.0,433525.0,13750.0,1967.0,-1.0,0.818,0.791,0.836,16.61,16.59,16.59,12.45,5.744,5.738,5.738,4.305,114.0,114.0,114.0,85.0,2.595,294.2,48.71,4.9,3.497,2.0,-1.0,13.27,0.016,0.31,3.0,2.0,0.0,0.0,41.58,43.96,42.31,42.03,42.65,42.51,42.62,43.25,38.95,41.2,42.36,47.87,44.01,44.21,47.4,45.51,41.65,43.55,44.8
2017-06-30 17:01:00-05:00,347.11234,364.80936,366.36353,335.53583,347.28302,376.9678,339.22546,334.75174,938900.0,43.34,0.0,333.5,353.7,352.6,31.18,345.8,0.0,0.0,0.0,0.0,0.0,0.0,0.0,0.0,344.2,345.2,58.85,-0.4,22.95,23.53,24.37,23.37,0.0,269.7,273.9,273.1,271.9,0.798,0.0,20.52,19.65,-0.293,19.65,0.999,6000.0,420620.0,205.0,406.0,59.98,7.0,48.0,53.0,58.87,31.01,42.67,339.4,24.15,24.82,25.25,60.0,59.5,75.6,1.0,272.0,272.8,271.0,20.14,-0.472,20.15,1962.0,433525.0,13750.0,1967.0,-1.0,0.818,0.791,0.836,16.01,16.02,16.01,12.0,5.536,5.539,5.537,4.151,114.0,114.0,114.0,85.0,2.872,188.2,27.64,5.1,3.497,2.0,-1.0,13.27,0.016,0.31,3.0,2.0,0.0,0.0,41.55,43.98,42.22,41.97,42.62,42.41,42.27,43.12,39.01,41.07,42.25,47.59,43.99,43.91,47.14,45.27,41.43,43.24,44.5
2017-06-30 17:02:00-05:00,361.45175,379.8733,381.04883,349.70407,360.67474,392.76648,354.02896,348.42468,938901.0,43.29,0.0,346.4,368.6,367.8,31.15,347.6,0.0,0.0,0.0,0.0,0.0,0.0,0.0,0.0,346.1,347.1,60.78,-0.4,23.87,24.6,24.98,23.98,0.0,270.1,274.1,273.8,272.2,0.802,0.0,21.27,20.36,-0.3,20.36,0.999,6000.0,420620.0,205.0,406.0,59.99,7.0,48.0,53.0,58.33,30.71,42.44,354.1,24.98,25.67,26.12,60.0,59.5,75.6,1.0,272.4,273.2,271.8,20.88,-0.462,20.88,1962.0,433526.0,13750.0,1967.0,-1.0,0.818,0.791,0.836,16.5,16.51,16.51,12.37,5.735,5.737,5.737,4.3,114.0,114.0,114.0,85.0,1.695,218.0,48.4,4.3,3.498,2.0,-1.0,13.27,0.016,0.31,3.0,2.0,0.0,0.0,41.37,43.78,41.94,41.73,42.34,42.2,42.3,42.78,38.25,40.89,41.91,47.28,43.52,43.75,46.85,44.99,41.21,43.0,44.24
2017-06-30 17:03:00-05:00,358.97943,377.58093,378.32492,347.45303,358.61447,390.50952,351.5199,346.7745,938902.0,43.25,0.0,343.3,365.7,364.7,31.25,348.8,0.0,0.0,0.0,0.0,0.0,0.0,0.0,0.0,347.3,348.2,59.7,-0.4,23.3,24.0,24.88,23.88,0.0,270.8,274.6,274.0,272.9,0.795,0.0,21.03,20.12,-0.3,20.13,0.999,6000.0,420620.0,205.0,406.0,59.98,7.0,48.0,53.0,59.98,30.89,42.46,351.1,24.64,25.34,25.78,60.0,59.5,75.6,1.0,273.0,273.8,272.0,20.62,-0.477,20.63,1962.0,433526.0,13750.0,1967.0,-1.0,0.818,0.791,0.836,16.25,16.25,16.26,12.19,5.669,5.668,5.67,4.25,114.0,114.0,114.0,85.0,2.297,207.5,31.51,3.5,3.498,2.0,-1.0,13.27,0.015,0.31,3.0,2.0,0.0,0.0,41.31,43.8,41.94,41.67,42.31,42.2,42.28,42.69,38.34,40.82,41.78,47.26,43.84,43.96,46.78,44.92,41.3,42.92,44.18
2017-06-30 17:04:00-05:00,356.87796,374.9611,375.60104,345.3344,355.91037,388.1397,349.26175,344.06348,938903.0,43.2,0.0,340.8,363.4,361.8,31.51,350.5,0.0,0.0,0.0,0.0,0.0,0.0,0.0,0.0,349.0,350.0,58.43,-0.4,23.0,24.0,24.02,23.02,0.0,271.0,274.8,274.0,273.0,0.785,0.0,20.65,19.76,-0.295,19.76,0.999,6000.0,420621.0,206.0,406.0,59.98,7.0,48.0,53.0,57.58,30.97,42.58,348.8,24.22,24.94,25.36,60.0,59.5,75.6,1.0,273.0,274.0,272.0,20.29,-0.475,20.3,1962.0,433526.0,13750.0,1967.0,-1.0,0.818,0.791,0.836,15.91,15.91,15.92,11.94,5.574,5.577,5.58,4.185,114.0,114.0,114.0,86.0,1.18,181.4,66.74,2.9,3.498,2.0,-1.0,13.27,0.016,0.31,3.0,2.0,0.0,0.0,41.46,43.78,42.2,41.77,42.35,42.22,42.36,43.04,38.99,41.14,42.15,47.51,44.56,44.14,46.98,45.21,41.61,43.15,44.42
2017-06-30 17:05:00-05:00,355.7654,374.30615,374.1799,344.01028,354.23645,386.6727,347.88174,342.64905,938904.0,43.15,0.0,339.0,362.0,360.2,31.79,350.1,0.0,0.0,0.0,0.0,0.0,0.0,0.0,0.0,348.7,349.7,58.05,-0.4,23.0,24.0,24.0,23.0,0.0,270.3,274.1,274.0,272.3,0.787,0.0,20.57,19.69,-0.3,19.69,0.999,6000.0,420621.0,206.0,406.0,59.98,7.0,48.0,53.0,59.68,31.03,42.58,347.5,24.1,24.8,25.21,60.0,59.5,75.6,1.0,273.0,273.2,272.0,20.17,-0.475,20.17,1962.0,433527.0,13750.0,1967.0,-1.0,0.818,0.791,0.836,15.84,15.85,15.85,11.88,5.545,5.549,5.551,4.159,114.0,114.0,114.0,86.0,1.67,240.5,45.77,3.6,3.498,2.0,-1.0,13.27,0.015,0.31,3.0,2.0,0.0,0.0,41.42,43.94,42.25,41.99,42.36,42.32,42.54,43.28,39.06,41.58,42.42,47.69,44.39,44.33,47.18,45.51,42.11,43.54,44.71
2017-06-30 17:06:00-05:00,354.03482,372.3413,371.8113,342.02408,352.0474,384.7543,345.87448,340.88098,938905.0,43.11,0.0,336.6,359.9,358.1,31.7,349.6,0.0,0.0,0.0,0.0,0.0,0.0,0.0,0.0,348.1,349.1,58.03,-0.4,23.0,23.8,24.0,23.0,0.0,269.3,273.7,273.0,271.7,0.765,0.0,20.43,19.54,-0.275,19.55,0.999,6000.0,420621.0,206.0,406.0,59.97,7.0,48.0,53.0,58.32,31.09,42.51,345.4,24.01,24.71,25.16,60.0,59.5,75.6,1.0,271.9,272.5,271.1,20.04,-0.508,20.05,1962.0,433527.0,13750.0,1967.0,-1.0,0.818,0.791,0.836,15.76,15.77,15.78,11.83,5.51,5.512,5.516,4.134,114.0,114.0,114.0,86.0,2.437,210.7,40.72,5.2,3.497,2.0,-1.0,13.27,0.015,0.31,3.0,2.0,0.0,0.0,41.44,44.01,42.33,42.05,42.4,42.4,42.74,43.42,39.32,41.62,42.52,47.85,44.72,44.57,47.33,45.66,42.18,43.62,44.85
2017-06-30 17:07:00-05:00,350.32635,368.9028,367.78467,338.3165,348.69946,380.91745,341.86002,337.227,938906.0,43.06,0.0,332.5,356.0,354.2,31.52,349.4,0.0,0.0,0.0,0.0,0.0,0.0,0.0,0.0,348.0,349.0,57.22,-0.4,22.48,23.0,24.0,23.0,0.0,269.6,273.8,273.0,271.8,0.78,0.0,20.2,19.33,-0.285,19.33,0.999,6000.0,420622.0,207.0,406.0,59.98,7.0,48.0,53.0,58.82,31.13,42.43,341.6,23.73,24.47,24.88,60.0,59.5,75.6,1.0,272.0,272.7,271.0,19.82,-0.471,19.82,1962.0,433527.0,13750.0,1967.0,-1.0,0.818,0.791,0.836,15.6,15.62,15.6,11.69,5.45,5.456,5.452,4.085,115.0,115.0,115.0,86.0,2.693,238.4,24.2,4.0,3.497,2.0,-1.0,13.27,0.015,0.31,3.0,2.0,0.0,0.0,41.29,43.98,42.28,42.07,42.46,42.35,42.63,43.3,39.23,41.52,42.39,47.64,44.43,44.19,47.11,45.54,41.94,43.48,44.69
2017-06-30 17:08:00-05:00,347.6068,366.11923,364.70547,335.66824,345.99536,378.2091,338.84912,334.516,938907.0,43.02,0.0,329.1,352.8,351.1,31.52,349.0,0.0,0.0,0.0,0.0,0.0,0.0,0.0,0.0,347.5,348.4,56.98,-0.4,22.0,23.0,23.77,22.77,0.0,269.7,274.0,273.0,272.0,0.783,0.0,19.98,19.11,-0.243,19.11,0.999,6000.0,420622.0,207.0,406.0,59.97,7.0,48.0,53.0,59.65,31.29,42.59,338.5,23.47,24.17,24.59,60.0,59.5,75.6,1.0,272.0,272.9,271.0,19.6,-0.503,19.6,1962.0,433528.0,13750.0,1967.0,-1.0,0.818,0.791,0.836,15.46,15.45,15.45,11.58,5.393,5.391,5.393,4.042,115.0,115.0,115.0,86.0,1.553,227.9,38.77,3.6,3.497,2.0,-1.0,13.27,0.015,0.31,3.0,2.0,0.0,0.0,41.36,44.1,42.36,42.12,42.67,42.4,42.75,43.46,39.45,41.69,42.56,47.64,44.35,44.36,47.11,45.54,42.19,43.58,44.71
2017-06-30 17:09:00-05:00,343.77475,361.86203,360.08673,331.69583,341.87485,373.92093,334.45825,330.62625,938908.0,42.98,0.0,324.7,348.6,346.9,31.72,349.2,0.0,0.0,0.0,0.0,0.0,0.0,0.0,0.0,347.8,348.8,55.82,-0.4,22.0,22.68,23.0,22.0,0.0,270.0,274.0,273.1,272.0,0.79,0.0,19.67,18.81,-0.173,18.8,0.999,6000.0,420622.0,207.0,406.0,59.96,7.0,48.0,53.0,57.8,31.15,42.51,334.6,23.07,23.79,24.24,60.0,59.5,75.6,1.0,272.0,273.0,271.0,19.3,-0.549,19.3,1962.0,433528.0,13750.0,1967.0,-1.0,0.818,0.791,0.836,15.23,15.19,15.19,11.41,5.319,5.304,5.303,3.986,115.0,115.0,115.0,86.0,2.108,262.1,50.64,4.0,3.498,2.0,-1.0,13.27,0.015,0.309,3.0,2.0,0.0,0.0,41.37,44.11,42.43,42.1,42.62,42.44,42.77,43.48,39.48,41.74,42.56,47.61,44.41,44.19,47.11,45.58,41.96,43.68,44.82
2017-06-30 17:10:00-05:00,338.70648,356.78616,354.75735,326.92896,336.72418,368.5042,329.31467,325.6757,938909.0,42.93,0.0,319.5,343.2,341.6,31.66,348.4,0.0,0.0,0.0,0.0,0.0,0.0,0.0,0.0,347.0,348.0,55.1,-0.4,22.0,22.0,23.0,22.0,0.0,269.5,273.6,272.9,271.6,0.792,0.0,19.42,18.56,-0.128,18.57,0.999,6000.0,420623.0,208.0,406.0,59.95,7.0,48.0,53.0,59.9,31.03,42.36,329.7,22.81,23.51,23.93,60.0,59.5,75.6,1.0,271.8,272.6,271.0,19.05,-0.583,19.05,1962.0,433528.0,13750.0,1967.0,-1.0,0.818,0.791,0.836,15.05,15.05,15.05,11.28,5.245,5.242,5.244,3.932,115.0,115.0,115.0,86.0,2.647,208.0,55.2,5.4,3.498,2.0,-1.0,13.27,0.015,0.309,3.0,2.0,0.0,0.0,41.26,43.98,42.25,41.96,42.62,42.3,42.52,43.23,38.84,41.41,42.31,47.34,43.9,44.01,46.83,45.26,41.56,43.32,44.51
2017-06-30 17:11:00-05:00,335.24527,353.02017,350.9676,323.75104,333.2475,365.1188,326.3038,322.61108,938910.0,42.89,0.0,315.4,339.6,337.9,31.71,347.7,0.0,0.0,0.0,0.0,0.0,0.0,0.0,0.0,346.3,347.3,54.65,-0.4,21.57,22.0,22.9,21.9,0.0,269.0,273.1,272.9,271.1,0.802,0.0,19.23,18.38,-0.115,18.39,0.999,6000.0,420623.0,208.0,406.0,59.95,7.0,48.0,53.0,57.95,31.02,42.25,326.0,22.61,23.29,23.73,60.0,59.5,75.6,1.0,271.4,272.0,270.9,18.86,-0.581,18.87,1962.0,433529.0,13750.0,1967.0,-1.0,0.818,0.791,0.836,14.92,14.93,14.93,11.19,5.189,5.19,5.191,3.89,115.0,115.0,115.0,86.0,2.105,286.7,35.81,4.3,3.497,2.0,-1.0,13.27,0.015,0.309,3.0,2.0,0.0,0.0,41.1,43.77,42.15,41.83,42.51,42.12,42.23,42.97,38.86,41.2,42.01,47.09,43.49,43.99,46.61,45.04,41.41,43.15,44.29
2017-06-30 17:12:00-05:00,332.03125,349.74542,347.29626,320.83792,330.02832,361.95905,323.41837,319.4286,938911.0,42.85,0.0,311.8,336.3,334.6,31.61,347.8,0.0,0.0,0.0,0.0,0.0,0.0,0.0,0.0,346.4,347.5,54.0,-0.4,21.0,22.0,22.0,21.0,0.0,269.0,273.5,272.9,271.5,0.788,0.0,18.97,18.16,-0.215,18.15,0.999,6000.0,420623.0,208.0,406.0,59.96,7.0,48.0,53.0,58.8,31.14,42.14,322.9,22.28,22.97,23.42,60.0,59.5,75.6,1.0,271.8,272.3,271.0,18.61,-0.49,18.61,1962.0,433529.0,13750.0,1967.0,-1.0,0.818,0.791,0.836,14.72,14.73,14.73,11.04,5.121,5.122,5.122,3.839,115.0,115.0,115.0,86.0,3.413,223.4,73.38,7.2,3.498,2.0,-1.0,13.27,0.015,0.309,3.0,2.0,0.0,0.0,41.15,43.75,42.18,41.83,42.49,42.15,41.97,42.81,38.62,41.06,41.92,46.86,43.29,43.79,46.4,44.85,41.23,43.0,44.05
2017-06-30 17:13:00-05:00,329.4353,347.45303,344.45392,318.45447,327.96808,359.13788,320.9093,317.42477,938912.0,42.82,0.0,308.7,333.6,332.0,31.19,347.5,0.0,0.0,0.0,0.0,0.0,0.0,0.0,0.0,346.2,347.2,53.73,-0.4,21.0,22.0,22.0,21.0,0.0,269.0,273.2,272.6,271.2,0.803,0.0,18.82,17.98,-0.213,17.97,0.999,6000.0,420623.0,208.0,406.0,59.96,7.0,48.0,53.0,59.85,30.79,41.76,320.0,22.1,22.78,23.23,60.0,59.5,75.6,1.0,271.2,272.0,270.7,18.44,-0.491,18.45,1962.0,433529.0,13750.0,1967.0,-1.0,0.818,0.791,0.836,14.64,14.63,14.61,10.96,5.088,5.085,5.078,3.81,115.0,115.0,115.0,86.0,3.562,262.8,37.51,6.7,3.498,2.0,-1.0,13.27,0.015,0.309,3.0,2.0,0.0,0.0,40.74,43.41,41.79,41.52,42.2,41.83,41.47,42.55,38.6,40.45,41.7,46.34,42.62,43.04,45.9,44.5,40.48,42.43,43.72
2017-06-30 17:14:00-05:00,327.4575,345.65192,342.3222,316.60068,326.42288,357.44513,319.0275,315.6567,938913.0,42.78,0.0,306.1,331.3,329.7,31.07,348.4,0.0,0.0,0.0,0.0,0.0,0.0,0.0,0.0,347.0,348.0,53.0,-0.4,21.0,21.17,22.0,21.0,0.0,269.2,273.8,273.0,271.8,0.798,0.0,18.58,17.79,-0.273,17.79,0.998,6000.0,420624.0,209.0,406.0,59.97,7.0,47.85,53.0,57.5,30.92,41.52,317.7,21.81,22.51,22.93,60.0,59.5,75.6,1.0,272.0,272.7,271.0,18.24,-0.423,18.24,1962.0,433530.0,13750.0,1967.0,-1.0,0.818,0.791,0.836,14.42,14.42,14.42,10.81,5.023,5.026,5.025,3.766,115.0,115.0,115.0,86.0,2.515,270.7,44.43,4.9,3.498,2.0,-1.0,13.27,0.015,0.308,3.0,2.0,0.0,0.0,40.45,43.05,41.49,41.21,41.86,41.5,41.11,42.16,38.31,40.25,41.3,45.74,42.11,42.69,45.34,43.81,39.91,41.91,43.07
2017-06-30 17:15:00-05:00,324.98517,343.19583,339.4799,314.34967,324.10507,355.30103,316.8948,313.65292,938914.0,42.74,0.0,303.0,328.6,327.1,31.12,347.9,0.0,0.0,0.0,0.0,0.0,0.0,0.0,0.0,346.5,347.5,52.45,-0.4,20.32,21.0,22.0,21.0,0.0,269.2,273.5,273.0,271.5,0.798,0.0,18.41,17.6,-0.195,17.59,0.999,6000.0,420624.0,209.0,406.0,59.96,7.0,48.0,53.0,59.52,31.04,41.4,314.9,21.58,22.28,22.73,60.0,59.5,75.6,1.0,271.8,272.4,271.0,18.05,-0.486,18.05,1962.0,433530.0,13750.0,1967.0,-1.0,0.818,0.791,0.836,14.29,14.31,14.3,10.71,4.97,4.979,4.977,3.725,115.0,115.0,115.0,86.0,2.995,276.9,33.62,6.0,3.498,2.0,-1.0,13.27,0.015,0.308,3.0,2.0,0.0,0.0,40.43,42.9,41.37,41.05,41.73,41.36,40.73,41.93,38.23,40.03,41.02,45.42,41.74,42.37,45.05,43.46,39.68,41.56,42.7
2017-06-30 17:16:00-05:00,322.142,340.4123,336.4007,311.7014,321.52975,352.8184,314.51117,311.4134,938915.0,42.69,0.0,299.7,325.9,325.4,30.99,347.2,0.0,0.0,0.0,0.0,0.0,0.0,0.0,0.0,345.8,346.8,51.92,-0.4,20.0,21.0,21.58,20.58,0.0,269.2,273.6,273.0,271.6,0.792,0.0,18.22,17.41,-0.158,17.41,0.999,6000.0,420624.0,209.0,406.0,59.95,7.0,47.47,53.0,58.83,30.79,41.26,311.9,21.36,22.06,22.5,60.0,59.5,75.6,1.0,271.9,272.5,271.0,17.87,-0.506,17.87,1962.0,433530.0,13750.0,1967.0,-1.0,0.818,0.791,0.836,14.18,14.19,14.19,10.64,4.924,4.927,4.927,3.693,115.0,115.0,115.0,86.0,2.233,222.5,44.9,4.5,3.497,2.0,-1.0,13.27,0.015,0.308,3.0,2.0,0.0,0.0,40.35,42.72,41.2,40.84,41.66,41.21,40.7,41.66,38.02,39.89,40.8,45.17,41.47,42.22,44.86,43.16,39.48,41.33,42.44
2017-06-30 17:17:00-05:00,318.1863,336.1551,331.78192,307.59656,317.1517,348.643,310.87308,307.52368,938916.0,42.65,0.0,295.3,321.6,321.4,31.08,347.5,0.0,0.0,0.0,0.0,0.0,0.0,0.0,0.0,346.1,347.1,51.03,-0.4,20.0,20.82,21.0,20.0,0.0,269.7,274.0,273.0,272.0,0.802,0.0,17.93,17.14,-0.187,17.15,0.999,6000.0,420625.0,210.0,406.0,59.96,7.0,47.8,53.0,58.15,30.6,41.04,307.8,20.98,21.71,22.17,60.0,59.5,75.6,1.0,272.0,272.9,271.0,17.59,-0.479,17.6,1962.0,433531.0,13750.0,1967.0,-1.0,0.818,0.791,0.836,13.97,13.97,13.96,10.46,4.855,4.856,4.851,3.635,115.0,115.0,115.0,86.0,2.81,213.2,45.08,5.2,3.497,2.0,-1.0,13.27,0.015,0.308,3.0,2.0,0.0,0.0,40.02,42.62,41.05,40.68,41.47,41.06,40.6,41.46,37.9,39.81,40.57,44.93,41.54,42.15,44.67,42.93,39.38,41.19,42.23
2017-06-30 17:18:00-05:00,314.97232,333.0441,328.11057,304.15384,313.41745,345.0319,307.73672,304.22333,938917.0,42.61,0.0,291.5,317.9,317.3,31.01,345.8,0.0,0.0,0.0,0.0,0.0,0.0,0.0,0.0,344.3,345.3,50.87,-0.4,20.0,20.12,21.0,20.0,0.0,269.4,273.8,272.9,271.8,0.803,0.0,17.69,16.96,-0.243,16.96,0.999,6000.0,420625.0,210.0,406.0,59.97,7.0,47.45,53.0,60.0,30.63,40.64,304.4,20.76,21.46,21.91,60.0,59.5,75.6,1.0,271.8,272.6,271.0,17.39,-0.415,17.39,1962.0,433531.0,13750.0,1967.0,-1.0,0.818,0.791,0.836,13.87,13.88,13.88,10.4,4.798,4.798,4.8,3.598,115.0,115.0,115.0,86.0,3.973,212.6,42.87,7.1,3.497,2.0,-1.0,13.27,0.015,0.308,3.0,2.0,0.0,0.0,39.67,42.22,40.63,40.35,41.09,40.69,40.4,41.1,37.44,39.24,40.19,44.73,41.38,41.81,44.39,42.7,39.13,40.94,42.0
2017-06-30 17:19:00-05:00,313.61252,331.73416,326.571,302.43246,312.00104,343.22632,306.60764,302.691,938918.0,42.57,0.0,289.4,316.1,315.8,31.09,344.6,0.0,0.0,0.0,0.0,0.0,0.0,0.0,0.0,343.0,344.0,50.43,-0.4,19.4,20.0,21.0,20.0,0.0,269.9,274.0,273.0,272.0,0.802,0.0,17.58,16.8,-0.245,16.8,0.999,6000.0,420625.0,210.0,406.0,59.96,7.0,47.0,53.0,58.03,30.76,40.42,302.6,20.57,21.29,21.74,60.0,59.5,75.6,1.0,272.0,273.0,271.0,17.26,-0.421,17.26,1962.0,433531.0,13750.0,1967.0,-1.0,0.818,0.791,0.836,13.82,13.82,13.82,10.36,4.762,4.761,4.763,3.571,116.0,116.0,116.0,86.0,3.537,217.4,38.08,5.7,3.498,2.0,-1.0,13.27,0.015,0.308,3.0,2.0,0.0,0.0,39.44,41.91,40.4,40.11,40.84,40.42,40.28,41.17,37.76,39.39,40.3,44.56,41.13,41.58,44.24,42.85,39.47,41.08,42.12
2017-06-30 17:20:00-05:00,311.14023,329.60556,324.08395,299.9166,309.55447,340.40512,303.97314,300.3336,938919.0,42.52,0.0,286.3,313.3,313.2,31.15,346.7,0.0,0.0,0.0,0.0,0.0,0.0,0.0,0.0,345.2,346.2,49.57,-0.4,19.0,20.0,20.62,19.62,0.0,270.0,274.0,273.0,272.0,0.795,0.0,17.38,16.62,-0.115,16.62,0.998,6000.0,420625.0,210.0,406.0,59.94,7.0,47.0,53.0,58.77,30.81,40.25,299.7,20.31,21.05,21.49,60.0,59.5,75.6,1.0,272.0,273.0,271.0,17.05,-0.515,17.06,1962.0,433531.0,13750.0,1967.0,-1.0,0.818,0.791,0.836,13.58,13.57,13.58,10.18,4.707,4.704,4.709,3.529,116.0,116.0,116.0,87.0,1.728,253.2,42.08,3.4,3.498,2.0,-1.0,13.27,0.015,0.308,3.0,2.0,0.0,0.0,39.35,41.67,40.12,39.88,40.66,40.19,40.16,41.12,37.64,39.42,40.27,44.35,41.17,41.34,44.09,42.75,39.27,40.95,42.01
2017-06-30 17:21:00-05:00,307.18454,325.18463,319.46518,296.0766,305.82025,336.56833,300.20953,296.7975,938920.0,42.47,0.0,282.0,309.1,309.1,31.23,348.6,0.0,0.0,0.0,0.0,0.0,0.0,0.0,0.0,347.0,348.0,48.47,-0.4,19.0,19.87,20.0,19.0,0.0,270.0,274.0,273.0,272.0,0.782,0.0,17.06,16.3,-0.062,16.31,0.998,6000.0,420626.0,211.0,406.0,59.94,7.0,47.0,53.0,60.05,31.18,40.52,295.7,19.92,20.65,21.08,60.0,59.5,75.6,1.0,272.0,273.0,271.0,16.72,-0.52,16.73,1962.0,433532.0,13750.0,1967.0,-1.0,0.818,0.791,0.836,13.25,13.25,13.26,9.94,4.617,4.619,4.623,3.464,116.0,116.0,116.0,87.0,2.362,267.2,34.88,5.4,3.498,2.0,-1.0,13.27,0.015,0.307,3.0,2.0,0.0,0.0,39.62,41.67,40.26,39.9,40.71,40.27,40.08,40.96,37.64,39.37,40.09,44.16,41.08,41.32,43.91,42.45,38.94,40.73,41.72
2017-06-30 17:22:00-05:00,303.8469,321.74612,315.43857,293.0311,302.72986,333.40857,297.19864,293.8507,938921.0,42.44,0.0,278.4,305.7,305.6,31.19,349.0,0.0,0.0,0.0,0.0,0.0,0.0,0.0,0.0,347.6,348.5,47.7,-0.4,18.52,19.0,20.0,19.0,0.0,270.0,274.0,273.1,272.0,0.79,0.0,16.76,16.03,-0.177,16.03,0.999,6000.0,420626.0,211.0,406.0,59.95,7.0,47.0,53.0,57.57,31.18,40.47,292.5,19.59,20.33,20.75,60.0,59.5,75.6,1.0,272.0,273.0,271.0,16.46,-0.438,16.47,1962.0,433532.0,13750.0,1967.0,-1.0,0.818,0.791,0.836,13.03,13.02,13.04,9.78,4.548,4.545,4.551,3.414,116.0,116.0,116.0,87.0,3.265,269.0,44.8,5.2,3.498,2.0,-1.0,13.27,0.015,0.307,3.0,2.0,0.0,0.0,39.58,41.71,40.3,39.94,40.82,40.27,39.78,40.69,37.22,39.13,39.84,43.91,40.49,40.96,43.66,42.19,38.67,40.48,41.44
2017-06-30 17:23:00-05:00,301.49823,318.96255,312.24097,290.3828,300.15454,330.81308,294.56415,291.49332,938922.0,42.39,0.0,275.2,302.7,301.9,31.08,349.2,0.0,0.0,0.0,0.0,0.0,0.0,0.0,0.0,347.9,348.9,46.9,-0.4,18.0,19.0,19.62,18.62,0.0,270.0,274.0,273.4,272.0,0.792,0.0,16.55,15.8,-0.22,15.81,0.998,6000.0,420626.0,211.0,406.0,59.96,7.0,47.0,53.0,59.3,30.74,40.22,289.6,19.3,20.03,20.45,60.0,59.5,75.6,1.0,272.0,273.0,271.1,16.23,-0.384,16.23,1962.0,433532.0,13750.0,1967.0,-1.0,0.818,0.791,0.836,12.84,12.84,12.84,9.63,4.486,4.485,4.484,3.362,116.0,116.0,116.0,87.0,2.712,204.6,50.73,7.0,3.498,2.0,-1.0,13.27,0.015,0.307,3.0,2.0,0.0,0.0,39.26,41.6,40.15,39.78,40.72,40.12,39.59,40.47,37.21,38.96,39.62,43.65,40.55,40.84,43.39,41.88,38.6,40.26,41.19
2017-06-30 17:24:00-05:00,297.9134,315.52405,308.33276,286.80768,295.90524,326.8634,291.05145,287.83936,938923.0,42.35,0.0,271.0,298.6,297.2,31.22,348.5,0.0,0.0,0.0,0.0,0.0,0.0,0.0,0.0,347.0,348.0,46.02,-0.4,18.0,18.95,19.0,18.0,0.0,270.0,274.0,273.4,272.0,0.79,0.0,16.25,15.51,-0.163,15.52,0.999,6000.0,420626.0,211.0,406.0,59.95,7.0,47.0,53.0,59.62,30.85,40.17,285.9,18.92,19.67,20.09,60.0,59.5,75.6,1.0,272.0,273.0,271.1,15.93,-0.415,15.93,1962.0,433532.0,13750.0,1967.0,-1.0,0.818,0.791,0.836,12.64,12.63,12.65,9.48,4.405,4.4,4.407,3.303,116.0,116.0,116.0,87.0,1.28,250.9,74.08,2.9,3.498,2.0,-1.0,13.27,0.015,0.307,3.0,2.0,0.0,0.0,39.25,41.39,40.03,39.67,40.57,39.96,39.63,40.52,37.37,39.15,39.7,43.67,40.74,40.89,43.41,41.91,38.75,40.37,41.24
2017-06-30 17:25:00-05:00,294.57578,311.9218,304.543,283.3649,292.04227,323.2523,287.6642,284.4211,938924.0,42.3,0.0,267.3,295.1,293.6,31.33,348.4,0.0,0.0,0.0,0.0,0.0,0.0,0.0,0.0,347.0,348.0,45.25,-0.4,17.78,18.0,19.0,18.0,0.0,270.0,274.0,273.0,272.0,0.778,0.0,15.96,15.23,-0.207,15.23,0.999,6000.0,420627.0,212.0,406.0,59.96,7.0,47.0,53.0,57.68,30.96,40.12,282.5,18.6,19.35,19.77,60.0,59.5,75.6,1.0,272.0,273.0,271.0,15.66,-0.372,15.66,1962.0,433533.0,13750.0,1967.0,-1.0,0.818,0.791,0.836,12.44,12.43,12.42,9.31,4.334,4.332,4.328,3.244,116.0,116.0,116.0,87.0,1.668,238.8,58.28,4.4,3.494,2.0,-1.0,13.27,0.015,0.307,3.0,2.0,0.0,0.0,39.27,41.34,39.98,39.67,40.46,39.93,39.71,40.55,37.39,39.12,39.71,43.74,40.92,41.06,43.45,41.93,38.63,40.37,41.27
2017-06-30 17:26:00-05:00,291.1145,308.4833,300.6348,279.78976,288.17926,319.52832,284.27698,281.00287,938925.0,42.25,0.0,263.5,291.4,290.1,31.42,348.4,0.0,0.0,0.0,0.0,0.0,0.0,0.0,0.0,347.0,348.0,44.48,-0.4,17.0,18.0,18.2,17.2,0.0,270.0,274.0,273.1,272.0,0.8,0.0,15.66,14.92,-0.168,14.93,0.998,6000.0,420627.0,212.0,406.0,59.95,7.0,47.0,53.0,59.5,30.69,40.08,279.1,18.21,18.93,19.38,60.0,59.5,75.6,1.0,272.0,273.0,271.0,15.34,-0.393,15.35,1962.0,433533.0,13750.0,1967.0,-1.0,0.818,0.791,0.836,12.19,12.18,12.18,9.14,4.246,4.243,4.244,3.183,116.0,116.0,116.0,87.0,1.988,235.9,63.86,4.9,3.498,2.0,-1.0,13.27,0.017,0.306,3.0,2.0,0.0,0.0,39.12,41.27,39.94,39.62,40.42,39.86,39.73,40.37,37.12,38.95,39.59,43.63,40.53,40.96,43.35,41.8,38.68,40.31,41.14
2017-06-30 17:27:00-05:00,288.02414,305.536,297.31876,276.61182,284.83133,315.91718,281.14066,277.82037,938926.0,42.21,0.0,259.9,287.9,286.8,30.99,347.6,0.0,0.0,0.0,0.0,0.0,0.0,0.0,0.0,346.2,347.2,44.0,-0.4,17.0,18.0,18.0,17.0,0.0,270.0,274.0,273.4,272.0,0.785,0.0,15.38,14.66,-0.1,14.66,0.998,6000.0,420627.0,212.0,406.0,59.94,7.0,47.0,53.0,59.3,30.6,39.86,275.8,17.89,18.63,19.05,60.0,59.5,75.6,1.0,272.0,273.0,271.2,15.08,-0.435,15.08,1962.0,433533.0,13750.0,1967.0,-1.0,0.818,0.791,0.836,12.02,12.0,12.0,9.0,4.177,4.172,4.172,3.129,116.0,116.0,116.0,87.0,3.618,275.4,23.98,6.0,3.498,2.0,-1.0,13.29,0.018,0.306,3.0,2.0,0.0,0.0,38.98,41.09,39.68,39.42,40.27,39.63,39.59,40.21,36.98,38.59,39.44,43.43,40.3,40.71,43.15,41.6,38.43,40.08,40.94
2017-06-30 17:28:00-05:00,286.9116,304.38983,295.4239,275.28766,283.67242,314.56302,279.63522,276.52377,938927.0,42.17,0.0,257.7,286.1,284.9,30.8,344.7,0.0,0.0,0.0,0.0,0.0,0.0,0.0,0.0,343.2,344.2,43.93,-0.4,17.0,17.68,18.0,17.0,0.0,270.0,274.0,273.6,272.0,0.775,0.0,15.24,14.55,-0.197,14.55,0.999,6000.0,420627.0,212.0,406.0,59.96,7.0,47.0,53.0,57.85,30.48,39.61,273.8,17.74,18.48,18.9,60.0,59.5,75.6,1.0,272.0,273.0,271.3,14.96,-0.343,14.97,1962.0,433534.0,13750.0,1967.0,-1.0,0.818,0.791,0.836,12.01,12.01,12.02,9.0,4.139,4.14,4.142,3.103,116.0,116.0,116.0,87.0,3.075,245.8,39.54,5.9,3.498,2.0,-1.0,13.29,0.016,0.306,3.0,2.0,0.0,0.0,38.88,40.9,39.44,39.18,40.03,39.39,39.28,40.04,36.95,38.56,39.25,43.17,40.06,40.45,42.88,41.32,38.28,39.85,40.69
2017-06-30 17:29:00-05:00,284.06845,301.2788,291.87097,272.10977,280.3245,311.06473,276.49887,273.45917,938928.0,42.13,0.0,254.0,282.5,281.4,30.75,345.2,0.0,0.0,0.0,0.0,0.0,0.0,0.0,0.0,343.7,344.7,43.1,-0.4,16.38,17.0,18.0,17.0,0.0,270.0,274.0,273.5,272.0,0.803,0.0,14.99,14.32,-0.182,14.32,0.999,6000.0,420628.0,213.0,406.0,59.96,7.0,47.0,53.0,59.5,30.63,39.54,270.3,17.44,18.18,18.6,60.0,59.5,75.6,1.0,272.1,273.0,271.3,14.72,-0.356,14.72,1962.0,433534.0,13750.0,1967.0,-1.0,0.818,0.791,0.836,11.8,11.81,11.81,8.84,4.074,4.075,4.075,3.052,116.0,116.0,116.0,87.0,3.608,250.0,26.95,7.0,3.498,2.0,-1.0,13.29,0.016,0.305,3.0,2.0,0.0,0.0,38.71,40.77,39.28,38.97,39.9,39.28,39.21,39.96,36.89,38.44,39.17,43.07,40.1,40.4,42.78,41.23,38.25,39.76,40.55
2017-06-30 17:30:00-05:00,281.10168,298.1678,288.0812,268.667,277.10532,307.6793,273.11163,270.15878,938929.0,42.08,0.0,250.4,279.0,278.2,30.75,346.1,0.0,0.0,0.0,0.0,0.0,0.0,0.0,0.0,344.7,345.7,42.25,-0.4,16.0,17.0,17.2,16.2,0.0,270.0,274.0,273.3,272.0,0.803,0.0,14.77,14.07,-0.212,14.07,0.999,6000.0,420628.0,213.0,406.0,59.96,7.0,47.0,53.0,59.38,30.64,39.44,266.9,17.15,17.86,18.3,60.0,59.5,75.6,1.0,272.0,273.0,271.1,14.47,-0.337,14.47,1962.0,433534.0,13750.0,1967.0,-1.0,0.818,0.791,0.836,11.58,11.58,11.59,8.68,4.007,4.009,4.012,3.003,116.0,116.0,116.0,87.0,2.013,212.9,52.28,4.6,3.498,2.0,-1.0,13.29,0.016,0.305,3.0,2.0,0.0,0.0,38.76,40.66,39.08,38.78,39.78,39.07,39.2,39.82,36.77,38.3,39.0,43.0,40.26,40.45,42.71,41.14,38.27,39.75,40.48
2017-06-30 17:31:00-05:00,278.1349,295.2205,285.00204,265.7539,273.75742,304.63242,270.47714,267.56564,938930.0,42.04,0.0,247.2,275.9,275.0,30.94,345.4,0.0,0.0,0.0,0.0,0.0,0.0,0.0,0.0,344.0,345.0,41.48,-0.4,16.0,16.98,17.0,16.0,0.0,270.0,274.0,273.6,272.0,0.815,0.0,14.52,13.85,-0.137,13.87,0.998,6000.0,420628.0,213.0,406.0,59.95,7.0,47.0,53.0,58.03,30.98,39.57,263.9,16.86,17.58,18.04,60.0,59.5,75.6,1.0,272.0,273.0,271.2,14.25,-0.359,14.25,1962.0,433534.0,13750.0,1967.0,-1.0,0.818,0.791,0.836,11.43,11.43,11.42,8.57,3.948,3.948,3.946,2.959,116.0,116.0,116.0,87.0,2.43,267.1,19.22,4.3,3.497,2.0,-1.0,13.29,0.015,0.305,3.0,2.0,0.0,0.0,38.78,40.51,38.99,38.7,39.7,38.99,39.26,39.8,36.75,38.3,39.01,43.01,40.38,40.44,42.72,41.18,38.46,39.79,40.5
2017-06-30 17:32:00-05:00,275.7862,292.92813,282.39658,263.37048,271.4396,302.03693,268.21896,265.20822,938931.0,41.99,0.0,244.3,273.3,272.2,30.88,345.3,0.0,0.0,0.0,0.0,0.0,0.0,0.0,0.0,343.9,344.9,40.98,-0.4,15.73,16.02,17.0,16.0,0.0,270.0,274.1,273.7,272.1,0.81,0.0,14.28,13.62,-0.17,13.63,0.998,6000.0,420628.0,213.0,406.0,59.96,7.0,47.0,53.0,59.57,30.7,39.47,261.6,16.55,17.29,17.73,60.0,59.5,75.6,1.0,272.3,273.1,271.5,14.0,-0.344,14.01,1962.0,433534.0,13750.0,1967.0,-1.0,0.818,0.791,0.836,11.25,11.25,11.25,8.43,3.883,3.883,3.883,2.912,116.0,116.0,116.0,87.0,3.032,222.1,27.37,5.2,3.498,2.0,-1.0,13.29,0.015,0.305,3.0,2.0,0.0,0.0,38.64,40.42,38.89,38.61,39.6,38.93,39.23,39.72,36.62,38.18,38.92,42.92,40.46,40.53,42.66,41.13,38.42,39.61,40.48
2017-06-30 17:33:00-05:00,273.06665,290.30832,279.43582,260.7222,268.34924,298.99002,265.58444,262.6151,938932.0,41.96,0.0,241.2,270.3,269.2,30.87,345.6,0.0,0.0,0.0,0.0,0.0,0.0,0.0,0.0,344.2,345.2,40.1,-0.4,15.0,16.0,16.88,15.88,0.0,270.0,274.1,274.0,272.1,0.827,0.0,14.04,13.4,-0.188,13.4,0.998,6000.0,420629.0,214.0,406.0,59.96,7.0,47.0,53.0,59.3,30.7,39.31,258.7,16.27,16.99,17.43,60.0,59.5,75.6,1.0,272.4,273.1,271.9,13.77,-0.316,13.77,1962.0,433535.0,13750.0,1967.0,-1.0,0.818,0.791,0.836,11.06,11.06,11.06,8.29,3.821,3.822,3.822,2.866,117.0,117.0,117.0,87.0,1.607,198.4,56.46,3.0,3.497,2.0,-1.0,13.29,0.015,0.305,3.0,2.0,0.0,0.0,38.42,40.32,38.79,38.47,39.5,38.85,39.25,39.65,36.79,38.35,38.85,42.81,40.36,40.49,42.6,41.13,38.57,39.6,40.45
2017-06-30 17:34:00-05:00,270.3471,287.1973,276.11978,257.80908,264.74374,295.9431,262.57358,259.4326,938933.0,41.9,0.0,238.0,267.2,266.0,30.89,346.5,0.0,0.0,0.0,0.0,0.0,0.0,0.0,0.0,345.0,346.0,39.57,-0.4,15.0,16.0,16.0,15.0,0.0,270.0,274.0,273.6,272.0,0.81,0.0,13.84,13.16,-0.167,13.19,0.998,6000.0,420629.0,214.0,406.0,59.96,7.0,47.0,53.0,57.85,30.59,39.26,256.1,16.02,16.75,17.2,60.0,59.5,75.6,1.0,272.0,273.0,271.4,13.56,-0.302,13.57,1962.0,433535.0,13750.0,1967.0,-1.0,0.818,0.791,0.836,10.87,10.87,10.87,8.15,3.766,3.765,3.765,2.824,117.0,117.0,117.0,87.0,2.213,225.4,57.44,4.5,3.497,2.0,-1.0,13.29,0.015,0.304,3.0,2.0,0.0,0.0,38.28,40.23,38.76,38.41,39.56,38.8,39.33,39.67,36.75,38.55,38.89,42.88,40.58,40.61,42.64,41.22,38.81,39.76,40.49
2017-06-30 17:35:00-05:00,267.7512,284.25,272.92215,254.76358,261.78214,292.5577,259.68817,256.36795,938934.0,41.86,0.0,234.9,264.0,262.9,30.81,347.1,0.0,0.0,0.0,0.0,0.0,0.0,0.0,0.0,345.9,346.9,38.97,-0.4,15.0,15.58,16.0,15.0,0.0,270.0,274.0,273.9,272.0,0.817,0.0,13.62,12.97,-0.273,13.0,0.997,6000.0,420629.0,214.0,406.0,59.97,7.0,47.0,53.0,59.42,30.77,39.14,253.3,15.75,16.46,16.92,60.0,59.5,75.6,1.0,272.2,273.0,271.7,13.34,-0.229,13.34,1962.0,433535.0,13750.0,1967.0,-1.0,0.818,0.791,0.836,10.68,10.68,10.67,8.01,3.706,3.705,3.705,2.779,117.0,117.0,117.0,87.0,2.668,239.3,35.58,5.6,3.498,2.0,-1.0,13.29,0.015,0.305,3.0,2.0,0.0,0.0,38.11,40.16,38.63,38.34,39.41,38.63,39.36,39.63,36.53,38.35,38.8,42.91,40.5,40.58,42.66,41.25,38.66,39.74,40.55
2017-06-30 17:36:00-05:00,264.7844,281.13898,269.6061,251.98291,258.69174,289.39798,256.9282,253.53906,938935.0,41.81,0.0,231.3,260.8,259.7,30.89,346.7,0.0,0.0,0.0,0.0,0.0,0.0,0.0,0.0,345.3,346.3,38.08,-0.4,14.37,15.0,16.0,15.0,0.0,270.4,274.4,274.0,272.6,0.805,0.0,13.38,12.76,-0.258,12.77,0.998,6000.0,420629.0,214.0,406.0,59.97,7.0,47.0,53.0,59.97,30.64,39.03,250.1,15.46,16.18,16.62,60.0,59.5,75.6,1.0,273.0,273.3,272.0,13.11,-0.231,13.11,1962.0,433535.0,13750.0,1967.0,-1.0,0.818,0.791,0.836,10.52,10.53,10.52,7.89,3.648,3.649,3.647,2.735,117.0,117.0,117.0,87.0,1.818,194.2,48.87,5.3,3.498,2.0,-1.0,13.29,0.015,0.304,3.0,2.0,0.0,0.0,38.09,39.99,38.5,38.23,39.21,38.52,39.23,39.56,36.68,38.38,38.73,42.67,40.21,40.36,42.51,41.16,38.59,39.65,40.46
2017-06-30 17:37:00-05:00,261.32318,277.373,265.6979,248.80498,255.34381,285.78683,253.29002,250.12082,938936.0,41.77,0.0,227.4,257.1,255.9,30.87,346.7,0.0,0.0,0.0,0.0,0.0,0.0,0.0,0.0,345.2,346.2,37.52,-0.4,14.0,15.0,15.4,14.4,0.0,270.0,274.0,273.9,272.0,0.803,0.0,13.11,12.5,-0.238,12.52,0.997,6000.0,420629.0,214.0,406.0,59.97,7.0,47.0,53.0,57.58,30.72,38.98,246.5,15.17,15.9,16.34,60.0,59.5,75.6,1.0,272.2,273.0,271.6,12.87,-0.232,12.87,1962.0,433536.0,13750.0,1967.0,-1.0,0.818,0.791,0.836,10.33,10.33,10.33,7.737,3.58,3.582,3.581,2.682,117.0,117.0,117.0,87.0,2.905,235.0,41.06,5.6,3.498,2.0,-1.0,13.29,0.015,0.304,3.0,2.0,0.0,0.0,38.01,39.95,38.48,38.19,39.27,38.51,39.12,39.42,36.49,38.17,38.61,42.47,39.93,40.17,42.34,40.97,38.25,39.49,40.28
2017-06-30 17:38:00-05:00,257.98557,273.607,261.5529,245.22981,252.12463,282.28857,249.77736,246.349,938937.0,41.73,0.0,223.6,253.4,252.3,30.75,346.5,0.0,0.0,0.0,0.0,0.0,0.0,0.0,0.0,345.0,346.0,36.65,-0.4,14.0,15.0,15.0,14.0,0.0,270.4,274.2,274.0,272.4,0.807,0.0,12.86,12.26,-0.163,12.28,0.998,6000.0,420630.0,215.0,406.0,59.96,7.0,47.0,53.0,58.97,30.63,38.81,242.9,14.85,15.6,16.02,60.0,59.5,75.6,1.0,272.7,273.3,272.0,12.62,-0.271,12.62,1962.0,433536.0,13750.0,1967.0,-1.0,0.818,0.791,0.836,10.14,10.13,10.15,7.604,3.513,3.511,3.515,2.634,117.0,117.0,117.0,87.0,3.11,218.8,34.03,5.9,3.497,2.0,-1.0,13.29,0.015,0.304,3.0,2.0,0.0,0.0,37.8,39.95,38.32,38.03,39.07,38.39,38.92,39.24,36.19,37.84,38.42,42.3,39.79,39.94,42.19,40.7,38.06,39.26,39.96
2017-06-30 17:39:00-05:00,254.27711,269.51355,257.2894,241.38983,248.5192,278.1132,245.76285,242.10565,938938.0,41.67,0.0,219.3,249.2,248.1,30.67,346.4,0.0,0.0,0.0,0.0,0.0,0.0,0.0,0.0,345.0,346.0,35.9,-0.4,13.45,14.05,15.0,14.0,0.0,270.5,274.7,274.0,272.8,0.82,0.0,12.58,11.99,-0.192,12.01,0.997,6000.0,420630.0,215.0,406.0,59.96,7.0,47.0,53.0,60.07,30.62,38.72,238.9,14.52,15.23,15.65,60.0,59.5,75.6,1.0,272.9,273.9,272.0,12.34,-0.249,12.34,1962.0,433536.0,13750.0,1967.0,-1.0,0.818,0.791,0.836,9.93,9.92,9.93,7.444,3.439,3.437,3.44,2.579,117.0,117.0,117.0,88.0,2.197,272.4,44.61,6.4,3.497,2.0,-1.0,13.29,0.015,0.304,3.0,2.0,0.0,0.0,37.66,39.85,38.1,37.84,38.86,38.1,38.71,39.15,36.07,37.76,38.33,42.15,39.59,39.73,41.99,40.56,37.88,39.13,39.88
2017-06-30 17:40:00-05:00,250.1978,264.60138,252.67062,237.285,244.14113,273.59927,240.9956,225.25018,938939.0,41.64,0.0,214.8,244.7,243.7,30.86,346.3,0.0,0.0,0.0,0.0,0.0,0.0,0.0,0.0,344.9,345.9,35.02,-0.4,13.0,14.0,14.25,13.25,0.0,270.3,274.3,274.0,272.5,0.815,0.0,12.27,11.68,-0.173,11.69,0.998,6000.0,420630.0,215.0,406.0,59.96,7.0,47.0,53.0,58.33,30.55,38.58,234.7,14.14,14.87,15.28,60.0,59.5,75.6,1.0,272.9,273.5,272.0,12.03,-0.255,12.03,1962.0,433536.0,13750.0,1967.0,-1.0,0.818,0.791,0.836,9.69,9.69,9.7,7.269,3.354,3.355,3.358,2.517,117.0,117.0,117.0,88.0,1.575,242.3,40.69,3.9,3.498,2.0,-1.0,13.29,0.015,0.304,3.0,2.0,0.0,0.0,37.53,39.68,38.0,37.72,38.66,37.9,38.55,39.06,36.13,37.73,38.27,41.95,39.38,39.6,41.79,40.34,37.65,38.95,39.66
2017-06-30 17:41:00-05:00,247.72546,261.49036,249.35455,234.63673,241.1795,270.89093,237.98474,170.67624,938940.0,41.59,0.0,211.7,241.8,240.8,30.87,347.3,0.0,0.0,0.0,0.0,0.0,0.0,0.0,0.0,345.9,346.9,34.27,-0.4,13.0,13.85,14.0,13.0,0.0,270.5,274.4,274.0,272.6,0.81,0.0,12.01,11.42,-0.21,11.44,0.998,6000.0,420630.0,215.0,406.0,59.96,7.0,47.0,53.0,58.33,30.6,38.57,232.0,13.8,14.54,14.94,60.0,59.5,75.6,1.0,273.0,273.6,272.0,11.77,-0.207,11.77,1962.0,433536.0,13750.0,1967.0,-1.0,0.818,0.791,0.836,9.45,9.45,9.44,7.083,3.282,3.28,3.28,2.46,117.0,117.0,117.0,88.0,2.28,216.9,28.99,3.9,3.497,2.0,-1.0,13.29,0.015,0.303,3.0,2.0,0.0,0.0,37.48,39.6,37.95,37.71,38.68,37.98,38.53,39.01,36.02,37.83,38.23,41.88,39.46,39.54,41.73,40.28,37.69,38.9,39.62
2017-06-30 17:42:00-05:00,243.76979,257.06943,245.20952,230.79674,237.05899,266.94125,233.84479,102.54718,938941.0,41.55,0.0,207.7,237.8,236.9,30.73,347.8,0.0,0.0,0.0,0.0,0.0,0.0,0.0,0.0,346.4,347.4,33.23,-0.4,12.47,13.05,14.0,13.0,0.0,270.8,274.6,274.0,272.8,0.802,0.0,11.69,11.11,-0.175,11.14,0.997,6000.0,420630.0,215.0,406.0,59.95,7.0,47.0,53.0,59.47,30.33,38.46,228.2,13.42,14.18,14.59,60.0,59.5,75.6,1.0,273.0,273.8,272.0,11.46,-0.24,11.46,1962.0,433537.0,13750.0,1967.0,-1.0,0.818,0.791,0.836,9.19,9.18,9.18,6.893,3.198,3.194,3.194,2.398,117.0,117.0,117.0,88.0,2.53,191.5,21.36,6.0,3.497,2.0,-1.0,13.29,0.015,0.303,3.0,2.0,0.0,0.0,37.3,39.63,37.87,37.61,38.63,37.79,38.52,38.77,35.62,37.55,38.01,41.74,39.35,39.4,41.56,40.14,37.63,38.73,39.45
2017-06-30 17:43:00-05:00,242.65724,255.43204,243.55148,229.3402,235.25624,265.24857,231.83752,48.798313,938942.0,41.5,0.0,205.7,236.1,235.2,30.84,346.9,0.0,0.0,0.0,0.0,0.0,0.0,0.0,0.0,345.6,346.6,32.88,-0.4,12.0,13.0,13.73,12.73,0.0,270.9,274.8,274.0,272.9,0.81,0.0,11.56,10.98,-0.212,10.99,0.998,6000.0,420631.0,216.0,406.0,59.96,7.0,47.0,53.0,60.17,30.57,38.33,226.6,13.24,13.98,14.39,60.0,59.5,75.6,1.0,273.0,273.9,272.0,11.31,-0.199,11.31,1962.0,433537.0,13750.0,1967.0,-1.0,0.818,0.791,0.836,9.1,9.1,9.1,6.821,3.157,3.158,3.157,2.367,117.0,117.0,117.0,88.0,2.003,299.7,59.63,4.4,3.494,2.0,-1.0,13.29,0.015,0.303,3.0,2.0,0.0,0.0,37.22,39.47,37.76,37.46,38.52,37.71,38.5,38.53,35.58,37.35,37.79,41.62,39.28,39.37,41.4,39.91,37.45,38.59,39.23
2017-06-30 17:44:00-05:00,238.70155,250.51988,239.288,225.63263,231.39326,261.18604,227.57211,33.82878,938943.0,41.46,0.0,201.5,232.0,231.1,30.86,348.0,0.0,0.0,0.0,0.0,0.0,0.0,0.0,0.0,346.6,347.6,31.95,-0.4,12.0,13.0,13.0,12.0,0.0,270.7,274.6,274.0,272.8,0.783,0.0,11.26,10.72,-0.227,10.74,0.997,6000.0,420631.0,216.0,406.0,59.96,7.0,47.0,53.0,57.65,30.62,38.29,222.7,12.9,13.66,14.06,60.0,59.5,75.6,1.0,273.0,273.7,272.0,11.04,-0.163,11.04,1962.0,433537.0,13750.0,1967.0,-1.0,0.818,0.791,0.836,8.86,8.86,8.85,6.631,3.083,3.085,3.079,2.308,117.0,117.0,117.0,88.0,3.29,248.1,29.27,6.0,3.497,2.0,-1.0,13.29,0.015,0.303,3.0,2.0,0.0,0.0,37.25,39.36,37.68,37.42,38.58,37.63,38.29,38.32,35.35,37.19,37.58,41.51,39.01,39.19,41.2,39.68,37.12,38.34,38.95
2017-06-30 17:45:00-05:00,236.60008,247.73631,236.5641,223.38159,229.7193,259.1548,225.06305,33.71091,938944.0,41.41,0.0,198.8,229.4,228.6,30.69,348.4,0.0,0.0,0.0,0.0,0.0,0.0,0.0,0.0,347.0,348.0,31.17,-0.4,12.0,13.0,13.0,12.0,0.0,271.0,274.9,274.0,273.0,0.767,0.0,11.07,10.55,-0.137,10.56,0.998,6000.0,420631.0,216.0,406.0,59.95,7.0,47.0,53.0,58.5,30.29,38.03,220.3,12.67,13.46,13.85,60.0,59.5,75.6,1.0,273.0,274.0,272.0,10.86,-0.213,10.87,1962.0,433537.0,13750.0,1967.0,-1.0,0.818,0.791,0.836,8.73,8.71,8.71,6.538,3.04,3.036,3.034,2.278,117.0,117.0,117.0,88.0,2.827,195.2,35.83,5.9,3.497,2.0,-1.0,13.29,0.015,0.303,3.0,2.0,0.0,0.0,37.06,39.03,37.48,37.12,38.24,37.4,38.04,37.85,34.81,36.81,37.13,41.22,38.62,38.96,40.9,39.29,36.88,37.97,38.54
2017-06-30 17:46:00-05:00,233.88054,244.29782,233.95866,220.60089,226.88644,256.44644,222.17763,33.59304,938945.0,41.38,0.0,195.6,226.4,225.6,30.65,348.2,0.0,0.0,0.0,0.0,0.0,0.0,0.0,0.0,346.8,347.9,31.0,-0.4,11.87,12.35,13.0,12.0,0.0,270.1,274.0,273.2,272.1,0.783,0.0,10.9,10.36,-0.112,10.38,0.997,6000.0,420631.0,216.0,406.0,59.95,7.0,47.0,53.0,59.53,30.45,37.89,217.4,12.49,13.25,13.63,60.0,59.5,75.6,1.0,272.1,273.0,271.2,10.67,-0.241,10.67,1962.0,433537.0,13750.0,1967.0,-1.0,0.818,0.791,0.836,8.57,8.58,8.57,6.42,2.983,2.987,2.985,2.235,117.0,117.0,117.0,88.0,3.253,250.4,36.37,5.6,3.498,2.0,-1.0,13.29,0.015,0.302,3.0,2.0,0.0,0.0,36.86,38.76,37.29,36.98,38.02,37.21,37.98,37.7,34.93,36.74,36.98,41.01,38.42,38.75,40.75,39.14,36.85,37.89,38.44
2017-06-30 17:47:00-05:00,230.91377,240.53183,230.64262,217.6878,224.05357,253.17384,218.66495,33.475174,938946.0,41.32,0.0,192.3,223.3,222.5,30.72,347.5,0.0,0.0,0.0,0.0,0.0,0.0,0.0,0.0,346.2,347.3,30.27,-0.4,11.0,12.0,13.0,12.0,0.0,270.0,274.0,273.3,272.0,0.792,0.0,10.7,10.16,-0.14,10.17,0.998,6000.0,420631.0,216.0,406.0,59.95,7.0,47.0,53.0,60.13,30.54,37.87,214.4,12.27,13.01,13.4,60.0,59.5,75.6,1.0,272.0,273.0,271.1,10.48,-0.209,10.48,1962.0,433537.0,13750.0,1967.0,-1.0,0.818,0.791,0.836,8.45,8.44,8.46,6.336,2.935,2.933,2.938,2.202,117.0,117.0,117.0,88.0,2.167,248.6,53.04,3.9,3.498,2.0,-1.0,13.29,0.015,0.302,3.0,2.0,0.0,0.0,36.82,38.75,37.14,36.94,38.03,37.13,37.67,37.62,34.99,36.64,36.92,40.75,38.12,38.5,40.49,38.92,36.48,37.66,38.26
2017-06-30 17:48:00-05:00,228.8123,237.74828,228.274,215.7016,222.25084,251.1426,216.40678,33.239433,938947.0,41.28,0.0,189.8,221.0,220.3,30.81,344.6,0.0,0.0,0.0,0.0,0.0,0.0,0.0,0.0,343.3,344.2,30.0,-0.4,11.0,12.0,12.23,11.23,0.0,270.0,274.0,273.7,272.0,0.788,0.0,10.53,10.04,-0.272,10.05,0.996,6000.0,420631.0,216.0,406.0,59.97,7.0,47.0,53.0,58.03,30.34,37.65,212.3,12.06,12.82,13.23,60.0,59.5,75.6,1.0,272.1,273.0,271.5,10.33,-0.105,10.33,1962.0,433538.0,13750.0,1967.0,-1.0,0.818,0.791,0.836,8.4,8.4,8.41,6.3,2.893,2.896,2.898,2.171,117.0,117.0,117.0,88.0,1.682,269.5,85.3,4.3,3.497,2.0,-1.0,13.29,0.015,0.302,3.0,2.0,0.0,0.0,36.63,38.49,37.04,36.79,37.93,37.0,37.46,37.49,34.81,36.48,36.79,40.51,38.02,38.35,40.25,38.71,36.21,37.44,38.06
2017-06-30 17:49:00-05:00,225.10385,233.98228,224.60269,212.39127,218.90292,247.75717,212.76865,32.88582,938948.0,41.24,0.0,186.0,217.3,216.8,30.69,342.8,0.0,0.0,0.0,0.0,0.0,0.0,0.0,0.0,341.6,342.6,29.58,-0.4,11.0,12.0,12.0,11.0,0.0,270.0,274.0,274.0,272.0,0.792,0.0,10.26,9.77,-0.3,9.78,0.997,6000.0,420632.0,217.0,406.0,59.98,7.0,47.0,53.0,58.33,30.32,37.51,208.8,11.74,12.49,12.89,60.0,59.5,75.6,1.0,272.2,273.0,271.9,10.06,-0.048,10.06,1962.0,433538.0,13750.0,1967.0,-1.0,0.818,0.791,0.836,8.24,8.24,8.24,6.177,2.826,2.825,2.825,2.118,117.0,117.0,117.0,88.0,2.298,241.4,53.62,5.1,3.498,2.0,-1.0,13.29,0.015,0.302,3.0,2.0,0.0,0.0,36.44,38.29,36.86,36.61,37.82,36.86,37.32,37.34,34.74,36.38,36.66,40.35,38.02,38.28,40.06,38.52,36.06,37.27,37.89
2017-06-30 17:50:00-05:00,221.39537,230.05257,220.81291,208.6837,215.29745,244.0332,208.8796,32.65008,938949.0,41.19,0.0,182.2,213.6,213.0,30.62,343.3,0.0,0.0,0.0,0.0,0.0,0.0,0.0,0.0,342.0,343.1,28.98,-0.4,10.75,11.1,12.0,11.0,0.0,270.0,274.0,273.8,272.0,0.763,0.0,10.03,9.53,-0.295,9.55,0.996,6000.0,420632.0,217.0,406.0,59.98,7.0,47.0,53.0,59.2,30.42,37.39,205.3,11.47,12.22,12.61,60.0,59.5,75.6,1.0,272.0,273.0,271.6,9.84,-0.052,9.84,1962.0,433538.0,13750.0,1967.0,-1.0,0.818,0.791,0.836,8.05,8.05,8.05,6.035,2.764,2.764,2.764,2.072,117.0,117.0,117.0,88.0,2.392,265.6,45.19,5.5,3.498,2.0,-1.0,13.29,0.015,0.302,3.0,2.0,0.0,0.0,36.36,38.16,36.84,36.52,37.66,36.76,37.1,37.13,34.55,36.08,36.46,40.1,37.65,38.02,39.81,38.29,35.83,37.08,37.68
2017-06-30 17:51:00-05:00,219.29391,227.92397,218.44432,206.56508,213.36597,242.00192,206.87234,32.178596,938950.0,41.14,0.0,179.9,211.3,211.0,30.59,344.6,0.0,0.0,0.0,0.0,0.0,0.0,0.0,0.0,343.3,344.3,28.4,-0.4,10.0,11.0,12.0,11.0,0.0,270.0,274.0,274.0,272.0,0.79,0.0,9.87,9.41,-0.243,9.42,0.997,6000.0,420632.0,217.0,406.0,59.97,7.0,46.67,53.0,60.0,30.6,37.31,203.2,11.29,12.04,12.42,60.0,59.5,75.6,1.0,272.1,273.0,271.8,9.69,-0.096,9.69,1962.0,433538.0,13750.0,1967.0,-1.0,0.818,0.791,0.836,7.907,7.907,7.909,5.927,2.725,2.724,2.725,2.042,117.0,117.0,117.0,88.0,1.865,303.6,58.57,3.4,3.498,2.0,-1.0,13.29,0.015,0.302,3.0,2.0,0.0,0.0,36.28,37.95,36.72,36.44,37.56,36.66,36.94,37.02,34.5,36.09,36.38,39.86,37.43,37.91,39.6,38.11,35.78,36.94,37.53
2017-06-30 17:52:00-05:00,215.33823,224.15799,215.00984,203.25475,210.01804,238.6165,203.4851,32.060726,938951.0,41.1,0.0,176.2,207.7,207.4,30.77,345.9,0.0,0.0,0.0,0.0,0.0,0.0,0.0,0.0,344.6,345.6,27.38,-0.4,10.0,11.0,11.07,10.07,0.0,270.0,274.0,273.9,272.0,0.787,0.0,9.64,9.17,-0.267,9.19,0.996,6000.0,420632.0,217.0,406.0,59.97,7.0,46.0,53.0,59.67,30.54,37.21,199.8,11.02,11.76,12.15,60.0,59.5,75.6,1.0,272.1,273.0,271.7,9.46,-0.065,9.46,1962.0,433538.0,13750.0,1967.0,-1.0,0.818,0.791,0.836,7.705,7.703,7.701,5.773,2.665,2.665,2.664,1.997,118.0,118.0,118.0,88.0,1.73,228.0,91.3,5.0,3.498,2.0,-1.0,13.29,0.015,0.302,3.0,2.0,0.0,0.0,36.16,37.8,36.63,36.34,37.4,36.52,36.83,36.9,34.5,35.94,36.26,39.7,37.41,37.82,39.44,38.0,35.75,36.84,37.42
2017-06-30 17:53:00-05:00,211.62975,220.88322,211.45694,200.07681,206.92764,235.3439,200.09787,32.060726,938952.0,41.05,0.0,172.8,204.5,204.1,30.74,346.4,0.0,0.0,0.0,0.0,0.0,0.0,0.0,0.0,345.0,346.0,26.93,-0.4,10.0,11.0,11.0,10.0,0.0,270.0,274.0,273.7,272.0,0.802,0.0,9.44,8.95,-0.28,8.98,0.996,6000.0,420632.0,217.0,406.0,59.97,7.0,46.0,53.0,57.77,30.24,37.13,196.7,10.78,11.51,11.9,60.0,59.5,75.6,1.0,272.0,273.0,271.4,9.26,-0.047,9.26,1962.0,433538.0,13750.0,1967.0,-1.0,0.818,0.791,0.836,7.531,7.53,7.531,5.648,2.609,2.608,2.609,1.957,118.0,118.0,118.0,88.0,1.358,203.6,44.7,3.4,3.498,2.0,-1.0,13.29,0.015,0.301,3.0,2.0,0.0,0.0,35.98,37.7,36.57,36.24,37.28,36.46,36.77,36.73,34.24,35.6,36.09,39.54,37.44,37.8,39.33,37.9,35.71,36.78,37.32
2017-06-30 17:54:00-05:00,207.42683,216.29854,207.19345,195.83958,202.67834,231.05571,195.83247,31.707115,938953.0,40.96,0.0,168.7,200.3,200.0,30.69,345.6,0.0,0.0,0.0,0.0,0.0,0.0,0.0,0.0,344.1,345.2,26.1,-0.4,9.68,10.05,11.0,10.0,0.0,270.0,274.0,273.4,272.0,0.793,0.0,9.16,8.7,-0.272,8.74,0.995,6000.0,420632.0,217.0,406.0,59.97,7.0,46.0,53.0,58.88,30.09,36.93,192.9,10.46,11.2,11.59,60.0,59.5,75.6,1.0,272.0,273.0,271.1,8.99,-0.038,8.99,1962.0,433539.0,13750.0,1967.0,-0.6,0.818,0.791,0.836,7.344,7.341,7.339,5.503,2.538,2.537,2.536,1.902,118.0,118.0,118.0,88.0,1.405,202.7,30.84,2.7,3.498,2.0,-1.0,13.29,0.014,0.301,3.0,2.0,0.0,0.0,35.86,37.66,36.4,36.11,37.12,36.31,36.89,36.61,34.29,34.92,35.95,39.44,37.41,37.7,39.25,37.81,35.75,36.77,37.24
2017-06-30 17:55:00-05:00,205.20175,213.84247,204.70642,193.19131,199.71672,228.34735,193.3234,31.353506,938954.0,40.91,0.0,166.0,197.6,197.4,30.68,345.3,0.0,0.0,0.0,0.0,0.0,0.0,0.0,0.0,343.9,344.9,25.75,-0.4,9.0,10.0,10.8,9.8,0.0,270.0,274.0,273.8,272.0,0.797,0.0,8.94,8.53,-0.223,8.57,0.995,6000.0,420633.0,218.0,406.0,59.97,7.0,46.0,53.0,59.67,30.15,36.77,190.6,10.22,10.98,11.32,60.0,59.5,75.6,1.0,272.0,273.0,271.5,8.8,-0.049,8.8,1962.0,433539.0,13750.0,1967.0,-0.3,0.818,0.791,0.836,7.198,7.195,7.201,5.397,2.485,2.484,2.486,1.864,118.0,118.0,118.0,88.0,3.198,203.7,34.42,4.6,3.498,2.0,-1.0,13.29,0.014,0.301,3.0,2.0,0.0,0.0,35.7,37.38,36.24,36.03,36.93,36.13,36.96,36.28,33.97,34.32,35.55,39.4,37.5,37.62,39.18,37.72,35.66,36.66,37.13
2017-06-30 17:56:00-05:00,201.24605,209.91273,200.79823,189.0865,195.9825,224.05914,189.8107,31.235634,938955.0,40.86,0.0,161.9,193.7,193.5,30.53,344.4,0.0,0.0,0.0,0.0,0.0,0.0,0.0,0.0,343.0,344.0,24.98,-0.4,9.0,10.0,10.0,9.0,0.0,270.0,274.0,273.8,272.0,0.785,0.0,8.71,8.27,-0.253,8.3,0.996,6000.0,420633.0,218.0,406.0,59.97,7.0,46.0,53.0,60.0,30.18,36.61,186.9,9.91,10.67,11.05,60.0,59.5,75.6,1.0,272.0,273.0,271.5,8.55,-0.051,8.55,1962.0,433539.0,13750.0,1967.0,-1.0,0.818,0.791,0.836,7.024,7.022,7.022,5.267,2.419,2.419,2.418,1.814,118.0,118.0,118.0,88.0,2.483,239.5,25.93,3.8,3.498,2.0,-1.0,13.29,0.014,0.301,3.0,2.0,0.0,0.0,35.48,37.4,36.08,35.89,36.8,35.97,36.89,35.87,34.18,33.7,35.08,39.32,37.32,37.53,39.1,37.68,35.57,36.56,37.1
2017-06-30 17:57:00-05:00,198.27928,206.3105,197.36375,186.04099,193.02087,220.6737,186.42348,31.235634,938956.0,40.82,0.0,158.5,190.4,190.2,30.49,344.6,0.0,0.0,0.0,0.0,0.0,0.0,0.0,0.0,343.1,344.1,24.2,-0.4,9.0,9.72,10.0,9.0,0.0,270.0,274.0,273.9,272.0,0.808,0.0,8.5,8.04,-0.293,8.08,0.995,6000.0,420633.0,218.0,406.0,59.98,7.0,46.0,53.0,59.35,30.41,36.59,184.0,9.64,10.38,10.79,60.0,59.5,75.6,1.0,272.1,273.0,271.8,8.33,0.015,8.33,1962.0,433539.0,13750.0,1967.0,0.533,0.818,0.791,0.836,6.856,6.854,6.854,5.138,2.362,2.362,2.362,1.771,118.0,118.0,118.0,88.0,1.592,261.7,43.33,4.1,3.498,2.0,-1.0,13.29,0.014,0.301,3.0,2.0,0.0,0.0,35.45,37.26,35.95,35.76,36.7,35.87,36.79,35.23,33.99,33.33,34.41,39.15,37.2,37.42,38.95,37.54,35.43,36.44,36.96
2017-06-30 17:58:00-05:00,195.55972,203.52693,194.52144,183.78995,190.83185,218.30391,183.91441,31.235634,938957.0,40.78,0.0,155.4,187.6,187.6,30.57,344.5,0.0,0.0,0.0,0.0,0.0,0.0,0.0,0.0,343.0,344.0,24.0,-0.4,8.88,9.0,10.0,9.0,0.0,270.0,274.0,273.8,272.0,0.808,0.0,8.3,7.883,-0.3,7.925,0.995,6000.0,420633.0,218.0,406.0,59.98,7.0,46.0,53.0,57.82,30.21,36.53,181.5,9.42,10.15,10.58,60.0,59.5,75.6,1.0,272.0,273.0,271.7,8.15,0.044,8.15,1962.0,433539.0,13750.0,1967.0,1.0,0.818,0.791,0.836,6.712,6.708,6.71,5.032,2.312,2.311,2.311,1.733,118.0,118.0,118.0,88.0,2.128,205.2,36.8,4.9,3.498,2.0,-1.0,13.29,0.014,0.301,3.0,2.0,0.0,0.0,35.38,37.22,35.89,35.7,36.64,35.79,36.75,34.53,33.51,32.95,33.73,39.01,37.22,37.33,38.8,37.43,35.55,36.37,36.82
2017-06-30 17:59:00-05:00,192.8402,200.9071,191.79755,181.14168,188.2565,215.59557,181.27989,30.882025,938958.0,40.73,0.0,152.5,184.9,184.8,30.52,343.6,0.0,0.0,0.0,0.0,0.0,0.0,0.0,0.0,342.2,343.3,23.1,-0.4,8.0,9.0,9.42,8.42,0.0,270.0,274.0,273.8,272.0,0.808,0.0,8.05,7.642,-0.273,7.677,0.994,6000.0,420633.0,218.0,406.0,59.97,7.0,46.0,53.0,58.9,30.25,36.34,179.0,9.12,9.85,10.27,60.0,59.5,75.6,1.0,272.4,273.0,271.7,7.906,0.007,7.906,1962.0,433539.0,13750.0,1967.0,0.267,0.818,0.791,0.836,6.54,6.541,6.54,4.901,2.247,2.247,2.247,1.684,118.0,118.0,118.0,88.0,2.618,224.9,56.73,4.7,3.498,2.0,-1.0,13.29,0.014,0.301,3.0,2.0,0.0,0.0,35.23,36.98,35.76,35.52,36.42,35.68,36.58,33.9,33.07,32.63,33.17,38.93,37.02,37.22,38.69,37.34,35.39,36.26,36.76
2017-06-30 18:00:00-05:00,190.36789,198.77853,189.42894,179.02306,185.55241,212.8872,178.89627,30.646282,938959.0,40.67,0.0,149.6,182.2,182.3,30.44,343.5,0.0,0.0,0.0,0.0,0.0,0.0,0.0,0.0,342.2,343.2,22.22,-0.4,8.0,9.0,9.0,8.0,0.0,270.0,274.0,273.7,272.0,0.79,0.0,7.813,7.415,-0.227,7.458,0.992,6000.0,420633.0,218.0,406.0,59.96,7.0,46.0,53.0,59.37,30.14,36.2,176.7,8.82,9.58,9.99,60.0,59.5,75.6,1.0,272.1,273.0,271.6,7.67,-0.028,7.67,1962.0,433539.0,13750.0,1967.0,-0.4,0.818,0.791,0.836,6.365,6.363,6.364,4.771,2.187,2.186,2.186,1.639,118.0,118.0,118.0,88.0,3.423,251.5,24.39,5.7,3.498,2.0,-1.0,13.29,0.014,0.3,3.0,2.0,0.0,0.0,35.13,36.83,35.58,35.34,36.26,35.48,36.34,33.38,32.62,32.31,32.68,38.72,36.69,37.0,38.45,37.1,35.06,36.01,36.53
2017-06-30 18:01:00-05:00,186.78304,194.68504,185.52075,175.58032,181.94696,209.0504,175.13268,30.528414,938960.0,40.64,0.0,145.7,178.4,178.7,30.36,343.4,0.0,0.0,0.0,0.0,0.0,0.0,0.0,0.0,342.0,343.0,21.23,-0.4,7.8,8.4,9.0,8.0,0.0,270.3,274.1,273.9,272.3,0.802,0.0,7.463,7.095,-0.148,7.127,0.993,6000.0,420633.0,218.0,406.0,59.95,7.0,46.0,53.0,60.0,30.1,36.0,173.1,8.41,9.18,9.58,60.0,59.5,75.6,1.0,272.6,273.2,271.9,7.335,-0.079,7.335,1962.0,433540.0,13750.0,1967.0,-1.0,0.818,0.791,0.836,6.113,6.113,6.111,4.583,2.099,2.099,2.098,1.574,118.0,118.0,118.0,88.0,2.397,206.4,43.05,4.8,3.498,2.0,-1.0,13.29,0.014,0.3,3.0,2.0,0.0,0.0,34.9,36.66,35.37,35.13,36.05,35.27,36.21,32.95,32.1,32.09,32.27,38.52,36.61,36.86,38.29,36.96,34.99,35.92,36.41
2017-06-30 18:02:00-05:00,184.31073,192.06525,182.79686,172.6672,179.11409,206.4549,172.49815,30.410542,938961.0,40.59,0.0,142.7,175.6,175.9,30.36,343.1,0.0,0.0,0.0,0.0,0.0,0.0,0.0,0.0,341.8,342.7,20.83,-0.4,7.033,8.0,8.58,7.583,0.0,271.0,274.7,274.0,273.0,0.777,0.0,7.232,6.86,-0.053,6.893,0.993,6000.0,420633.0,218.0,406.0,59.94,7.0,46.0,53.0,60.0,30.2,35.88,170.7,8.11,8.91,9.28,60.0,59.5,75.6,1.0,273.0,274.0,272.0,7.102,-0.126,7.104,1962.0,433540.0,13750.0,1967.0,-1.0,0.818,0.791,0.836,5.94,5.94,5.94,4.453,2.038,2.038,2.038,1.528,118.0,118.0,118.0,88.0,2.862,237.7,30.97,5.9,3.493,2.0,-1.0,13.29,0.014,0.3,3.0,2.0,0.0,0.0,34.78,36.66,35.21,34.96,35.92,35.14,36.1,32.59,31.83,31.89,31.94,38.41,36.57,36.7,38.15,36.79,34.93,35.76,36.21
2017-06-30 18:03:00-05:00,182.4565,189.44542,180.07297,170.68102,177.31137,204.64934,170.74182,30.292673,938962.0,40.55,0.0,140.1,173.5,173.9,30.48,343.3,0.0,0.0,0.0,0.0,0.0,0.0,0.0,0.0,342.0,342.9,20.08,-0.4,7.0,8.0,8.02,7.017,0.0,270.8,274.4,274.0,272.8,0.792,0.0,6.993,6.623,-0.027,6.68,0.991,6000.0,420634.0,219.0,406.0,59.93,7.0,46.0,53.0,59.78,30.24,35.83,168.6,7.832,8.6,8.97,60.0,59.5,75.6,1.0,273.0,273.7,272.0,6.861,-0.161,6.863,1962.0,433540.0,13750.0,1967.0,-1.0,0.818,0.791,0.836,5.759,5.758,5.758,4.316,1.977,1.977,1.977,1.482,118.0,118.0,118.0,88.0,2.758,160.7,48.7,7.3,3.498,2.0,-1.0,13.29,0.02,0.3,3.0,2.0,0.0,0.0,34.8,36.54,35.13,34.89,35.87,35.08,36.0,32.26,31.51,31.71,31.64,38.21,36.38,36.61,37.99,36.71,34.91,35.71,36.13
2017-06-30 18:04:00-05:00,178.6244,185.35197,176.28319,166.84103,173.31961,200.24828,166.60187,29.82119,938963.0,40.49,0.0,136.4,169.6,170.1,30.52,346.2,0.0,0.0,0.0,0.0,0.0,0.0,0.0,0.0,344.8,345.8,19.2,-0.4,7.0,7.983,8.0,7.0,0.0,271.0,274.7,274.0,273.0,0.8,0.0,6.767,6.407,-0.03,6.463,0.991,6000.0,420634.0,219.0,406.0,59.93,7.0,46.0,53.0,58.0,30.29,35.63,165.2,7.557,8.34,8.7,60.0,59.5,75.6,1.0,273.0,274.0,272.0,6.637,-0.138,6.639,1962.0,433540.0,13750.0,1967.0,-1.0,0.818,0.791,0.836,5.539,5.538,5.538,4.153,1.918,1.917,1.917,1.438,118.0,118.0,118.0,88.0,2.87,228.7,21.4,5.2,3.498,2.0,-1.0,13.33,0.016,0.299,3.0,2.0,0.0,0.0,34.57,36.29,34.98,34.72,35.71,34.91,35.89,32.04,31.27,31.55,31.45,38.15,36.29,36.43,37.87,36.7,34.89,35.64,36.11
2017-06-30 18:05:00-05:00,175.90488,182.5684,173.32245,164.45758,170.74428,197.31424,163.8419,29.703321,938964.0,40.46,0.0,133.6,166.8,167.3,30.39,346.1,0.0,0.0,0.0,0.0,0.0,0.0,0.0,0.0,344.7,345.7,18.98,-0.4,6.883,7.667,8.0,7.0,0.0,271.0,275.0,274.2,273.0,0.803,0.0,6.69,6.293,-0.132,6.362,0.991,6000.0,420634.0,219.0,406.0,59.95,7.0,46.0,53.0,58.72,30.33,35.58,162.8,7.433,8.21,8.58,60.0,59.5,75.6,1.0,273.0,274.0,272.2,6.542,-0.055,6.542,1962.0,433540.0,13750.0,1967.0,-0.933,0.818,0.791,0.836,5.467,5.467,5.47,4.099,1.892,1.892,1.893,1.419,118.0,118.0,118.0,88.0,2.227,273.1,32.57,4.9,3.498,2.0,-1.0,13.33,0.016,0.299,3.0,2.0,0.0,0.0,34.46,36.2,34.9,34.63,35.63,34.79,35.71,31.79,31.05,31.44,31.21,37.94,36.1,36.23,37.66,36.57,34.76,35.53,36.0
2017-06-30 18:06:00-05:00,171.94917,178.14748,169.1774,160.61758,166.75252,192.91318,159.70193,29.703321,938965.0,40.41,0.0,129.9,162.7,163.3,30.53,346.6,0.0,0.0,0.0,0.0,0.0,0.0,0.0,0.0,345.2,346.1,18.3,-0.4,6.033,7.0,7.783,6.783,0.0,271.0,275.0,274.3,273.0,0.803,0.0,6.442,6.072,-0.137,6.132,0.99,6000.0,420634.0,219.0,406.0,59.95,7.0,46.0,53.0,59.0,30.46,35.53,159.1,7.142,7.922,8.31,60.0,59.5,75.6,1.0,273.0,274.0,272.4,6.307,-0.03,6.307,1962.0,433540.0,13750.0,1967.0,-1.0,0.818,0.791,0.836,5.277,5.273,5.276,3.956,1.829,1.828,1.829,1.371,118.0,118.0,118.0,88.0,1.352,217.1,75.09,3.0,3.494,2.0,-1.0,13.33,0.016,0.299,3.0,2.0,0.0,0.0,34.44,36.16,34.82,34.58,35.55,34.72,35.64,31.6,30.87,31.3,31.03,37.8,36.07,36.15,37.56,36.46,34.73,35.48,35.92
2017-06-30 18:07:00-05:00,160.70016,166.35829,158.28183,150.42174,156.0649,181.28986,149.16386,29.349709,938966.0,40.37,0.0,121.6,153.0,153.6,30.75,346.3,0.0,0.0,0.0,0.0,0.0,0.0,0.0,0.0,345.1,346.0,16.27,-0.4,5.267,6.3,6.717,5.717,0.0,271.0,275.0,274.6,273.0,0.808,0.0,5.707,5.342,-0.087,5.408,0.987,6000.0,420634.0,219.0,406.0,59.94,7.0,46.0,53.0,59.47,30.47,35.47,148.9,6.232,7.012,7.4,60.0,59.5,75.6,1.0,273.0,274.0,272.6,5.554,-0.048,5.554,1962.0,433540.0,13750.0,1967.0,-1.0,0.818,0.791,0.836,4.715,4.711,4.712,3.534,1.633,1.631,1.632,1.224,118.0,118.0,118.0,88.0,1.535,261.5,62.26,2.9,3.498,2.0,-1.0,13.33,0.015,0.299,3.0,2.0,0.0,0.0,34.41,36.03,34.77,34.53,35.48,34.67,35.56,31.43,30.72,31.19,30.88,37.69,35.97,36.14,37.45,36.42,34.72,35.43,35.87
2017-06-30 18:08:00-05:00,160.32932,165.86708,157.57124,150.15692,155.16354,180.83847,148.41115,28.87823,938967.0,40.31,0.0,120.5,152.2,152.7,30.53,346.3,0.0,0.0,0.0,0.0,0.0,0.0,0.0,0.0,345.0,346.0,15.73,-0.4,5.0,6.0,6.133,5.133,0.0,271.0,275.0,275.0,273.0,0.817,0.0,5.523,5.152,-0.088,5.243,0.985,6000.0,420634.0,219.0,406.0,59.94,7.0,46.0,53.0,60.0,30.24,35.34,149.0,6.013,6.788,7.173,60.0,59.5,75.6,1.0,273.3,274.0,273.0,5.371,-0.033,5.371,1962.0,433540.0,13750.0,1967.0,-0.9,0.818,0.791,0.836,4.589,4.588,4.588,3.439,1.589,1.589,1.589,1.191,118.0,118.0,118.0,88.0,3.007,253.9,52.84,7.1,3.498,2.0,-1.0,13.33,0.015,0.298,3.0,2.0,0.0,0.0,34.23,35.91,34.67,34.41,35.32,34.56,35.41,31.26,30.55,31.07,30.72,37.48,35.78,35.96,37.28,36.26,34.53,35.26,35.7
2017-06-30 18:09:00-05:00,161.07101,166.68578,157.92653,151.08382,155.93614,181.96695,149.16386,28.87823,938968.0,40.27,0.0,119.8,152.6,153.1,30.32,345.9,0.0,0.0,0.0,0.0,0.0,0.0,0.0,0.0,344.6,345.6,15.18,-0.4,5.0,6.0,6.033,5.033,0.0,271.0,275.0,274.7,273.0,0.808,0.0,5.405,5.042,-0.085,5.152,0.983,6000.0,420634.0,219.0,406.0,59.94,7.0,46.0,53.0,60.0,30.17,35.24,149.8,5.903,6.695,7.082,60.0,59.5,75.6,1.0,273.3,274.0,272.8,5.289,-0.037,5.289,1962.0,433540.0,13750.0,1967.0,-0.7,0.818,0.791,0.836,4.529,4.531,4.532,3.395,1.567,1.567,1.567,1.174,118.0,118.0,118.0,88.0,2.44,205.2,49.36,4.3,3.497,2.0,-1.0,13.33,0.015,0.298,3.0,2.0,0.0,0.0,34.09,35.76,34.53,34.3,35.13,34.4,35.24,31.13,30.47,30.98,30.61,37.28,35.67,35.78,37.04,36.13,34.53,35.14,35.58
2017-06-30 18:10:00-05:00,159.71124,165.37589,156.38695,149.75967,154.26218,180.38707,147.28207,28.760357,938969.0,40.22,0.0,117.7,150.7,151.2,30.34,346.4,0.0,0.0,0.0,0.0,0.0,0.0,0.0,0.0,345.0,346.0,15.0,-0.4,5.0,6.0,6.0,5.0,0.0,271.0,275.0,275.0,273.0,0.813,0.0,5.295,4.98,-0.253,5.017,0.982,6000.0,420634.0,219.0,406.0,59.97,7.0,46.0,53.0,60.0,29.93,35.07,148.2,5.777,6.547,6.963,60.0,59.5,75.6,1.0,273.8,274.3,273.0,5.176,0.104,5.177,1962.0,433540.0,13750.0,1967.0,1.0,0.818,0.791,0.836,4.438,4.436,4.436,3.327,1.538,1.537,1.537,1.152,118.0,118.0,118.0,88.0,3.368,199.0,39.42,7.4,3.499,2.0,-1.0,13.33,0.015,0.298,3.0,2.0,0.0,0.0,33.97,35.54,34.43,34.17,35.0,34.3,35.22,31.01,30.38,30.98,30.49,37.19,35.5,35.76,36.94,36.06,34.55,35.09,35.52
2017-06-30 18:11:00-05:00,156.86809,162.5923,153.54463,146.58176,151.04301,176.88881,144.2712,28.406748,938970.0,40.18,0.0,114.8,147.6,148.1,30.21,346.9,0.0,0.0,0.0,0.0,0.0,0.0,0.0,0.0,345.7,346.7,14.77,-0.4,5.0,6.0,6.0,5.0,0.0,271.1,275.0,275.0,273.1,0.813,0.0,5.143,4.775,-0.222,4.883,0.981,6000.0,420634.0,219.0,406.0,59.96,7.0,46.0,53.0,60.0,30.1,34.92,145.3,5.572,6.34,6.74,60.0,59.5,75.6,1.0,273.8,274.3,273.0,5.01,0.084,5.011,1962.0,433541.0,13750.0,1967.0,1.0,0.818,0.791,0.836,4.305,4.303,4.308,3.227,1.493,1.493,1.494,1.12,118.0,118.0,118.0,88.0,2.192,228.6,18.52,4.4,3.498,2.0,-1.0,13.33,0.015,0.298,3.0,2.0,0.0,0.0,33.84,35.42,34.33,34.04,34.88,34.17,35.13,30.89,30.29,30.86,30.38,37.11,35.56,35.64,36.85,36.03,34.47,35.03,35.48
2017-06-30 18:12:00-05:00,149.82199,155.22408,146.67567,139.69626,144.21838,169.21515,137.37126,27.935265,938971.0,40.12,0.0,109.6,141.1,141.7,30.26,347.2,0.0,0.0,0.0,0.0,0.0,0.0,0.0,0.0,346.0,347.0,13.68,-0.4,4.283,5.117,6.0,5.0,0.0,271.1,275.0,275.0,273.2,0.795,0.0,4.865,4.525,-0.285,4.62,0.98,6000.0,420634.0,219.0,406.0,59.98,7.0,46.0,53.0,60.0,30.27,34.88,139.2,5.257,6.025,6.412,60.0,59.5,75.6,1.0,274.0,274.5,273.0,4.742,0.17,4.745,1962.0,433541.0,13750.0,1967.0,0.999,0.818,0.791,0.836,4.095,4.094,4.095,3.069,1.422,1.422,1.422,1.066,118.0,118.0,118.0,88.0,1.653,234.2,17.18,2.7,3.497,2.0,-1.0,13.33,0.015,0.298,3.0,2.0,0.0,0.0,33.76,35.56,34.25,33.96,34.77,34.09,35.13,30.8,30.19,30.78,30.3,37.09,35.59,35.62,36.81,36.03,34.53,35.02,35.49
2017-06-30 18:13:00-05:00,142.77592,147.85585,139.68831,132.81075,137.13625,161.65436,130.34589,27.463787,938972.0,40.09,0.0,104.6,134.9,135.5,30.3,347.1,0.0,0.0,0.0,0.0,0.0,0.0,0.0,0.0,346.0,346.9,12.95,-0.4,4.0,5.0,5.033,4.033,0.0,271.1,275.0,275.0,273.1,0.785,0.0,4.557,4.188,-0.203,4.313,0.976,6000.0,420634.0,219.0,406.0,59.96,7.0,46.0,53.0,60.0,30.27,34.77,133.1,4.87,5.673,6.048,60.0,59.5,75.6,1.0,274.0,274.3,273.0,4.427,0.082,4.428,1962.0,433541.0,13750.0,1967.0,1.0,0.818,0.791,0.836,3.855,3.854,3.85,2.888,1.338,1.338,1.336,1.002,118.0,118.0,118.0,89.0,1.822,236.1,43.07,3.6,3.498,2.0,-1.0,13.33,0.015,0.298,3.0,2.0,0.0,0.0,33.68,35.41,34.14,33.91,34.69,33.99,35.09,30.72,30.1,30.72,30.21,37.06,35.59,35.58,36.78,35.95,34.5,34.96,35.38
2017-06-30 18:14:00-05:00,141.04529,146.3822,137.91185,131.22179,135.84857,160.63873,129.09135,27.228045,938973.0,40.04,0.0,102.6,133.5,134.0,30.33,345.6,0.0,0.0,0.0,0.0,0.0,0.0,0.0,0.0,344.1,345.4,12.28,-0.4,4.0,5.0,5.0,4.0,0.0,271.0,274.9,274.8,273.0,0.782,0.0,4.41,4.1,-0.158,4.17,0.978,6000.0,420634.0,219.0,406.0,59.95,7.0,46.0,53.0,60.0,30.29,34.65,132.0,4.707,5.532,5.888,60.0,59.5,75.6,1.0,273.5,274.0,272.9,4.299,0.054,4.299,1962.0,433541.0,13750.0,1967.0,1.0,0.818,0.791,0.836,3.771,3.774,3.776,2.827,1.303,1.304,1.305,0.977,118.0,118.0,118.0,89.0,1.55,230.2,38.53,3.5,3.498,2.0,-1.0,13.33,0.015,0.298,3.0,2.0,0.0,0.0,33.62,35.34,34.04,33.83,34.62,33.91,35.0,30.61,30.01,30.7,30.12,36.94,35.48,35.46,36.65,35.79,34.32,34.82,35.25
2017-06-30 18:15:00-05:00,139.68553,145.07228,136.49069,129.89764,134.43214,159.1717,127.460464,27.110172,938974.0,39.99,0.0,100.7,131.6,132.0,30.29,345.9,0.0,0.0,0.0,0.0,0.0,0.0,0.0,0.0,344.6,345.6,12.0,-0.4,4.0,5.0,5.0,4.0,0.0,269.5,273.4,273.0,271.6,0.775,0.0,4.273,3.965,-0.112,4.062,0.976,6000.0,420635.0,220.0,406.0,59.95,7.0,46.0,53.0,58.58,30.1,34.5,130.8,4.567,5.368,5.728,60.0,59.5,75.6,1.0,271.9,272.6,271.2,4.146,0.035,4.146,1962.0,433541.0,13750.0,1967.0,0.867,0.818,0.791,0.836,3.657,3.653,3.654,2.74,1.265,1.264,1.264,0.948,118.0,118.0,118.0,89.0,2.477,224.9,28.25,4.1,3.498,2.0,-1.0,13.33,0.015,0.298,3.0,2.0,0.0,0.0,33.5,35.24,33.9,33.72,34.55,33.8,34.85,30.51,29.93,30.65,30.03,36.73,35.21,35.28,36.46,35.6,34.08,34.67,35.07
2017-06-30 18:16:00-05:00,134.12283,139.1777,131.16133,124.73351,129.2815,153.41647,122.31687,26.638695,938975.0,39.95,0.0,96.4,126.5,126.9,30.18,344.7,0.0,0.0,0.0,0.0,0.0,0.0,0.0,0.0,343.4,344.4,11.33,-0.4,3.667,4.683,5.0,4.0,0.0,269.8,273.8,272.9,271.8,0.762,0.0,4.033,3.742,-0.088,3.833,0.973,6000.0,420635.0,220.0,406.0,59.94,7.0,46.0,53.0,58.0,30.03,34.39,125.8,4.308,5.115,5.447,60.0,59.5,75.6,1.0,271.9,272.8,271.0,3.922,0.022,3.922,1962.0,433541.0,13750.0,1967.0,0.733,0.818,0.791,0.836,3.488,3.484,3.486,2.612,1.202,1.201,1.202,0.9,118.0,118.0,118.0,89.0,2.892,269.8,40.37,5.4,3.498,2.0,-1.0,13.33,0.015,0.297,3.0,2.0,0.0,0.0,33.39,35.09,33.77,33.59,34.39,33.64,34.69,30.42,29.85,30.59,29.94,36.51,35.01,35.07,36.24,35.36,33.82,34.44,34.83
2017-06-30 18:17:00-05:00,130.16714,134.9205,127.25314,121.29077,126.062325,149.57965,118.92964,26.520823,938976.0,39.94,0.0,93.3,122.9,123.2,30.08,343.8,0.0,0.0,0.0,0.0,0.0,0.0,0.0,0.0,342.6,343.6,10.85,-0.4,3.0,4.0,4.333,3.333,0.0,270.0,274.0,273.1,272.0,0.773,0.0,3.78,3.5,-0.138,3.603,0.969,6000.0,420635.0,220.0,406.0,59.95,7.0,46.0,53.0,58.0,29.94,34.17,122.4,4.017,4.822,5.158,60.0,59.5,75.6,1.0,272.0,273.0,271.0,3.677,0.068,3.678,1962.0,433541.0,13750.0,1967.0,1.0,0.818,0.791,0.836,3.309,3.309,3.307,2.479,1.138,1.138,1.137,0.852,118.0,118.0,118.0,89.0,1.595,315.9,75.2,5.0,3.498,2.0,-1.0,13.33,0.015,0.297,3.0,2.0,0.0,0.0,33.23,34.91,33.6,33.44,34.26,33.51,34.52,30.31,29.75,30.57,29.84,36.22,34.82,34.8,35.97,35.06,33.56,34.18,34.55
2017-06-30 18:18:00-05:00,127.571205,132.13695,124.647675,118.907326,123.74453,146.98415,116.42057,26.520823,938977.0,39.85,0.0,90.9,120.2,120.5,30.12,344.2,0.0,0.0,0.0,0.0,0.0,0.0,0.0,0.0,342.8,343.8,10.0,-0.4,3.0,4.0,4.0,3.0,0.0,270.0,274.0,273.5,272.0,0.768,0.0,3.542,3.273,-0.235,3.438,0.963,6000.0,420635.0,220.0,406.0,59.97,7.0,46.0,53.0,58.82,29.97,34.06,120.2,3.785,4.57,4.918,60.0,59.5,75.6,1.0,272.0,273.0,271.4,3.471,0.152,3.474,1962.0,433541.0,13750.0,1967.0,0.999,0.818,0.791,0.836,3.148,3.148,3.151,2.36,1.083,1.084,1.085,0.812,118.0,118.0,118.0,89.0,2.853,301.7,71.36,7.1,3.497,2.0,-1.0,13.33,0.015,0.297,3.0,2.0,0.0,0.0,33.08,34.73,33.51,33.28,34.13,33.4,34.39,30.23,29.69,30.46,29.76,36.08,34.73,34.75,35.79,34.89,33.48,34.06,34.39
2017-06-30 18:19:00-05:00,125.34613,130.17209,122.16065,117.053535,121.813034,144.61435,114.28787,26.402952,938978.0,39.8,0.0,88.6,118.0,118.4,29.99,344.4,0.0,0.0,0.0,0.0,0.0,0.0,0.0,0.0,343.0,344.0,9.72,-0.4,3.0,4.0,4.0,3.0,0.0,270.0,274.0,273.8,272.0,0.777,0.0,3.39,3.112,-0.187,3.232,0.334,6000.0,420635.0,220.0,406.0,59.96,7.0,46.0,53.0,59.0,30.01,33.85,118.2,3.532,4.332,4.695,60.0,59.5,75.6,1.0,272.4,273.0,271.8,3.269,0.14,3.272,1962.0,433541.0,13750.0,1967.0,0.999,0.818,0.791,0.836,2.984,2.985,2.985,2.237,1.028,1.028,1.028,0.771,118.0,118.0,118.0,89.0,2.783,285.4,45.71,5.0,3.498,2.0,-1.0,13.33,0.015,0.297,3.0,2.0,0.0,0.0,32.92,34.59,33.3,33.1,33.93,33.2,34.12,30.15,29.61,30.43,29.69,35.8,34.31,34.5,35.58,34.71,33.24,33.89,34.22
2017-06-30 18:20:00-05:00,123.12104,128.04349,120.02891,115.06734,119.62401,142.24455,112.02972,26.167212,938979.0,39.79,0.0,86.4,115.5,115.8,29.97,344.7,0.0,0.0,0.0,0.0,0.0,0.0,0.0,0.0,343.3,344.3,8.98,-0.4,3.0,3.983,4.0,3.0,0.0,270.3,274.0,274.0,272.3,0.78,0.0,3.207,2.923,-0.285,3.085,0.0,6000.0,420635.0,220.0,406.0,59.97,7.0,46.0,53.0,59.0,30.05,33.71,116.2,3.335,4.117,4.503,60.0,59.5,75.6,1.0,273.0,273.1,272.0,3.095,0.208,3.102,1962.0,433541.0,13750.0,1967.0,0.998,0.818,0.791,0.836,2.844,2.843,2.846,2.133,0.98,0.98,0.981,0.735,118.0,118.0,118.0,89.0,2.503,196.1,80.2,4.7,3.498,2.0,-1.0,13.33,0.015,0.297,3.0,2.0,0.0,0.0,32.79,34.33,33.24,33.04,33.81,33.15,33.94,30.07,29.55,30.37,29.6,35.52,34.21,34.38,35.34,34.48,33.12,33.72,34.02
2017-06-30 18:21:00-05:00,121.63766,126.56984,118.60774,113.87562,118.078804,140.55183,110.64973,25.93147,938980.0,39.74,0.0,84.7,113.8,114.0,29.88,347.3,0.0,0.0,0.0,0.0,0.0,0.0,0.0,0.0,346.0,347.0,8.1,-0.4,2.117,3.1,4.0,3.0,0.0,270.2,274.1,274.0,272.3,0.788,0.0,2.97,2.702,-0.263,2.882,0.0,6000.0,420635.0,220.0,406.0,59.97,7.0,45.95,53.0,59.0,29.81,33.56,114.8,3.095,3.873,4.265,60.0,59.5,75.6,1.0,273.0,273.3,272.0,2.888,0.197,2.895,1962.0,433541.0,13750.0,1967.0,0.998,0.818,0.791,0.836,2.665,2.665,2.664,1.997,0.926,0.926,0.925,0.693,118.0,118.0,118.0,89.0,3.205,224.9,43.5,6.2,3.498,2.0,-1.0,13.33,0.015,0.297,3.0,2.0,0.0,0.0,32.61,34.23,33.07,32.88,33.67,32.99,33.73,29.99,29.51,30.3,29.53,35.25,33.99,34.22,35.12,34.33,33.01,33.55,33.87
2017-06-30 18:22:00-05:00,120.15427,125.09619,116.94972,112.28665,116.40484,138.52058,109.01884,25.69573,938981.0,39.7,0.0,82.9,111.9,112.1,29.82,346.6,0.0,0.0,0.0,0.0,0.0,0.0,0.0,0.0,345.4,346.4,8.0,-0.4,2.0,3.0,3.717,2.717,0.0,270.9,274.6,274.0,272.9,0.785,0.0,2.888,2.605,-0.243,2.77,0.0,6000.0,420635.0,220.0,406.0,59.97,7.0,45.98,53.0,59.0,29.79,33.43,113.3,2.958,3.722,4.108,60.0,59.5,75.6,1.0,273.0,273.9,272.0,2.759,0.191,2.766,1962.0,433541.0,13750.0,1967.0,0.998,0.818,0.791,0.836,2.571,2.57,2.571,1.926,0.891,0.891,0.891,0.668,118.0,118.0,118.0,89.0,2.052,185.8,47.27,6.3,3.495,2.0,-1.0,13.33,0.014,0.296,3.0,2.0,0.0,0.0,32.48,34.13,32.97,32.82,33.37,32.84,33.62,29.93,29.45,30.27,29.47,35.09,33.84,34.05,34.95,34.2,32.89,33.43,33.74
2017-06-30 18:23:00-05:00,118.54727,123.62255,115.17326,110.8301,114.73087,137.05356,107.5134,25.69573,938982.0,39.64,0.0,81.3,110.2,110.2,29.81,346.7,0.0,0.0,0.0,0.0,0.0,0.0,0.0,0.0,345.4,346.4,7.983,-0.4,2.0,3.0,3.217,2.217,0.0,270.8,274.6,274.0,272.9,0.807,0.0,2.812,2.567,-0.22,2.705,0.0,6000.0,420635.0,220.0,406.0,59.97,7.0,45.33,53.0,59.0,29.87,33.28,111.8,2.898,3.675,4.03,60.0,59.5,75.6,1.0,273.0,273.9,272.0,2.702,0.178,2.708,1962.0,433541.0,13750.0,1967.0,0.998,0.818,0.791,0.836,2.524,2.524,2.527,1.894,0.875,0.875,0.876,0.657,118.0,118.0,118.0,89.0,2.607,279.2,36.84,5.9,3.498,2.0,-1.0,13.33,0.014,0.296,3.0,2.0,0.0,0.0,32.38,33.99,32.8,32.66,33.07,32.66,33.5,29.87,29.41,30.28,29.41,34.9,33.62,33.88,34.74,34.0,32.73,33.24,33.56
2017-06-30 18:24:00-05:00,115.82773,120.675255,112.33094,108.31425,112.15555,134.00665,104.87888,25.69573,938983.0,39.59,0.0,78.92,107.4,107.3,29.62,347.1,0.0,0.0,0.0,0.0,0.0,0.0,0.0,0.0,345.9,346.9,7.5,-0.4,2.0,3.0,3.0,2.0,0.0,271.0,274.8,274.0,273.0,0.795,0.0,2.697,2.445,-0.168,2.607,0.0,6000.0,420635.0,220.0,406.0,59.95,7.0,45.0,53.0,59.0,29.81,33.2,109.4,2.793,3.583,3.903,60.0,59.5,75.6,1.0,273.0,274.0,272.0,2.611,0.138,2.614,1962.0,433541.0,13750.0,1967.0,0.999,0.818,0.791,0.836,2.449,2.45,2.447,1.835,0.85,0.851,0.849,0.637,118.0,118.0,118.0,89.0,2.582,259.5,45.84,5.0,3.497,2.0,-1.0,13.33,0.014,0.296,3.0,2.0,0.0,0.0,32.29,33.86,32.66,32.56,32.82,32.53,33.37,29.81,29.36,30.26,29.36,34.67,33.42,33.68,34.55,33.81,32.51,33.07,33.37
2017-06-30 18:25:00-05:00,110.63587,118.05544,109.48862,106.195625,110.09529,131.41116,102.49527,25.34212,938984.0,39.54,0.0,76.66,104.6,104.5,29.58,346.8,0.0,0.0,0.0,0.0,0.0,0.0,0.0,0.0,345.6,346.6,7.0,-0.4,2.0,3.0,3.0,2.0,0.0,270.9,274.7,274.0,272.9,0.8,0.0,2.563,2.295,-0.152,2.475,0.0,6000.0,420635.0,220.0,406.0,59.95,7.0,45.12,53.0,59.0,29.78,33.03,107.1,2.597,3.375,3.73,60.0,59.5,75.6,1.0,273.0,274.0,272.0,2.447,0.12,2.45,1962.0,433541.0,13750.0,1967.0,0.999,0.818,0.791,0.836,2.319,2.317,2.319,1.737,0.804,0.804,0.804,0.602,118.0,118.0,118.0,89.0,1.827,249.3,38.57,4.4,3.498,2.0,-1.0,13.33,0.014,0.296,3.0,2.0,0.0,0.0,32.19,33.67,32.45,32.37,32.58,32.35,33.25,29.73,29.3,30.2,29.29,34.42,33.22,33.49,34.32,33.59,32.33,32.87,33.15
2017-06-30 18:26:00-05:00,100.128555,115.43562,107.001595,103.81219,107.64873,128.47713,99.860756,24.98851,938985.0,39.49,0.0,74.82,101.7,101.6,29.64,346.7,0.0,0.0,0.0,0.0,0.0,0.0,0.0,0.0,345.4,346.4,7.0,-0.4,2.0,3.0,3.0,2.0,0.0,270.2,274.1,273.8,272.2,0.783,0.0,2.5,2.245,-0.145,2.407,0.0,6000.0,420635.0,220.0,406.0,59.95,7.0,45.65,53.0,58.32,29.7,32.88,101.2,2.535,3.313,3.653,60.0,59.5,75.6,1.0,272.2,273.2,271.8,2.388,0.129,2.391,1962.0,433541.0,13750.0,1967.0,0.999,0.818,0.791,0.836,2.275,2.269,2.27,1.701,0.789,0.787,0.787,0.59,118.0,118.0,118.0,89.0,2.257,279.5,63.78,6.3,3.499,2.0,-1.0,13.33,0.014,0.296,3.0,2.0,0.0,0.0,32.09,33.7,32.35,32.26,32.33,32.26,33.1,29.67,29.26,30.14,29.23,34.24,33.14,33.39,34.15,33.43,32.22,32.73,33.01
2017-06-30 18:27:00-05:00,77.87777,114.28946,105.69886,102.88529,106.87612,127.12295,97.60259,24.98851,938986.0,39.43,0.0,73.7,100.2,100.0,29.51,348.0,0.0,0.0,0.0,0.0,0.0,0.0,0.0,0.0,346.7,347.7,6.733,-0.4,2.0,3.0,3.0,2.0,0.0,270.0,274.0,274.0,272.0,0.792,0.0,2.35,2.117,-0.232,2.3,0.0,6000.0,420635.0,220.0,406.0,59.96,7.0,45.4,53.0,58.0,29.65,32.7,92.8,2.437,3.2,3.563,60.0,59.5,75.6,1.0,272.8,273.0,272.0,2.285,0.195,2.294,1962.0,433541.0,13750.0,1967.0,0.996,0.818,0.791,0.836,2.177,2.173,2.174,1.629,0.758,0.756,0.757,0.567,118.0,118.0,118.0,89.0,2.257,230.3,42.65,4.1,3.495,2.0,-1.0,13.33,0.014,0.296,3.0,2.0,0.0,0.0,31.98,33.5,32.16,32.09,32.09,32.08,32.94,29.61,29.21,30.12,29.17,34.07,33.04,33.2,33.97,33.25,32.08,32.56,32.81
2017-06-30 18:28:00-05:00,57.604828,112.16086,103.09339,100.63426,104.172035,124.52745,80.79186,24.870638,938987.0,39.37,0.0,71.61,97.7,97.4,29.47,347.2,0.0,0.0,0.0,0.0,0.0,0.0,0.0,0.0,346.0,347.0,6.0,-0.4,2.0,3.0,3.0,2.0,0.0,270.2,274.0,274.0,272.2,0.77,0.0,2.287,2.008,-0.21,2.242,0.0,6000.0,420635.0,220.0,406.0,59.96,7.0,45.07,53.0,58.0,29.6,32.5,74.91,2.31,3.093,3.417,60.0,59.5,75.6,1.0,272.7,273.1,272.0,2.18,0.172,2.187,1962.0,433541.0,13750.0,1967.0,0.997,0.818,0.791,0.836,2.086,2.089,2.086,1.564,0.724,0.725,0.724,0.543,118.0,118.0,118.0,89.0,3.313,221.8,29.07,6.6,3.499,2.0,-1.0,13.33,0.014,0.296,3.0,2.0,0.0,0.0,31.87,33.27,31.95,31.9,31.82,31.9,32.79,29.55,29.18,30.05,29.12,33.96,32.83,33.05,33.8,33.12,31.95,32.42,32.67
2017-06-30 18:29:00-05:00,48.08643,109.54104,100.3695,98.78047,102.24053,122.83474,53.94488,24.163414,938988.0,39.32,0.0,69.24,95.6,95.6,29.48,346.4,0.0,0.0,0.0,0.0,0.0,0.0,0.0,0.0,345.3,346.2,6.0,-0.4,1.783,2.5,3.0,2.0,0.0,270.7,274.1,274.0,272.7,0.777,0.0,2.192,1.935,-0.277,2.122,0.0,6000.0,420635.0,220.0,406.0,59.97,7.0,45.0,53.0,58.0,29.54,32.3,63.26,2.202,2.978,3.325,60.0,59.5,75.6,1.0,272.9,273.4,271.9,2.077,0.249,2.091,1962.0,433542.0,13750.0,1967.0,0.993,0.818,0.791,0.836,2.007,2.007,2.01,1.508,0.695,0.695,0.696,0.522,118.0,118.0,118.0,89.0,2.665,209.5,49.94,5.2,3.499,2.0,-1.0,13.33,0.014,0.296,3.0,2.0,0.0,0.0,31.72,33.03,31.72,31.69,31.58,31.65,32.69,29.51,29.14,30.0,29.07,33.84,32.86,32.98,33.69,33.02,31.91,32.33,32.57
2017-06-30 18:30:00-05:00,46.479427,106.266266,96.93503,95.47014,98.89261,119.562164,28.97969,23.456194,938989.0,39.25,0.0,66.32,92.6,92.7,29.39,346.3,0.0,0.0,0.0,0.0,0.0,0.0,0.0,0.0,345.0,346.0,5.9,-0.4,1.017,2.017,3.0,2.0,0.0,270.7,274.0,274.0,272.7,0.757,0.0,2.027,1.773,-0.287,2.003,0.0,6000.0,420635.0,220.0,406.0,59.98,7.0,45.0,53.0,58.0,29.38,32.04,50.71,2.042,2.842,3.16,60.0,59.5,75.6,1.0,273.0,273.2,272.0,1.949,0.276,1.968,1962.0,433542.0,13750.0,1967.0,0.99,0.818,0.791,0.836,1.91,1.903,1.904,1.427,0.662,0.659,0.66,0.494,118.0,118.0,118.0,89.0,3.402,230.4,30.68,5.7,3.498,2.0,-1.0,13.33,0.014,0.295,3.0,2.0,0.0,0.0,31.59,32.96,31.43,31.45,31.38,31.36,32.69,29.45,29.09,29.95,29.02,33.78,32.81,32.89,33.61,32.95,31.91,32.28,32.5
2017-06-30 18:31:00-05:00,40.422268,95.2958,90.42137,92.55704,96.574814,116.85381,19.445248,23.102585,938990.0,39.2,0.0,62.58,90.0,90.2,29.37,346.4,0.0,0.0,0.0,0.0,0.0,0.0,0.0,0.0,345.2,346.1,5.167,-0.4,1.0,2.0,2.167,1.167,0.0,270.8,274.2,274.0,272.8,0.768,0.0,1.92,1.675,-0.297,1.878,0.0,6000.0,420635.0,220.0,406.0,59.98,7.0,45.0,53.0,58.0,29.35,31.77,41.24,1.87,2.677,2.992,60.0,59.5,75.6,1.0,273.0,273.5,272.0,1.809,0.29,1.832,1962.0,433542.0,13750.0,1967.0,0.987,0.818,0.791,0.836,1.797,1.794,1.791,1.343,0.622,0.622,0.62,0.465,118.0,118.0,118.0,89.0,2.0,242.7,71.64,5.8,3.498,2.0,-1.0,13.33,0.014,0.295,3.0,2.0,0.0,0.0,31.46,32.56,31.22,31.24,31.19,31.12,32.55,29.4,29.05,29.91,28.97,33.65,32.78,32.78,33.5,32.87,31.83,32.21,32.42
2017-06-30 18:32:00-05:00,29.544106,43.06322,51.931595,88.58463,92.711815,112.339905,19.068886,22.39536,938991.0,39.14,0.0,44.4,86.1,86.4,29.4,347.5,0.0,0.0,0.0,0.0,0.0,0.0,0.0,0.0,346.2,347.3,5.0,-0.4,1.0,2.0,2.0,1.0,0.0,271.0,274.4,274.0,273.0,0.753,0.0,1.715,1.48,-0.233,1.708,0.0,6000.0,420635.0,220.0,406.0,59.97,7.0,45.0,53.0,58.0,29.39,31.51,37.16,1.657,2.485,2.758,60.0,59.5,75.6,1.0,273.0,273.8,272.0,1.646,0.237,1.664,1962.0,433542.0,13750.0,1967.0,0.99,0.818,0.791,0.836,1.658,1.657,1.66,1.246,0.576,0.576,0.577,0.433,119.0,118.0,118.0,89.0,2.205,213.0,47.69,4.2,3.498,2.0,-1.0,13.33,0.014,0.295,3.0,2.0,0.0,0.0,31.3,32.3,31.01,31.04,30.96,30.93,32.45,29.35,29.01,29.87,28.91,33.51,32.63,32.68,33.37,32.74,31.71,32.1,32.31
2017-06-30 18:33:00-05:00,28.307951,43.390694,51.813168,85.00947,88.5913,108.27738,18.81798,21.80601,938992.0,39.08,0.0,43.07,82.5,82.9,29.42,347.2,0.0,0.0,0.0,0.0,0.0,0.0,0.0,0.0,346.0,347.0,4.75,-0.4,1.0,2.0,2.0,1.0,0.0,270.9,274.2,274.0,272.9,0.757,0.0,1.667,1.4,-0.3,1.672,0.0,6000.0,420635.0,220.0,406.0,59.98,7.0,45.0,53.0,58.0,29.44,31.29,33.48,1.632,2.35,2.665,60.0,59.5,75.6,1.0,273.0,273.6,272.0,1.553,0.32,1.586,1962.0,433542.0,13750.0,1967.0,0.979,0.818,0.791,0.836,1.59,1.589,1.593,1.191,0.552,0.552,0.553,0.413,119.0,119.0,119.0,89.0,2.74,239.7,35.25,4.3,3.499,2.0,-1.0,13.33,0.014,0.295,3.0,2.0,0.0,0.0,31.12,32.22,30.84,30.88,30.8,30.73,32.41,29.29,28.97,29.82,28.86,33.41,32.56,32.53,33.26,32.6,31.6,31.99,32.17
2017-06-30 18:34:00-05:00,26.206488,28.654232,39.259575,83.55292,86.78857,106.81036,18.441622,21.570269,938993.0,39.01,0.0,37.54,80.8,81.4,29.41,347.2,0.0,0.0,0.0,0.0,0.0,0.0,0.0,0.0,346.0,347.0,4.05,-0.4,1.0,2.0,2.0,1.0,0.0,271.0,274.6,274.0,273.0,0.762,0.0,1.585,1.357,-0.3,1.593,0.0,6000.0,420635.0,220.0,406.0,59.98,7.0,45.0,53.0,58.0,29.37,31.1,32.1,1.6,2.268,2.6,60.0,59.5,75.6,1.0,273.0,274.0,272.0,1.477,0.328,1.513,1962.0,433542.0,13750.0,1967.0,0.976,0.818,0.791,0.836,1.528,1.526,1.527,1.145,0.53,0.53,0.53,0.397,119.0,119.0,119.0,89.0,2.047,208.3,40.06,4.1,3.499,2.0,-1.0,13.33,0.014,0.295,3.0,2.0,0.0,0.0,30.91,32.08,30.72,30.77,30.67,30.59,32.3,29.24,28.93,29.75,28.81,33.24,32.53,32.43,33.14,32.47,31.46,31.84,32.06
2017-06-30 18:35:00-05:00,25.464794,27.671803,37.364693,82.22878,85.62967,105.34334,18.065262,21.098787,938994.0,38.95,0.0,35.96,79.36,80.0,29.38,347.7,0.0,0.0,0.0,0.0,0.0,0.0,0.0,0.0,346.5,347.5,4.0,-0.4,1.0,2.0,2.0,1.0,0.0,271.0,274.8,274.0,273.0,0.758,0.0,1.508,1.26,-0.3,1.527,0.0,6000.0,420635.0,220.0,406.0,59.99,7.0,45.0,53.0,58.0,29.26,30.9,31.67,1.548,2.193,2.548,60.0,59.5,75.6,1.0,273.0,274.0,272.0,1.412,0.35,1.455,1962.0,433542.0,13750.0,1967.0,0.971,0.818,0.791,0.836,1.472,1.474,1.471,1.105,0.512,0.512,0.512,0.384,119.0,119.0,119.0,89.0,2.508,242.8,41.08,4.2,3.498,2.0,-1.0,13.33,0.014,0.295,3.0,2.0,0.0,0.0,30.75,31.92,30.57,30.6,30.56,30.43,32.3,29.19,28.89,29.72,28.76,33.13,32.37,32.3,33.03,32.37,31.41,31.75,31.95
2017-06-30 18:36:00-05:00,25.217562,30.291618,35.825104,79.71293,83.183105,102.52215,17.939808,20.745176,938995.0,38.89,0.0,34.73,76.78,77.51,29.41,349.0,0.0,0.0,0.0,0.0,0.0,0.0,0.0,0.0,347.9,348.9,3.983,-0.4,1.0,1.933,2.0,1.0,0.0,271.0,274.6,274.0,273.0,0.743,0.0,1.418,1.152,-0.267,1.433,0.0,6000.0,420635.0,220.0,406.0,59.97,7.0,45.0,53.0,57.95,29.25,30.73,31.15,1.448,2.098,2.422,60.0,59.5,75.6,1.0,273.0,274.0,272.0,1.32,0.294,1.353,1962.0,433542.0,13750.0,1967.0,0.976,0.818,0.791,0.836,1.399,1.395,1.399,1.048,0.488,0.487,0.488,0.366,119.0,119.0,119.0,89.0,1.283,285.0,76.99,4.6,3.498,2.0,-1.0,13.33,0.014,0.294,3.0,2.0,0.0,0.0,30.6,31.8,30.44,30.47,30.44,30.3,32.2,29.14,28.83,29.65,28.71,33.0,32.26,32.22,32.89,32.23,31.3,31.65,31.82
2017-06-30 18:37:00-05:00,24.352255,28.490494,35.232952,77.32948,80.47901,99.92665,17.437996,20.155825,938996.0,38.82,0.0,34.41,74.37,75.13,29.38,345.7,0.0,0.0,0.0,0.0,0.0,0.0,0.0,0.0,344.5,345.5,3.95,-0.4,1.0,2.0,2.0,1.0,0.0,271.0,274.9,274.0,273.0,0.732,0.0,1.44,1.203,-0.228,1.455,0.0,6000.0,420635.0,220.0,406.0,59.96,7.0,45.0,53.0,57.0,29.15,30.6,30.85,1.422,2.157,2.453,60.0,59.5,75.6,1.0,273.0,274.0,272.0,1.365,0.243,1.386,1962.0,433542.0,13750.0,1967.0,0.984,0.818,0.791,0.836,1.443,1.443,1.447,1.085,0.499,0.499,0.5,0.375,119.0,119.0,119.0,89.0,3.078,238.0,22.62,5.7,3.498,2.0,-1.0,13.33,0.014,0.294,3.0,2.0,0.0,0.0,30.48,31.59,30.31,30.31,30.36,30.14,32.14,29.09,28.81,29.62,28.66,32.89,32.19,32.14,32.79,32.13,31.22,31.55,31.72
2017-06-30 18:38:00-05:00,23.98141,25.870678,34.75923,74.94604,78.28998,97.21831,17.187088,20.037954,938997.0,38.75,0.0,34.15,72.06,72.79,29.27,344.7,0.0,0.0,0.0,0.0,0.0,0.0,0.0,0.0,343.4,344.3,4.0,-0.4,1.0,2.0,2.0,1.0,0.0,271.0,275.0,274.1,273.0,0.742,0.0,1.413,1.198,-0.262,1.463,0.0,6000.0,420635.0,220.0,406.0,59.97,7.0,45.0,53.0,57.0,29.15,30.44,30.75,1.4,2.143,2.45,60.0,59.5,75.6,1.0,273.1,274.0,272.3,1.359,0.265,1.385,1962.0,433542.0,13750.0,1967.0,0.981,0.818,0.791,0.836,1.446,1.442,1.448,1.084,0.498,0.497,0.499,0.374,119.0,119.0,119.0,89.0,2.325,278.3,47.19,4.1,3.499,2.0,-1.0,13.33,0.014,0.294,3.0,2.0,0.0,0.0,30.39,31.49,30.18,30.17,30.25,29.97,32.07,29.04,28.76,29.55,28.61,32.79,32.07,32.04,32.67,32.0,31.1,31.43,31.6
2017-06-30 18:39:00-05:00,24.22864,24.233295,33.21964,72.95984,76.22972,94.8485,17.061636,19.448603,938998.0,38.69,0.0,33.46,69.95,70.48,29.21,344.5,0.0,0.0,0.0,0.0,0.0,0.0,0.0,0.0,343.3,344.3,3.95,-0.4,1.0,1.95,2.0,1.0,0.0,271.0,275.0,274.2,273.0,0.74,0.0,1.398,1.157,-0.262,1.423,0.0,6000.0,420635.0,220.0,406.0,59.97,7.0,45.0,53.0,57.0,29.11,30.32,30.84,1.4,2.098,2.398,60.0,59.5,75.6,1.0,273.1,274.0,272.6,1.322,0.274,1.351,1962.0,433542.0,13750.0,1967.0,0.979,0.818,0.791,0.836,1.42,1.418,1.419,1.062,0.489,0.489,0.489,0.366,119.0,119.0,119.0,89.0,1.877,241.6,58.3,3.8,3.498,2.0,-1.0,13.33,0.014,0.294,3.0,2.0,0.0,0.0,30.28,31.39,30.04,30.04,30.15,29.83,31.98,28.99,28.72,29.52,28.56,32.68,31.99,31.92,32.52,31.86,30.99,31.32,31.47
2017-06-30 18:40:00-05:00,24.105022,22.759647,32.39063,71.635704,74.68452,93.381485,16.685276,19.212862,938999.0,38.62,0.0,33.12,68.41,68.74,29.22,343.2,0.0,0.0,0.0,0.0,0.0,0.0,0.0,0.0,342.0,343.0,4.0,-0.4,1.0,2.0,2.0,1.0,0.0,271.0,275.0,274.4,273.0,0.748,0.0,1.403,1.172,-0.18,1.408,0.0,6000.0,420635.0,220.0,406.0,59.96,7.0,45.0,53.0,57.0,29.14,30.19,30.69,1.365,2.1,2.383,60.0,59.5,75.6,1.0,273.4,274.0,272.7,1.319,0.203,1.335,1962.0,433542.0,13750.0,1967.0,0.988,0.818,0.791,0.836,1.42,1.417,1.426,1.066,0.487,0.486,0.49,0.366,119.0,119.0,119.0,89.0,2.26,210.8,47.14,4.5,3.493,2.0,-1.0,13.33,0.014,0.294,3.0,2.0,0.0,0.0,30.15,31.2,29.92,29.92,30.04,29.71,31.86,28.93,28.68,29.47,28.51,32.58,31.85,31.87,32.41,31.77,30.97,31.25,31.39
2017-06-30 18:41:00-05:00,23.239714,22.43217,32.15377,68.72261,71.3366,89.996056,16.308916,18.74138,939000.0,38.56,0.0,32.64,65.67,65.97,29.2,343.3,0.0,0.0,0.0,0.0,0.0,0.0,0.0,0.0,342.0,343.0,3.817,-0.4,1.0,1.9,2.0,1.0,0.0,271.0,275.0,274.7,273.0,0.748,0.0,1.388,1.102,-0.272,1.4,0.0,6000.0,420635.0,220.0,406.0,59.98,7.0,45.0,53.0,57.0,29.09,30.08,29.81,1.387,2.088,2.383,60.0,59.5,75.6,1.0,273.8,274.0,273.0,1.272,0.301,1.307,1962.0,433542.0,13750.0,1967.0,0.973,0.818,0.791,0.836,1.387,1.386,1.388,1.038,0.476,0.476,0.476,0.356,119.0,119.0,119.0,89.0,2.678,280.8,23.77,5.6,3.498,2.0,-1.0,13.33,0.014,0.294,3.0,2.0,0.0,0.0,30.05,31.13,29.81,29.79,29.96,29.57,31.75,28.9,28.64,29.44,28.46,32.47,31.77,31.77,32.3,31.67,30.88,31.17,31.29
2017-06-30 18:42:00-05:00,22.498022,22.104692,31.561619,67.00123,69.27633,87.851944,16.183462,18.50564,939001.0,38.49,0.0,32.2,63.73,64.04,29.15,343.2,0.0,0.0,0.0,0.0,0.0,0.0,0.0,0.0,342.0,343.0,3.583,-0.4,1.0,1.867,2.0,1.0,0.0,271.0,275.0,274.2,273.0,0.73,0.0,1.35,1.1,-0.23,1.4,0.0,6000.0,420635.0,220.0,406.0,59.96,7.0,45.0,53.0,57.0,29.06,29.97,29.47,1.3,2.012,2.3,60.0,59.5,75.6,1.0,273.6,274.0,272.6,1.236,0.245,1.26,1962.0,433542.0,13750.0,1967.0,0.981,0.818,0.791,0.836,1.358,1.358,1.357,1.014,0.466,0.466,0.466,0.348,119.0,119.0,119.0,89.0,2.155,215.6,52.4,4.5,3.494,2.0,-1.0,13.35,0.019,0.293,3.0,2.0,0.0,0.0,29.95,31.02,29.73,29.7,29.84,29.46,31.6,28.85,28.6,29.38,28.42,32.33,31.67,31.66,32.17,31.53,30.81,31.05,31.15
2017-06-30 18:43:00-05:00,22.374405,22.104692,31.443192,65.14744,67.60236,85.93353,15.807104,18.152029,939002.0,38.43,0.0,31.83,62.05,62.4,29.16,342.9,0.0,0.0,0.0,0.0,0.0,0.0,0.0,0.0,341.8,342.7,3.317,-0.4,1.0,1.05,2.0,1.0,0.0,271.3,275.0,275.0,273.3,0.752,0.0,1.313,1.095,-0.3,1.4,0.0,6000.0,420635.0,220.0,406.0,59.98,7.0,45.0,53.0,57.0,29.1,29.85,29.56,1.3,2.0,2.3,60.0,59.5,75.6,1.0,274.0,274.0,273.0,1.201,0.318,1.242,1962.0,433542.0,13750.0,1967.0,0.967,0.818,0.791,0.836,1.334,1.333,1.335,1.001,0.457,0.457,0.458,0.343,119.0,119.0,119.0,89.0,1.358,225.9,52.94,2.9,3.494,2.0,-1.0,13.36,0.015,0.293,3.0,2.0,0.0,0.0,29.86,30.87,29.64,29.57,29.75,29.36,31.54,28.8,28.58,29.34,28.37,32.25,31.55,31.61,32.07,31.45,30.76,30.95,31.06
2017-06-30 18:44:00-05:00,21.756329,21.44974,30.851038,62.499172,65.02704,83.11234,15.30529,17.56268,939003.0,38.36,0.0,31.38,59.77,60.22,29.16,343.0,0.0,0.0,0.0,0.0,0.0,0.0,0.0,0.0,341.9,342.8,3.067,-0.4,1.0,1.0,2.0,1.0,0.0,271.5,275.0,275.0,273.5,0.743,0.0,1.253,1.025,-0.213,1.328,0.0,6000.0,420636.0,221.0,406.0,59.96,7.0,45.0,53.0,57.0,29.02,29.79,28.62,1.243,1.982,2.222,60.0,59.5,75.6,1.0,274.0,274.0,273.0,1.152,0.241,1.177,1962.0,433542.0,13750.0,1967.0,0.979,0.818,0.791,0.836,1.298,1.293,1.296,0.972,0.445,0.443,0.445,0.333,119.0,119.0,119.0,89.0,2.917,197.9,29.57,4.6,3.497,2.0,-1.0,13.36,0.015,0.293,3.0,2.0,0.0,0.0,29.74,30.73,29.55,29.46,29.68,29.26,31.44,28.76,28.53,29.26,28.32,32.15,31.5,31.52,31.95,31.35,30.69,30.87,30.97
2017-06-30 18:45:00-05:00,21.138252,22.104692,31.561619,59.718487,62.32295,79.83975,15.054385,17.091196,939004.0,38.3,0.0,31.2,57.4,57.9,29.09,343.9,0.0,0.0,0.0,0.0,0.0,0.0,0.0,0.0,342.6,343.6,3.0,-0.4,1.0,1.0,2.0,1.0,0.0,271.1,275.0,274.5,273.1,0.737,0.0,1.157,0.993,-0.2,1.283,0.0,6000.0,420636.0,221.0,406.0,59.96,7.0,45.0,53.0,57.0,29.0,29.7,28.33,1.2,1.91,2.182,60.0,59.5,75.6,1.0,273.7,274.0,272.8,1.102,0.219,1.124,1962.0,433542.0,13750.0,1967.0,0.981,0.818,0.791,0.836,1.259,1.251,1.252,0.94,0.433,0.43,0.43,0.323,119.0,119.0,119.0,89.0,2.328,214.4,43.18,4.1,3.498,2.0,-1.0,13.36,0.015,0.293,3.0,2.0,0.0,0.0,29.68,30.54,29.44,29.39,29.59,29.18,31.36,28.71,28.49,29.24,28.28,32.02,31.41,31.38,31.83,31.26,30.59,30.77,30.88
2017-06-30 18:46:00-05:00,21.014635,21.940956,31.087898,57.335045,59.61885,77.01856,14.678025,16.973326,939005.0,38.23,0.0,30.9,55.18,55.7,29.07,344.5,0.0,0.0,0.0,0.0,0.0,0.0,0.0,0.0,343.3,344.2,3.0,-0.4,1.0,1.0,2.0,1.0,0.0,271.6,275.0,275.0,273.6,0.73,0.0,1.135,0.905,-0.278,1.237,0.0,6000.0,420636.0,221.0,406.0,59.97,7.0,45.0,53.0,56.27,29.0,29.57,28.05,1.2,1.893,2.172,60.0,59.5,75.6,1.0,274.0,274.0,273.0,1.054,0.296,1.096,1962.0,433542.0,13750.0,1967.0,0.962,0.818,0.791,0.836,1.219,1.219,1.217,0.912,0.42,0.42,0.419,0.314,119.0,119.0,119.0,89.0,1.975,226.2,28.86,4.5,3.497,2.0,-1.0,13.36,0.015,0.293,3.0,2.0,0.0,0.0,29.55,30.38,29.37,29.29,29.51,29.07,31.25,28.66,28.47,29.23,28.24,31.89,31.28,31.3,31.71,31.16,30.5,30.69,30.79
2017-06-30 18:47:00-05:00,20.64379,20.958523,30.258888,55.348843,57.301056,74.64876,14.552571,16.501844,939006.0,38.17,0.0,30.53,53.3,53.83,29.07,345.1,0.0,0.0,0.0,0.0,0.0,0.0,0.0,0.0,343.9,344.9,3.0,-0.4,1.0,1.0,2.0,1.0,0.0,271.9,275.0,275.0,273.9,0.745,0.0,1.1,0.828,-0.3,1.205,0.0,6000.0,420636.0,221.0,406.0,59.98,7.0,45.0,53.0,56.0,29.01,29.49,27.94,1.2,1.8,2.1,60.0,59.5,75.6,1.0,274.0,274.6,273.0,1.007,0.337,1.061,1962.0,433542.0,13750.0,1967.0,0.948,0.818,0.791,0.836,1.181,1.181,1.182,0.887,0.408,0.407,0.408,0.306,119.0,119.0,119.0,89.0,1.528,261.2,32.62,3.2,3.494,2.0,-1.0,13.36,0.014,0.293,3.0,2.0,0.0,0.0,29.5,30.43,29.26,29.21,29.44,29.0,31.15,28.63,28.43,29.2,28.2,31.76,31.19,31.2,31.58,31.04,30.41,30.59,30.68
2017-06-30 18:48:00-05:00,20.149328,19.812355,29.31145,53.495052,55.24079,72.27896,14.176211,16.148233,939007.0,38.1,0.0,30.1,51.31,51.86,29.08,342.9,0.0,0.0,0.0,0.0,0.0,0.0,0.0,0.0,341.7,342.7,3.0,-0.4,0.933,1.0,2.0,1.0,0.0,271.6,275.0,275.0,273.6,0.74,0.0,1.102,0.867,-0.262,1.207,0.0,6000.0,420636.0,221.0,406.0,59.97,7.0,45.0,53.0,56.0,28.99,29.43,28.53,1.197,1.847,2.127,60.0,59.5,75.6,1.0,274.0,274.5,273.0,1.024,0.289,1.065,1962.0,433542.0,13750.0,1967.0,0.962,0.818,0.791,0.836,1.206,1.204,1.208,0.905,0.413,0.413,0.414,0.31,119.0,119.0,119.0,89.0,1.583,274.1,42.19,3.2,3.498,2.0,-1.0,13.36,0.014,0.293,3.0,2.0,0.0,0.0,29.4,30.35,29.2,29.15,29.39,28.91,31.05,28.59,28.39,29.17,28.16,31.71,31.16,31.16,31.47,30.94,30.33,30.52,30.58
2017-06-30 18:49:00-05:00,19.531248,18.829924,28.364006,50.846786,52.407932,69.34492,13.674399,15.794623,939008.0,38.03,0.0,29.59,49.17,49.69,29.05,338.4,0.0,0.0,0.0,0.0,0.0,0.0,0.0,0.0,337.3,338.3,3.0,-0.4,1.0,1.0,2.0,1.0,0.0,272.0,275.1,275.0,274.0,0.743,0.0,1.15,0.94,-0.297,1.28,0.0,6000.0,420636.0,221.0,406.0,59.98,7.0,45.0,53.0,56.0,28.97,29.38,28.16,1.228,1.9,2.2,60.0,59.5,75.6,1.0,274.0,275.0,273.0,1.08,0.309,1.123,1962.0,433542.0,13750.0,1967.0,0.961,0.818,0.791,0.836,1.263,1.261,1.263,0.946,0.427,0.427,0.427,0.32,119.0,119.0,119.0,89.0,1.822,210.3,59.41,4.5,3.498,2.0,-1.0,13.36,0.014,0.293,3.0,2.0,0.0,0.0,29.35,30.34,29.15,29.04,29.35,28.88,30.96,28.55,28.37,29.14,28.13,31.63,31.03,31.1,31.36,30.86,30.26,30.44,30.5
2017-06-30 18:50:00-05:00,19.654865,18.338709,27.771856,48.992996,50.476433,67.31366,13.548945,15.441012,939009.0,37.97,0.0,29.43,47.61,48.14,29.03,336.6,0.0,0.0,0.0,0.0,0.0,0.0,0.0,0.0,335.4,336.4,3.0,-0.4,1.0,1.0,2.0,1.0,0.0,271.9,275.0,275.0,273.9,0.76,0.0,1.165,0.935,-0.3,1.3,0.0,6000.0,420636.0,221.0,406.0,59.98,7.0,45.0,53.0,56.0,28.97,29.31,27.48,1.275,1.9,2.2,60.0,59.5,75.6,1.0,274.0,274.8,273.0,1.085,0.339,1.137,1962.0,433542.0,13750.0,1967.0,0.954,0.818,0.791,0.836,1.273,1.27,1.271,0.952,0.428,0.427,0.428,0.32,119.0,119.0,119.0,89.0,1.66,233.1,37.93,4.3,3.498,2.0,-1.0,13.36,0.014,0.293,3.0,2.0,0.0,0.0,29.31,30.23,29.12,29.02,29.35,28.78,30.86,28.51,28.33,29.11,28.08,31.52,30.98,31.02,31.26,30.77,30.18,30.37,30.41
2017-06-30 18:51:00-05:00,19.036787,18.338709,27.534996,46.741966,48.287407,64.83102,13.047133,15.0874,939010.0,37.89,0.0,28.95,45.7,46.3,29.03,336.4,0.0,0.0,0.0,0.0,0.0,0.0,0.0,0.0,335.2,336.1,3.0,-0.4,1.0,1.0,2.0,1.0,0.0,271.9,275.1,275.0,273.9,0.753,0.0,1.107,0.905,-0.263,1.258,0.0,6000.0,420636.0,221.0,406.0,59.97,7.0,45.0,53.0,56.0,28.93,29.26,27.85,1.2,1.89,2.167,60.0,59.5,75.6,1.0,274.0,274.7,273.0,1.053,0.29,1.093,1962.0,433542.0,13750.0,1967.0,0.964,0.818,0.791,0.836,1.248,1.247,1.247,0.934,0.42,0.42,0.419,0.314,119.0,119.0,119.0,89.0,1.468,219.4,76.87,2.9,3.498,2.0,-1.0,13.36,0.014,0.293,3.0,2.0,0.0,0.0,29.21,30.21,29.08,29.03,29.31,28.77,30.74,28.48,28.34,29.11,28.06,31.41,30.89,30.93,31.16,30.66,30.08,30.26,30.31
2017-06-30 18:52:00-05:00,18.171478,17.520016,26.705986,44.490936,45.840847,62.348362,12.7962265,14.61592,939011.0,37.83,0.0,28.54,43.83,44.43,29.03,338.2,0.0,0.0,0.0,0.0,0.0,0.0,0.0,0.0,337.0,338.0,3.0,-0.4,0.8,1.0,2.0,1.0,0.0,272.0,275.2,275.0,274.0,0.757,0.0,1.095,0.82,-0.283,1.188,0.0,6000.0,420636.0,221.0,406.0,59.98,7.0,45.0,52.98,56.0,28.9,29.17,27.17,1.18,1.8,2.107,60.0,59.5,75.6,1.0,274.0,275.0,273.0,0.988,0.322,1.04,1962.0,433542.0,13750.0,1967.0,0.95,0.818,0.791,0.836,1.194,1.193,1.193,0.894,0.404,0.403,0.403,0.302,119.0,119.0,119.0,89.0,2.2,216.8,26.85,4.1,3.499,2.0,-1.0,13.36,0.014,0.292,3.0,2.0,0.0,0.0,29.16,30.09,29.08,28.96,29.24,28.72,30.63,28.45,28.31,29.1,28.02,31.28,30.81,30.84,31.02,30.53,29.97,30.12,30.19
2017-06-30 18:53:00-05:00,17.800632,17.192541,26.469126,42.769558,44.16688,57.721607,12.6707735,14.498049,939012.0,37.76,0.0,28.18,41.86,42.52,28.98,337.9,0.0,0.0,0.0,0.0,0.0,0.0,0.0,0.0,336.6,337.6,3.0,-0.4,0.733,1.0,1.883,0.95,0.0,272.0,275.2,275.0,274.0,0.753,0.0,1.077,0.817,-0.283,1.17,0.0,6000.0,420636.0,221.0,406.0,59.97,7.0,45.0,52.82,56.0,28.89,29.1,26.3,1.157,1.8,2.078,60.0,59.5,75.6,1.0,274.0,274.9,273.0,0.969,0.309,1.018,1962.0,433542.0,13750.0,1967.0,0.953,0.818,0.791,0.836,1.175,1.176,1.178,0.883,0.397,0.397,0.398,0.298,119.0,119.0,119.0,89.0,2.323,218.2,40.81,4.4,3.494,2.0,-1.0,13.36,0.014,0.292,3.0,2.0,0.0,0.0,29.11,30.04,29.01,28.92,29.18,28.67,30.54,28.41,28.29,29.05,27.99,31.19,30.69,30.76,30.93,30.39,29.85,29.97,30.05
2017-06-30 18:54:00-05:00,17.429787,17.028801,25.995405,40.51853,42.106617,48.242397,12.168962,14.14444,939013.0,37.69,0.0,27.9,36.1,36.64,28.95,336.0,0.0,0.0,0.0,0.0,0.0,0.0,0.0,0.0,334.8,335.7,3.0,-0.4,0.767,1.0,2.0,1.0,0.0,272.0,275.8,275.0,274.0,0.742,0.0,1.087,0.807,-0.245,1.172,0.0,6000.0,420636.0,221.0,406.0,59.97,7.0,45.0,52.57,56.0,28.94,29.04,25.78,1.142,1.8,2.075,60.0,59.5,75.6,1.0,274.0,275.0,273.1,0.972,0.275,1.01,1962.0,433542.0,13750.0,1967.0,0.962,0.818,0.791,0.836,1.185,1.184,1.185,0.888,0.398,0.398,0.398,0.298,119.0,119.0,119.0,89.0,2.372,273.8,36.42,4.2,3.499,2.0,-1.0,13.36,0.014,0.292,3.0,2.0,0.0,0.0,29.06,29.96,28.92,28.83,29.11,28.63,30.45,28.39,28.27,29.06,27.97,31.09,30.58,30.67,30.84,30.21,29.68,29.8,29.88
2017-06-30 18:55:00-05:00,16.811708,16.046371,25.166393,38.797153,39.91759,39.77882,11.918055,13.790828,939014.0,37.59,0.0,27.51,31.11,31.22,28.99,337.2,0.0,0.0,0.0,0.0,0.0,0.0,0.0,0.0,336.0,336.9,3.0,-0.4,0.383,1.0,1.833,0.95,0.0,272.0,276.0,275.2,274.0,0.757,0.0,1.047,0.8,-0.26,1.14,0.0,6000.0,420636.0,221.0,406.0,59.97,7.0,45.0,52.4,56.0,28.96,28.98,25.44,1.103,1.763,2.008,60.0,59.5,75.6,1.0,274.3,275.0,273.7,0.925,0.284,0.968,1962.0,433542.0,13750.0,1967.0,0.956,0.818,0.791,0.836,1.144,1.143,1.143,0.856,0.386,0.385,0.385,0.289,119.0,119.0,119.0,89.0,1.848,304.1,48.63,3.4,3.499,2.0,-1.0,13.36,0.014,0.292,3.0,2.0,0.0,0.0,29.01,29.99,28.9,28.79,29.08,28.54,30.34,28.35,28.23,29.0,27.94,30.95,30.41,30.59,30.7,30.02,29.52,29.64,29.69
2017-06-30 18:56:00-05:00,16.19363,15.555155,24.692675,37.075783,31.676538,30.412458,11.290789,13.083606,939015.0,37.52,0.0,26.99,27.29,27.6,28.96,337.4,0.0,0.0,0.0,0.0,0.0,0.0,0.0,0.0,336.0,337.0,2.783,-0.4,0.55,1.0,1.7,0.9,0.0,271.3,275.3,274.8,273.3,0.755,0.0,0.978,0.787,-0.3,1.112,0.0,6000.0,420636.0,221.0,406.0,59.98,7.0,44.78,52.0,55.72,28.87,28.96,25.05,1.155,1.7,2.0,60.0,59.5,75.6,1.0,274.1,274.3,273.2,0.886,0.336,0.948,1962.0,433542.0,13750.0,1967.0,0.935,0.818,0.791,0.836,1.114,1.113,1.113,0.834,0.376,0.375,0.376,0.281,119.0,119.0,119.0,89.0,2.32,211.3,66.09,4.1,3.495,2.0,-1.0,13.36,0.014,0.292,3.0,2.0,0.0,0.0,28.95,29.9,28.82,28.72,29.01,28.53,30.29,28.31,28.19,28.94,27.89,30.82,30.28,30.5,30.58,29.88,29.4,29.48,29.54
2017-06-30 18:57:00-05:00,15.699169,15.063938,24.218952,35.221992,19.314962,27.81696,11.039882,12.6121235,939016.0,37.45,0.0,26.52,24.8,25.08,28.97,337.3,0.0,0.0,0.0,0.0,0.0,0.0,0.0,0.0,336.0,337.0,2.583,-0.4,0.317,1.0,1.15,0.45,0.0,271.0,275.0,274.3,273.0,0.76,0.0,0.953,0.728,-0.298,1.1,0.0,6000.0,420636.0,221.0,406.0,59.98,7.0,44.87,52.05,55.0,28.89,28.87,24.72,1.11,1.7,2.0,60.0,59.5,75.6,1.0,273.2,274.0,272.5,0.851,0.333,0.914,1962.0,433542.0,13750.0,1967.0,0.931,0.818,0.791,0.836,1.086,1.086,1.087,0.813,0.366,0.366,0.367,0.274,119.0,119.0,119.0,89.0,2.107,241.2,45.27,4.1,3.498,2.0,-1.0,13.36,0.014,0.292,3.0,2.0,0.0,0.0,28.93,29.86,28.79,28.7,29.01,28.44,30.19,28.27,28.15,28.91,27.86,30.66,30.12,30.42,30.43,29.75,29.29,29.35,29.41
2017-06-30 18:58:00-05:00,15.451938,15.063938,23.508373,32.97096,13.262941,32.443718,10.412617,12.140643,939017.0,37.38,0.0,26.13,25.17,25.25,28.95,337.4,0.0,0.0,0.0,0.0,0.0,0.0,0.0,0.0,336.0,337.0,2.2,-0.4,0.333,1.0,1.033,0.367,0.0,271.0,275.0,274.0,273.0,0.76,0.0,0.898,0.7,-0.3,1.1,0.0,6000.0,420636.0,221.0,406.0,59.99,7.0,44.32,52.0,55.0,28.81,28.87,24.46,1.127,1.648,1.998,60.0,59.5,75.6,1.0,273.0,274.0,272.2,0.819,0.369,0.898,1962.0,433542.0,13750.0,1967.0,0.912,0.818,0.791,0.836,1.062,1.06,1.062,0.796,0.358,0.358,0.358,0.268,119.0,119.0,119.0,89.0,1.75,220.1,29.1,2.9,3.498,2.0,-1.0,13.36,0.014,0.292,3.0,2.0,0.0,0.0,28.9,29.72,28.72,28.63,28.92,28.41,30.13,28.24,28.1,28.83,27.82,30.5,29.95,30.32,30.28,29.62,29.2,29.24,29.28
2017-06-30 18:59:00-05:00,15.204706,14.9002,23.508373,27.144766,10.816378,37.521862,10.036256,11.787031,939018.0,37.32,0.0,25.96,26.82,26.84,28.94,337.2,0.0,0.0,0.0,0.0,0.0,0.0,0.0,0.0,336.0,337.0,2.117,-0.4,0.333,1.0,1.0,0.333,0.0,271.0,275.0,274.0,273.0,0.76,0.0,0.895,0.68,-0.3,1.1,0.0,6000.0,420636.0,221.0,406.0,59.99,7.0,44.35,52.0,55.0,28.83,28.78,24.29,1.105,1.6,1.968,60.0,59.5,75.6,1.0,273.0,274.0,272.2,0.799,0.377,0.883,1962.0,433542.0,13750.0,1967.0,0.904,0.818,0.791,0.836,1.047,1.047,1.046,0.783,0.353,0.353,0.353,0.264,119.0,119.0,119.0,89.0,0.943,278.6,48.64,2.1,3.498,2.0,-1.0,13.36,0.014,0.292,3.0,2.0,0.0,0.0,28.9,29.74,28.67,28.61,28.9,28.33,30.03,28.19,28.05,28.8,27.77,30.34,29.81,30.17,30.11,29.5,29.1,29.13,29.17
2017-06-30 19:00:00-05:00,14.463014,13.917769,22.916224,12.711697,9.786248,41.471535,9.534444,11.315551,939019.0,37.25,0.0,25.52,28.92,29.02,28.92,337.3,0.0,0.0,0.0,0.0,0.0,0.0,0.0,0.0,336.0,337.0,2.0,-0.4,0.033,1.0,1.0,0.033,0.0,271.0,274.9,274.0,273.0,0.765,0.0,0.837,0.618,-0.223,1.053,0.0,6000.0,420636.0,221.0,406.0,59.97,7.0,44.0,52.0,55.0,28.83,28.72,24.0,1.037,1.6,1.858,60.0,59.5,75.6,1.0,273.0,274.0,272.0,0.767,0.276,0.817,1962.0,433542.0,13750.0,1967.0,0.94,0.818,0.791,0.836,1.022,1.019,1.02,0.765,0.345,0.344,0.344,0.258,119.0,119.0,119.0,89.0,1.542,228.8,15.74,2.6,3.499,2.0,-1.0,13.36,0.014,0.292,3.0,2.0,0.0,0.0,28.83,29.63,28.63,28.53,28.82,28.33,29.96,28.15,28.04,28.75,27.73,30.2,29.72,30.0,29.96,29.39,29.0,29.02,29.06
2017-06-30 19:01:00-05:00,14.092167,13.262816,22.205643,7.415156,9.142415,35.603455,9.158084,10.726198,939020.0,37.18,0.0,25.02,27.57,27.79,28.9,337.4,0.0,0.0,0.0,0.0,0.0,0.0,0.0,0.0,336.0,337.0,2.0,-0.4,0.0,1.0,1.0,0.0,0.0,271.0,275.0,274.0,273.0,0.745,0.0,0.803,0.595,-0.145,1.015,0.0,6000.0,420636.0,221.0,406.0,59.95,7.0,44.0,52.0,55.0,28.81,28.7,23.59,0.903,1.6,1.8,60.0,59.5,75.6,1.0,273.0,274.0,272.1,0.728,0.197,0.754,1962.0,433542.0,13750.0,1967.0,0.965,0.818,0.791,0.836,0.988,0.986,0.987,0.739,0.333,0.333,0.333,0.249,119.0,119.0,119.0,89.0,1.84,254.0,46.09,3.5,3.499,2.0,-1.0,13.36,0.014,0.292,3.0,2.0,0.0,0.0,28.81,29.64,28.59,28.46,28.75,28.24,29.9,28.1,27.99,28.69,27.68,30.06,29.61,29.85,29.82,29.29,28.91,28.92,28.96
2017-06-30 19:02:00-05:00,13.597706,12.7716,21.968782,7.150329,9.013648,24.657225,8.65627,10.4904585,939021.0,37.12,0.0,24.56,24.23,24.68,28.88,337.7,0.0,0.0,0.0,0.0,0.0,0.0,0.0,0.0,336.5,337.4,2.0,-0.4,0.0,1.0,1.0,0.0,0.0,271.0,274.8,274.0,273.0,0.737,0.0,0.8,0.552,-0.06,0.97,0.0,6000.0,420636.0,221.0,406.0,59.94,7.0,44.0,52.0,55.0,28.77,28.65,23.27,0.855,1.6,1.743,60.0,59.5,75.6,1.0,273.0,274.0,272.0,0.694,0.138,0.708,1962.0,433542.0,13750.0,1967.0,0.98,0.818,0.791,0.836,0.957,0.955,0.957,0.718,0.323,0.323,0.323,0.242,119.0,119.0,119.0,89.0,1.82,259.4,43.38,3.1,3.498,2.0,-1.0,13.36,0.014,0.292,3.0,2.0,0.0,0.0,28.73,29.66,28.53,28.43,28.72,28.2,29.82,28.09,27.99,28.69,27.67,29.92,29.55,29.71,29.68,29.2,28.85,28.85,28.87
2017-06-30 19:03:00-05:00,13.226858,12.7716,21.258202,6.885503,9.142415,18.450602,8.65627,10.254718,939022.0,37.05,0.0,24.31,21.73,22.2,28.9,339.9,0.0,0.0,0.0,0.0,0.0,0.0,0.0,0.0,338.6,339.6,2.0,-0.4,0.0,1.0,1.0,0.0,0.0,271.0,274.7,274.0,273.0,0.732,0.0,0.732,0.503,0.002,0.89,0.0,6000.0,420636.0,221.0,406.0,59.92,7.0,44.0,52.0,55.0,28.75,28.61,23.05,0.735,1.538,1.62,60.0,59.5,75.6,1.0,273.0,274.0,272.0,0.628,0.03,0.629,1962.0,433542.0,13750.0,1967.0,0.998,0.818,0.791,0.836,0.898,0.894,0.896,0.672,0.305,0.304,0.305,0.228,119.0,119.0,119.0,89.0,1.718,233.7,33.8,5.1,3.499,2.0,-1.0,13.36,0.013,0.292,3.0,2.0,0.0,0.0,28.73,29.57,28.5,28.35,28.69,28.14,29.8,28.05,27.96,28.67,27.63,29.78,29.46,29.57,29.55,29.11,28.8,28.76,28.78
2017-06-30 19:04:00-05:00,12.732397,11.789169,20.784481,6.4882617,8.62735,17.773516,8.154458,9.665367,939023.0,36.99,0.0,23.63,21.02,21.5,28.88,341.4,0.0,0.0,0.0,0.0,0.0,0.0,0.0,0.0,340.0,341.1,1.9,-0.4,0.0,1.0,1.0,0.0,0.0,271.0,274.9,274.0,273.0,0.742,0.0,0.642,0.47,0.022,0.828,0.0,6000.0,420636.0,221.0,406.0,59.91,7.0,44.0,52.0,55.0,28.74,28.58,22.58,0.7,1.5,1.515,59.97,59.5,75.6,1.0,273.0,274.0,272.0,0.553,0.001,0.553,1962.0,433542.0,13750.0,1967.0,0.1,0.818,0.791,0.836,0.84,0.836,0.837,0.629,0.287,0.285,0.286,0.215,119.0,119.0,119.0,89.0,2.298,234.6,39.42,4.1,3.494,2.0,-1.0,13.36,0.013,0.292,3.0,2.0,0.0,0.0,28.64,29.51,28.43,28.33,28.63,28.12,29.69,28.02,27.94,28.62,27.61,29.66,29.37,29.46,29.43,29.03,28.75,28.71,28.7
2017-06-30 19:05:00-05:00,11.990705,10.806739,19.60018,5.693781,7.597219,17.322123,7.276286,8.958145,939024.0,36.92,0.0,22.48,19.99,20.49,28.89,341.6,0.0,0.0,0.0,0.0,0.0,0.0,0.0,0.0,340.2,341.2,1.233,-0.4,0.0,1.0,1.0,0.0,0.0,271.0,275.0,274.2,273.0,0.748,0.0,0.533,0.353,0.002,0.8,0.0,6000.0,420636.0,221.0,406.0,59.92,7.0,44.0,52.0,55.0,28.73,28.53,21.62,0.703,1.427,1.485,60.0,59.5,75.6,1.0,273.2,274.0,272.4,0.47,0.053,0.475,1962.0,433542.0,13750.0,1967.0,0.958,0.818,0.791,0.836,0.776,0.774,0.776,0.581,0.265,0.264,0.265,0.199,119.0,119.0,119.0,89.0,1.777,293.8,58.56,3.5,3.498,2.0,-1.0,13.36,0.013,0.291,3.0,2.0,0.0,0.0,28.64,29.52,28.38,28.32,28.59,28.06,29.61,28.0,27.91,28.62,27.58,29.54,29.31,29.36,29.32,28.94,28.7,28.64,28.62
2017-06-30 19:06:00-05:00,11.0017805,9.496832,18.77117,5.428954,7.0821533,18.224905,6.8999267,8.368793,939025.0,36.86,0.0,21.66,19.52,20.1,28.88,341.3,0.0,0.0,0.0,0.0,0.0,0.0,0.0,0.0,340.0,341.0,1.0,-0.4,0.0,1.0,1.0,0.0,0.0,271.0,274.4,274.1,273.0,0.722,0.0,0.5,0.297,-0.1,0.8,0.0,6000.0,420636.0,221.0,406.0,59.94,7.0,44.0,52.0,55.0,28.74,28.49,20.88,0.797,1.373,1.5,60.0,59.5,75.6,1.0,273.1,273.9,272.1,0.421,0.172,0.457,1962.0,433542.0,13750.0,1967.0,0.923,0.818,0.791,0.836,0.742,0.739,0.74,0.556,0.253,0.252,0.252,0.19,119.0,119.0,119.0,89.0,2.098,265.6,45.25,4.2,3.499,2.0,-1.0,13.36,0.013,0.291,3.0,2.0,0.0,0.0,28.57,29.37,28.33,28.24,28.53,27.98,29.54,27.96,27.89,28.55,27.54,29.44,29.22,29.28,29.21,28.86,28.63,28.57,28.55
2017-06-30 19:07:00-05:00,10.878164,9.496832,18.77117,5.428954,6.953387,18.224905,6.8999267,8.368793,939026.0,36.79,0.0,21.51,19.92,20.39,28.9,341.4,0.0,0.0,0.0,0.0,0.0,0.0,0.0,0.0,340.2,341.2,1.0,-0.4,0.0,1.0,1.0,0.0,0.0,271.0,274.8,274.0,273.0,0.725,0.0,0.5,0.283,-0.113,0.8,0.0,6000.0,420636.0,221.0,406.0,59.95,7.0,44.0,52.0,55.0,28.74,28.47,20.85,0.8,1.378,1.5,60.0,59.5,75.6,1.0,273.0,274.0,272.0,0.418,0.186,0.458,1962.0,433542.0,13750.0,1967.0,0.913,0.818,0.791,0.836,0.74,0.736,0.738,0.553,0.253,0.251,0.252,0.189,119.0,119.0,119.0,89.0,1.788,278.1,26.52,2.8,3.498,2.0,-1.0,13.36,0.013,0.291,3.0,2.0,0.0,0.0,28.54,29.38,28.33,28.24,28.51,27.95,29.46,27.94,27.91,28.57,27.53,29.33,29.14,29.18,29.12,28.8,28.59,28.5,28.47
2017-06-30 19:08:00-05:00,10.507317,9.496832,18.179018,5.164127,6.5670877,16.419342,6.3981137,8.0151825,939027.0,36.73,0.0,21.44,19.31,19.88,28.88,341.3,0.0,0.0,0.0,0.0,0.0,0.0,0.0,0.0,340.1,341.1,1.0,-0.4,0.0,1.0,1.0,0.0,0.0,271.0,275.0,274.0,273.0,0.745,0.0,0.5,0.282,-0.213,0.802,0.0,6000.0,420636.0,221.0,406.0,59.96,7.0,44.0,52.0,55.0,28.73,28.44,20.79,0.865,1.308,1.548,60.0,59.5,75.6,1.0,273.0,274.0,272.0,0.41,0.266,0.489,1962.0,433542.0,13750.0,1967.0,0.839,0.818,0.791,0.836,0.736,0.733,0.735,0.551,0.251,0.25,0.251,0.188,119.0,119.0,119.0,89.0,2.2,210.7,33.05,3.7,3.498,2.0,-1.0,13.36,0.013,0.291,3.0,2.0,0.0,0.0,28.44,29.29,28.24,28.14,28.45,27.95,29.41,27.91,27.85,28.54,27.49,29.24,29.06,29.09,29.02,28.72,28.54,28.44,28.4
2017-06-30 19:09:00-05:00,10.012856,8.514401,17.823729,4.634473,6.1807885,15.178018,6.0217543,7.4258313,939028.0,36.66,0.0,20.99,18.63,19.19,28.89,341.2,0.0,0.0,0.0,0.0,0.0,0.0,0.0,0.0,340.0,341.0,1.0,-0.4,0.0,1.0,1.0,0.0,0.0,271.0,275.0,274.0,273.0,0.757,0.0,0.5,0.218,-0.267,0.8,0.0,6000.0,420636.0,221.0,406.0,59.97,7.0,44.0,52.0,54.97,28.77,28.36,20.43,0.883,1.3,1.52,60.0,59.5,75.6,1.0,273.0,274.0,272.0,0.382,0.294,0.483,1962.0,433542.0,13750.0,1967.0,0.793,0.818,0.791,0.836,0.715,0.712,0.713,0.534,0.244,0.243,0.243,0.182,119.0,119.0,119.0,89.0,1.348,259.7,27.77,2.2,3.499,2.0,-1.0,13.36,0.013,0.291,3.0,2.0,0.0,0.0,28.44,29.3,28.19,28.16,28.39,27.85,29.33,27.89,27.87,28.54,27.48,29.15,29.04,29.04,28.94,28.66,28.51,28.39,28.34
2017-06-30 19:10:00-05:00,9.518393,8.350662,17.11315,4.502059,5.9232554,14.839474,6.0217543,7.3079605,939029.0,36.61,0.0,20.5,18.2,18.62,28.86,341.2,0.0,0.0,0.0,0.0,0.0,0.0,0.0,0.0,340.0,341.0,1.0,-0.4,0.0,1.0,1.0,0.0,0.0,271.0,274.9,274.0,273.0,0.753,0.0,0.493,0.2,-0.168,0.8,0.0,6000.0,420636.0,221.0,406.0,59.95,7.0,44.0,52.0,54.05,28.76,28.34,20.09,0.813,1.3,1.463,60.0,59.5,75.6,1.0,273.0,274.0,272.0,0.359,0.219,0.421,1962.0,433542.0,13750.0,1967.0,0.853,0.818,0.791,0.836,0.693,0.692,0.692,0.516,0.236,0.236,0.236,0.176,119.0,119.0,119.0,89.0,2.253,266.5,29.11,4.4,3.498,2.0,-1.0,13.36,0.013,0.291,3.0,2.0,0.0,0.0,28.42,29.27,28.18,28.07,28.4,27.83,29.28,27.86,27.82,28.49,27.45,29.07,29.03,28.97,28.85,28.59,28.49,28.35,28.28
2017-06-30 19:11:00-05:00,9.147548,7.3682313,16.520998,4.1048183,5.4081893,14.162388,5.7708473,7.0722194,939030.0,36.55,0.0,20.15,17.9,18.4,28.85,332.9,0.0,0.0,0.0,0.0,0.0,0.0,0.0,0.0,331.8,332.8,1.25,-0.375,0.0,1.0,1.0,0.0,0.0,271.0,274.9,274.0,273.0,0.757,0.0,0.495,0.265,-0.138,0.838,0.0,6000.0,420636.0,221.0,406.0,59.95,7.0,44.0,52.0,54.0,28.72,28.3,19.79,0.843,1.348,1.48,60.0,59.5,75.6,1.0,273.0,274.0,272.0,0.381,0.204,0.436,1962.0,433542.0,13750.0,1967.0,0.861,0.818,0.791,0.836,0.735,0.735,0.736,0.551,0.243,0.242,0.243,0.182,119.0,119.0,119.0,89.0,1.555,218.2,73.32,3.0,3.498,2.0,-1.0,13.36,0.013,0.291,3.0,2.0,0.0,0.0,28.34,29.21,28.16,28.11,28.41,27.86,29.22,27.83,27.8,28.47,27.43,28.99,28.97,28.89,28.78,28.53,28.45,28.3,28.21
2017-06-30 19:12:00-05:00,9.394779,7.8594475,16.876287,4.766886,5.9232554,14.839474,6.147207,7.3079605,939031.0,36.48,0.0,20.54,18.37,18.82,28.83,307.7,0.0,0.0,0.0,0.0,0.0,0.0,0.0,0.0,306.3,307.1,2.0,-0.3,0.0,1.0,1.0,0.0,0.0,270.8,274.1,274.0,272.8,0.745,0.0,0.718,0.505,-0.24,1.013,0.0,6000.0,420636.0,221.0,406.0,59.97,7.0,44.0,52.0,54.0,28.69,28.28,20.38,0.988,1.503,1.762,60.0,59.5,75.6,1.0,273.0,273.4,272.0,0.635,0.273,0.692,1962.0,433542.0,13750.0,1967.0,0.918,0.818,0.791,0.836,0.985,0.984,0.985,0.738,0.303,0.303,0.303,0.227,119.0,119.0,119.0,89.0,2.555,227.5,40.81,6.6,3.499,2.0,-1.0,13.36,0.013,0.291,3.0,2.0,0.0,0.0,28.34,29.15,28.2,28.08,28.41,27.86,29.24,27.82,27.81,28.48,27.42,28.91,28.91,28.82,28.7,28.48,28.41,28.26,28.17
2017-06-30 19:13:00-05:00,10.136472,8.514401,17.7053,5.561367,6.695854,15.516561,6.6490197,7.6615705,939032.0,36.42,0.0,21.11,19.25,19.61,28.8,317.4,0.0,0.0,0.0,0.0,0.0,0.0,0.0,0.0,316.2,317.0,2.0,-0.303,0.0,1.0,1.0,0.0,0.0,270.9,274.1,274.0,272.9,0.747,0.0,0.797,0.54,-0.173,1.027,0.0,6000.0,420636.0,221.0,406.0,59.96,7.0,44.0,52.0,54.0,28.68,28.3,21.12,0.988,1.545,1.797,60.0,59.5,75.6,1.0,273.0,273.3,272.0,0.686,0.227,0.724,1962.0,433542.0,13750.0,1967.0,0.948,0.818,0.791,0.836,1.002,1.001,1.003,0.75,0.318,0.318,0.318,0.238,119.0,119.0,119.0,89.0,2.595,200.0,71.49,5.9,3.495,2.0,-1.0,13.37,0.018,0.291,3.0,2.0,0.0,0.0,28.34,29.1,28.15,28.1,28.34,27.86,29.2,27.82,27.85,28.51,27.42,28.86,28.89,28.79,28.65,28.45,28.41,28.25,28.14
2017-06-30 19:14:00-05:00,9.271163,7.8594475,16.402567,4.8993,5.665723,13.936691,4.892675,6.011387,939033.0,36.36,0.0,19.88,17.46,17.87,28.77,305.8,0.0,0.0,0.0,0.0,0.0,0.0,0.0,0.0,304.7,305.5,2.0,-0.3,0.0,1.0,1.0,0.0,0.0,271.0,274.1,274.0,273.0,0.747,0.0,0.703,0.508,-0.165,0.99,0.0,6000.0,420636.0,221.0,406.0,59.96,7.0,44.0,52.0,54.0,28.67,28.29,19.79,0.942,1.497,1.722,60.0,59.5,75.6,1.0,273.0,273.2,272.0,0.615,0.237,0.66,1962.0,433542.0,13750.0,1967.0,0.933,0.818,0.791,0.836,0.966,0.966,0.967,0.724,0.296,0.295,0.296,0.221,119.0,119.0,119.0,89.0,2.437,211.9,41.9,4.8,3.499,2.0,-1.0,13.4,0.014,0.29,3.0,2.0,0.0,0.0,28.34,29.09,28.15,28.13,28.36,27.86,29.19,27.83,27.86,28.53,27.42,28.81,28.87,28.76,28.61,28.43,28.39,28.23,28.12
2017-06-30 19:15:00-05:00,6.922468,5.4033704,13.797105,2.2510297,3.2191608,11.454043,3.1363304,4.596943,939034.0,36.3,0.0,17.24,14.95,15.4,28.75,304.8,0.0,0.0,0.0,0.0,0.0,0.0,0.0,0.0,303.6,304.5,1.75,-0.3,0.0,1.0,1.0,0.0,0.0,271.0,274.0,274.0,273.0,0.73,0.0,0.52,0.35,-0.173,0.842,0.0,6000.0,420636.0,221.0,406.0,59.96,7.0,44.0,52.0,54.0,28.68,28.26,16.87,0.915,1.37,1.553,60.0,59.5,75.6,1.0,273.0,273.3,272.0,0.455,0.232,0.513,1962.0,433542.0,13750.0,1967.0,0.884,0.818,0.791,0.836,0.826,0.826,0.827,0.618,0.252,0.252,0.252,0.189,119.0,119.0,119.0,89.0,1.597,293.0,56.46,4.7,3.499,2.0,-1.0,13.4,0.014,0.29,3.0,2.0,0.0,0.0,28.33,29.08,28.15,28.05,28.38,27.86,29.22,27.81,27.82,28.45,27.4,28.75,28.82,28.72,28.54,28.38,28.36,28.21,28.08
2017-06-30 19:16:00-05:00,4.326543,2.7835543,11.310073,0.26482704,1.1588978,9.761328,1.8817986,3.4182396,939035.0,36.25,0.0,14.84,13.3,13.72,28.76,302.6,0.0,0.0,0.0,0.0,0.0,0.0,0.0,0.0,301.4,302.1,1.0,-0.3,0.0,1.0,1.0,0.0,0.0,271.0,274.1,274.0,273.0,0.747,0.0,0.417,0.2,-0.247,0.8,0.0,6000.0,420636.0,221.0,406.0,59.97,7.0,44.0,52.0,54.0,28.65,28.18,14.26,0.96,1.297,1.462,60.0,59.5,75.6,1.0,273.0,273.4,272.0,0.312,0.289,0.426,1962.0,433542.0,13750.0,1967.0,0.736,0.818,0.791,0.836,0.707,0.706,0.707,0.529,0.214,0.214,0.214,0.16,119.0,119.0,119.0,89.0,1.227,225.4,72.27,3.4,3.498,2.0,-1.0,13.4,0.014,0.29,3.0,2.0,0.0,0.0,28.28,28.97,28.09,28.05,28.33,27.78,29.06,27.77,27.78,28.44,27.37,28.67,28.76,28.66,28.46,28.33,28.33,28.16,28.02
2017-06-30 19:17:00-05:00,2.47231,0.982431,9.652052,-1.0593077,-0.25753286,8.407154,0.75271934,2.2395368,939036.0,36.18,0.0,13.25,12.0,12.44,28.71,299.5,0.0,0.0,0.0,0.0,0.0,0.0,0.0,0.0,298.3,299.1,1.0,-0.3,0.0,1.0,1.0,0.0,0.0,271.0,274.5,274.0,273.0,0.74,0.0,0.287,0.15,-0.132,0.787,0.0,6000.0,420636.0,221.0,406.0,59.95,7.0,44.0,52.0,54.0,28.61,28.11,12.61,0.907,1.218,1.358,60.0,59.5,75.6,1.0,273.0,273.9,272.0,0.226,0.218,0.315,1962.0,433542.0,13750.0,1967.0,0.717,0.818,0.791,0.836,0.633,0.632,0.633,0.474,0.189,0.189,0.189,0.142,119.0,119.0,119.0,89.0,1.76,199.8,34.68,3.6,3.495,2.0,-1.0,13.4,0.014,0.29,3.0,2.0,0.0,0.0,28.2,28.94,28.05,27.96,28.25,27.68,29.03,27.72,27.7,28.31,27.3,28.58,28.64,28.59,28.37,28.25,28.25,28.08,27.94
2017-06-30 19:18:00-05:00,1.4833858,-0.327477,8.586183,-1.8537889,-1.030131,7.504372,-0.25090647,1.1787034,939037.0,36.13,0.0,12.29,11.15,11.56,28.66,299.1,0.0,0.0,0.0,0.0,0.0,0.0,0.0,0.0,298.0,298.9,1.0,-0.3,0.0,0.717,1.0,0.0,0.0,271.0,274.5,274.0,273.0,0.752,0.0,0.237,0.087,-0.247,0.78,0.0,6000.0,420636.0,221.0,406.0,59.97,7.0,44.0,52.0,54.0,28.58,28.08,11.73,1.0,1.2,1.392,60.0,59.5,75.6,1.0,273.0,274.0,272.0,0.173,0.293,0.34,1962.0,433542.0,13750.0,1967.0,0.508,0.818,0.791,0.836,0.588,0.587,0.588,0.439,0.176,0.176,0.176,0.131,119.0,119.0,119.0,89.0,2.597,205.0,51.83,6.0,3.498,2.0,-1.0,13.4,0.014,0.29,3.0,2.0,0.0,0.0,28.14,28.87,27.96,27.87,28.2,27.66,28.92,27.64,27.67,28.27,27.23,28.5,28.56,28.51,28.28,28.17,28.19,27.99,27.87
2017-06-30 19:19:00-05:00,0.74169314,-0.6549534,7.7571716,-2.7806833,-1.6739634,6.714439,-0.75271887,0.70722204,939038.0,36.07,0.0,11.58,10.51,10.96,28.64,299.0,0.0,0.0,0.0,0.0,0.0,0.0,0.0,0.0,298.0,298.7,0.817,-0.3,0.0,0.65,1.0,0.0,0.0,271.0,274.9,274.0,273.0,0.723,0.0,0.205,0.028,-0.217,0.782,0.0,6000.0,420636.0,221.0,406.0,59.96,7.0,44.0,52.0,54.0,28.57,28.04,11.06,1.0,1.2,1.3,60.0,59.5,75.6,1.0,273.0,274.0,272.0,0.134,0.28,0.311,1962.0,433542.0,13750.0,1967.0,0.432,0.818,0.791,0.836,0.554,0.552,0.553,0.414,0.166,0.165,0.165,0.124,119.0,119.0,119.0,89.0,1.992,248.8,52.74,3.7,3.499,2.0,-1.0,13.4,0.013,0.29,3.0,2.0,0.0,0.0,28.13,28.86,27.94,27.84,28.12,27.6,28.85,27.61,27.65,28.24,27.2,28.41,28.5,28.43,28.2,28.11,28.16,27.94,27.81
2017-06-30 19:20:00-05:00,0.12361576,-0.9824304,7.1650205,-3.0455103,-2.1890287,6.3758955,-1.0036254,0.11787056,939039.0,36.01,0.0,11.05,10.01,10.41,28.63,298.9,0.0,0.0,0.0,0.0,0.0,0.0,0.0,0.0,297.6,298.3,0.633,-0.3,0.0,0.95,1.0,0.0,0.0,271.0,274.9,274.0,273.0,0.742,0.0,0.2,0.018,-0.062,0.722,0.0,6000.0,420636.0,221.0,406.0,59.94,7.0,44.0,52.0,53.42,28.53,27.95,10.54,0.9,1.2,1.213,60.0,59.5,75.6,1.0,273.0,274.0,272.0,0.108,0.158,0.192,1962.0,433542.0,13750.0,1967.0,0.571,0.818,0.791,0.836,0.525,0.524,0.526,0.393,0.157,0.157,0.157,0.118,119.0,119.0,119.0,89.0,2.162,276.0,28.57,3.4,3.499,2.0,-1.0,13.4,0.013,0.29,3.0,2.0,0.0,0.0,28.05,28.76,27.86,27.73,28.05,27.53,28.82,27.56,27.57,28.16,27.14,28.33,28.45,28.38,28.12,28.04,28.09,27.88,27.74
2017-06-30 19:21:00-05:00,-0.37084633,-2.1286001,6.57287,-3.5751643,-2.7040944,5.6988096,-1.1290789,-0.3536108,939040.0,35.95,0.0,10.51,9.54,9.99,28.57,298.6,0.0,0.0,0.0,0.0,0.0,0.0,0.0,0.0,297.1,298.0,0.267,-0.3,0.0,0.183,1.0,0.0,0.0,271.0,275.0,274.4,273.0,0.747,0.0,0.2,0.0,-0.203,0.73,0.0,6000.0,420636.0,221.0,406.0,59.96,7.0,44.0,52.0,53.0,28.5,27.9,10.05,0.99,1.145,1.293,60.0,59.5,75.6,1.0,273.1,274.0,272.6,0.077,0.264,0.275,1962.0,433542.0,13750.0,1967.0,0.285,0.818,0.791,0.836,0.502,0.5,0.502,0.375,0.15,0.149,0.15,0.112,119.0,119.0,119.0,89.0,2.857,320.4,33.05,5.4,3.499,2.0,-1.0,13.4,0.013,0.29,3.0,2.0,0.0,0.0,27.98,28.71,27.81,27.66,28.0,27.47,28.74,27.52,27.57,28.15,27.11,28.26,28.43,28.32,28.04,27.97,28.04,27.82,27.67
2017-06-30 19:22:00-05:00,-0.6180774,-2.6198153,5.98072,-3.8399916,-2.9616275,5.247419,-1.7563447,-0.7072216,939041.0,35.89,0.0,9.98,9.09,9.53,28.56,298.4,0.0,0.0,0.0,0.0,0.0,0.0,0.0,0.0,297.0,298.0,0.0,-0.3,0.0,0.0,1.0,0.0,0.0,271.0,275.0,274.8,273.0,0.74,0.0,0.173,0.0,-0.225,0.718,0.0,6000.0,420636.0,221.0,406.0,59.97,7.0,44.0,52.0,53.0,28.46,27.8,9.55,1.0,1.102,1.3,60.0,59.5,75.6,1.0,273.7,274.0,273.0,0.047,0.286,0.29,1962.0,433542.0,13750.0,1967.0,0.165,0.818,0.791,0.836,0.476,0.475,0.476,0.356,0.142,0.142,0.142,0.106,119.0,119.0,119.0,89.0,1.505,208.4,45.5,2.5,3.498,2.0,-1.0,13.4,0.013,0.29,3.0,2.0,0.0,0.0,27.93,28.61,27.73,27.63,27.94,27.39,28.74,27.47,27.53,28.13,27.06,28.18,28.34,28.24,27.97,27.9,27.97,27.74,27.6
2017-06-30 19:23:00-05:00,-1.2361548,-3.2747695,5.1517096,-4.3696456,-3.734226,4.7960277,-2.0072513,-1.0608329,939042.0,35.83,0.0,9.42,8.59,9.07,28.51,298.4,0.0,0.0,0.0,0.0,0.0,0.0,0.0,0.0,297.0,298.0,0.0,-0.3,0.017,0.0,1.0,0.0,0.0,271.2,275.0,275.0,273.2,0.743,0.0,0.145,-0.01,-0.25,0.733,0.0,6000.0,420636.0,221.0,406.0,59.97,7.0,44.0,52.0,53.0,28.45,27.74,9.03,1.027,1.1,1.278,60.0,59.5,75.6,1.0,274.0,274.0,273.0,0.016,0.297,0.297,1962.0,433542.0,13750.0,1967.0,0.052,0.818,0.791,0.836,0.448,0.448,0.448,0.335,0.134,0.134,0.134,0.1,119.0,119.0,119.0,89.0,1.498,200.4,65.05,3.1,3.499,2.0,-1.0,13.4,0.013,0.29,3.0,2.0,0.0,0.0,27.85,28.55,27.66,27.55,27.86,27.29,28.65,27.43,27.51,28.12,27.02,28.09,28.24,28.14,27.88,27.83,27.91,27.67,27.53
2017-06-30 19:24:00-05:00,-1.9778479,-4.2572,4.5595584,-4.8992996,-4.378058,4.1189413,-2.509064,-1.4144436,939043.0,35.78,0.0,8.87,8.12,8.56,28.51,298.3,0.0,0.0,0.0,0.0,0.0,0.0,0.0,0.0,297.0,298.0,0.0,-0.3,0.317,0.0,1.0,0.0,0.0,271.1,275.0,275.0,273.1,0.76,0.0,0.092,-0.048,-0.272,0.737,0.0,6000.0,420636.0,221.0,406.0,59.97,7.0,44.0,52.0,53.0,28.45,27.7,8.47,1.097,1.1,1.282,60.0,59.5,75.6,1.0,273.9,274.0,273.0,-0.016,0.325,0.326,1962.0,433542.0,13750.0,1967.0,-0.049,0.818,0.791,0.836,0.42,0.419,0.42,0.315,0.125,0.125,0.125,0.094,119.0,119.0,119.0,89.0,1.8,288.6,44.41,3.7,3.499,2.0,-1.0,13.4,0.013,0.29,3.0,2.0,0.0,0.0,27.79,28.55,27.61,27.47,27.79,27.28,28.56,27.4,27.46,28.08,26.99,28.02,28.22,28.09,27.8,27.78,27.89,27.64,27.48
2017-06-30 19:25:00-05:00,-2.47231,-4.2572,4.2042685,-5.031713,-4.7643576,3.893246,-2.8854234,-1.7680545,939044.0,35.72,0.0,8.32,7.662,8.15,28.51,298.1,0.0,0.0,0.0,0.0,0.0,0.0,0.0,0.0,296.9,297.8,0.0,-0.3,0.1,0.0,0.95,0.0,0.0,270.5,274.1,273.7,272.5,0.763,0.0,0.067,-0.098,-0.225,0.695,0.0,6000.0,420636.0,221.0,406.0,59.96,7.0,44.0,52.0,53.0,28.45,27.68,8.0,1.038,1.1,1.2,60.0,59.5,75.6,1.0,272.5,273.3,271.5,-0.04,0.276,0.279,1962.0,433542.0,13750.0,1967.0,-0.145,0.818,0.791,0.836,0.394,0.394,0.394,0.295,0.118,0.117,0.117,0.088,119.0,119.0,119.0,89.0,2.435,216.3,60.27,4.9,3.498,2.0,-1.0,13.4,0.013,0.29,3.0,2.0,0.0,0.0,27.77,28.43,27.55,27.47,27.71,27.18,28.55,27.36,27.46,28.05,26.96,27.96,28.23,28.06,27.76,27.74,27.87,27.61,27.44
2017-06-30 19:26:00-05:00,-2.8431563,-5.0758924,3.9674082,-5.6937804,-5.0218897,3.7803986,-3.13633,-2.0037951,939045.0,35.66,0.0,7.833,7.236,7.704,28.48,290.8,0.0,0.0,0.0,0.0,0.0,0.0,0.0,0.0,289.8,290.4,0.0,-0.282,0.233,0.033,0.717,0.033,0.0,269.1,273.1,273.0,271.1,0.762,0.0,0.058,-0.1,-0.135,0.688,0.0,6000.0,420636.0,221.0,406.0,59.95,7.0,44.0,52.0,53.0,28.44,27.62,7.541,1.03,1.113,1.152,60.0,59.5,75.6,1.0,272.0,272.1,271.0,-0.056,0.223,0.23,1962.0,433542.0,13750.0,1967.0,-0.243,0.818,0.791,0.836,0.379,0.379,0.379,0.284,0.11,0.11,0.11,0.083,119.0,119.0,119.0,89.0,1.673,215.1,40.17,3.2,3.498,2.0,-1.0,13.4,0.013,0.29,3.0,2.0,0.0,0.0,27.72,28.39,27.5,27.37,27.66,27.16,28.48,27.32,27.4,28.02,26.92,27.89,28.17,28.0,27.68,27.67,27.8,27.55,27.38
2017-06-30 19:27:00-05:00,-3.3376186,-5.4033694,3.4936879,-6.0910206,-5.6657224,3.103312,-3.763596,-2.7110171,939046.0,35.61,0.0,7.326,6.771,7.257,28.47,284.0,0.0,0.0,0.0,0.0,0.0,0.0,0.0,0.0,283.1,283.7,0.0,-0.217,1.0,0.35,1.0,0.35,0.0,269.0,273.0,272.7,271.0,0.76,0.0,0.053,-0.115,-0.175,0.773,0.0,6000.0,420636.0,221.0,406.0,59.96,7.0,44.0,52.0,53.0,28.42,27.55,7.113,1.193,1.2,1.272,60.0,59.5,75.6,1.0,271.7,272.0,271.0,-0.076,0.245,0.256,1962.0,433542.0,13750.0,1967.0,-0.301,0.818,0.791,0.836,0.363,0.362,0.363,0.271,0.103,0.103,0.103,0.077,119.0,119.0,119.0,89.0,1.015,218.9,76.57,2.8,3.499,2.0,-1.0,13.4,0.013,0.29,3.0,2.0,0.0,0.0,27.67,28.31,27.44,27.31,27.63,27.08,28.43,27.27,27.32,27.94,26.86,27.82,28.11,27.93,27.61,27.6,27.73,27.48,27.31
2017-06-30 19:28:00-05:00,-4.079312,-5.5671077,3.1383972,-6.6206746,-6.309554,2.764769,-4.265409,-3.3003688,939047.0,35.55,0.0,6.87,6.357,6.826,28.46,284.0,0.0,0.0,0.0,0.0,0.0,0.0,0.0,0.0,283.0,283.8,0.0,-0.212,1.0,0.683,1.0,0.683,0.0,269.2,273.1,273.0,271.2,0.75,0.0,0.002,-0.147,-0.1,0.773,0.0,6000.0,420636.0,221.0,406.0,59.95,7.0,43.18,52.0,53.0,28.43,27.48,6.708,1.2,1.2,1.207,60.0,59.5,75.6,1.0,272.0,272.0,271.0,-0.098,0.195,0.218,1962.0,433542.0,13750.0,1967.0,-0.448,0.818,0.791,0.836,0.34,0.34,0.341,0.255,0.097,0.097,0.097,0.072,119.0,119.0,119.0,89.0,2.012,209.9,76.63,4.9,3.498,2.0,-1.0,13.4,0.013,0.29,3.0,2.0,0.0,0.0,27.59,28.27,27.36,27.28,27.55,27.03,28.36,27.21,27.27,27.9,26.8,27.75,28.06,27.85,27.53,27.53,27.69,27.42,27.25
2017-06-30 19:29:00-05:00,-4.3265424,-6.549539,2.4278169,-7.0179157,-7.082153,2.2005303,-4.7672215,-3.65398,939048.0,35.5,0.0,6.376,5.964,6.405,28.44,283.8,0.0,0.0,0.0,0.0,0.0,0.0,0.0,0.0,283.0,283.2,0.0,-0.218,1.0,0.633,1.0,0.633,0.0,269.1,273.1,272.9,271.1,0.743,0.0,0.0,-0.197,-0.167,0.8,0.0,6000.0,420636.0,221.0,406.0,59.96,7.0,43.0,52.0,53.0,28.44,27.44,6.261,1.283,1.2,1.29,60.0,59.5,75.6,1.0,272.0,272.0,271.0,-0.125,0.25,0.28,1962.0,433542.0,13750.0,1967.0,-0.446,0.818,0.791,0.836,0.318,0.316,0.316,0.237,0.09,0.09,0.09,0.067,119.0,119.0,119.0,89.0,2.1,224.4,18.13,2.9,3.498,2.0,-1.0,13.4,0.013,0.29,3.0,2.0,0.0,0.0,27.58,28.22,27.31,27.24,27.54,27.0,28.34,27.17,27.24,27.86,26.77,27.67,27.95,27.79,27.45,27.48,27.63,27.35,27.2
2017-06-30 19:30:00-05:00,-4.94462,-6.713278,1.9540966,-7.679983,-7.468452,1.5234443,-5.3944874,-4.2433314,939049.0,35.43,0.0,5.797,5.446,5.902,28.4,291.6,0.0,0.0,0.0,0.0,0.0,0.0,0.0,0.0,290.5,280.1,-0.183,-0.218,0.85,0.533,0.833,0.533,0.0,269.2,273.2,272.6,271.3,0.735,0.0,-0.047,-0.195,-0.108,0.678,0.0,6000.0,420636.0,221.0,406.0,59.95,6.166667,43.0,52.0,52.57,28.4,27.41,5.746,1.052,1.058,1.072,60.0,59.5,75.6,1.0,271.7,272.1,270.7,-0.139,0.178,0.228,1962.0,433542.0,13750.0,1967.0,-0.643,0.818,0.791,0.836,0.244,0.242,0.243,0.182,0.069,0.069,0.069,0.052,119.0,119.0,119.0,89.0,2.285,233.5,27.72,4.8,3.498,2.0,-1.0,13.4,0.013,0.29,3.0,2.0,0.0,0.0,27.54,28.21,27.3,27.2,27.52,26.95,28.24,27.11,27.15,27.77,26.7,27.6,27.86,27.73,27.37,27.4,27.55,27.26,27.11
2017-06-30 19:31:00-05:00,-5.3154664,-7.6957083,1.4803761,-8.342051,-7.854751,0.9592054,-5.645394,-4.7148128,939050.0,35.37,0.0,5.262,5.038,5.433,28.4,335.1,0.0,0.0,0.0,0.0,0.0,0.0,0.0,0.0,334.2,123.4,-1.283,-0.193,0.0,0.0,0.0,0.0,0.0,269.0,273.0,272.1,271.0,0.738,0.0,-0.21,-0.1,-0.042,0.105,0.0,6000.0,420636.0,221.0,406.0,59.96,2.0,43.0,52.0,52.0,28.41,27.37,5.248,0.0,0.2,0.2,60.0,59.5,75.6,1.0,271.2,272.0,270.5,-0.075,0.032,0.082,1962.0,433542.0,13750.0,1967.0,-0.92,0.818,0.791,0.836,0.001,0.0,0.0,-0.001,0.0,0.0,0.0,0.0,119.0,119.0,119.0,89.0,1.7,262.5,34.53,4.1,3.498,2.0,-1.0,13.4,0.013,0.29,3.0,2.0,0.0,0.0,27.48,28.15,27.29,27.13,27.48,26.98,28.16,27.07,27.19,27.77,26.67,27.53,27.8,27.68,27.3,27.35,27.54,27.23,27.06
2017-06-30 19:32:00-05:00,-5.8099284,-8.186923,0.7697956,-8.606877,-8.112285,0.73351014,-6.147207,-5.0684237,939051.0,35.32,0.0,4.827,4.515,5.074,28.38,333.0,0.0,0.0,0.0,0.0,0.0,0.0,0.0,0.0,332.1,28.13,-1.317,-0.192,0.0,0.0,0.0,0.0,0.0,269.0,273.0,272.0,271.0,0.747,0.0,-0.107,-0.1,-0.032,0.108,0.0,6000.0,420636.0,221.0,406.0,59.96,2.0,43.0,52.0,52.0,28.38,27.29,4.775,0.0,0.2,0.2,60.0,59.5,75.6,1.0,271.1,272.0,270.1,-0.075,0.032,0.082,1962.0,433542.0,13750.0,1967.0,-0.921,0.818,0.791,0.836,0.001,0.0,0.0,0.0,0.0,0.0,0.0,0.0,119.0,119.0,119.0,89.0,1.042,270.8,48.24,2.3,3.499,2.0,-1.0,13.4,0.013,0.29,3.0,2.0,0.0,0.0,27.41,28.1,27.24,27.1,27.36,26.91,28.16,27.02,27.1,27.7,26.62,27.46,27.78,27.64,27.25,27.3,27.49,27.18,27.0
2017-06-30 19:33:00-05:00,-6.4280057,-8.678139,0.059214946,-9.004118,-8.498584,0.05642376,-6.3981133,-5.539905,939052.0,35.26,0.0,4.25,4.079,4.595,28.36,330.5,0.0,0.0,0.0,0.0,0.0,0.0,0.0,0.0,329.7,6.267,-1.233,-0.187,0.0,0.0,0.0,0.0,0.0,269.0,273.0,272.0,271.0,0.74,0.0,-0.1,-0.102,-0.05,0.103,0.0,6000.0,420636.0,221.0,406.0,59.95,2.0,43.0,52.0,52.0,28.34,27.22,4.26,0.0,0.2,0.2,60.0,59.5,75.6,1.0,271.2,272.0,270.0,-0.075,0.032,0.082,1962.0,433542.0,13750.0,1967.0,-0.922,0.818,0.791,0.836,0.001,-0.001,0.0,0.0,0.0,0.0,0.0,0.0,119.0,119.0,119.0,89.0,1.482,263.0,32.17,2.6,3.498,2.0,-1.0,13.4,0.013,0.29,3.0,2.0,0.0,0.0,27.37,27.97,27.19,27.04,27.34,26.81,28.06,26.99,27.08,27.67,26.59,27.42,27.77,27.61,27.21,27.26,27.48,27.14,26.97
2017-06-30 19:34:00-05:00,-7.046084,-9.824308,-0.5329354,-9.268946,-9.013649,-0.16927171,-6.899926,-5.8935156,939053.0,35.21,0.0,3.757,3.645,4.186,28.34,327.8,0.0,0.0,0.0,0.0,0.0,0.0,0.0,0.0,327.0,1.117,-1.233,-0.193,0.0,0.0,0.0,0.0,0.0,269.0,273.0,272.1,271.0,0.727,0.0,-0.1,-0.102,-0.047,0.108,0.0,6000.0,420636.0,221.0,406.0,59.95,2.0,43.0,52.0,51.47,28.29,27.17,3.782,0.0,0.2,0.2,60.0,59.5,75.6,1.0,271.3,272.0,270.4,-0.075,0.032,0.082,1962.0,433542.0,13750.0,1967.0,-0.922,0.818,0.791,0.836,0.001,0.0,0.0,0.0,0.0,0.0,0.0,0.0,119.0,119.0,119.0,89.0,1.475,258.6,32.37,2.5,3.499,2.0,-1.0,13.4,0.013,0.29,3.0,2.0,0.0,0.0,27.3,28.04,27.1,26.94,27.27,26.78,28.03,26.95,27.04,27.63,26.55,27.37,27.72,27.55,27.16,27.21,27.44,27.09,26.92
2017-06-30 19:35:00-05:00,-7.41693,-9.824308,-0.88822573,-9.5337715,-9.142415,-0.73351014,-7.1508327,-6.364997,939054.0,35.15,0.0,3.331,3.209,3.747,28.32,325.3,0.0,0.0,0.0,0.0,0.0,0.0,0.0,0.0,324.3,0.0,-1.233,-0.187,0.0,0.0,0.0,0.0,0.0,269.0,273.0,272.3,271.0,0.738,0.0,-0.1,-0.102,-0.04,0.108,0.0,6000.0,420636.0,221.0,406.0,59.97,2.0,43.0,52.0,51.0,28.27,27.14,3.387,0.0,0.2,0.2,60.0,59.5,75.6,1.0,271.5,272.0,270.7,-0.075,0.032,0.082,1962.0,433542.0,13750.0,1967.0,-0.922,0.818,0.791,0.836,0.0,0.0,0.001,0.0,0.0,0.0,0.0,0.0,119.0,119.0,119.0,89.0,0.988,236.9,66.03,2.0,3.498,2.0,-1.0,13.4,0.013,0.29,3.0,2.0,0.0,0.0,27.2,27.96,26.99,26.93,27.21,26.67,27.98,26.91,27.04,27.61,26.52,27.31,27.68,27.52,27.09,27.17,27.41,27.05,26.88
2017-06-30 19:36:00-05:00,-8.035007,-10.643001,-1.5988063,-10.19584,-9.786247,-0.9592056,-7.527192,-6.7186084,939055.0,35.1,0.0,2.908,2.828,3.346,28.3,322.2,0.0,0.0,0.0,0.0,0.0,0.0,0.0,0.0,321.3,0.0,-1.35,-0.192,0.0,0.0,0.0,0.0,0.0,269.8,273.7,272.9,271.9,0.728,0.0,-0.08,-0.1,-0.043,0.108,0.0,6000.0,420636.0,221.0,406.0,59.96,2.0,43.0,52.0,51.0,28.23,27.09,2.955,0.0,0.2,0.2,60.0,59.5,75.6,1.0,271.9,272.7,270.9,-0.075,0.032,0.082,1962.0,433542.0,13750.0,1967.0,-0.922,0.818,0.791,0.836,0.001,0.0,0.001,0.0,0.0,0.0,0.0,0.0,119.0,119.0,119.0,89.0,1.208,213.4,41.07,2.7,3.498,2.0,-1.0,13.4,0.013,0.29,3.0,2.0,0.0,0.0,27.19,27.9,26.99,26.88,27.19,26.57,28.02,26.88,26.97,27.58,26.48,27.26,27.63,27.46,27.04,27.11,27.36,27.0,26.81
2017-06-30 19:37:00-05:00,-8.405854,-10.970478,-1.7172364,-10.460667,-10.172546,-1.5234442,-7.903552,-7.0722194,939056.0,35.04,0.0,2.537,2.499,3.049,28.29,318.9,0.0,0.0,0.0,0.0,0.0,0.0,0.0,0.0,318.1,0.0,-1.283,-0.19,0.0,0.0,0.0,0.0,0.0,269.8,273.6,273.0,271.9,0.742,0.0,-0.045,-0.1,-0.037,0.102,0.0,6000.0,420636.0,221.0,406.0,59.94,2.0,43.0,52.0,51.0,28.23,27.04,2.576,0.0,0.2,0.2,60.0,59.5,75.6,1.0,272.0,272.5,271.0,-0.075,0.031,0.082,1962.0,433542.0,13750.0,1967.0,-0.922,0.818,0.791,0.836,0.001,-0.001,0.001,0.0,0.0,0.0,0.0,0.0,119.0,119.0,119.0,89.0,1.103,267.3,56.87,2.7,3.499,2.0,-1.0,13.4,0.013,0.289,3.0,2.0,0.0,0.0,27.11,27.85,26.99,26.8,27.12,26.61,27.96,26.83,26.9,27.51,26.44,27.19,27.57,27.4,26.97,27.05,27.32,26.94,26.76
2017-06-30 19:38:00-05:00,-8.900316,-10.970478,-2.309387,-10.857907,-10.687613,-1.5234442,-8.154458,-7.4258304,939057.0,34.98,0.0,2.2,2.2,2.707,28.26,315.9,0.0,0.0,0.0,0.0,0.0,0.0,0.0,0.0,314.9,0.0,-1.35,-0.19,0.0,0.0,0.0,0.0,0.0,269.7,273.5,273.0,271.8,0.733,0.0,-0.018,-0.1,-0.048,0.1,0.0,6000.0,420636.0,221.0,406.0,59.94,2.0,43.0,52.0,50.22,28.2,26.99,2.288,0.0,0.2,0.2,60.0,59.5,75.6,1.0,272.0,272.4,271.0,-0.075,0.031,0.082,1962.0,433542.0,13750.0,1967.0,-0.922,0.818,0.791,0.836,0.001,0.0,0.0,0.0,0.0,0.0,0.0,0.0,119.0,119.0,119.0,89.0,1.133,273.7,85.7,2.2,3.498,2.0,-1.0,13.4,0.013,0.29,3.0,2.0,0.0,0.0,27.09,27.82,26.91,26.8,27.09,26.57,27.98,26.81,26.91,27.52,26.41,27.15,27.52,27.34,26.92,27.01,27.27,26.89,26.72
2017-06-30 19:39:00-05:00,-9.147548,-10.970478,-2.4278169,-11.122734,-10.816379,-2.0876827,-8.530818,-7.5437,939058.0,34.93,0.0,1.962,1.981,2.551,28.22,313.2,0.0,0.0,0.0,0.0,0.0,0.0,0.0,0.0,312.3,0.0,-1.317,-0.195,0.0,0.0,0.0,0.0,0.0,269.6,273.4,273.0,271.8,0.748,0.0,-0.007,-0.1,-0.043,0.105,0.0,6000.0,420636.0,221.0,406.0,59.95,2.0,43.0,52.0,50.0,28.19,26.98,2.069,0.0,0.2,0.2,60.0,59.5,75.6,1.0,272.0,272.2,271.0,-0.075,0.031,0.082,1962.0,433542.0,13750.0,1967.0,-0.923,0.818,0.791,0.836,0.001,0.0,0.001,0.0,0.0,0.0,0.0,0.0,119.0,119.0,119.0,89.0,2.163,269.3,24.81,3.6,3.498,2.0,-1.0,13.4,0.013,0.289,3.0,2.0,0.0,0.0,27.15,27.8,26.9,26.75,27.06,26.51,27.89,26.78,26.88,27.48,26.39,27.1,27.49,27.33,26.88,26.97,27.26,26.86,26.68
2017-06-30 19:40:00-05:00,-9.147548,-11.134215,-2.4278169,-10.99032,-10.816379,-2.313378,-8.530818,-7.5437,939059.0,34.87,0.0,1.693,1.695,2.209,28.22,310.6,0.0,0.0,0.0,0.0,0.0,0.0,0.0,0.0,309.6,37.0,-1.367,-0.195,0.1,0.083,0.0,0.0,0.0,270.0,273.8,273.0,272.0,0.732,0.0,-0.053,-0.123,-0.002,0.17,0.0,6000.0,420636.0,221.0,406.0,59.97,2.3,43.0,52.0,49.98,28.18,26.98,1.884,0.195,0.377,0.298,60.0,59.5,75.6,1.0,272.0,272.9,271.0,-0.112,-0.048,0.165,1962.0,433542.0,13750.0,1967.0,-0.763,0.818,0.791,0.836,0.002,0.0,0.001,0.0,0.0,0.0,0.0,0.0,119.0,119.0,119.0,89.0,2.288,215.5,45.6,4.5,3.499,2.0,-1.0,13.4,0.013,0.29,3.0,2.0,0.0,0.0,27.16,27.77,26.9,26.8,26.99,26.51,27.88,26.79,26.93,27.49,26.4,27.09,27.53,27.34,26.87,26.97,27.28,26.89,26.68
2017-06-30 19:41:00-05:00,-9.0239315,-10.970478,-2.4278169,-11.122734,-10.816379,-2.313378,-8.656271,-7.5437,939060.0,34.82,0.0,1.659,1.693,2.204,28.21,284.6,0.0,0.0,0.0,0.0,0.0,0.0,0.0,0.0,283.8,283.8,-1.133,-0.208,1.0,0.933,0.567,0.567,0.0,269.7,273.7,273.0,271.9,0.752,0.0,-0.3,-0.44,-0.295,0.803,0.0,6000.0,420636.0,221.0,406.0,59.97,6.883333,43.0,52.0,49.0,28.16,26.94,1.699,1.555,1.285,1.292,60.0,59.5,75.6,1.0,272.0,272.7,271.0,-0.405,0.352,0.537,1962.0,433542.0,13750.0,1967.0,-0.754,0.818,0.791,0.836,0.058,0.056,0.058,0.043,0.016,0.016,0.016,0.012,119.0,119.0,119.0,89.0,1.542,265.6,21.2,2.7,3.499,2.0,-1.0,13.4,0.013,0.289,3.0,2.0,0.0,0.0,27.12,27.78,26.9,26.8,26.99,26.56,27.88,26.79,26.92,27.5,26.4,27.07,27.48,27.32,26.85,26.95,27.27,26.88,26.67
2017-06-30 19:42:00-05:00,-9.147548,-11.134215,-2.4278169,-11.122734,-10.816379,-2.313378,-8.656271,-7.5437,939061.0,34.76,0.0,1.258,1.399,2.008,28.2,282.6,0.0,0.0,0.0,0.0,0.0,0.0,0.0,0.0,281.7,282.0,-1.2,-0.202,1.0,1.0,0.867,0.867,0.0,269.2,273.2,273.0,271.4,0.758,0.0,-0.3,-0.458,-0.3,0.815,0.0,6000.0,420636.0,221.0,406.0,59.98,7.0,43.0,52.0,49.0,28.17,26.97,1.514,1.6,1.3,1.3,60.0,59.5,75.6,1.0,272.0,272.1,271.0,-0.412,0.387,0.565,1962.0,433542.0,13750.0,1967.0,-0.729,0.818,0.791,0.836,0.05,0.048,0.05,0.036,0.014,0.014,0.014,0.01,119.0,119.0,119.0,89.0,1.292,207.0,46.75,3.8,3.499,2.0,-1.0,13.4,0.013,0.289,3.0,2.0,0.0,0.0,27.15,27.77,26.9,26.79,26.99,26.51,27.88,26.79,26.94,27.51,26.4,27.05,27.5,27.32,26.83,26.95,27.27,26.88,26.66
2017-06-30 19:43:00-05:00,-9.0239315,-11.297955,-2.9015374,-11.122734,-10.945146,-2.313378,-8.781725,-7.7794414,939062.0,34.71,0.0,1.198,1.198,1.705,28.21,282.4,0.0,0.0,0.0,0.0,0.0,0.0,0.0,0.0,281.1,282.0,-1.217,-0.2,1.0,1.0,0.7,0.7,0.0,269.1,273.0,272.8,271.1,0.74,0.0,-0.3,-0.483,-0.282,0.812,0.0,6000.0,420636.0,221.0,406.0,59.98,7.0,43.0,52.0,49.0,28.19,26.96,1.315,1.577,1.3,1.275,60.0,59.5,75.6,1.0,271.9,272.0,271.0,-0.423,0.376,0.567,1962.0,433542.0,13750.0,1967.0,-0.748,0.818,0.791,0.836,0.039,0.037,0.039,0.028,0.011,0.011,0.011,0.008,119.0,119.0,119.0,89.0,1.213,248.0,47.87,3.4,3.498,2.0,-1.0,13.4,0.013,0.289,3.0,2.0,0.0,0.0,27.17,27.78,26.9,26.77,26.99,26.51,27.88,26.8,26.91,27.51,26.41,27.04,27.51,27.3,26.82,26.95,27.27,26.88,26.66
2017-06-30 19:44:00-05:00,-9.147548,-11.9529085,-3.2568276,-11.122734,-11.202678,-2.313378,-8.781725,-8.015182,939063.0,34.66,0.0,0.999,1.2,1.707,28.23,282.2,0.0,0.0,0.0,0.0,0.0,0.0,0.0,0.0,281.0,282.0,-1.233,-0.202,1.0,1.0,0.117,0.117,0.0,269.0,273.0,272.3,271.0,0.73,0.0,-0.3,-0.492,-0.158,0.8,0.0,6000.0,420636.0,221.0,406.0,59.95,7.0,43.0,52.0,49.0,28.18,26.96,1.153,1.478,1.3,1.152,60.0,59.5,75.6,1.0,271.8,272.0,270.9,-0.426,0.244,0.493,1962.0,433542.0,13750.0,1967.0,-0.867,0.818,0.791,0.836,0.029,0.028,0.029,0.021,0.008,0.008,0.008,0.006,119.0,119.0,119.0,89.0,1.24,263.7,54.52,3.7,3.498,2.0,-1.0,13.4,0.013,0.289,3.0,2.0,0.0,0.0,27.1,27.76,26.83,26.73,26.99,26.51,27.88,26.78,26.89,27.47,26.38,27.01,27.51,27.27,26.79,26.92,27.26,26.85,26.64
2017-06-30 19:45:00-05:00,-9.271162,-11.9529085,-3.2568276,-11.122734,-11.331445,-2.426226,-8.781725,-8.250922,939064.0,34.6,0.0,0.746,1.015,1.549,28.23,282.2,0.0,0.0,0.0,0.0,0.0,0.0,0.0,0.0,281.0,282.0,-1.333,-0.2,1.0,1.0,0.017,0.017,0.0,269.0,273.0,272.7,271.0,0.72,0.0,-0.3,-0.497,-0.192,0.8,0.0,6000.0,420636.0,221.0,406.0,59.96,7.0,43.0,52.0,49.0,28.2,26.99,1.049,1.5,1.3,1.178,60.0,59.5,75.6,1.0,272.0,272.0,271.0,-0.436,0.26,0.509,1962.0,433542.0,13750.0,1967.0,-0.859,0.818,0.791,0.836,0.021,0.02,0.02,0.015,0.006,0.006,0.006,0.004,119.0,119.0,119.0,89.0,1.617,292.7,38.33,2.6,3.499,2.0,-1.0,13.4,0.013,0.289,3.0,2.0,0.0,0.0,27.1,27.69,26.83,26.7,26.99,26.51,27.88,26.77,26.91,27.47,26.38,27.01,27.51,27.31,26.78,26.93,27.27,26.87,26.63
2017-06-30 19:46:00-05:00,-9.394778,-11.9529085,-3.2568276,-11.122734,-11.073912,-2.8776166,-8.907177,-8.250922,939065.0,34.55,0.0,0.698,0.763,1.236,28.22,282.1,0.0,0.0,0.0,0.0,0.0,0.0,0.0,0.0,281.0,282.0,-1.533,-0.203,1.0,1.0,0.0,0.0,0.0,269.0,273.0,272.6,271.0,0.72,0.0,-0.3,-0.5,-0.138,0.8,0.0,6000.0,420636.0,221.0,406.0,59.95,7.0,43.0,51.77,49.0,28.19,26.96,0.877,1.5,1.3,1.173,60.0,59.5,75.6,1.0,272.0,272.0,271.0,-0.444,0.234,0.502,1962.0,433542.0,13750.0,1967.0,-0.884,0.818,0.791,0.836,0.013,0.012,0.012,0.008,0.004,0.003,0.004,0.002,119.0,119.0,119.0,89.0,0.827,238.8,35.27,1.7,3.499,2.0,-1.0,13.4,0.012,0.289,3.0,2.0,0.0,0.0,27.1,27.7,26.8,26.7,26.96,26.47,27.88,26.77,26.9,27.47,26.37,26.98,27.5,27.27,26.76,26.92,27.25,26.85,26.62
2017-06-30 19:47:00-05:00,-9.642009,-11.9529085,-3.2568276,-11.255148,-11.460212,-3.103312,-8.907177,-8.250922,939066.0,34.49,0.0,0.56,0.699,1.206,28.2,281.9,0.0,0.0,0.0,0.0,0.0,0.0,0.0,0.0,281.0,281.2,-1.583,-0.2,1.0,1.0,0.0,0.0,0.0,269.0,273.0,272.0,271.0,0.727,0.0,-0.3,-0.5,-0.105,0.8,0.0,6000.0,420636.0,221.0,406.0,59.94,7.0,43.0,51.03,49.0,28.15,26.89,0.755,1.5,1.3,1.1,60.0,59.5,75.6,1.0,271.0,272.0,270.2,-0.45,0.199,0.492,1962.0,433542.0,13750.0,1967.0,-0.915,0.818,0.791,0.836,0.004,0.003,0.004,0.002,0.001,0.001,0.001,0.001,119.0,119.0,119.0,89.0,1.12,221.3,43.71,2.0,3.498,2.0,-1.0,13.4,0.012,0.289,3.0,2.0,0.0,0.0,27.1,27.69,26.8,26.65,26.9,26.41,27.83,26.74,26.84,27.45,26.34,26.94,27.42,27.23,26.72,26.88,27.22,26.83,26.59
2017-06-30 19:48:00-05:00,-9.765624,-11.9529085,-3.8489778,-11.652389,-11.588977,-3.103312,-9.032631,-8.368793,939067.0,34.44,0.0,0.234,0.637,1.201,28.17,281.5,0.0,0.0,0.0,0.0,0.0,0.0,0.0,0.0,280.1,281.0,-1.867,-0.2,1.0,1.0,0.0,0.0,0.0,269.0,272.1,272.0,271.0,0.74,0.0,-0.303,-0.515,-0.163,0.8,0.0,6000.0,420636.0,221.0,406.0,59.95,7.0,43.0,51.0,49.0,28.12,26.92,0.643,1.5,1.3,1.178,60.0,59.5,75.6,1.0,271.0,271.4,270.0,-0.459,0.245,0.52,1962.0,433542.0,13750.0,1967.0,-0.882,0.818,0.791,0.836,-0.004,-0.005,-0.004,-0.004,-0.001,-0.001,-0.001,-0.001,119.0,119.0,119.0,89.0,1.77,270.9,63.18,3.1,3.499,2.0,-1.0,13.4,0.016,0.289,3.0,2.0,0.0,0.0,27.1,27.71,26.76,26.61,26.9,26.41,27.83,26.76,26.91,27.48,26.36,26.93,27.48,27.23,26.71,26.88,27.23,26.83,26.59
2017-06-30 19:49:00-05:00,-9.765624,-11.9529085,-3.9674082,-11.387561,-11.588977,-3.103312,-9.032631,-8.250922,939068.0,34.4,0.0,0.199,0.301,0.977,28.17,281.4,0.0,0.0,0.0,0.0,0.0,0.0,0.0,0.0,280.0,281.0,-1.85,-0.203,1.0,1.0,0.0,0.0,0.0,269.0,272.1,272.0,271.0,0.72,0.0,-0.3,-0.522,-0.162,0.8,0.0,6000.0,420636.0,221.0,406.0,59.95,7.0,43.0,51.0,49.0,28.12,26.94,0.465,1.517,1.3,1.188,60.0,59.5,75.6,1.0,271.0,271.4,270.0,-0.468,0.243,0.528,1962.0,433542.0,13750.0,1967.0,-0.888,0.818,0.791,0.836,-0.012,-0.014,-0.013,-0.01,-0.003,-0.004,-0.004,-0.003,119.0,119.0,119.0,89.0,1.858,237.8,83.2,2.9,3.499,2.0,-1.0,13.42,0.013,0.289,3.0,2.0,0.0,0.0,27.1,27.69,26.8,26.7,26.93,26.48,27.88,26.8,26.97,27.52,26.4,26.97,27.51,27.25,26.75,26.91,27.25,26.86,26.62
2017-06-30 19:50:00-05:00,-9.765624,-11.9529085,-3.9674082,-11.255148,-11.331445,-3.103312,-8.907177,-8.250922,939069.0,34.34,0.0,0.202,0.202,0.891,28.17,281.5,0.0,0.0,0.0,0.0,0.0,0.0,0.0,0.0,280.3,281.0,-1.95,-0.2,1.0,1.0,0.0,0.0,0.0,269.0,272.6,272.0,271.0,0.73,0.0,-0.303,-0.538,-0.205,0.8,0.0,6000.0,420636.0,221.0,406.0,59.96,7.0,42.53,51.0,49.0,28.08,26.94,0.397,1.575,1.3,1.2,60.0,59.5,75.6,1.0,271.0,271.9,270.0,-0.476,0.281,0.553,1962.0,433542.0,13750.0,1967.0,-0.861,0.818,0.791,0.836,-0.017,-0.019,-0.018,-0.014,-0.005,-0.005,-0.005,-0.004,119.0,119.0,119.0,89.0,0.797,277.7,56.75,1.6,3.498,2.0,-1.0,13.42,0.013,0.289,3.0,2.0,0.0,0.0,27.1,27.69,26.8,26.74,27.01,26.51,27.88,26.81,26.91,27.52,26.41,26.99,27.5,27.27,26.77,26.93,27.26,26.87,26.64
2017-06-30 19:51:00-05:00,-9.765624,-11.9529085,-3.9674082,-11.122734,-11.331445,-3.103312,-9.032631,-8.368793,939070.0,34.28,0.0,0.17,0.206,0.72,28.16,253.6,0.0,0.0,0.0,0.0,0.0,0.0,0.0,0.0,253.1,167.1,-1.383,-0.195,0.083,0.083,0.0,0.0,0.0,269.0,272.8,272.0,271.0,0.735,0.0,-0.252,-0.143,-0.057,0.168,0.0,6000.0,420636.0,221.0,406.0,59.96,2.416667,42.37,51.0,48.45,28.11,26.99,0.343,0.15,0.31,0.297,60.0,59.5,75.6,1.0,271.0,272.0,270.0,-0.115,0.052,0.127,1962.0,433542.0,13750.0,1967.0,-0.918,0.818,0.791,0.836,0.0,-0.002,-0.001,-0.001,0.0,-0.001,0.0,0.0,119.0,119.0,119.0,89.0,1.29,156.7,38.35,3.5,3.498,2.0,-1.0,13.42,0.013,0.289,3.0,2.0,0.0,0.0,27.1,27.69,26.8,26.82,27.08,26.54,27.88,26.8,26.88,27.5,26.41,27.01,27.53,27.29,26.79,26.93,27.23,26.86,26.64
2017-06-30 19:52:00-05:00,-9.642009,-11.9529085,-3.612118,-11.122734,-11.331445,-3.103312,-9.158084,-8.368793,939071.0,34.24,0.0,-0.037,0.21,0.717,28.16,244.4,0.0,0.0,0.0,0.0,0.0,0.0,0.0,0.0,243.8,38.5,-1.25,-0.193,0.0,0.0,0.0,0.0,0.0,269.0,273.0,272.0,271.0,0.733,0.0,-0.118,-0.1,-0.04,0.102,0.0,6000.0,420636.0,221.0,406.0,59.96,2.0,42.23,51.0,48.0,28.14,27.05,0.304,0.0,0.2,0.2,60.0,59.5,75.6,1.0,271.0,272.0,270.0,-0.075,0.032,0.082,1962.0,433542.0,13750.0,1967.0,-0.922,0.818,0.791,0.836,0.001,0.0,0.001,0.0,0.0,0.0,0.0,0.0,119.0,119.0,119.0,89.0,2.467,200.1,37.46,4.2,3.498,2.0,-1.0,13.42,0.013,0.288,3.0,2.0,0.0,0.0,27.18,27.75,26.9,26.84,27.09,26.63,27.88,26.81,26.96,27.53,26.42,27.02,27.51,27.31,26.79,26.94,27.22,26.88,26.64
2017-06-30 19:53:00-05:00,-9.394778,-11.9529085,-3.2568276,-11.122734,-11.073912,-3.103312,-9.032631,-8.368793,939072.0,34.18,0.0,-0.16,0.214,0.721,28.16,238.5,0.0,0.0,0.0,0.0,0.0,0.0,0.0,0.0,237.8,8.33,-1.317,-0.193,0.0,0.0,0.0,0.0,0.0,269.0,272.9,272.0,271.0,0.737,0.0,-0.1,-0.1,-0.052,0.102,0.0,6000.0,420636.0,221.0,406.0,59.96,2.0,42.55,51.0,48.0,28.12,27.13,0.267,0.0,0.2,0.2,60.0,59.5,75.6,1.0,271.0,272.0,270.0,-0.075,0.031,0.081,1962.0,433542.0,13750.0,1967.0,-0.923,0.818,0.791,0.836,0.001,0.0,0.001,0.0,0.0,0.0,0.0,0.0,119.0,119.0,119.0,89.0,2.623,246.0,22.95,4.2,3.499,2.0,-1.0,13.42,0.013,0.288,3.0,2.0,0.0,0.0,27.25,27.83,26.99,26.87,27.2,26.71,27.88,26.84,26.93,27.52,26.44,27.04,27.54,27.36,26.81,26.94,27.23,26.9,26.66
2017-06-30 19:54:00-05:00,-9.147548,-11.9529085,-3.2568276,-11.122734,-10.816379,-3.103312,-9.032631,-8.368793,939073.0,34.13,0.0,-0.282,0.219,0.726,28.17,230.9,0.0,0.0,0.0,0.0,0.0,0.0,0.0,0.0,230.4,1.267,-1.3,-0.19,0.0,0.0,0.0,0.0,0.0,269.0,272.9,272.0,271.0,0.717,0.0,-0.1,-0.102,-0.048,0.103,0.0,6000.0,420636.0,221.0,406.0,59.96,2.0,42.0,51.0,47.97,28.13,27.17,0.244,0.0,0.2,0.2,60.0,59.5,75.6,1.0,271.0,272.0,270.0,-0.075,0.031,0.081,1962.0,433542.0,13750.0,1967.0,-0.924,0.818,0.791,0.836,0.001,0.0,0.001,0.0,0.0,0.0,0.0,0.0,119.0,119.0,119.0,89.0,1.452,179.3,49.47,3.2,3.499,2.0,-1.0,13.42,0.013,0.289,3.0,2.0,0.0,0.0,27.3,27.84,27.1,26.94,27.2,26.71,27.91,26.85,26.93,27.52,26.45,27.08,27.59,27.42,26.85,26.96,27.25,26.92,26.68
2017-06-30 19:55:00-05:00,-9.147548,-11.9529085,-3.2568276,-11.122734,-10.816379,-3.103312,-9.158084,-8.368793,939074.0,34.09,0.0,-0.282,0.223,0.733,28.16,218.9,0.0,0.0,0.0,0.0,0.0,0.0,0.0,0.0,218.4,-0.05,-1.3,-0.198,0.0,0.0,0.0,0.0,0.0,269.0,273.0,272.1,271.0,0.732,0.0,-0.062,-0.1,-0.047,0.103,0.0,6000.0,420636.0,221.0,406.0,59.96,2.0,42.0,51.0,47.0,28.14,27.19,0.117,0.0,0.2,0.2,60.0,59.5,75.6,1.0,271.0,272.0,270.1,-0.075,0.031,0.081,1962.0,433542.0,13750.0,1967.0,-0.924,0.818,0.791,0.836,0.001,0.0,0.001,0.0,0.0,0.0,0.0,0.0,119.0,119.0,119.0,89.0,1.078,249.1,58.99,2.5,3.499,2.0,-1.0,13.42,0.013,0.288,3.0,2.0,0.0,0.0,27.3,27.83,27.1,27.01,27.23,26.76,27.91,26.87,26.97,27.56,26.47,27.09,27.59,27.44,26.86,26.96,27.25,26.92,26.68
2017-06-30 19:56:00-05:00,-9.147548,-11.9529085,-3.2568276,-11.122734,-10.945146,-3.103312,-9.032631,-8.250922,939075.0,34.04,0.0,-0.281,0.209,0.727,28.16,202.7,0.0,0.0,0.0,0.0,0.0,0.0,0.0,0.0,202.4,-0.767,-1.25,-0.192,0.0,0.0,0.0,0.0,0.0,269.7,273.2,272.9,271.7,0.728,0.0,0.0,-0.103,-0.038,0.102,0.0,6000.0,420636.0,221.0,406.0,59.95,2.0,42.0,51.0,47.0,28.07,27.21,0.088,0.0,0.2,0.2,60.0,59.5,75.6,1.0,271.9,272.0,270.9,-0.075,0.031,0.081,1962.0,433542.0,13750.0,1967.0,-0.924,0.818,0.791,0.836,0.002,0.0,0.001,0.0,0.0,0.0,0.0,0.0,119.0,119.0,119.0,89.0,1.817,250.3,19.41,3.8,3.499,2.0,-1.0,13.42,0.012,0.288,3.0,2.0,0.0,0.0,27.31,27.94,27.1,27.01,27.3,26.81,27.91,26.89,26.99,27.57,26.5,27.11,27.58,27.48,26.87,26.98,27.29,26.94,26.69
2017-06-30 19:57:00-05:00,-9.147548,-11.9529085,-3.2568276,-11.122734,-10.816379,-3.103312,-8.781725,-8.250922,939076.0,33.98,0.0,-0.281,0.123,0.62,28.14,185.4,0.0,0.0,0.0,0.0,0.0,0.0,0.0,0.0,185.0,-1.0,-1.267,-0.198,0.0,0.0,0.0,0.0,0.0,270.0,273.4,273.0,272.0,0.72,0.0,0.0,-0.105,-0.053,0.1,0.0,6000.0,420636.0,221.0,406.0,59.95,2.0,42.0,51.0,47.0,28.09,27.24,0.038,0.0,0.2,0.2,60.0,59.5,75.6,1.0,272.0,272.2,271.0,-0.075,0.031,0.081,1962.0,433542.0,13750.0,1967.0,-0.924,0.818,0.791,0.836,0.001,0.0,0.0,0.0,0.0,0.0,0.0,0.0,119.0,119.0,119.0,89.0,0.967,284.3,49.68,1.5,3.498,2.0,-1.0,13.42,0.012,0.288,3.0,2.0,0.0,0.0,27.39,27.93,27.1,27.06,27.3,26.81,27.98,26.94,27.01,27.58,26.54,27.13,27.63,27.51,26.9,27.02,27.34,26.99,26.73
2017-06-30 19:58:00-05:00,-9.147548,-11.9529085,-3.2568276,-10.99032,-10.687613,-3.103312,-8.781725,-8.250922,939077.0,33.95,0.0,-0.275,-0.011,0.505,28.15,170.6,0.0,0.0,0.0,0.0,0.0,0.0,0.0,0.0,170.2,-1.0,-1.333,-0.197,0.0,0.0,0.0,0.0,0.0,270.0,273.6,273.0,272.0,0.728,0.0,0.0,-0.1,-0.047,0.102,0.0,6000.0,420636.0,221.0,406.0,59.96,2.0,42.0,51.0,46.67,28.09,27.3,0.038,0.0,0.2,0.2,60.0,59.5,75.6,1.0,272.0,272.5,271.0,-0.075,0.031,0.081,1962.0,433542.0,13750.0,1967.0,-0.923,0.818,0.791,0.836,0.001,0.0,0.001,0.0,0.0,0.0,0.0,0.0,119.0,119.0,119.0,89.0,0.993,257.9,76.75,2.6,3.499,2.0,-1.0,13.42,0.012,0.288,3.0,2.0,0.0,0.0,27.39,27.99,27.17,27.1,27.35,26.89,28.03,26.99,27.05,27.62,26.59,27.19,27.69,27.57,26.95,27.08,27.39,27.05,26.8
2017-06-30 19:59:00-05:00,-9.0239315,-10.970478,-3.2568276,-10.59308,-10.558846,-3.103312,-8.781725,-8.133052,939078.0,33.9,0.0,-0.273,-0.024,0.505,28.16,163.3,0.0,0.0,0.0,0.0,0.0,0.0,0.0,0.0,162.8,-1.0,-1.283,-0.195,0.0,0.0,0.0,0.0,0.0,270.0,273.7,273.0,272.0,0.733,0.0,0.0,-0.1,-0.047,0.1,0.0,6000.0,420636.0,221.0,406.0,59.97,2.0,42.0,51.0,46.0,28.08,27.35,0.038,0.0,0.2,0.2,60.0,59.5,75.6,1.0,272.0,272.5,271.0,-0.075,0.031,0.081,1962.0,433542.0,13750.0,1967.0,-0.923,0.818,0.791,0.836,0.001,0.0,0.001,0.0,0.0,0.0,0.0,0.0,119.0,119.0,119.0,89.0,2.048,255.9,39.68,5.0,3.499,2.0,-1.0,13.42,0.012,0.288,3.0,2.0,0.0,0.0,27.49,28.03,27.25,27.12,27.39,26.91,28.09,27.04,27.1,27.67,26.63,27.26,27.77,27.61,27.02,27.14,27.44,27.12,26.85
2017-06-30 20:00:00-05:00,-8.900316,-10.970478,-3.2568276,-10.328253,-10.301313,-3.103312,-8.656271,-7.8973117,939079.0,33.85,0.0,-0.271,-0.019,0.494,28.13,164.5,0.0,0.0,0.0,0.0,0.0,0.0,0.0,0.0,163.9,-1.0,-1.283,-0.197,0.0,0.0,0.0,0.0,0.0,270.0,274.0,273.1,272.0,0.738,0.0,0.0,-0.102,-0.045,0.1,0.0,6000.0,420636.0,221.0,406.0,59.97,2.0,42.0,51.0,46.0,28.09,27.42,0.038,0.0,0.2,0.2,60.0,59.5,75.6,1.0,272.0,273.0,271.0,-0.075,0.031,0.082,1962.0,433542.0,13750.0,1967.0,-0.923,0.818,0.791,0.836,0.002,0.0,0.001,0.0,0.0,0.0,0.0,0.0,119.0,119.0,119.0,89.0,2.8,257.4,37.34,5.0,3.498,2.0,-1.0,13.42,0.012,0.288,3.0,2.0,0.0,0.0,27.52,28.09,27.31,27.2,27.49,27.01,28.07,27.09,27.16,27.71,26.69,27.32,27.79,27.68,27.08,27.21,27.51,27.19,26.91
2017-06-30 20:01:00-05:00,-8.5294695,-10.970478,-3.2568276,-10.19584,-10.043779,-3.103312,-8.530818,-7.7794414,939080.0,33.81,0.0,-0.267,-0.014,0.512,28.13,169.7,0.0,0.0,0.0,0.0,0.0,0.0,0.0,0.0,169.2,-1.0,-1.317,-0.193,0.0,0.0,0.0,0.0,0.0,270.0,274.0,273.2,272.0,0.727,0.0,0.0,-0.102,-0.038,0.098,0.0,6000.0,420636.0,221.0,406.0,59.97,2.0,42.0,51.0,46.0,28.09,27.46,0.038,0.0,0.2,0.2,60.0,59.5,75.6,1.0,272.0,273.0,271.0,-0.075,0.031,0.082,1962.0,433542.0,13750.0,1967.0,-0.923,0.818,0.791,0.836,0.001,0.0,0.001,0.0,0.0,0.0,0.0,0.0,119.0,119.0,119.0,89.0,2.155,249.3,24.72,3.5,3.499,2.0,-1.0,13.42,0.012,0.288,3.0,2.0,0.0,0.0,27.59,28.13,27.39,27.3,27.49,27.06,28.17,27.12,27.15,27.71,26.71,27.36,27.83,27.73,27.13,27.24,27.5,27.21,26.94
2017-06-30 20:02:00-05:00,-8.653086,-10.970478,-3.2568276,-10.19584,-9.915014,-3.103312,-8.656271,-8.015182,939081.0,33.76,0.0,-0.266,-0.012,0.514,28.0,169.3,0.0,0.0,0.0,0.0,0.0,0.0,0.0,0.0,168.9,-1.0,-1.317,-0.193,0.0,0.0,0.0,0.0,0.0,270.1,274.0,273.9,272.1,0.727,0.0,0.0,-0.1,-0.043,0.1,0.0,6000.0,420636.0,221.0,406.0,59.96,2.0,42.0,51.0,46.0,27.91,27.49,0.038,0.0,0.2,0.2,60.0,59.5,75.6,1.0,272.4,273.0,271.7,-0.075,0.031,0.082,1962.0,433542.0,13750.0,1967.0,-0.923,0.818,0.791,0.836,0.001,0.0,0.001,0.0,0.0,0.0,0.0,0.0,119.0,119.0,119.0,89.0,2.282,253.5,32.08,4.2,3.499,2.0,-1.0,13.42,0.012,0.288,3.0,2.0,0.0,0.0,27.61,28.16,27.39,27.3,27.49,27.09,28.17,27.12,27.13,27.71,26.71,27.38,27.83,27.75,27.14,27.23,27.47,27.19,26.93
2017-06-30 20:03:00-05:00,-9.0239315,-10.970478,-3.2568276,-10.59308,-10.172546,-3.103312,-8.907177,-8.250922,939082.0,33.72,0.0,-0.264,-0.013,0.499,27.75,162.6,0.0,0.0,0.0,0.0,0.0,0.0,0.0,0.0,162.2,-1.0,-1.35,-0.195,0.0,0.0,0.0,0.0,0.0,270.3,274.0,274.0,272.3,0.728,0.0,0.0,-0.1,-0.043,0.1,0.0,6000.0,420636.0,221.0,406.0,59.95,2.0,42.0,51.0,45.23,27.56,27.46,0.038,0.0,0.2,0.2,60.0,59.5,75.6,1.0,272.6,273.0,272.0,-0.075,0.031,0.082,1962.0,433542.0,13750.0,1967.0,-0.923,0.818,0.791,0.836,0.001,0.0,0.001,0.0,0.0,0.0,0.0,0.0,119.0,119.0,119.0,89.0,3.31,258.2,35.08,6.4,3.499,2.0,-1.0,13.42,0.012,0.288,3.0,2.0,0.0,0.0,27.6,28.12,27.36,27.26,27.49,27.09,28.07,27.08,27.08,27.66,26.67,27.34,27.75,27.7,27.1,27.18,27.4,27.14,26.89
2017-06-30 20:04:00-05:00,-9.271162,-11.9529085,-3.375258,-10.99032,-10.687613,-3.103312,-9.40899,-8.486663,939083.0,33.67,0.0,-0.262,-0.041,0.498,27.58,152.4,0.0,0.0,0.0,0.0,0.0,0.0,0.0,0.0,152.0,-1.0,-1.35,-0.2,0.0,0.0,0.0,0.0,0.0,270.7,274.0,274.0,272.7,0.723,0.0,0.0,-0.1,-0.053,0.1,0.0,6000.0,420636.0,221.0,406.0,59.97,2.0,42.0,51.0,45.0,27.5,27.38,0.038,0.0,0.2,0.2,60.0,59.5,75.6,1.0,272.9,273.0,272.0,-0.076,0.031,0.082,1962.0,433542.0,13750.0,1967.0,-0.923,0.818,0.791,0.836,0.001,0.0,0.001,0.0,0.0,0.0,0.0,0.0,119.0,119.0,119.0,89.0,2.065,241.2,26.68,4.1,3.499,2.0,-1.0,13.42,0.012,0.288,3.0,2.0,0.0,0.0,27.53,28.02,27.3,27.17,27.43,26.99,27.99,27.01,27.0,27.57,26.59,27.27,27.65,27.61,27.03,27.11,27.29,27.07,26.82
2017-06-30 20:05:00-05:00,-9.88924,-11.9529085,-3.9674082,-11.387561,-10.945146,-3.7803986,-9.785349,-9.0760145,939084.0,33.63,0.0,-0.261,-0.073,0.483,27.5,141.9,0.0,0.0,0.0,0.0,0.0,0.0,0.0,0.0,141.6,-1.0,-1.283,-0.198,0.0,0.0,0.0,0.0,0.0,271.0,274.1,274.0,273.0,0.727,0.0,0.0,-0.1,-0.045,0.1,0.0,6000.0,420636.0,221.0,406.0,59.98,2.0,42.0,51.0,45.0,27.45,27.3,0.019,0.0,0.2,0.2,60.0,59.5,75.6,1.0,273.0,273.1,272.0,-0.076,0.031,0.082,1962.0,433542.0,13750.0,1967.0,-0.923,0.818,0.791,0.836,0.001,0.0,0.001,0.0,0.0,0.0,0.0,0.0,119.0,119.0,119.0,89.0,1.667,237.4,27.55,3.3,3.5,2.0,-1.0,13.42,0.012,0.288,3.0,2.0,0.0,0.0,27.38,27.92,27.18,27.08,27.31,26.91,27.94,26.91,26.91,27.49,26.49,27.17,27.52,27.5,26.93,27.02,27.18,26.96,26.72
2017-06-30 20:06:00-05:00,-10.260086,-12.7716,-3.9674082,-11.917214,-11.588977,-3.7803986,-10.287163,-9.193885,939085.0,33.59,0.0,-0.26,-0.136,0.458,27.45,131.3,0.0,0.0,0.0,0.0,0.0,0.0,0.0,0.0,131.1,-1.0,-1.267,-0.197,0.0,0.0,0.0,0.0,0.0,270.4,274.0,274.0,272.4,0.733,0.0,0.0,-0.102,-0.047,0.1,0.0,6000.0,420636.0,221.0,406.0,59.98,2.0,42.0,51.0,45.0,27.33,27.2,-0.019,0.0,0.2,0.2,60.0,59.5,75.6,1.0,272.7,273.1,272.0,-0.076,0.031,0.082,1962.0,433542.0,13750.0,1967.0,-0.923,0.818,0.791,0.836,0.001,0.0,0.001,0.0,0.0,0.0,0.0,0.0,119.0,119.0,119.0,89.0,1.693,262.7,38.78,3.6,3.499,2.0,-1.0,13.42,0.012,0.288,3.0,2.0,0.0,0.0,27.3,27.77,27.08,26.97,27.18,26.76,27.89,26.82,26.81,27.37,26.39,27.07,27.4,27.39,26.82,26.92,27.07,26.85,26.63
2017-06-30 20:07:00-05:00,-10.630933,-13.099078,-3.9674082,-12.182042,-11.717744,-3.7803986,-10.412616,-9.665367,939086.0,33.55,0.0,-0.259,-0.16,0.411,27.23,121.0,0.0,0.0,0.0,0.0,0.0,0.0,0.0,0.0,120.7,-1.0,-1.267,-0.19,0.0,0.0,0.0,0.0,0.0,270.4,274.0,274.0,272.4,0.747,0.0,0.0,-0.1,-0.042,0.1,0.0,6000.0,420636.0,221.0,406.0,59.97,2.0,42.0,51.0,45.0,27.07,27.1,-0.032,0.0,0.2,0.2,60.0,59.5,75.6,1.0,272.7,273.0,272.0,-0.076,0.031,0.082,1962.0,433542.0,13750.0,1967.0,-0.924,0.818,0.791,0.836,0.001,0.0,0.001,0.0,0.0,0.0,0.0,0.0,119.0,119.0,119.0,89.0,2.477,253.9,29.08,4.0,3.497,2.0,-1.0,13.42,0.012,0.288,3.0,2.0,0.0,0.0,27.2,27.69,26.97,26.84,27.08,26.68,27.79,26.71,26.69,27.27,26.29,26.96,27.27,27.26,26.71,26.82,26.94,26.75,26.52
2017-06-30 20:08:00-05:00,-10.878164,-13.099078,-4.2042685,-12.579283,-11.975276,-4.2317896,-10.663523,-9.901107,939087.0,33.51,0.0,-0.258,-0.225,0.369,27.01,110.5,0.0,0.0,0.0,0.0,0.0,0.0,0.0,0.0,110.4,-1.0,-1.233,-0.198,0.0,0.0,0.0,0.0,0.0,271.0,274.1,274.0,273.0,0.742,0.0,0.0,-0.102,-0.05,0.1,0.0,6000.0,420636.0,221.0,406.0,59.97,2.0,42.0,51.0,44.53,26.83,26.96,-0.038,0.0,0.2,0.2,60.0,59.5,75.6,1.0,273.0,273.0,272.0,-0.076,0.031,0.082,1962.0,433542.0,13750.0,1967.0,-0.923,0.818,0.791,0.836,0.001,0.0,0.001,0.0,0.0,0.0,0.0,0.0,119.0,119.0,119.0,89.0,2.01,278.0,37.58,3.4,3.499,2.0,-1.0,13.42,0.012,0.288,3.0,2.0,0.0,0.0,27.07,27.58,26.87,26.73,26.95,26.55,27.65,26.61,26.57,27.14,26.17,26.86,27.14,27.15,26.61,26.71,26.81,26.63,26.41
2017-06-30 20:09:00-05:00,-11.0017805,-13.262816,-4.7964187,-12.8441105,-12.361576,-4.5703325,-11.039882,-9.901107,939088.0,33.47,0.0,-0.258,-0.243,0.33,26.83,98.6,0.0,0.0,0.0,0.0,0.0,0.0,0.0,0.0,98.5,-1.0,-1.283,-0.195,0.0,0.0,0.0,0.0,0.0,271.0,274.2,274.0,273.0,0.725,0.0,0.0,-0.1,-0.045,0.1,0.0,6000.0,420636.0,221.0,406.0,59.95,2.0,42.0,51.0,44.0,26.57,26.88,-0.038,0.0,0.2,0.2,60.0,59.5,75.6,1.0,273.0,273.3,272.0,-0.076,0.031,0.082,1962.0,433542.0,13750.0,1967.0,-0.923,0.818,0.791,0.836,0.001,0.0,0.001,0.0,0.0,0.0,0.0,0.0,119.0,119.0,119.0,89.0,2.738,258.2,29.34,5.9,3.5,2.0,-1.0,13.42,0.012,0.288,3.0,2.0,0.0,0.0,26.92,27.47,26.75,26.61,26.84,26.44,27.52,26.48,26.44,27.02,26.05,26.73,26.99,27.01,26.48,26.59,26.68,26.5,26.29
2017-06-30 20:10:00-05:00,-11.249011,-14.245247,-4.7964187,-12.976523,-12.490343,-4.5703325,-11.290788,-10.254718,939089.0,33.43,0.0,-0.257,-0.251,0.309,26.7,87.5,0.0,0.0,0.0,0.0,0.0,0.0,0.0,0.0,87.4,-1.0,-1.25,-0.197,0.0,0.0,0.0,0.0,0.0,271.0,274.1,274.0,273.0,0.725,0.0,0.0,-0.1,-0.052,0.093,0.0,6000.0,420636.0,221.0,406.0,59.95,2.0,42.0,51.0,44.0,26.66,26.66,-0.038,0.0,0.2,0.2,60.0,59.5,75.6,1.0,273.0,273.1,272.0,-0.075,0.031,0.082,1962.0,433542.0,13750.0,1967.0,-0.923,0.818,0.791,0.836,0.001,0.0,0.001,0.0,0.0,0.0,0.0,0.0,119.0,119.0,119.0,89.0,2.495,237.0,27.25,5.3,3.499,2.0,-1.0,13.42,0.012,0.288,3.0,2.0,0.0,0.0,26.81,27.22,26.61,26.49,26.7,26.31,27.36,26.35,26.31,26.88,25.92,26.59,26.86,26.87,26.36,26.46,26.54,26.36,26.16
2017-06-30 20:11:00-05:00,-11.249011,-14.245247,-4.7964187,-13.506177,-12.747875,-4.5703325,-11.290788,-10.4904585,939090.0,33.38,0.0,-0.257,-0.252,0.297,26.55,78.04,0.0,0.0,0.0,0.0,0.0,0.0,0.0,0.0,77.87,-1.033,-1.367,-0.198,0.0,0.0,0.0,0.0,0.0,271.0,274.5,274.0,273.0,0.712,0.0,0.0,-0.102,-0.04,0.1,0.0,6000.0,420636.0,221.0,406.0,59.94,2.0,41.72,51.0,44.0,26.43,26.57,-0.032,0.0,0.2,0.2,60.0,59.5,75.6,1.0,273.0,273.6,272.0,-0.075,0.031,0.082,1962.0,433542.0,13750.0,1967.0,-0.923,0.818,0.791,0.836,0.001,0.0,0.001,0.0,0.0,0.0,0.0,0.0,119.0,119.0,119.0,89.0,2.842,267.6,40.36,5.7,3.499,2.0,-1.0,13.42,0.012,0.288,3.0,2.0,0.0,0.0,26.7,27.16,26.49,26.34,26.57,26.18,27.24,26.23,26.19,26.8,25.8,26.47,26.74,26.73,26.23,26.34,26.42,26.24,26.05
2017-06-30 20:12:00-05:00,-11.372626,-14.245247,-4.7964187,-13.638591,-12.619108,-4.5703325,-11.290788,-10.372588,939091.0,33.35,0.0,-0.256,-0.256,0.264,26.46,67.92,0.0,0.0,0.0,0.0,0.0,0.0,0.0,0.0,67.83,-1.167,-1.383,-0.195,0.0,0.0,0.0,0.0,0.0,271.0,274.3,274.0,273.0,0.717,0.0,0.0,-0.102,-0.065,0.098,0.0,6000.0,420636.0,221.0,406.0,59.95,2.0,41.53,51.0,44.0,26.37,26.44,-0.05,0.0,0.2,0.2,60.0,59.5,75.6,1.0,273.0,273.5,272.0,-0.075,0.031,0.082,1962.0,433542.0,13750.0,1967.0,-0.923,0.818,0.791,0.836,0.001,0.0,0.001,0.0,0.0,0.0,0.0,0.0,119.0,119.0,119.0,89.0,2.057,274.4,49.0,4.9,3.499,2.0,-1.0,13.42,0.012,0.288,3.0,2.0,0.0,0.0,26.55,26.97,26.36,26.22,26.42,26.05,27.14,26.12,26.08,26.68,25.7,26.36,26.61,26.61,26.12,26.22,26.32,26.13,25.93
2017-06-30 20:13:00-05:00,-11.619857,-14.245247,-4.7964187,-13.771005,-12.619108,-4.5703325,-11.290788,-10.1368475,939092.0,33.31,0.0,-0.256,-0.254,0.27,26.4,58.07,0.0,0.0,0.0,0.0,0.0,0.0,0.0,0.0,58.02,-1.233,-1.333,-0.197,0.0,0.0,0.0,0.0,0.0,271.0,274.0,274.0,273.0,0.725,0.0,0.0,-0.1,-0.048,0.098,0.0,6000.0,420636.0,221.0,406.0,59.95,2.0,41.63,51.0,44.0,26.33,26.3,-0.038,0.0,0.2,0.2,60.0,59.5,75.6,1.0,273.0,273.0,272.0,-0.075,0.031,0.082,1962.0,433542.0,13750.0,1967.0,-0.924,0.818,0.791,0.836,0.001,0.0,0.001,-0.001,0.0,0.0,0.0,0.0,119.0,119.0,119.0,89.0,1.775,248.5,37.56,3.9,3.499,2.0,-1.0,13.44,0.015,0.287,3.0,2.0,0.0,0.0,26.48,26.88,26.26,26.1,26.31,25.94,27.02,26.02,25.98,26.59,25.59,26.26,26.52,26.51,26.02,26.12,26.21,26.04,25.83
2017-06-30 20:14:00-05:00,-11.743473,-14.245247,-4.7964187,-13.771005,-12.619108,-4.5703325,-11.290788,-10.254718,939093.0,33.26,0.0,-0.255,-0.255,0.254,26.37,50.46,0.0,0.0,0.0,0.0,0.0,0.0,0.0,0.0,50.45,-1.333,-1.333,-0.197,0.0,0.0,0.0,0.0,0.0,271.0,274.3,274.0,273.0,0.737,0.0,0.0,-0.1,-0.038,0.1,0.0,6000.0,420636.0,221.0,406.0,59.97,2.0,41.0,51.0,43.53,26.3,26.19,-0.038,0.0,0.2,0.2,60.0,59.5,75.6,1.0,273.0,273.3,272.0,-0.075,0.031,0.082,1962.0,433542.0,13750.0,1967.0,-0.924,0.818,0.791,0.836,0.001,0.0,0.001,0.0,0.0,0.0,0.0,0.0,119.0,119.0,119.0,89.0,1.218,209.7,74.51,2.5,3.499,2.0,-1.0,13.45,0.012,0.287,3.0,2.0,0.0,0.0,26.38,26.76,26.11,25.97,26.2,25.81,26.89,25.9,25.87,26.43,25.48,26.14,26.39,26.4,25.91,26.01,26.11,25.92,25.71
2017-06-30 20:15:00-05:00,-11.867088,-14.245247,-4.7964187,-13.771005,-13.005407,-4.5703325,-11.416242,-10.4904585,939094.0,33.22,0.0,-0.255,-0.255,0.254,26.35,43.43,0.0,0.0,0.0,0.0,0.0,0.0,0.0,0.0,43.42,-1.433,-1.333,-0.197,0.0,0.0,0.0,0.0,0.0,271.0,274.2,274.0,273.0,0.737,0.0,0.0,-0.1,-0.045,0.1,0.0,6000.0,420636.0,221.0,406.0,59.97,2.0,41.0,50.57,43.0,26.28,26.1,-0.038,0.0,0.2,0.2,60.0,59.5,75.6,1.0,273.0,273.2,272.0,-0.075,0.031,0.082,1962.0,433542.0,13750.0,1967.0,-0.924,0.818,0.791,0.836,0.001,0.0,0.001,0.0,0.0,0.0,0.0,0.0,119.0,119.0,119.0,89.0,1.337,220.2,48.45,2.3,3.5,2.0,-1.0,13.45,0.012,0.287,3.0,2.0,0.0,0.0,26.27,26.64,26.0,25.89,26.07,25.71,26.79,25.8,25.78,26.36,25.38,26.03,26.3,26.29,25.81,25.9,26.0,25.81,25.62
2017-06-30 20:16:00-05:00,-11.867088,-14.245247,-4.7964187,-13.771005,-13.391707,-4.5703325,-11.416242,-10.608329,939095.0,33.19,0.0,-0.255,-0.255,0.254,26.34,37.1,0.0,0.0,0.0,0.0,0.0,0.0,0.0,0.0,37.13,-1.167,-1.317,-0.197,0.0,0.0,0.0,0.0,0.0,270.1,274.0,273.2,272.1,0.735,0.0,0.0,-0.102,-0.053,0.097,0.0,6000.0,420636.0,221.0,406.0,59.96,2.0,41.0,50.0,43.0,26.22,26.01,-0.038,0.0,0.2,0.2,60.0,59.5,75.6,1.0,272.1,273.0,271.1,-0.075,0.031,0.081,1962.0,433542.0,13750.0,1967.0,-0.925,0.818,0.791,0.836,0.001,0.0,0.001,0.0,0.0,0.0,0.0,0.0,119.0,119.0,119.0,89.0,2.058,219.2,36.7,3.6,3.499,2.0,-1.0,13.44,0.012,0.287,3.0,2.0,0.0,0.0,26.17,26.55,25.94,25.76,25.95,25.58,26.71,25.71,25.7,26.3,25.29,25.93,26.2,26.18,25.7,25.81,25.93,25.72,25.52
2017-06-30 20:17:00-05:00,-11.867088,-14.245247,-4.7964187,-13.771005,-13.391707,-4.5703325,-11.416242,-10.608329,939096.0,33.14,0.0,-0.255,-0.255,0.252,26.26,31.19,0.0,0.0,0.0,0.0,0.0,0.0,0.0,0.0,31.22,-1.333,-1.283,-0.198,0.0,0.0,0.0,0.0,0.0,270.0,274.0,273.5,272.0,0.715,0.0,0.0,-0.103,-0.053,0.095,0.0,6000.0,420636.0,221.0,406.0,59.96,2.0,41.0,50.0,43.0,26.21,25.93,-0.038,0.0,0.2,0.2,60.0,59.5,75.6,1.0,272.0,273.0,271.0,-0.075,0.031,0.081,1962.0,433542.0,13750.0,1967.0,-0.925,0.818,0.791,0.836,0.001,0.0,0.001,0.0,0.0,0.0,0.0,0.0,119.0,119.0,119.0,89.0,1.662,232.7,31.09,3.1,3.499,2.0,-1.0,13.45,0.012,0.287,3.0,2.0,0.0,0.0,26.08,26.46,25.81,25.66,25.87,25.5,26.59,25.62,25.59,26.18,25.19,25.82,26.09,26.09,25.6,25.72,25.83,25.61,25.42
2017-06-30 20:18:00-05:00,-11.867088,-14.245247,-4.7964187,-13.903419,-13.391707,-4.5703325,-11.416242,-10.726199,939097.0,33.1,0.0,-0.255,-0.255,0.257,26.24,26.24,0.0,0.0,0.0,0.0,0.0,0.0,0.0,0.0,26.32,-1.5,-1.367,-0.193,0.0,0.0,0.0,0.0,0.0,270.1,274.0,273.8,272.1,0.723,0.0,0.0,-0.102,-0.04,0.095,0.0,6000.0,420636.0,221.0,406.0,59.96,2.0,41.0,50.0,43.0,26.15,25.84,-0.038,0.0,0.2,0.2,60.0,59.5,75.6,1.0,272.1,273.0,271.4,-0.075,0.031,0.081,1962.0,433542.0,13750.0,1967.0,-0.924,0.818,0.791,0.836,0.001,-0.001,0.001,0.0,0.0,0.0,0.0,0.0,119.0,119.0,119.0,89.0,1.967,253.8,35.41,4.5,3.498,2.0,-1.0,13.45,0.012,0.287,3.0,2.0,0.0,0.0,25.99,26.35,25.72,25.55,25.77,25.39,26.48,25.51,25.51,26.06,25.1,25.7,25.99,26.0,25.49,25.61,25.72,25.49,25.32
2017-06-30 20:19:00-05:00,-11.743473,-14.245247,-4.7964187,-14.035831,-13.391707,-5.0217233,-11.541695,-10.726199,939098.0,33.05,0.0,-0.254,-0.254,0.257,26.16,22.3,0.0,0.0,0.0,0.0,0.0,0.0,0.0,0.0,22.42,-1.667,-1.35,-0.193,0.0,0.0,0.0,0.0,0.0,270.0,274.0,273.8,272.0,0.737,0.0,0.0,-0.102,-0.047,0.098,0.0,6000.0,420636.0,221.0,406.0,59.96,2.0,41.0,50.0,43.0,26.06,25.73,-0.038,0.0,0.2,0.2,60.0,59.5,75.6,1.0,272.0,273.0,271.2,-0.075,0.031,0.082,1962.0,433542.0,13750.0,1967.0,-0.925,0.818,0.791,0.836,0.001,0.0,0.001,0.0,0.0,0.0,0.0,0.0,119.0,119.0,119.0,89.0,2.273,224.6,20.05,4.4,3.499,2.0,-1.0,13.45,0.012,0.287,3.0,2.0,0.0,0.0,25.9,26.26,25.61,25.47,25.66,25.32,26.4,25.43,25.42,26.01,25.01,25.61,25.91,25.91,25.4,25.52,25.67,25.42,25.23
2017-06-30 20:20:00-05:00,-11.619857,-14.245247,-4.7964187,-14.035831,-13.391707,-4.5703325,-11.541695,-10.608329,939099.0,33.01,0.0,-0.254,-0.254,0.255,26.13,19.29,0.0,0.0,0.0,0.0,0.0,0.0,0.0,0.0,19.27,-1.75,-1.367,-0.197,0.0,0.0,0.0,0.0,0.0,270.0,274.0,274.0,272.0,0.732,0.0,0.0,-0.1,-0.035,0.095,0.0,6000.0,420636.0,221.0,406.0,59.95,2.0,41.0,50.0,43.0,26.01,25.6,-0.038,0.0,0.2,0.2,60.0,59.5,75.6,1.0,272.0,273.0,271.7,-0.075,0.031,0.082,1962.0,433542.0,13750.0,1967.0,-0.925,0.818,0.791,0.836,0.001,0.0,0.001,0.0,0.0,0.0,0.0,0.0,119.0,119.0,119.0,89.0,1.723,203.1,17.84,2.6,3.499,2.0,-1.0,13.45,0.012,0.287,3.0,2.0,0.0,0.0,25.8,26.2,25.53,25.37,25.6,25.19,26.32,25.36,25.35,25.95,24.94,25.51,25.81,25.81,25.3,25.44,25.6,25.34,25.14
2017-06-30 20:21:00-05:00,-11.743473,-14.245247,-4.7964187,-13.903419,-13.520474,-4.5703325,-11.416242,-10.608329,939100.0,32.97,0.0,-0.254,-0.254,0.255,26.11,16.96,0.0,0.0,0.0,0.0,0.0,0.0,0.0,0.0,16.97,-1.883,-1.417,-0.195,0.0,0.0,0.0,0.0,0.0,270.1,274.0,274.0,272.1,0.713,0.0,0.0,-0.1,-0.047,0.098,0.0,6000.0,420636.0,221.0,406.0,59.96,2.0,41.0,50.0,42.7,26.02,25.52,-0.038,0.0,0.2,0.2,60.0,59.5,75.6,1.0,272.1,273.0,271.7,-0.075,0.031,0.082,1962.0,433542.0,13750.0,1967.0,-0.925,0.818,0.791,0.836,0.001,0.0,0.0,0.0,0.0,0.0,0.0,0.0,119.0,119.0,119.0,89.0,1.082,299.1,52.51,3.0,3.5,2.0,-1.0,13.45,0.012,0.287,3.0,2.0,0.0,0.0,25.69,26.1,25.42,25.29,25.48,25.11,26.24,25.28,25.28,25.89,24.87,25.42,25.73,25.72,25.21,25.36,25.54,25.27,25.07
2017-06-30 20:22:00-05:00,-11.867088,-14.245247,-4.7964187,-13.771005,-13.391707,-4.5703325,-11.416242,-10.608329,939101.0,32.92,0.0,-0.254,-0.254,0.253,26.08,14.77,0.0,0.0,0.0,0.0,0.0,0.0,0.0,0.0,14.87,-1.8,-1.317,-0.193,0.0,0.0,0.0,0.0,0.0,269.9,273.4,273.2,271.9,0.735,0.0,0.0,-0.102,-0.052,0.095,0.0,6000.0,420636.0,221.0,406.0,59.97,2.0,41.0,50.0,42.0,26.01,25.47,-0.038,0.0,0.2,0.2,60.0,59.5,75.6,1.0,272.1,272.3,271.2,-0.075,0.031,0.081,1962.0,433542.0,13750.0,1967.0,-0.925,0.818,0.791,0.836,0.001,0.0,0.001,0.0,0.0,0.0,0.0,0.0,119.0,119.0,119.0,89.0,1.242,254.4,54.88,2.8,3.5,2.0,-1.0,13.45,0.012,0.287,3.0,2.0,0.0,0.0,25.65,26.06,25.33,25.16,25.4,25.0,26.15,25.22,25.23,25.82,24.81,25.35,25.71,25.66,25.15,25.3,25.48,25.2,25.0
2017-06-30 20:23:00-05:00,-11.990705,-14.245247,-4.7964187,-13.771005,-13.391707,-4.5703325,-11.290788,-10.608329,939102.0,32.88,0.0,-0.254,-0.254,0.253,26.05,13.2,0.0,0.0,0.0,0.0,0.0,0.0,0.0,0.0,13.42,-1.733,-1.283,-0.198,0.0,0.0,0.0,0.0,0.0,269.8,273.2,273.0,271.8,0.753,0.0,0.0,-0.1,-0.05,0.095,0.0,6000.0,420636.0,221.0,406.0,59.95,2.0,41.0,50.0,42.0,26.0,25.4,-0.038,0.0,0.2,0.2,60.0,59.5,75.6,1.0,272.0,272.0,271.0,-0.075,0.031,0.081,1962.0,433542.0,13750.0,1967.0,-0.925,0.818,0.791,0.836,0.001,0.0,0.001,0.0,0.0,0.0,0.0,0.0,119.0,119.0,119.0,89.0,1.235,253.6,30.8,2.8,3.498,2.0,-1.0,13.44,0.011,0.287,3.0,2.0,0.0,0.0,25.56,26.01,25.32,25.13,25.37,24.96,26.08,25.17,25.16,25.74,24.75,25.29,25.68,25.61,25.09,25.23,25.43,25.14,24.94
2017-06-30 20:24:00-05:00,-11.867088,-14.245247,-4.7964187,-13.771005,-13.391707,-4.5703325,-11.416242,-10.608329,939103.0,32.83,0.0,-0.254,-0.254,0.253,26.04,11.14,0.0,0.0,0.0,0.0,0.0,0.0,0.0,0.0,11.38,-1.867,-1.3,-0.197,0.0,0.0,0.0,0.0,0.0,269.5,273.0,273.0,271.5,0.738,0.0,0.0,-0.102,-0.04,0.097,0.0,6000.0,420636.0,221.0,406.0,59.95,2.0,41.0,50.0,42.0,25.98,25.32,-0.038,0.0,0.2,0.2,60.0,59.5,75.6,1.0,272.0,272.0,271.0,-0.075,0.031,0.081,1962.0,433542.0,13750.0,1967.0,-0.925,0.818,0.791,0.836,0.001,0.0,0.001,0.0,0.0,0.0,0.0,0.0,119.0,119.0,119.0,89.0,1.235,240.3,16.23,2.0,3.499,2.0,-1.0,13.44,0.011,0.287,3.0,2.0,0.0,0.0,25.51,25.89,25.23,25.06,25.27,24.88,26.04,25.11,25.09,25.69,24.69,25.22,25.59,25.55,25.02,25.17,25.36,25.07,24.88
2017-06-30 20:25:00-05:00,-11.867088,-14.245247,-4.7964187,-13.771005,-13.391707,-4.5703325,-11.290788,-10.608329,939104.0,32.79,0.0,-0.254,-0.254,0.253,26.03,9.53,0.0,0.0,0.0,0.0,0.0,0.0,0.0,0.0,9.65,-1.85,-1.333,-0.195,0.0,0.0,0.0,0.0,0.0,269.9,273.5,273.0,271.9,0.735,0.0,0.0,-0.102,-0.04,0.095,0.0,6000.0,420636.0,221.0,406.0,59.95,2.0,41.0,50.0,42.0,25.98,25.27,-0.038,0.0,0.2,0.2,60.0,59.5,75.6,1.0,272.0,272.2,271.0,-0.075,0.031,0.081,1962.0,433542.0,13750.0,1967.0,-0.925,0.818,0.791,0.836,0.001,0.0,0.001,0.0,0.0,0.0,0.0,0.0,119.0,119.0,119.0,89.0,1.232,257.4,23.81,2.5,3.5,2.0,-1.0,13.45,0.011,0.287,3.0,2.0,0.0,0.0,25.46,25.9,25.16,25.03,25.2,24.8,25.99,25.07,25.06,25.66,24.65,25.16,25.58,25.5,24.96,25.12,25.33,25.02,24.82
2017-06-30 20:26:00-05:00,-11.867088,-14.245247,-4.7964187,-13.771005,-13.391707,-4.5703325,-11.290788,-10.608329,939105.0,32.75,0.0,-0.254,-0.254,0.253,26.02,8.32,0.0,0.0,0.0,0.0,0.0,0.0,0.0,0.0,8.53,-1.933,-1.417,-0.198,0.0,0.0,0.0,0.0,0.0,269.9,273.9,273.9,271.9,0.737,0.0,0.0,-0.103,-0.055,0.087,0.0,6000.0,420636.0,221.0,406.0,59.94,2.0,41.0,50.0,42.0,25.96,25.24,-0.038,0.0,0.2,0.2,60.0,59.5,75.6,1.0,272.0,272.9,271.6,-0.075,0.031,0.082,1962.0,433542.0,13750.0,1967.0,-0.925,0.818,0.791,0.836,0.001,0.0,0.001,0.0,0.0,0.0,0.0,0.0,119.0,119.0,119.0,89.0,0.933,197.9,26.9,1.7,3.499,2.0,-1.0,13.44,0.011,0.287,3.0,2.0,0.0,0.0,25.4,25.85,25.08,24.93,25.13,24.77,25.95,25.03,25.03,25.66,24.61,25.1,25.52,25.45,24.91,25.07,25.29,24.96,24.77
2017-06-30 20:27:00-05:00,-11.743473,-14.245247,-4.7964187,-13.771005,-13.391707,-4.5703325,-11.290788,-10.372588,939106.0,32.7,0.0,-0.254,-0.254,0.253,25.99,7.333,0.0,0.0,0.0,0.0,0.0,0.0,0.0,0.0,7.483,-2.0,-1.367,-0.2,0.0,0.0,0.0,0.0,0.0,270.0,274.0,274.0,272.0,0.745,0.0,0.0,-0.1,-0.045,0.1,0.0,6000.0,420636.0,221.0,406.0,59.94,2.0,41.0,50.0,42.0,25.92,25.14,-0.038,0.0,0.2,0.2,60.0,59.5,75.6,1.0,272.0,273.0,271.9,-0.076,0.031,0.082,1962.0,433542.0,13750.0,1967.0,-0.924,0.818,0.791,0.836,0.001,0.0,0.001,0.0,0.0,0.0,0.0,0.0,119.0,119.0,119.0,89.0,0.962,235.1,39.97,2.1,3.499,2.0,-1.0,13.45,0.011,0.287,3.0,2.0,0.0,0.0,25.33,25.73,25.0,24.86,25.06,24.69,25.9,24.98,24.97,25.6,24.57,25.05,25.48,25.39,24.85,25.02,25.24,24.9,24.71
2017-06-30 20:28:00-05:00,-11.743473,-14.245247,-4.7964187,-13.771005,-13.391707,-4.5703325,-11.290788,-10.372588,939107.0,32.65,0.0,-0.254,-0.254,0.253,25.96,5.858,0.0,0.0,0.0,0.0,0.0,0.0,0.0,0.0,6.1,-1.8,-1.25,-0.197,0.0,0.0,0.0,0.0,0.0,270.2,274.0,274.0,272.2,0.75,0.0,0.0,-0.1,-0.043,0.097,0.0,6000.0,420636.0,221.0,406.0,59.95,2.0,41.0,50.0,42.0,25.92,25.12,-0.042,0.0,0.2,0.2,60.0,59.5,75.6,1.0,272.3,273.0,271.9,-0.076,0.031,0.082,1962.0,433542.0,13750.0,1967.0,-0.925,0.818,0.791,0.836,0.001,0.0,0.001,-0.001,0.0,0.0,0.0,0.0,119.0,119.0,119.0,89.0,2.63,240.1,18.56,4.7,3.499,2.0,-1.0,13.45,0.011,0.287,3.0,2.0,0.0,0.0,25.27,25.77,24.96,24.77,25.05,24.59,25.83,24.93,24.95,25.56,24.51,24.99,25.44,25.35,24.79,24.96,25.21,24.86,24.66
2017-06-30 20:29:00-05:00,-11.496242,-14.245247,-4.7964187,-13.771005,-13.391707,-4.5703325,-11.039882,-10.1368475,939108.0,32.61,0.0,-0.254,-0.254,0.253,25.93,4.794,0.0,0.0,0.0,0.0,0.0,0.0,0.0,0.0,5.0,-1.917,-1.35,-0.2,0.0,0.0,0.0,0.0,0.0,270.0,274.0,274.0,272.0,0.772,0.0,0.0,-0.1,-0.045,0.097,0.0,6000.0,420636.0,221.0,406.0,59.94,2.0,41.0,50.0,42.0,25.87,25.07,-0.038,0.0,0.2,0.2,60.0,59.5,75.6,1.0,272.0,273.0,272.0,-0.076,0.031,0.082,1962.0,433542.0,13750.0,1967.0,-0.925,0.818,0.791,0.836,0.001,0.0,0.001,0.0,0.0,0.0,0.0,0.0,119.0,119.0,119.0,89.0,2.262,224.9,30.16,3.8,3.499,2.0,-1.0,13.44,0.011,0.287,3.0,2.0,0.0,0.0,25.23,25.63,24.98,24.79,25.04,24.6,25.77,24.91,24.98,25.62,24.51,24.94,25.43,25.33,24.73,24.93,25.19,24.84,24.63
2017-06-30 20:30:00-05:00,-11.249011,-14.245247,-4.7964187,-13.771005,-13.005407,-4.5703325,-10.788975,-9.901107,939109.0,32.56,0.0,-0.254,-0.254,0.253,25.9,4.139,0.0,0.0,0.0,0.0,0.0,0.0,0.0,0.0,4.283,-1.833,-1.383,-0.2,0.0,0.0,0.0,0.0,0.0,270.3,274.0,274.0,272.3,0.75,0.0,0.0,-0.1,-0.048,0.1,0.0,6000.0,420636.0,221.0,406.0,59.94,2.0,41.0,50.0,41.6,25.87,24.97,-0.038,0.0,0.2,0.2,60.0,59.5,75.6,1.0,272.6,273.0,272.0,-0.076,0.031,0.082,1962.0,433542.0,13750.0,1967.0,-0.925,0.818,0.791,0.836,0.001,0.0,0.001,0.0,0.0,0.0,0.0,0.0,119.0,119.0,119.0,89.0,1.357,222.8,34.97,2.8,3.499,2.0,-1.0,13.45,0.011,0.287,3.0,2.0,0.0,0.0,25.15,25.62,24.87,24.69,24.99,24.55,25.69,24.88,24.95,25.61,24.48,24.87,25.37,25.25,24.67,24.87,25.15,24.78,24.57
2017-06-30 20:31:00-05:00,-11.249011,-14.245247,-4.7964187,-13.638591,-13.005407,-4.5703325,-10.663523,-9.901107,939110.0,32.52,0.0,-0.254,-0.254,0.253,25.9,3.652,0.0,0.0,0.0,0.0,0.0,0.0,0.0,0.0,4.0,-1.833,-1.317,-0.198,0.0,0.0,0.0,0.0,0.0,271.0,274.0,274.0,273.0,0.77,0.0,0.0,-0.1,-0.05,0.098,0.0,6000.0,420636.0,221.0,406.0,59.97,2.0,41.0,50.0,41.18,25.89,24.94,-0.038,0.0,0.2,0.2,60.0,59.5,75.6,1.0,273.0,273.0,272.0,-0.076,0.031,0.082,1962.0,433542.0,13750.0,1967.0,-0.925,0.818,0.791,0.836,0.001,0.0,0.001,0.0,0.0,0.0,0.0,0.0,119.0,119.0,119.0,89.0,2.02,233.9,46.13,4.6,3.499,2.0,-1.0,13.45,0.011,0.287,3.0,2.0,0.0,0.0,25.07,25.54,24.86,24.64,24.91,24.49,25.67,24.85,24.93,25.59,24.46,24.81,25.31,25.2,24.61,24.82,25.14,24.76,24.53
2017-06-30 20:32:00-05:00,-11.249011,-14.245247,-4.7964187,-13.638591,-12.747875,-4.5703325,-10.538069,-9.901107,939111.0,32.47,0.0,-0.254,-0.254,0.254,25.89,3.331,0.0,0.0,0.0,0.0,0.0,0.0,0.0,0.0,3.567,-1.75,-1.283,-0.198,0.0,0.0,0.0,0.0,0.0,271.0,274.2,274.0,273.0,0.758,0.0,0.0,-0.102,-0.047,0.093,0.0,6000.0,420636.0,221.0,406.0,59.95,2.0,41.0,49.73,41.0,25.85,24.86,-0.038,0.0,0.2,0.2,60.0,59.5,75.6,1.0,273.0,273.4,272.0,-0.076,0.031,0.082,1962.0,433542.0,13750.0,1967.0,-0.925,0.818,0.791,0.836,0.001,0.0,0.001,0.0,0.0,0.0,0.0,0.0,119.0,119.0,119.0,89.0,2.305,231.4,16.32,4.0,3.499,2.0,-1.0,13.45,0.011,0.287,3.0,2.0,0.0,0.0,25.05,25.49,24.86,24.66,24.88,24.47,25.59,24.82,24.89,25.54,24.43,24.77,25.24,25.16,24.55,24.76,25.07,24.71,24.48
2017-06-30 20:33:00-05:00,-11.125395,-14.245247,-4.7964187,-13.638591,-12.619108,-4.5703325,-10.538069,-9.901107,939112.0,32.42,0.0,-0.254,-0.254,0.254,25.86,3.026,0.0,0.0,0.0,0.0,0.0,0.0,0.0,0.0,3.0,-1.683,-1.317,-0.2,0.0,0.0,0.0,0.0,0.0,271.0,274.3,274.0,273.0,0.767,0.0,0.0,-0.1,-0.048,0.09,0.0,6000.0,420636.0,221.0,406.0,59.94,2.0,41.0,49.0,41.0,25.91,24.86,-0.038,0.0,0.2,0.2,60.0,59.5,75.6,1.0,273.0,273.8,272.0,-0.076,0.031,0.082,1962.0,433542.0,13750.0,1967.0,-0.924,0.818,0.791,0.836,0.001,0.0,0.001,0.0,0.0,0.0,0.0,0.0,119.0,119.0,119.0,89.0,1.403,247.7,42.56,2.9,3.499,2.0,-1.0,13.44,0.011,0.287,3.0,2.0,0.0,0.0,24.99,25.48,24.76,24.62,24.84,24.42,25.54,24.77,24.87,25.51,24.37,24.7,25.18,25.1,24.48,24.71,25.03,24.65,24.42
2017-06-30 20:34:00-05:00,-11.125395,-14.245247,-4.7964187,-13.506177,-12.619108,-4.5703325,-10.538069,-9.901107,939113.0,32.38,0.0,-0.254,-0.254,0.254,25.85,2.763,0.0,0.0,0.0,0.0,0.0,0.0,0.0,0.0,3.0,-1.783,-1.383,-0.195,0.0,0.0,0.0,0.0,0.0,271.0,274.8,274.3,273.0,0.747,0.0,0.0,-0.1,-0.045,0.098,0.0,6000.0,420636.0,221.0,406.0,59.96,2.0,40.25,49.0,41.0,25.87,24.79,-0.038,0.0,0.2,0.2,60.0,59.5,75.6,1.0,273.0,273.9,272.1,-0.076,0.031,0.082,1962.0,433542.0,13750.0,1967.0,-0.924,0.818,0.791,0.836,0.001,0.0,0.001,0.0,0.0,0.0,0.0,0.0,119.0,119.0,119.0,89.0,2.862,259.2,51.59,5.2,3.499,2.0,-1.0,13.45,0.011,0.287,3.0,2.0,0.0,0.0,24.96,25.4,24.68,24.57,24.78,24.37,25.46,24.73,24.82,25.48,24.34,24.64,25.16,25.04,24.44,24.67,25.02,24.62,24.38
2017-06-30 20:35:00-05:00,-11.0017805,-13.754032,-4.7964187,-13.108936,-12.490343,-4.344637,-10.538069,-9.7832365,939114.0,32.33,0.0,-0.254,-0.254,0.254,25.89,2.601,0.0,0.0,0.0,0.0,0.0,0.0,0.0,0.0,3.0,-1.683,-1.317,-0.198,0.0,0.0,0.0,0.0,0.0,271.0,274.6,274.0,273.0,0.767,0.0,0.0,-0.1,-0.048,0.097,0.0,6000.0,420636.0,221.0,406.0,59.95,2.0,40.0,49.0,41.0,25.87,24.78,-0.038,0.0,0.2,0.2,60.0,59.5,75.6,1.0,273.0,274.0,272.0,-0.076,0.031,0.082,1962.0,433542.0,13750.0,1967.0,-0.924,0.818,0.791,0.836,0.0,0.0,0.001,0.0,0.0,0.0,0.0,0.0,119.0,119.0,119.0,89.0,3.022,251.0,21.18,5.7,3.499,2.0,-1.0,13.45,0.011,0.287,3.0,2.0,0.0,0.0,24.88,25.36,24.68,24.49,24.75,24.29,25.5,24.74,24.82,25.49,24.34,24.63,25.13,25.03,24.41,24.65,25.02,24.62,24.37
2017-06-30 20:36:00-05:00,-11.0017805,-13.262816,-4.7964187,-12.976523,-12.361576,-3.8932464,-10.412616,-9.665367,939115.0,32.28,0.0,-0.254,-0.254,0.254,25.89,2.424,0.0,0.0,0.0,0.0,0.0,0.0,0.0,0.0,3.0,-1.767,-1.283,-0.193,0.0,0.0,0.0,0.0,0.0,270.5,274.1,274.0,272.5,0.732,0.0,0.0,-0.103,-0.042,0.09,0.0,6000.0,420636.0,221.0,406.0,59.95,2.0,40.0,49.0,41.0,25.83,24.75,-0.038,0.0,0.2,0.2,60.0,59.5,75.6,1.0,272.8,273.1,272.0,-0.076,0.031,0.082,1962.0,433542.0,13750.0,1967.0,-0.925,0.818,0.791,0.836,0.001,0.0,0.001,0.0,0.0,0.0,0.0,0.0,119.0,119.0,119.0,89.0,2.34,272.7,28.92,4.6,3.5,2.0,-1.0,13.45,0.011,0.287,3.0,2.0,0.0,0.0,24.86,25.28,24.67,24.49,24.68,24.29,25.51,24.72,24.78,25.43,24.32,24.59,25.16,25.02,24.38,24.63,25.02,24.58,24.35
2017-06-30 20:37:00-05:00,-11.0017805,-13.262816,-4.7964187,-12.8441105,-12.361576,-3.7803986,-10.412616,-9.665367,939116.0,32.24,0.0,-0.254,-0.254,0.254,25.88,2.221,0.0,0.0,0.0,0.0,0.0,0.0,0.0,0.0,2.883,-1.65,-1.2,-0.197,0.0,0.0,0.0,0.0,0.0,270.8,274.0,274.0,272.8,0.715,0.0,0.0,-0.1,-0.052,0.095,0.0,6000.0,420636.0,221.0,406.0,59.96,2.0,40.0,49.0,41.0,25.84,24.71,-0.038,0.0,0.2,0.2,60.0,59.5,75.6,1.0,273.0,273.0,272.0,-0.076,0.031,0.082,1962.0,433542.0,13750.0,1967.0,-0.925,0.818,0.791,0.836,0.001,0.0,0.001,0.0,0.0,0.0,0.0,0.0,119.0,119.0,119.0,89.0,1.942,275.5,48.89,5.6,3.499,2.0,-1.0,13.45,0.011,0.287,3.0,2.0,0.0,0.0,24.81,25.28,24.59,24.49,24.68,24.2,25.5,24.7,24.82,25.42,24.3,24.57,25.17,24.99,24.35,24.62,25.03,24.57,24.33
2017-06-30 20:38:00-05:00,-11.0017805,-13.099078,-4.7964187,-12.8441105,-12.361576,-3.7803986,-10.412616,-9.665367,939117.0,32.19,0.0,-0.254,-0.254,0.254,25.89,2.158,0.0,0.0,0.0,0.0,0.0,0.0,0.0,0.0,2.283,-1.767,-1.383,-0.2,0.0,0.0,0.0,0.0,0.0,270.9,274.0,274.0,272.9,0.735,0.0,0.0,-0.1,-0.05,0.092,0.0,6000.0,420636.0,221.0,406.0,59.96,2.0,40.0,49.0,41.0,25.84,24.66,-0.038,0.0,0.2,0.2,60.0,59.5,75.6,1.0,273.0,273.0,272.0,-0.076,0.031,0.082,1962.0,433542.0,13750.0,1967.0,-0.925,0.818,0.791,0.836,0.001,0.0,0.001,0.0,0.0,0.0,0.0,0.0,119.0,119.0,119.0,89.0,1.137,235.1,58.51,2.6,3.499,2.0,-1.0,13.45,0.011,0.287,3.0,2.0,0.0,0.0,24.8,25.22,24.52,24.42,24.59,24.2,25.47,24.65,24.7,25.35,24.26,24.54,25.15,24.94,24.32,24.59,25.0,24.57,24.31
2017-06-30 20:39:00-05:00,-11.125395,-13.099078,-4.7964187,-12.8441105,-12.361576,-3.7803986,-10.412616,-9.7832365,939118.0,32.13,0.0,-0.254,-0.254,0.254,25.87,2.027,0.0,0.0,0.0,0.0,0.0,0.0,0.0,0.0,2.017,-1.967,-1.4,-0.198,0.0,0.0,0.0,0.0,0.0,271.0,274.0,274.0,273.0,0.71,0.0,0.0,-0.1,-0.042,0.087,0.0,6000.0,420636.0,221.0,406.0,59.97,2.0,40.0,49.0,41.0,25.82,24.6,-0.038,0.0,0.2,0.2,60.0,59.5,75.6,1.0,273.0,273.0,272.0,-0.076,0.031,0.082,1962.0,433542.0,13750.0,1967.0,-0.925,0.818,0.791,0.836,0.001,-0.001,0.001,0.0,0.0,0.0,0.0,0.0,119.0,119.0,119.0,89.0,1.688,232.6,24.24,3.5,3.499,2.0,-1.0,13.45,0.011,0.287,3.0,2.0,0.0,0.0,24.75,25.21,24.49,24.37,24.59,24.1,25.42,24.62,24.7,25.32,24.23,24.5,25.11,24.91,24.28,24.56,24.95,24.53,24.27
2017-06-30 20:40:00-05:00,-11.125395,-13.099078,-4.7964187,-12.8441105,-12.490343,-3.7803986,-10.538069,-9.7832365,939119.0,32.06,0.0,-0.254,-0.254,0.254,25.84,1.89,0.0,0.0,0.0,0.0,0.0,0.0,0.0,0.0,2.0,-1.917,-1.383,-0.195,0.0,0.0,0.0,0.0,0.0,271.0,274.3,274.0,273.0,0.717,0.0,0.0,-0.1,-0.063,0.1,0.0,6000.0,420636.0,221.0,406.0,59.97,2.0,40.0,48.82,41.0,25.82,24.58,-0.038,0.0,0.2,0.2,60.0,59.5,75.6,1.0,273.0,273.4,272.0,-0.076,0.031,0.082,1962.0,433542.0,13750.0,1967.0,-0.925,0.818,0.791,0.836,0.001,-0.001,0.0,0.0,0.0,0.0,0.0,0.0,119.0,119.0,119.0,89.0,2.943,249.2,21.53,5.5,3.5,2.0,-1.0,13.45,0.011,0.287,3.0,2.0,0.0,0.0,24.75,25.16,24.47,24.29,24.5,24.1,25.37,24.59,24.72,25.34,24.21,24.45,25.05,24.88,24.23,24.51,24.92,24.48,24.23
2017-06-30 20:41:00-05:00,-11.0017805,-13.099078,-4.7964187,-12.8441105,-12.232809,-3.7803986,-10.412616,-9.7832365,939120.0,32.02,0.0,-0.254,-0.254,0.254,25.83,1.889,0.0,0.0,0.0,0.0,0.0,0.0,0.0,0.0,2.0,-2.0,-1.383,-0.2,0.0,0.0,0.0,0.0,0.0,271.0,274.7,274.0,273.0,0.717,0.0,0.0,-0.103,-0.048,0.097,0.0,6000.0,420636.0,221.0,406.0,59.95,2.0,40.0,48.0,40.92,25.81,24.55,-0.038,0.0,0.2,0.2,60.0,59.5,75.6,1.0,273.0,273.9,272.0,-0.076,0.031,0.082,1962.0,433542.0,13750.0,1967.0,-0.925,0.818,0.791,0.836,0.001,0.0,0.001,-0.001,0.0,0.0,0.0,0.0,119.0,119.0,119.0,89.0,2.157,246.8,33.61,3.6,3.499,2.0,-1.0,13.45,0.011,0.287,3.0,2.0,0.0,0.0,24.79,25.11,24.44,24.29,24.49,24.08,25.37,24.56,24.66,25.26,24.17,24.43,25.07,24.91,24.22,24.49,24.91,24.49,24.22
2017-06-30 20:42:00-05:00,-11.0017805,-13.099078,-4.7964187,-12.711697,-11.975276,-3.7803986,-10.412616,-9.665367,939121.0,31.97,0.0,-0.254,-0.254,0.258,25.83,1.746,0.0,0.0,0.0,0.0,0.0,0.0,0.0,0.0,2.0,-2.0,-1.4,-0.198,0.0,0.0,0.0,0.0,0.0,271.0,275.0,274.3,273.0,0.72,0.0,0.0,-0.1,-0.06,0.087,0.0,6000.0,420636.0,221.0,406.0,59.97,2.0,40.0,48.0,40.03,25.82,24.52,-0.038,0.0,0.2,0.2,60.0,59.5,75.6,1.0,273.0,274.0,272.2,-0.076,0.031,0.082,1962.0,433542.0,13750.0,1967.0,-0.925,0.818,0.791,0.836,0.001,0.0,0.001,0.0,0.0,0.0,0.0,0.0,119.0,119.0,119.0,89.0,2.232,228.3,26.15,4.4,3.5,2.0,-1.0,13.45,0.013,0.286,3.0,2.0,0.0,0.0,24.72,25.11,24.39,24.28,24.49,24.04,25.37,24.54,24.67,25.24,24.15,24.42,25.07,24.9,24.2,24.48,24.88,24.48,24.2
2017-06-30 20:43:00-05:00,-10.878164,-13.099078,-4.7964187,-12.711697,-11.975276,-3.7803986,-10.412616,-9.7832365,939122.0,31.93,0.0,-0.254,-0.254,0.254,25.83,1.649,0.0,0.0,0.0,0.0,0.0,0.0,0.0,0.0,2.0,-1.9,-1.4,-0.197,0.0,0.0,0.0,0.0,0.0,271.0,275.0,274.6,273.0,0.715,0.0,0.0,-0.1,-0.04,0.095,0.0,6000.0,420636.0,221.0,406.0,59.97,2.0,40.0,48.0,40.0,25.84,24.5,-0.038,0.0,0.2,0.2,60.0,59.5,75.6,1.0,273.0,274.0,272.5,-0.076,0.031,0.082,1962.0,433542.0,13750.0,1967.0,-0.925,0.818,0.791,0.836,0.002,0.0,0.001,0.0,0.0,0.0,0.0,0.0,119.0,119.0,119.0,89.0,1.43,263.8,31.96,2.4,3.5,2.0,-1.0,13.48,0.011,0.286,3.0,2.0,0.0,0.0,24.69,25.07,24.39,24.26,24.44,23.98,25.28,24.5,24.6,25.17,24.1,24.39,25.06,24.89,24.17,24.43,24.83,24.43,24.15
2017-06-30 20:44:00-05:00,-10.878164,-13.099078,-4.7964187,-12.579283,-12.104043,-3.7803986,-10.412616,-9.7832365,939123.0,31.87,0.0,-0.254,-0.254,0.254,25.82,1.619,0.0,0.0,0.0,0.0,0.0,0.0,0.0,0.0,2.0,-1.85,-1.367,-0.193,0.0,0.0,0.0,0.0,0.0,271.0,275.0,274.8,273.0,0.715,0.0,0.0,-0.1,-0.048,0.098,0.0,6000.0,420636.0,221.0,406.0,59.97,2.0,40.0,48.0,40.0,25.82,24.43,-0.038,0.0,0.2,0.2,60.0,59.5,75.6,1.0,273.5,274.0,272.8,-0.076,0.031,0.082,1962.0,433542.0,13750.0,1967.0,-0.925,0.818,0.791,0.836,0.001,0.0,0.001,0.0,0.0,0.0,0.0,0.0,119.0,119.0,119.0,89.0,1.518,224.2,38.68,3.0,3.5,2.0,-1.0,13.48,0.011,0.286,3.0,2.0,0.0,0.0,24.59,25.06,24.31,24.18,24.39,23.97,25.28,24.47,24.6,25.19,24.07,24.36,25.03,24.85,24.15,24.41,24.82,24.41,24.12
2017-06-30 20:45:00-05:00,-10.878164,-13.099078,-4.7964187,-12.579283,-12.104043,-3.7803986,-10.412616,-9.7832365,939124.0,31.84,0.0,-0.254,-0.254,0.254,25.82,1.583,0.0,0.0,0.0,0.0,0.0,0.0,0.0,0.0,1.767,-2.0,-1.45,-0.198,0.0,0.0,0.0,0.0,0.0,271.1,275.0,274.8,273.1,0.717,0.0,0.0,-0.1,-0.047,0.095,0.0,6000.0,420636.0,221.0,406.0,59.96,2.0,40.0,48.0,40.0,25.83,24.38,-0.036,0.0,0.2,0.2,60.0,59.5,75.6,1.0,273.4,274.0,272.8,-0.076,0.031,0.082,1962.0,433542.0,13750.0,1967.0,-0.925,0.818,0.791,0.836,0.001,0.0,0.001,-0.001,0.0,0.0,0.0,0.0,119.0,119.0,119.0,89.0,1.703,244.2,34.95,2.7,3.5,2.0,-1.0,13.48,0.011,0.286,3.0,2.0,0.0,0.0,24.59,25.06,24.29,24.1,24.31,23.91,25.21,24.44,24.59,25.2,24.04,24.33,24.94,24.79,24.12,24.37,24.76,24.36,24.09
2017-06-30 20:46:00-05:00,-11.0017805,-13.262816,-4.7964187,-12.579283,-12.232809,-3.7803986,-10.412616,-9.7832365,939125.0,31.78,0.0,-0.254,-0.254,0.254,25.81,1.587,0.0,0.0,0.0,0.0,0.0,0.0,0.0,0.0,1.783,-1.917,-1.433,-0.197,0.0,0.0,0.0,0.0,0.0,271.6,275.0,274.9,273.6,0.718,0.0,0.0,-0.1,-0.037,0.097,0.0,6000.0,420636.0,221.0,406.0,59.97,2.0,40.0,48.0,40.0,25.8,24.32,-0.038,0.0,0.2,0.2,60.0,59.5,75.6,1.0,273.9,274.0,272.9,-0.076,0.031,0.082,1962.0,433542.0,13750.0,1967.0,-0.924,0.818,0.791,0.836,0.001,0.0,0.001,0.0,0.0,0.0,0.0,0.0,119.0,119.0,119.0,89.0,1.332,266.3,42.08,3.5,3.499,2.0,-1.0,13.48,0.011,0.286,3.0,2.0,0.0,0.0,24.51,24.92,24.21,24.1,24.29,23.82,25.18,24.42,24.53,25.18,24.02,24.28,24.9,24.75,24.06,24.33,24.77,24.35,24.06
2017-06-30 20:47:00-05:00,-11.125395,-13.099078,-4.7964187,-12.711697,-12.104043,-3.7803986,-10.287163,-9.665367,939126.0,31.74,0.0,-0.254,-0.254,0.254,25.81,1.488,0.0,0.0,0.0,0.0,0.0,0.0,0.0,0.0,1.65,-1.733,-1.383,-0.195,0.0,0.0,0.0,0.0,0.0,271.8,275.0,275.0,273.8,0.738,0.0,0.0,-0.102,-0.038,0.097,0.0,6000.0,420636.0,221.0,406.0,59.96,2.0,40.0,48.0,40.0,25.78,24.31,-0.038,0.0,0.2,0.2,60.0,59.5,75.6,1.0,274.0,274.0,273.0,-0.076,0.031,0.082,1962.0,433542.0,13750.0,1967.0,-0.924,0.818,0.791,0.836,0.001,-0.001,0.001,-0.001,0.0,0.0,0.0,0.0,119.0,119.0,119.0,89.0,2.003,244.5,27.64,4.0,3.499,2.0,-1.0,13.48,0.011,0.286,3.0,2.0,0.0,0.0,24.5,24.97,24.2,24.04,24.23,23.81,25.11,24.4,24.52,25.13,24.0,24.24,24.87,24.72,24.01,24.3,24.73,24.3,24.03
2017-06-30 20:48:00-05:00,-11.0017805,-13.099078,-4.7964187,-12.8441105,-12.104043,-3.7803986,-10.412616,-9.665367,939127.0,31.7,0.0,-0.254,-0.254,0.254,25.79,1.484,0.0,0.0,0.0,0.0,0.0,0.0,0.0,0.0,1.433,-1.983,-1.317,-0.198,0.0,0.0,0.0,0.0,0.0,272.0,275.0,275.0,274.0,0.725,0.0,0.0,-0.1,-0.052,0.087,0.0,6000.0,420636.0,221.0,406.0,59.96,2.0,40.0,48.0,40.0,25.79,24.26,-0.038,0.0,0.2,0.2,60.0,59.5,75.6,1.0,274.0,274.2,273.0,-0.076,0.031,0.082,1962.0,433542.0,13750.0,1967.0,-0.924,0.818,0.791,0.836,0.001,0.0,0.001,0.0,0.0,0.0,0.0,0.0,119.0,119.0,119.0,89.0,1.302,214.1,29.07,2.2,3.5,2.0,-1.0,13.48,0.011,0.286,3.0,2.0,0.0,0.0,24.5,24.9,24.11,24.0,24.2,23.74,25.06,24.37,24.48,25.09,23.97,24.17,24.79,24.67,23.95,24.25,24.67,24.26,23.96
2017-06-30 20:49:00-05:00,-11.0017805,-13.262816,-4.7964187,-12.8441105,-12.232809,-3.8932464,-10.538069,-9.7832365,939128.0,31.65,0.0,-0.254,-0.254,0.254,25.77,1.484,0.0,0.0,0.0,0.0,0.0,0.0,0.0,0.0,1.317,-1.983,-1.467,-0.2,0.0,0.0,0.0,0.0,0.0,272.0,275.0,275.0,274.0,0.71,0.0,0.0,-0.102,-0.063,0.095,0.0,6000.0,420636.0,221.0,406.0,59.96,2.0,40.0,48.0,40.0,25.81,24.23,-0.038,0.0,0.2,0.2,60.0,59.5,75.6,1.0,274.0,274.0,273.0,-0.076,0.031,0.082,1962.0,433542.0,13750.0,1967.0,-0.924,0.818,0.791,0.836,0.001,-0.001,0.001,0.0,0.0,0.0,0.0,0.0,119.0,119.0,119.0,89.0,2.173,261.2,30.35,3.7,3.5,2.0,-1.0,13.48,0.011,0.286,3.0,2.0,0.0,0.0,24.42,24.82,24.08,23.92,24.13,23.71,24.98,24.31,24.42,25.02,23.91,24.09,24.73,24.61,23.88,24.17,24.59,24.17,23.89
2017-06-30 20:50:00-05:00,-11.0017805,-14.081508,-4.7964187,-12.8441105,-12.232809,-3.8932464,-10.538069,-9.901107,939129.0,31.6,0.0,-0.254,-0.254,0.254,25.76,1.484,0.0,0.0,0.0,0.0,0.0,0.0,0.0,0.0,1.333,-1.967,-1.383,-0.198,0.0,0.0,0.0,0.0,0.0,272.0,275.2,275.0,274.0,0.717,0.0,0.0,-0.1,-0.042,0.095,0.0,6000.0,420636.0,221.0,406.0,59.97,2.0,40.0,48.0,40.0,25.73,24.19,-0.038,0.0,0.2,0.2,60.0,59.5,75.6,1.0,274.0,274.5,273.0,-0.076,0.031,0.082,1962.0,433542.0,13750.0,1967.0,-0.925,0.818,0.791,0.836,0.001,0.0,0.001,0.0,0.0,0.0,0.0,0.0,119.0,119.0,119.0,89.0,1.98,250.6,22.9,3.6,3.499,2.0,-1.0,13.48,0.011,0.286,3.0,2.0,0.0,0.0,24.4,24.82,24.09,23.91,24.1,23.7,24.98,24.27,24.41,24.97,23.87,24.06,24.72,24.59,23.85,24.15,24.61,24.17,23.87
2017-06-30 20:51:00-05:00,-10.754549,-13.91777,-4.7964187,-12.8441105,-12.104043,-3.7803986,-10.538069,-9.7832365,939130.0,31.56,0.0,-0.254,-0.254,0.254,25.76,1.484,0.0,0.0,0.0,0.0,0.0,0.0,0.0,0.0,1.433,-1.8,-1.383,-0.2,0.0,0.0,0.0,0.0,0.0,272.0,275.3,275.0,274.0,0.718,0.0,0.0,-0.102,-0.05,0.083,0.0,6000.0,420636.0,221.0,406.0,59.96,2.0,40.0,48.0,40.0,25.77,24.21,-0.038,0.0,0.2,0.2,60.0,59.5,75.6,1.0,274.0,274.6,273.0,-0.076,0.031,0.082,1962.0,433542.0,13750.0,1967.0,-0.924,0.818,0.791,0.836,0.001,0.0,0.001,0.0,0.0,0.0,0.0,0.0,119.0,119.0,119.0,89.0,2.218,228.4,18.41,3.9,3.499,2.0,-1.0,13.48,0.01,0.286,3.0,2.0,0.0,0.0,24.4,24.79,24.12,23.89,24.1,23.67,24.97,24.25,24.41,24.98,23.86,24.03,24.69,24.56,23.82,24.14,24.57,24.15,23.86
2017-06-30 20:52:00-05:00,-10.754549,-13.099078,-4.7964187,-12.711697,-12.104043,-3.7803986,-10.412616,-9.7832365,939131.0,31.51,0.0,-0.254,-0.254,0.254,25.75,1.484,0.0,0.0,0.0,0.0,0.0,0.0,0.0,0.0,1.25,-2.0,-1.517,-0.2,0.0,0.0,0.0,0.0,0.0,272.0,275.5,275.0,274.0,0.727,0.0,0.0,-0.1,-0.057,0.087,0.0,6000.0,420636.0,221.0,406.0,59.96,2.0,40.0,48.0,40.0,25.76,24.18,-0.038,0.0,0.2,0.2,60.0,59.5,75.6,1.0,274.0,275.0,273.0,-0.076,0.031,0.082,1962.0,433542.0,13750.0,1967.0,-0.924,0.818,0.791,0.836,0.001,0.0,0.001,0.0,0.0,0.0,0.0,0.0,119.0,119.0,119.0,89.0,1.88,231.2,53.64,3.5,3.499,2.0,-1.0,13.48,0.01,0.286,3.0,2.0,0.0,0.0,24.4,24.79,24.02,23.91,24.1,23.61,24.89,24.23,24.36,24.98,23.85,23.99,24.61,24.51,23.77,24.1,24.53,24.1,23.81
2017-06-30 20:53:00-05:00,-10.754549,-13.099078,-4.7964187,-12.8441105,-11.975276,-3.7803986,-10.412616,-9.7832365,939132.0,31.46,0.0,-0.254,-0.254,0.254,25.75,1.484,0.0,0.0,0.0,0.0,0.0,0.0,0.0,0.0,1.4,-1.867,-1.35,-0.198,0.0,0.0,0.0,0.0,0.0,272.0,275.8,275.0,274.0,0.732,0.0,0.0,-0.102,-0.057,0.093,0.0,6000.0,420636.0,221.0,406.0,59.96,2.0,40.0,48.0,40.0,25.73,24.11,-0.038,0.0,0.2,0.2,60.0,59.5,75.6,1.0,274.0,275.0,273.0,-0.076,0.031,0.082,1962.0,433542.0,13750.0,1967.0,-0.924,0.818,0.791,0.836,0.002,0.0,0.001,0.0,0.0,0.0,0.0,0.0,119.0,119.0,119.0,89.0,1.55,266.7,23.52,2.3,3.5,2.0,-1.0,13.48,0.01,0.286,3.0,2.0,0.0,0.0,24.34,24.79,24.0,23.82,24.06,23.64,24.87,24.2,24.31,24.92,23.81,23.95,24.61,24.49,23.73,24.07,24.53,24.06,23.77
2017-06-30 20:54:00-05:00,-11.0017805,-13.099078,-4.7964187,-12.711697,-11.975276,-3.7803986,-10.412616,-9.7832365,939133.0,31.42,0.0,-0.254,-0.254,0.254,25.72,1.42,0.0,0.0,0.0,0.0,0.0,0.0,0.0,0.0,1.3,-1.8,-1.35,-0.2,0.0,0.0,0.0,0.0,0.0,272.0,276.0,275.3,274.0,0.718,0.0,0.0,-0.102,-0.05,0.095,0.0,6000.0,420636.0,221.0,406.0,59.96,2.0,40.0,48.0,39.95,25.72,24.11,-0.038,0.0,0.2,0.2,60.0,59.5,75.6,1.0,274.1,275.0,273.4,-0.076,0.031,0.082,1962.0,433542.0,13750.0,1967.0,-0.924,0.818,0.791,0.836,0.001,0.0,0.001,0.0,0.0,0.0,0.0,0.0,119.0,119.0,119.0,89.0,1.408,285.5,39.86,2.4,3.5,2.0,-1.0,13.48,0.01,0.286,3.0,2.0,0.0,0.0,24.27,24.65,23.97,23.81,24.04,23.55,24.87,24.17,24.28,24.89,23.78,23.94,24.67,24.48,23.73,24.06,24.55,24.07,23.76
2017-06-30 20:55:00-05:00,-11.0017805,-13.099078,-4.7964187,-12.314455,-11.846511,-3.7803986,-10.16171,-9.665367,939134.0,31.38,0.0,-0.254,-0.254,0.254,25.73,1.385,0.0,0.0,0.0,0.0,0.0,0.0,0.0,0.0,1.35,-1.617,-1.25,-0.2,0.0,0.0,0.0,0.0,0.0,272.0,276.0,275.3,274.0,0.722,0.0,0.0,-0.102,-0.063,0.093,0.0,6000.0,420636.0,221.0,406.0,59.97,2.0,39.92,48.0,39.37,25.7,24.06,-0.038,0.0,0.2,0.2,60.0,59.5,75.6,1.0,274.2,275.0,273.5,-0.076,0.031,0.082,1962.0,433542.0,13750.0,1967.0,-0.924,0.818,0.791,0.836,0.001,0.0,0.001,0.0,0.0,0.0,0.0,0.0,119.0,119.0,119.0,89.0,1.222,269.8,44.47,2.5,3.5,2.0,-1.0,13.48,0.01,0.286,3.0,2.0,0.0,0.0,24.25,24.66,23.97,23.76,24.03,23.55,24.89,24.16,24.28,24.88,23.77,23.94,24.67,24.46,23.72,24.06,24.56,24.08,23.76
2017-06-30 20:56:00-05:00,-11.125395,-13.099078,-4.7964187,-12.049628,-11.717744,-3.7803986,-10.16171,-9.665367,939135.0,31.33,0.0,-0.254,-0.254,0.254,25.72,1.484,0.0,0.0,0.0,0.0,0.0,0.0,0.0,0.0,1.5,-1.633,-1.3,-0.197,0.0,0.0,0.0,0.0,0.0,271.2,274.3,274.2,273.2,0.712,0.0,0.0,-0.1,-0.058,0.092,0.0,6000.0,420636.0,221.0,406.0,59.98,2.0,39.55,48.0,39.48,25.72,23.99,-0.038,0.0,0.2,0.2,60.0,59.5,75.6,1.0,273.2,273.3,272.2,-0.076,0.031,0.082,1962.0,433542.0,13750.0,1967.0,-0.925,0.818,0.791,0.836,0.0,0.0,0.001,0.0,0.0,0.0,0.0,0.0,119.0,119.0,119.0,89.0,0.885,170.5,54.97,1.8,3.5,2.0,-1.0,13.48,0.01,0.286,3.0,2.0,0.0,0.0,24.21,24.56,23.95,23.79,24.01,23.59,24.89,24.14,24.3,24.88,23.75,23.93,24.74,24.46,23.71,24.05,24.55,24.06,23.75
2017-06-30 20:57:00-05:00,-11.125395,-13.099078,-4.7964187,-12.049628,-11.975276,-3.7803986,-10.16171,-9.665367,939136.0,31.29,0.0,-0.254,-0.254,0.254,25.7,1.484,0.0,0.0,0.0,0.0,0.0,0.0,0.0,0.0,1.2,-1.8,-1.45,-0.198,0.0,0.0,0.0,0.0,0.0,271.0,274.0,274.0,273.0,0.707,0.0,0.0,-0.1,-0.052,0.095,0.0,6000.0,420636.0,221.0,406.0,59.98,2.0,39.47,48.0,39.4,25.68,23.99,-0.038,0.0,0.2,0.2,60.0,59.5,75.6,1.0,273.0,273.0,272.0,-0.075,0.031,0.081,1962.0,433542.0,13750.0,1967.0,-0.926,0.818,0.791,0.836,0.001,0.0,0.001,0.0,0.0,0.0,0.0,0.0,119.0,119.0,119.0,89.0,1.36,243.3,22.54,2.7,3.5,2.0,-1.0,13.48,0.01,0.286,3.0,2.0,0.0,0.0,24.21,24.58,23.9,23.73,23.98,23.53,24.79,24.1,24.22,24.83,23.71,23.89,24.64,24.38,23.67,24.01,24.5,24.01,23.71
2017-06-30 20:58:00-05:00,-11.125395,-13.099078,-4.7964187,-12.049628,-12.232809,-3.7803986,-10.287163,-9.7832365,939137.0,31.24,0.0,-0.254,-0.254,0.254,25.69,1.484,0.0,0.0,0.0,0.0,0.0,0.0,0.0,0.0,1.067,-1.967,-1.533,-0.197,0.0,0.0,0.0,0.0,0.0,271.0,274.1,274.0,273.0,0.702,0.0,0.0,-0.1,-0.042,0.092,0.0,6000.0,420636.0,221.0,406.0,59.98,2.0,39.0,48.0,39.1,25.64,23.92,-0.038,0.0,0.2,0.2,60.0,59.5,75.6,1.0,273.0,273.1,272.0,-0.075,0.031,0.081,1962.0,433542.0,13750.0,1967.0,-0.926,0.818,0.791,0.836,0.001,0.0,0.001,0.0,0.0,0.0,0.0,0.0,119.0,119.0,119.0,89.0,1.355,262.9,33.05,1.9,3.499,2.0,-1.0,13.48,0.01,0.286,3.0,2.0,0.0,0.0,24.17,24.58,23.86,23.72,23.91,23.48,24.79,24.07,24.23,24.81,23.68,23.84,24.6,24.34,23.62,23.96,24.44,23.95,23.67
2017-06-30 20:59:00-05:00,-11.125395,-13.099078,-4.7964187,-12.182042,-12.361576,-3.7803986,-10.412616,-9.7832365,939138.0,31.2,0.0,-0.254,-0.254,0.254,25.67,1.484,0.0,0.0,0.0,0.0,0.0,0.0,0.0,0.0,1.15,-1.917,-1.417,-0.197,0.0,0.0,0.0,0.0,0.0,271.0,274.6,274.0,273.0,0.717,0.0,0.0,-0.1,-0.05,0.09,0.0,6000.0,420636.0,221.0,406.0,59.98,2.0,39.4,48.0,39.0,25.63,23.88,-0.038,0.0,0.2,0.2,60.0,59.5,75.6,1.0,273.0,274.0,272.0,-0.076,0.031,0.082,1962.0,433542.0,13750.0,1967.0,-0.926,0.818,0.791,0.836,0.001,0.0,0.001,0.0,0.0,0.0,0.0,0.0,119.0,119.0,119.0,89.0,0.937,224.1,58.07,2.3,3.498,2.0,-1.0,13.48,0.01,0.286,3.0,2.0,0.0,0.0,24.11,24.5,23.82,23.7,23.83,23.43,24.72,24.04,24.16,24.78,23.65,23.79,24.54,24.29,23.56,23.92,24.41,23.91,23.63
2017-06-30 21:00:00-05:00,-11.125395,-14.081508,-4.7964187,-12.446869,-12.361576,-3.7803986,-10.412616,-9.901107,939139.0,31.15,0.0,-0.254,-0.254,0.254,25.64,1.484,0.0,0.0,0.0,0.0,0.0,0.0,0.0,0.0,1.05,-2.0,-1.433,-0.2,0.0,0.0,0.0,0.0,0.0,271.0,274.6,274.0,273.0,0.705,0.0,0.0,-0.1,-0.052,0.095,0.0,6000.0,420636.0,221.0,406.0,59.97,2.0,39.5,47.87,39.0,25.62,23.87,-0.038,0.0,0.2,0.2,60.0,59.5,75.6,1.0,273.0,273.9,272.0,-0.076,0.031,0.082,1962.0,433542.0,13750.0,1967.0,-0.926,0.818,0.791,0.836,0.001,-0.001,0.001,0.0,0.0,0.0,0.0,0.0,119.0,119.0,119.0,89.0,1.95,264.6,29.51,3.4,3.498,2.0,-1.0,13.48,0.01,0.286,3.0,2.0,0.0,0.0,24.04,24.5,23.82,23.62,23.82,23.43,24.69,23.99,24.1,24.72,23.6,23.73,24.48,24.26,23.51,23.87,24.38,23.85,23.58
2017-06-30 21:01:00-05:00,-11.0017805,-14.081508,-4.7964187,-12.446869,-12.361576,-3.7803986,-10.538069,-9.7832365,939140.0,31.11,0.0,-0.254,-0.254,0.254,25.66,1.484,0.0,0.0,0.0,0.0,0.0,0.0,0.0,0.0,1.1,-1.967,-1.45,-0.2,0.0,0.0,0.0,0.0,0.0,271.0,274.6,274.0,273.0,0.712,0.0,0.0,-0.1,-0.057,0.087,0.0,6000.0,420636.0,221.0,406.0,59.98,2.0,39.02,47.05,39.0,25.62,23.85,-0.038,0.0,0.2,0.2,60.0,59.5,75.6,1.0,273.0,273.8,272.0,-0.076,0.031,0.082,1962.0,433542.0,13750.0,1967.0,-0.925,0.818,0.791,0.836,0.001,0.0,0.0,0.0,0.0,0.0,0.0,0.0,119.0,119.0,119.0,89.0,1.217,289.7,21.78,1.9,3.499,2.0,-1.0,13.48,0.01,0.286,3.0,2.0,0.0,0.0,24.01,24.48,23.82,23.62,23.82,23.43,24.69,23.96,24.08,24.7,23.57,23.71,24.52,24.23,23.49,23.84,24.36,23.82,23.56
2017-06-30 21:02:00-05:00,-11.0017805,-14.081508,-4.7964187,-12.182042,-12.232809,-3.7803986,-10.538069,-9.7832365,939141.0,31.07,0.0,-0.254,-0.254,0.254,25.65,1.484,0.0,0.0,0.0,0.0,0.0,0.0,0.0,0.0,1.45,-1.433,-1.283,-0.198,0.0,0.0,0.0,0.0,0.0,270.9,274.0,274.0,272.9,0.71,0.0,0.0,-0.102,-0.042,0.083,0.0,6000.0,420636.0,221.0,406.0,59.98,2.0,39.0,47.0,39.0,25.63,23.83,-0.036,0.0,0.2,0.2,60.0,59.5,75.6,1.0,273.0,273.1,272.0,-0.075,0.031,0.082,1962.0,433542.0,13750.0,1967.0,-0.926,0.818,0.791,0.836,0.001,0.0,0.001,0.0,0.0,0.0,0.0,0.0,119.0,119.0,119.0,89.0,1.485,297.1,15.48,2.3,3.499,2.0,-1.0,13.48,0.01,0.286,3.0,2.0,0.0,0.0,24.01,24.43,23.74,23.62,23.74,23.35,24.69,23.94,24.02,24.67,23.55,23.69,24.51,24.21,23.48,23.83,24.33,23.82,23.54
2017-06-30 21:03:00-05:00,-11.125395,-14.245247,-4.7964187,-12.182042,-12.104043,-3.7803986,-10.412616,-9.901107,939142.0,31.02,0.0,-0.254,-0.254,0.254,25.64,1.484,0.0,0.0,0.0,0.0,0.0,0.0,0.0,0.0,1.433,-1.617,-1.283,-0.2,0.0,0.0,0.0,0.0,0.0,271.0,274.0,274.0,273.0,0.717,0.0,0.0,-0.1,-0.06,0.097,0.0,6000.0,420636.0,221.0,406.0,59.98,2.0,39.0,47.0,39.0,25.6,23.79,-0.038,0.0,0.2,0.2,60.0,59.5,75.6,1.0,273.0,273.0,272.0,-0.075,0.031,0.081,1962.0,433542.0,13750.0,1967.0,-0.926,0.818,0.791,0.836,0.001,0.0,0.001,0.0,0.0,0.0,0.0,0.0,119.0,119.0,119.0,89.0,1.387,293.5,23.96,2.3,3.5,2.0,-1.0,13.48,0.01,0.286,3.0,2.0,0.0,0.0,23.95,24.4,23.71,23.62,23.72,23.31,24.71,23.91,23.99,24.63,23.52,23.66,24.49,24.18,23.45,23.8,24.32,23.8,23.51
2017-06-30 21:04:00-05:00,-11.125395,-14.245247,-4.7964187,-12.049628,-12.104043,-3.7803986,-10.412616,-9.7832365,939143.0,30.98,0.0,-0.254,-0.254,0.254,25.63,1.455,0.0,0.0,0.0,0.0,0.0,0.0,0.0,0.0,1.067,-1.917,-1.4,-0.198,0.0,0.0,0.0,0.0,0.0,271.0,274.0,274.0,273.0,0.707,0.0,0.0,-0.102,-0.043,0.088,0.0,6000.0,420636.0,221.0,406.0,59.95,2.0,39.0,47.0,39.0,25.58,23.78,-0.038,0.0,0.2,0.2,60.0,59.5,75.6,1.0,273.0,273.0,272.0,-0.075,0.031,0.081,1962.0,433542.0,13750.0,1967.0,-0.926,0.818,0.791,0.836,0.001,0.0,0.001,0.0,0.0,0.0,0.0,0.0,119.0,119.0,119.0,89.0,0.572,276.1,43.83,1.4,3.499,2.0,-1.0,13.48,0.01,0.286,3.0,2.0,0.0,0.0,23.91,24.4,23.62,23.61,23.64,23.23,24.67,23.89,24.01,24.62,23.5,23.64,24.49,24.15,23.44,23.77,24.3,23.76,23.48
2017-06-30 21:05:00-05:00,-11.249011,-14.245247,-4.7964187,-12.049628,-11.975276,-3.7803986,-10.412616,-9.7832365,939144.0,30.94,0.0,-0.251,-0.251,0.256,25.63,1.477,0.0,0.0,0.0,0.0,0.0,0.0,0.0,0.0,1.0,-2.0,-1.483,-0.197,0.0,0.0,0.0,0.0,0.0,271.0,274.0,274.0,273.0,0.715,0.0,0.0,-0.1,-0.043,0.087,0.0,6000.0,420636.0,221.0,406.0,59.95,2.0,39.0,47.0,39.0,25.56,23.75,-0.038,0.0,0.2,0.2,60.0,59.5,75.6,1.0,273.0,273.0,272.0,-0.075,0.031,0.081,1962.0,433542.0,13750.0,1967.0,-0.926,0.818,0.791,0.836,0.001,0.0,0.001,0.0,0.0,0.0,0.0,0.0,119.0,119.0,119.0,89.0,1.875,268.8,33.23,2.9,3.5,2.0,-1.0,13.48,0.01,0.286,3.0,2.0,0.0,0.0,23.93,24.4,23.62,23.53,23.62,23.23,24.7,23.89,24.04,24.65,23.5,23.63,24.52,24.16,23.42,23.76,24.3,23.76,23.47
2017-06-30 21:06:00-05:00,-11.249011,-13.426556,-4.7964187,-12.049628,-11.846511,-3.7803986,-10.287163,-9.7832365,939145.0,30.89,0.0,-0.248,-0.248,0.259,25.61,1.477,0.0,0.0,0.0,0.0,0.0,0.0,0.0,0.0,1.25,-1.667,-1.383,-0.198,0.0,0.0,0.0,0.0,0.0,271.0,274.1,274.0,273.0,0.72,0.0,0.0,-0.102,-0.047,0.092,0.0,6000.0,420636.0,221.0,406.0,59.96,2.0,39.0,47.0,39.0,25.56,23.7,-0.038,0.0,0.2,0.2,60.0,59.5,75.6,1.0,273.0,273.0,272.0,-0.076,0.031,0.082,1962.0,433542.0,13750.0,1967.0,-0.926,0.818,0.791,0.836,0.001,0.0,0.0,0.0,0.0,0.0,0.0,0.0,119.0,119.0,119.0,89.0,1.015,311.1,70.94,1.7,3.499,2.0,-1.0,13.48,0.01,0.286,3.0,2.0,0.0,0.0,23.91,24.3,23.62,23.53,23.62,23.23,24.7,23.89,24.09,24.66,23.5,23.62,24.5,24.13,23.41,23.76,24.29,23.75,23.47
2017-06-30 21:07:00-05:00,-11.125395,-13.099078,-4.7964187,-11.917214,-12.104043,-3.7803986,-10.287163,-9.7832365,939146.0,30.85,0.0,-0.244,-0.244,0.263,25.58,1.436,0.0,0.0,0.0,0.0,0.0,0.0,0.0,0.0,1.117,-1.9,-1.45,-0.198,0.0,0.0,0.0,0.0,0.0,271.0,274.5,274.0,273.0,0.717,0.0,0.0,-0.102,-0.05,0.09,0.0,6000.0,420636.0,221.0,406.0,59.95,2.0,39.0,47.0,39.0,25.59,23.68,-0.038,0.0,0.2,0.2,60.0,59.5,75.6,1.0,273.0,273.4,272.0,-0.076,0.031,0.082,1962.0,433542.0,13750.0,1967.0,-0.926,0.818,0.791,0.836,0.001,0.0,0.001,0.0,0.0,0.0,0.0,0.0,119.0,119.0,119.0,89.0,1.34,204.2,21.7,2.5,3.499,2.0,-1.0,13.48,0.01,0.286,3.0,2.0,0.0,0.0,23.83,24.3,23.62,23.51,23.62,23.23,24.7,23.86,24.03,24.63,23.47,23.58,24.42,24.07,23.37,23.73,24.24,23.71,23.45
2017-06-30 21:08:00-05:00,-11.125395,-13.099078,-4.7964187,-11.917214,-12.104043,-3.7803986,-10.412616,-9.7832365,939147.0,30.81,0.0,-0.242,-0.242,0.265,25.58,1.417,0.0,0.0,0.0,0.0,0.0,0.0,0.0,0.0,1.0,-2.0,-1.4,-0.197,0.0,0.0,0.0,0.0,0.0,271.0,274.6,274.0,273.0,0.718,0.0,0.0,-0.1,-0.045,0.09,0.0,6000.0,420636.0,221.0,406.0,59.95,2.0,39.0,47.0,39.0,25.56,23.66,-0.038,0.0,0.2,0.2,60.0,59.5,75.6,1.0,273.0,273.8,272.0,-0.076,0.031,0.082,1962.0,433542.0,13750.0,1967.0,-0.926,0.818,0.791,0.836,0.001,-0.001,0.001,-0.001,0.0,0.0,0.0,0.0,119.0,119.0,119.0,89.0,0.892,232.0,15.18,1.7,3.499,2.0,-1.0,13.48,0.01,0.286,3.0,2.0,0.0,0.0,23.89,24.29,23.61,23.43,23.56,23.17,24.64,23.83,23.96,24.57,23.44,23.54,24.34,24.05,23.32,23.7,24.23,23.68,23.42
2017-06-30 21:09:00-05:00,-11.125395,-13.099078,-4.7964187,-12.049628,-12.232809,-3.7803986,-10.538069,-9.7832365,939148.0,30.76,0.0,-0.24,-0.24,0.267,25.57,1.426,0.0,0.0,0.0,0.0,0.0,0.0,0.0,0.0,1.35,-1.583,-1.35,-0.2,0.0,0.0,0.0,0.0,0.0,271.0,274.6,274.0,273.0,0.722,0.0,0.0,-0.1,-0.048,0.092,0.0,6000.0,420636.0,221.0,406.0,59.95,2.0,39.0,47.0,39.0,25.51,23.63,-0.038,0.0,0.2,0.2,60.0,59.5,75.6,1.0,273.0,273.8,272.0,-0.076,0.031,0.082,1962.0,433542.0,13750.0,1967.0,-0.926,0.818,0.791,0.836,0.001,0.0,0.001,0.0,0.0,0.0,0.0,0.0,119.0,119.0,119.0,89.0,0.6,246.7,52.79,1.4,3.498,2.0,-1.0,13.48,0.01,0.286,3.0,2.0,0.0,0.0,23.92,24.22,23.53,23.43,23.48,23.12,24.6,23.78,23.88,24.52,23.39,23.5,24.35,24.04,23.29,23.66,24.19,23.65,23.38
2017-06-30 21:10:00-05:00,-11.125395,-13.099078,-4.7964187,-12.049628,-12.361576,-3.7803986,-10.412616,-9.901107,939149.0,30.72,0.0,-0.234,-0.234,0.274,25.56,1.413,0.0,0.0,0.0,0.0,0.0,0.0,0.0,0.0,1.183,-1.733,-1.45,-0.2,0.0,0.0,0.0,0.0,0.0,271.0,274.7,274.1,273.0,0.727,0.0,0.0,-0.1,-0.043,0.085,0.0,6000.0,420636.0,221.0,406.0,59.95,2.0,39.0,47.0,39.0,25.5,23.6,-0.038,0.0,0.2,0.2,60.0,59.5,75.6,1.0,273.0,274.0,272.0,-0.076,0.031,0.082,1962.0,433542.0,13750.0,1967.0,-0.926,0.818,0.791,0.836,0.001,0.0,0.001,0.0,0.0,0.0,0.0,0.0,119.0,119.0,119.0,89.0,0.8,240.4,48.12,1.7,3.499,2.0,-1.0,13.48,0.01,0.286,3.0,2.0,0.0,0.0,23.83,24.23,23.44,23.38,23.43,23.04,24.6,23.75,23.87,24.51,23.35,23.48,24.32,24.01,23.27,23.63,24.16,23.61,23.34
2017-06-30 21:11:00-05:00,-11.249011,-13.099078,-4.7964187,-12.049628,-12.361576,-3.7803986,-10.412616,-9.7832365,939150.0,30.68,0.0,-0.233,-0.233,0.274,25.53,1.417,0.0,0.0,0.0,0.0,0.0,0.0,0.0,0.0,1.067,-1.85,-1.467,-0.198,0.0,0.0,0.0,0.0,0.0,271.0,274.8,274.1,273.0,0.735,0.0,0.0,-0.103,-0.042,0.088,0.0,6000.0,420636.0,221.0,406.0,59.95,2.0,39.0,47.0,39.0,25.52,23.6,-0.038,0.0,0.2,0.2,60.0,59.5,75.6,1.0,273.0,274.0,272.0,-0.076,0.031,0.082,1962.0,433542.0,13750.0,1967.0,-0.926,0.818,0.791,0.836,0.001,0.0,0.001,0.0,0.0,0.0,0.0,0.0,119.0,119.0,119.0,89.0,1.48,260.8,45.66,2.8,3.5,2.0,-1.0,13.48,0.01,0.286,3.0,2.0,0.0,0.0,23.83,24.21,23.43,23.33,23.43,23.04,24.55,23.74,23.87,24.49,23.34,23.45,24.33,24.0,23.24,23.62,24.15,23.61,23.34
2017-06-30 21:12:00-05:00,-11.125395,-13.099078,-4.7964187,-12.049628,-12.232809,-3.7803986,-10.16171,-9.7832365,939151.0,30.64,0.0,-0.231,-0.231,0.276,25.55,1.418,0.0,0.0,0.0,0.0,0.0,0.0,0.0,0.0,1.0,-2.0,-1.45,-0.2,0.0,0.0,0.0,0.0,0.0,271.0,274.7,274.0,273.0,0.742,0.0,0.0,-0.102,-0.047,0.093,0.0,6000.0,420636.0,221.0,406.0,59.95,2.0,39.0,47.0,39.0,25.55,23.6,-0.038,0.0,0.2,0.2,60.0,59.5,75.6,1.0,273.0,273.9,272.0,-0.076,0.031,0.082,1962.0,433542.0,13750.0,1967.0,-0.926,0.818,0.791,0.836,0.001,0.0,0.001,0.0,0.0,0.0,0.0,0.0,119.0,119.0,119.0,89.0,1.605,308.1,37.85,2.9,3.5,2.0,-1.0,13.48,0.01,0.286,3.0,2.0,0.0,0.0,23.86,24.21,23.43,23.33,23.43,23.04,24.6,23.75,23.94,24.54,23.35,23.46,24.37,24.01,23.25,23.64,24.21,23.66,23.36
2017-06-30 21:13:00-05:00,-11.125395,-13.099078,-4.7964187,-11.784802,-11.846511,-3.7803986,-9.785349,-9.311755,939152.0,30.6,0.0,-0.227,-0.227,0.281,25.58,1.408,0.0,0.0,0.0,0.0,0.0,0.0,0.0,0.0,1.0,-2.0,-1.517,-0.2,0.0,0.0,0.0,0.0,0.0,271.0,274.0,274.0,273.0,0.762,0.0,0.0,-0.1,-0.045,0.097,0.0,6000.0,420636.0,221.0,406.0,59.95,2.0,39.0,47.0,39.0,25.55,23.59,-0.038,0.0,0.2,0.2,60.0,59.5,75.6,1.0,273.0,273.0,272.0,-0.076,0.031,0.082,1962.0,433542.0,13750.0,1967.0,-0.926,0.818,0.791,0.836,0.0,0.0,0.001,0.0,0.0,0.0,0.0,0.0,119.0,119.0,119.0,89.0,1.602,285.8,49.51,4.1,3.5,2.0,-1.0,13.48,0.01,0.286,3.0,2.0,0.0,0.0,23.83,24.23,23.43,23.33,23.43,23.04,24.6,23.8,24.05,24.61,23.41,23.5,24.43,24.06,23.29,23.68,24.27,23.7,23.4
2017-06-30 21:14:00-05:00,-11.0017805,-13.099078,-4.7964187,-11.519975,-11.717744,-3.7803986,-9.659897,-9.193885,939153.0,30.56,0.0,-0.223,-0.223,0.284,25.59,1.406,0.0,0.0,0.0,0.0,0.0,0.0,0.0,0.0,1.017,-1.867,-1.367,-0.2,0.0,0.0,0.0,0.0,0.0,270.4,274.0,273.8,272.4,0.752,0.0,0.0,-0.102,-0.037,0.08,0.0,6000.0,420636.0,221.0,406.0,59.97,2.0,39.0,47.0,39.0,25.56,23.56,-0.038,0.0,0.2,0.2,60.0,59.5,75.6,1.0,272.4,273.0,271.4,-0.076,0.031,0.082,1962.0,433542.0,13750.0,1967.0,-0.926,0.818,0.791,0.836,0.001,0.0,0.001,-0.001,0.0,0.0,0.0,0.0,119.0,119.0,119.0,89.0,0.917,230.3,29.72,1.5,3.499,2.0,-1.0,13.48,0.01,0.286,3.0,2.0,0.0,0.0,23.83,24.21,23.43,23.33,23.43,23.04,24.6,23.8,23.96,24.58,23.42,23.51,24.45,24.07,23.29,23.67,24.24,23.69,23.39
2017-06-30 21:15:00-05:00,-11.0017805,-13.099078,-4.7964187,-11.784802,-11.717744,-3.7803986,-9.659897,-9.193885,939154.0,30.52,0.0,-0.221,-0.221,0.286,25.54,1.397,0.0,0.0,0.0,0.0,0.0,0.0,0.0,0.0,1.117,-1.633,-1.35,-0.197,0.0,0.0,0.0,0.0,0.0,270.0,274.0,273.2,272.0,0.725,0.0,0.0,-0.1,-0.053,0.092,0.0,6000.0,420636.0,221.0,406.0,59.96,2.0,39.0,47.0,38.9,25.54,23.56,-0.038,0.0,0.2,0.2,60.0,59.5,75.6,1.0,272.0,273.0,271.0,-0.075,0.031,0.081,1962.0,433542.0,13750.0,1967.0,-0.926,0.818,0.791,0.836,0.001,0.0,0.001,0.0,0.0,0.0,0.0,0.0,119.0,119.0,119.0,89.0,1.58,235.3,25.51,3.3,3.5,2.0,-1.0,13.48,0.01,0.286,3.0,2.0,0.0,0.0,23.83,24.14,23.43,23.33,23.43,23.04,24.6,23.77,23.91,24.56,23.39,23.46,24.34,24.02,23.24,23.64,24.2,23.64,23.36
2017-06-30 21:16:00-05:00,-10.630933,-13.099078,-4.7964187,-11.784802,-11.717744,-3.7803986,-9.659897,-9.193885,939155.0,30.47,0.0,-0.218,-0.218,0.289,25.55,1.384,0.0,0.0,0.0,0.0,0.0,0.0,0.0,0.0,1.083,-1.7,-1.417,-0.198,0.0,0.0,0.0,0.0,0.0,270.0,274.0,273.0,272.0,0.722,0.0,0.0,-0.1,-0.048,0.09,0.0,6000.0,420636.0,221.0,406.0,59.95,2.0,39.0,47.0,38.05,25.55,23.58,-0.038,0.0,0.2,0.2,60.0,59.5,75.6,1.0,272.0,272.9,271.0,-0.075,0.031,0.081,1962.0,433542.0,13750.0,1967.0,-0.927,0.818,0.791,0.836,0.001,0.0,0.001,0.0,0.0,0.0,0.0,0.0,119.0,119.0,119.0,89.0,1.917,279.3,27.66,3.4,3.5,2.0,-1.0,13.48,0.01,0.286,3.0,2.0,0.0,0.0,23.83,24.13,23.43,23.33,23.43,23.04,24.57,23.78,23.94,24.56,23.4,23.45,24.34,24.04,23.23,23.65,24.25,23.67,23.38
2017-06-30 21:17:00-05:00,-10.507318,-13.099078,-4.7964187,-11.652389,-11.588977,-3.7803986,-9.659897,-9.0760145,939156.0,30.44,0.0,-0.216,-0.216,0.292,25.59,1.367,0.0,0.0,0.0,0.0,0.0,0.0,0.0,0.0,1.033,-1.867,-1.333,-0.2,0.0,0.0,0.0,0.0,0.0,270.0,274.0,273.3,272.0,0.75,0.0,0.0,-0.1,-0.055,0.082,0.0,6000.0,420636.0,221.0,406.0,59.95,2.0,39.0,47.0,38.0,25.59,23.58,-0.038,0.0,0.2,0.2,60.0,59.5,75.6,1.0,272.0,273.0,271.0,-0.076,0.031,0.081,1962.0,433542.0,13750.0,1967.0,-0.927,0.818,0.791,0.836,0.001,-0.001,0.001,0.0,0.0,0.0,0.0,0.0,119.0,119.0,119.0,89.0,0.813,261.1,81.3,2.3,3.499,2.0,-1.0,13.48,0.009,0.286,3.0,2.0,0.0,0.0,23.83,24.16,23.43,23.33,23.43,23.04,24.6,23.79,23.96,24.57,23.41,23.46,24.38,24.04,23.25,23.68,24.29,23.71,23.4
2017-06-30 21:18:00-05:00,-10.507318,-13.099078,-4.7964187,-11.387561,-11.588977,-3.7803986,-9.659897,-9.0760145,939157.0,30.4,0.0,-0.214,-0.214,0.293,25.61,1.372,0.0,0.0,0.0,0.0,0.0,0.0,0.0,0.0,1.0,-2.0,-1.5,-0.2,0.0,0.0,0.0,0.0,0.0,270.0,274.0,273.2,272.0,0.73,0.0,0.0,-0.102,-0.047,0.092,0.0,6000.0,420636.0,221.0,406.0,59.94,2.0,39.0,47.0,38.0,25.59,23.55,-0.038,0.0,0.2,0.2,60.0,59.5,75.6,1.0,272.0,273.0,271.0,-0.075,0.031,0.081,1962.0,433542.0,13750.0,1967.0,-0.926,0.818,0.791,0.836,0.001,-0.001,0.001,0.0,0.0,0.0,0.0,0.0,119.0,119.0,119.0,89.0,2.348,334.7,21.42,3.3,3.499,2.0,-1.0,13.48,0.009,0.286,3.0,2.0,0.0,0.0,23.77,24.15,23.43,23.33,23.43,23.04,24.6,23.82,24.05,24.61,23.44,23.48,24.45,24.05,23.27,23.7,24.31,23.73,23.41
2017-06-30 21:19:00-05:00,-10.507318,-13.099078,-4.7964187,-11.122734,-11.460212,-3.7803986,-9.659897,-9.0760145,939158.0,30.35,0.0,-0.213,-0.213,0.295,25.63,1.359,0.0,0.0,0.0,0.0,0.0,0.0,0.0,0.0,1.0,-1.917,-1.5,-0.198,0.0,0.0,0.0,0.0,0.0,270.0,274.0,273.7,272.0,0.732,0.0,0.0,-0.102,-0.043,0.097,0.0,6000.0,420636.0,221.0,406.0,59.93,2.0,39.0,47.0,38.0,25.56,23.52,-0.038,0.0,0.2,0.2,60.0,59.5,75.6,1.0,272.0,273.0,271.0,-0.075,0.031,0.082,1962.0,433542.0,13750.0,1967.0,-0.926,0.818,0.791,0.836,0.001,0.0,0.001,0.0,0.0,0.0,0.0,0.0,119.0,119.0,119.0,89.0,0.85,261.2,36.89,1.8,3.5,2.0,-1.0,13.48,0.009,0.286,3.0,2.0,0.0,0.0,23.73,24.2,23.43,23.33,23.43,23.04,24.6,23.83,23.98,24.59,23.44,23.49,24.42,24.04,23.28,23.7,24.32,23.75,23.41
2017-06-30 21:20:00-05:00,-10.507318,-13.099078,-4.7964187,-11.122734,-11.331445,-3.7803986,-9.659897,-9.0760145,939159.0,30.32,0.0,-0.211,-0.211,0.296,25.61,1.346,0.0,0.0,0.0,0.0,0.0,0.0,0.0,0.0,1.033,-1.75,-1.35,-0.197,0.0,0.0,0.0,0.0,0.0,270.0,274.0,273.9,272.0,0.735,0.0,0.0,-0.102,-0.05,0.077,0.0,6000.0,420636.0,221.0,406.0,59.93,2.0,39.0,47.0,38.0,25.56,23.51,-0.038,0.0,0.2,0.2,60.0,59.5,75.6,1.0,272.0,273.0,271.1,-0.076,0.031,0.082,1962.0,433542.0,13750.0,1967.0,-0.926,0.818,0.791,0.836,0.001,-0.001,0.001,0.0,0.0,0.0,0.0,0.0,119.0,119.0,119.0,89.0,1.34,208.8,32.95,2.6,3.5,2.0,-1.0,13.48,0.009,0.286,3.0,2.0,0.0,0.0,23.73,24.2,23.43,23.28,23.43,23.04,24.54,23.82,24.04,24.59,23.44,23.5,24.39,24.06,23.28,23.71,24.31,23.77,23.42
2017-06-30 21:21:00-05:00,-10.507318,-13.099078,-4.7964187,-11.122734,-11.460212,-3.7803986,-9.659897,-9.0760145,939160.0,30.28,0.0,-0.21,-0.21,0.297,25.59,1.346,0.0,0.0,0.0,0.0,0.0,0.0,0.0,0.0,1.067,-1.733,-1.367,-0.198,0.0,0.0,0.0,0.0,0.0,270.5,274.0,274.0,272.5,0.722,0.0,0.0,-0.1,-0.04,0.08,0.0,6000.0,420636.0,221.0,406.0,59.95,2.0,39.0,46.93,38.0,25.61,23.52,-0.038,0.0,0.2,0.2,60.0,59.5,75.6,1.0,272.4,273.0,271.9,-0.076,0.031,0.082,1962.0,433542.0,13750.0,1968.0,-0.926,0.818,0.791,0.836,0.001,0.0,0.001,0.0,0.0,0.0,0.0,0.0,119.0,119.0,119.0,89.0,1.477,223.5,48.12,2.7,3.5,2.0,-1.0,13.48,0.009,0.286,3.0,2.0,0.0,0.0,23.73,24.2,23.43,23.25,23.43,23.06,24.51,23.81,23.99,24.57,23.42,23.47,24.3,24.05,23.27,23.67,24.24,23.72,23.38
2017-06-30 21:22:00-05:00,-10.383702,-13.099078,-4.7964187,-11.387561,-11.460212,-3.7803986,-9.659897,-9.0760145,939161.0,30.24,0.0,-0.209,-0.209,0.298,25.61,1.323,0.0,0.0,0.0,0.0,0.0,0.0,0.0,0.0,1.0,-1.867,-1.367,-0.198,0.0,0.0,0.0,0.0,0.0,270.8,274.0,274.0,272.8,0.717,0.0,0.0,-0.1,-0.05,0.098,0.0,6000.0,420636.0,221.0,406.0,59.97,2.0,39.0,46.12,38.0,25.6,23.55,-0.038,0.0,0.2,0.2,60.0,59.5,75.6,1.0,273.0,273.0,272.0,-0.076,0.031,0.082,1962.0,433542.0,13750.0,1968.0,-0.926,0.818,0.791,0.836,0.001,0.0,0.001,0.0,0.0,0.0,0.0,0.0,119.0,119.0,119.0,89.0,1.288,234.4,66.55,2.5,3.5,2.0,-1.0,13.48,0.009,0.286,3.0,2.0,0.0,0.0,23.73,24.2,23.43,23.3,23.43,23.04,24.51,23.82,24.02,24.56,23.43,23.44,24.26,24.04,23.24,23.65,24.27,23.71,23.37
2017-06-30 21:23:00-05:00,-10.383702,-13.099078,-4.4411287,-11.519975,-11.588977,-3.7803986,-9.659897,-9.0760145,939162.0,30.2,0.0,0.086,0.103,0.528,25.59,1.319,0.0,0.0,0.0,0.0,0.0,0.0,0.0,0.0,1.017,-1.9,-1.383,-0.198,0.0,0.0,0.0,0.0,0.0,270.9,274.0,274.0,272.9,0.722,0.0,0.0,-0.102,-0.045,0.09,0.0,6000.0,420636.0,221.0,406.0,59.98,2.0,39.0,46.0,38.0,25.61,23.58,-0.038,0.0,0.2,0.2,60.0,59.5,75.6,1.0,273.0,273.0,272.0,-0.076,0.031,0.082,1962.0,433542.0,13750.0,1968.0,-0.926,0.818,0.791,0.836,0.001,0.0,0.0,0.0,0.0,0.0,0.0,0.0,119.0,119.0,119.0,89.0,2.065,242.9,23.48,3.5,3.499,2.0,-1.0,13.32,-0.003,0.286,1.0,2.0,0.0,0.001,23.81,24.2,23.46,23.3,23.48,23.04,24.51,23.81,23.98,24.55,23.42,23.42,24.24,24.03,23.21,23.65,24.26,23.71,23.36
2017-06-30 21:24:00-05:00,-10.260086,-13.099078,-4.2042685,-11.255148,-11.588977,-3.7803986,-9.659897,-9.0760145,939163.0,30.17,0.0,-0.207,-0.207,0.3,25.59,1.322,0.0,0.0,0.0,0.0,0.0,0.0,0.0,0.0,1.0,-1.967,-1.467,-0.198,0.0,0.0,0.0,0.0,0.0,271.0,274.0,274.0,273.0,0.727,0.0,0.0,-0.1,-0.04,0.087,0.0,6000.0,420636.0,221.0,406.0,59.97,2.0,39.0,46.0,38.0,25.57,23.57,-0.038,0.0,0.2,0.2,60.0,59.5,75.6,1.0,273.0,273.0,272.0,-0.076,0.031,0.082,1962.0,433542.0,13750.0,1968.0,-0.926,0.818,0.791,0.836,0.001,0.0,0.001,0.0,0.0,0.0,0.0,0.0,119.0,119.0,119.0,89.0,1.715,303.8,42.41,2.8,3.5,2.0,-1.0,13.41,0.028,0.286,3.0,2.0,0.0,0.0,23.83,24.22,23.48,23.35,23.54,23.1,24.51,23.81,24.02,24.55,23.42,23.43,24.3,24.05,23.22,23.65,24.26,23.71,23.37
2017-06-30 21:25:00-05:00,-10.260086,-13.099078,-4.085839,-11.122734,-11.331445,-3.7803986,-9.659897,-9.0760145,939164.0,30.13,0.0,-0.207,-0.207,0.3,25.6,1.279,0.0,0.0,0.0,0.0,0.0,0.0,0.0,0.0,1.017,-1.8,-1.4,-0.2,0.0,0.0,0.0,0.0,0.0,271.0,274.1,274.0,273.0,0.717,0.0,0.0,-0.1,-0.055,0.092,0.0,6000.0,420636.0,221.0,406.0,59.96,2.0,38.8,46.0,38.0,25.6,23.56,-0.038,0.0,0.2,0.2,60.0,59.5,75.6,1.0,273.0,273.0,272.0,-0.076,0.031,0.082,1962.0,433542.0,13750.0,1968.0,-0.926,0.818,0.791,0.836,0.001,-0.001,0.001,0.0,0.0,0.0,0.0,0.0,119.0,119.0,119.0,89.0,1.215,188.6,19.39,2.1,3.499,2.0,-1.0,13.51,0.01,0.285,3.0,2.0,0.0,0.0,23.76,24.18,23.52,23.32,23.54,23.13,24.51,23.8,23.98,24.53,23.41,23.41,24.26,24.0,23.2,23.65,24.25,23.71,23.37
2017-06-30 21:26:00-05:00,-10.260086,-13.099078,-4.322698,-11.519975,-11.588977,-3.7803986,-9.659897,-9.0760145,939165.0,30.09,0.0,-0.206,-0.206,0.301,25.59,1.278,0.0,0.0,0.0,0.0,0.0,0.0,0.0,0.0,1.05,-1.867,-1.45,-0.198,0.0,0.0,0.0,0.0,0.0,271.0,274.0,274.0,273.0,0.715,0.0,0.0,-0.1,-0.047,0.088,0.0,6000.0,420636.0,221.0,406.0,59.97,2.0,38.15,46.0,38.0,25.54,23.51,-0.038,0.0,0.2,0.2,60.0,59.5,75.6,1.0,273.0,273.0,272.0,-0.076,0.031,0.082,1962.0,433542.0,13750.0,1968.0,-0.926,0.818,0.791,0.836,0.001,0.0,0.001,0.0,0.0,0.0,0.0,0.0,119.0,119.0,119.0,89.0,1.183,236.1,26.51,2.2,3.5,2.0,-1.0,13.51,0.01,0.285,3.0,2.0,0.0,0.0,23.73,24.12,23.45,23.32,23.54,23.09,24.44,23.75,23.96,24.49,23.37,23.36,24.17,23.93,23.15,23.59,24.16,23.65,23.32
2017-06-30 21:27:00-05:00,-10.383702,-13.099078,-4.2042685,-11.784802,-11.717744,-3.7803986,-9.785349,-9.193885,939166.0,30.05,0.0,-0.203,-0.203,0.304,25.58,1.251,0.0,0.0,0.0,0.0,0.0,0.0,0.0,0.0,1.067,-1.7,-1.317,-0.198,0.0,0.0,0.0,0.0,0.0,271.0,274.3,274.0,273.0,0.73,0.0,0.0,-0.1,-0.037,0.087,0.0,6000.0,420636.0,221.0,406.0,59.94,2.0,38.0,46.0,38.0,25.55,23.49,-0.038,0.0,0.2,0.2,60.0,59.5,75.6,1.0,273.0,273.2,272.0,-0.076,0.031,0.082,1962.0,433542.0,13750.0,1968.0,-0.926,0.818,0.791,0.836,0.001,0.0,0.001,0.0,0.0,0.0,0.0,0.0,119.0,119.0,119.0,89.0,1.15,216.5,29.19,2.0,3.5,2.0,-1.0,13.51,0.01,0.285,3.0,2.0,0.0,0.0,23.73,24.12,23.44,23.34,23.47,23.05,24.41,23.72,23.93,24.47,23.33,23.3,24.07,23.9,23.09,23.56,24.1,23.6,23.28
2017-06-30 21:28:00-05:00,-10.383702,-13.099078,-4.085839,-11.784802,-11.717744,-3.7803986,-9.785349,-9.193885,939167.0,30.02,0.0,-0.2,-0.2,0.307,25.54,1.221,0.0,0.0,0.0,0.0,0.0,0.0,0.0,0.0,1.183,-1.433,-1.25,-0.2,0.0,0.0,0.0,0.0,0.0,271.0,274.0,274.0,273.0,0.728,0.0,0.0,-0.1,-0.047,0.078,0.0,6000.0,420636.0,221.0,406.0,59.94,2.0,38.0,46.0,38.0,25.53,23.51,-0.038,0.0,0.2,0.2,60.0,59.5,75.6,1.0,273.0,273.0,272.0,-0.076,0.031,0.082,1962.0,433542.0,13750.0,1968.0,-0.926,0.818,0.791,0.836,0.001,0.0,0.001,0.0,0.0,0.0,0.0,0.0,119.0,119.0,119.0,89.0,1.228,210.6,54.12,2.2,3.5,2.0,-1.0,13.51,0.009,0.285,3.0,2.0,0.0,0.0,23.73,24.07,23.44,23.32,23.47,23.05,24.38,23.7,23.87,24.45,23.32,23.28,24.07,23.9,23.08,23.52,24.06,23.57,23.25
2017-06-30 21:29:00-05:00,-10.383702,-13.099078,-3.9674082,-11.917214,-11.717744,-3.7803986,-9.910803,-9.311755,939168.0,29.98,0.0,-0.201,-0.201,0.306,25.54,1.214,0.0,0.0,0.0,0.0,0.0,0.0,0.0,0.0,1.1,-1.6,-1.35,-0.198,0.0,0.0,0.0,0.0,0.0,271.0,274.4,274.0,273.0,0.737,0.0,0.0,-0.1,-0.05,0.082,0.0,6000.0,420636.0,221.0,406.0,59.95,2.0,38.0,46.0,38.0,25.51,23.46,-0.038,0.0,0.2,0.2,60.0,59.5,75.6,1.0,273.0,273.3,272.0,-0.076,0.031,0.082,1962.0,433542.0,13750.0,1968.0,-0.926,0.818,0.791,0.836,0.001,0.0,0.001,0.0,0.0,0.0,0.0,0.0,119.0,119.0,119.0,89.0,1.283,212.9,52.77,2.9,3.499,2.0,-1.0,13.51,0.009,0.285,3.0,2.0,0.0,0.0,23.73,24.09,23.44,23.32,23.44,23.05,24.42,23.67,23.85,24.4,23.28,23.26,24.0,23.84,23.06,23.51,24.05,23.55,23.22
2017-06-30 21:30:00-05:00,-10.507318,-13.099078,-3.9674082,-11.917214,-11.717744,-3.7803986,-10.16171,-9.4296255,939169.0,29.94,0.0,-0.201,-0.201,0.306,25.52,1.214,0.0,0.0,0.0,0.0,0.0,0.0,0.0,0.0,1.0,-1.783,-1.333,-0.2,0.0,0.0,0.0,0.0,0.0,271.0,274.4,274.0,273.0,0.733,0.0,0.0,-0.1,-0.042,0.073,0.0,6000.0,420636.0,221.0,406.0,59.96,2.0,38.0,46.0,38.0,25.5,23.42,-0.038,0.0,0.2,0.2,60.0,59.5,75.6,1.0,273.0,273.5,272.0,-0.076,0.031,0.082,1962.0,433542.0,13750.0,1968.0,-0.926,0.818,0.791,0.836,0.001,0.0,0.0,0.0,0.0,0.0,0.0,0.0,119.0,119.0,119.0,89.0,1.027,302.0,82.6,2.0,3.499,2.0,-1.0,13.52,0.009,0.285,3.0,2.0,0.0,0.0,23.68,24.02,23.4,23.24,23.44,23.05,24.36,23.61,23.8,24.36,23.22,23.2,24.02,23.8,23.0,23.45,24.01,23.49,23.17
2017-06-30 21:31:00-05:00,-10.754549,-13.099078,-4.085839,-11.917214,-11.717744,-3.7803986,-10.287163,-9.665367,939170.0,29.91,0.0,0.12,0.152,0.583,25.5,1.214,0.0,0.0,0.0,0.0,0.0,0.0,0.0,0.0,1.0,-1.617,-1.317,-0.198,0.0,0.0,0.0,0.0,0.0,271.0,274.4,274.1,273.0,0.732,0.0,0.0,-0.1,-0.037,0.078,0.0,6000.0,420636.0,221.0,406.0,59.97,2.0,38.0,46.0,38.0,25.44,23.4,-0.038,0.0,0.2,0.2,60.0,59.5,75.6,1.0,273.0,273.7,272.0,-0.076,0.031,0.082,1962.0,433542.0,13750.0,1968.0,-0.926,0.818,0.791,0.836,0.001,0.0,0.001,0.0,0.0,0.0,0.0,0.0,119.0,119.0,119.0,89.0,1.005,329.5,46.14,2.1,3.499,2.0,-1.0,13.52,0.011,0.285,3.0,2.0,0.0,0.0,23.63,24.02,23.36,23.24,23.42,23.05,24.38,23.6,23.79,24.34,23.2,23.17,24.02,23.75,22.97,23.41,23.99,23.45,23.13
2017-06-30 21:32:00-05:00,-11.125395,-13.099078,-4.7964187,-11.917214,-11.717744,-3.7803986,-10.287163,-9.665367,939171.0,29.87,0.0,-0.202,-0.202,0.31,25.5,1.214,0.0,0.0,0.0,0.0,0.0,0.0,0.0,0.0,1.0,-1.733,-1.317,-0.198,0.0,0.0,0.0,0.0,0.0,271.0,274.8,274.3,273.0,0.725,0.0,0.0,-0.1,-0.045,0.095,0.0,6000.0,420636.0,221.0,406.0,59.95,2.0,38.0,46.0,38.0,25.44,23.36,-0.038,0.0,0.2,0.2,60.0,59.5,75.6,1.0,273.0,273.9,272.0,-0.076,0.031,0.082,1962.0,433542.0,13750.0,1968.0,-0.926,0.818,0.791,0.836,0.0,0.0,0.001,0.0,0.0,0.0,0.0,0.0,119.0,119.0,119.0,89.0,1.302,259.3,58.01,2.3,3.5,2.0,-1.0,13.32,0.009,0.286,1.0,2.0,0.0,0.001,23.65,23.96,23.34,23.19,23.34,22.97,24.37,23.58,23.78,24.31,23.19,23.15,24.03,23.74,22.95,23.39,23.98,23.43,23.11
2017-06-30 21:33:00-05:00,-11.125395,-13.099078,-4.7964187,-11.652389,-11.717744,-3.7803986,-10.16171,-9.547496,939172.0,29.84,0.0,-0.198,-0.198,0.309,25.52,1.214,0.0,0.0,0.0,0.0,0.0,0.0,0.0,0.0,1.0,-1.783,-1.333,-0.2,0.0,0.0,0.0,0.0,0.0,271.0,274.1,274.0,273.0,0.723,0.0,0.0,-0.1,-0.05,0.083,0.0,6000.0,420636.0,221.0,406.0,59.96,2.0,38.0,46.0,38.0,25.5,23.35,-0.038,0.0,0.2,0.2,60.0,59.5,75.6,1.0,273.0,273.1,272.0,-0.076,0.031,0.082,1962.0,433542.0,13750.0,1968.0,-0.926,0.818,0.791,0.836,0.001,0.0,0.001,0.0,0.0,0.0,0.0,0.0,119.0,119.0,119.0,89.0,1.707,320.6,82.7,2.8,3.499,2.0,-1.0,13.51,0.01,0.285,3.0,2.0,0.0,0.0,23.59,23.92,23.34,23.15,23.34,22.95,24.42,23.58,23.8,24.34,23.19,23.13,24.06,23.75,22.94,23.39,24.02,23.45,23.11
2017-06-30 21:34:00-05:00,-11.0017805,-13.099078,-4.7964187,-11.387561,-11.717744,-3.7803986,-9.910803,-9.311755,939173.0,29.79,0.0,-0.197,-0.197,0.31,25.55,1.214,0.0,0.0,0.0,0.0,0.0,0.0,0.0,0.0,1.0,-1.617,-1.267,-0.2,0.0,0.0,0.0,0.0,0.0,271.0,274.4,274.3,273.0,0.727,0.0,0.0,-0.102,-0.052,0.08,0.0,6000.0,420636.0,221.0,406.0,59.95,2.0,38.0,46.0,38.0,25.53,23.35,-0.038,0.0,0.2,0.2,60.0,59.5,75.6,1.0,273.0,273.5,272.0,-0.076,0.031,0.082,1962.0,433542.0,13750.0,1968.0,-0.926,0.818,0.791,0.836,0.001,0.0,0.0,0.0,0.0,0.0,0.0,0.0,119.0,119.0,119.0,89.0,1.928,256.9,36.4,2.9,3.5,2.0,-1.0,13.51,0.009,0.285,3.0,2.0,0.0,0.0,23.6,23.92,23.31,23.15,23.26,22.94,24.42,23.59,23.79,24.35,23.21,23.14,24.12,23.76,22.95,23.41,24.04,23.46,23.13
2017-06-30 21:35:00-05:00,-10.507318,-13.099078,-4.7964187,-11.122734,-11.588977,-3.7803986,-9.659897,-9.193885,939174.0,29.77,0.0,-0.198,-0.198,0.309,25.52,1.214,0.0,0.0,0.0,0.0,0.0,0.0,0.0,0.0,1.0,-1.545,-1.182,-0.2,0.0,0.0,0.0,0.0,0.0,271.0,274.9,274.9,273.0,0.74,0.0,0.0,-0.1,-0.044,0.089,0.0,6000.0,420636.0,221.0,406.0,59.96,2.0,38.0,46.0,38.0,25.5,23.34,-0.038,0.0,0.2,0.2,60.0,59.5,75.6,1.0,273.0,274.0,272.7,-0.076,0.031,0.082,1962.0,433542.0,13750.0,1968.0,-0.926,0.818,0.791,0.836,0.001,0.0,0.001,0.0,0.0,0.0,0.0,0.0,119.0,119.0,119.0,89.0,1.018,244.9,28.95,2.4,3.5,2.0,-1.0,13.51,0.009,0.285,3.0,2.0,0.0,0.0,23.64,23.92,23.24,23.15,23.24,22.86,24.42,23.58,23.8,24.33,23.19,23.15,24.13,23.77,22.95,23.41,24.04,23.48,23.13
2017-06-30 21:36:00-05:00,-10.507318,-13.099078,-4.7964187,-11.255148,-11.717744,-3.7803986,-9.785349,-9.193885,939175.0,29.73,0.0,-0.195,-0.195,0.312,25.52,1.214,0.0,0.0,0.0,0.0,0.0,0.0,0.0,0.0,1.0,-1.617,-1.317,-0.2,0.0,0.0,0.0,0.0,0.0,271.0,274.5,274.5,273.0,0.74,0.0,0.0,-0.1,-0.052,0.075,0.0,6000.0,420636.0,221.0,406.0,59.96,2.0,38.0,46.0,38.0,25.52,23.32,-0.038,0.0,0.2,0.2,60.0,59.5,75.6,1.0,273.0,273.5,272.5,-0.076,0.031,0.082,1962.0,433542.0,13750.0,1968.0,-0.926,0.818,0.791,0.836,0.001,0.0,0.001,-0.001,0.0,0.0,0.0,0.0,119.0,119.0,119.0,89.0,0.712,293.7,75.86,1.8,3.499,2.0,-1.0,13.51,0.009,0.285,3.0,2.0,0.0,0.0,23.61,23.92,23.24,23.15,23.24,22.85,24.35,23.56,23.77,24.3,23.17,23.14,24.14,23.76,22.93,23.4,24.03,23.47,23.12
2017-06-30 21:37:00-05:00,-10.383702,-13.099078,-4.7964187,-11.255148,-11.717744,-3.7803986,-9.785349,-9.193885,939176.0,29.7,0.0,-0.193,-0.193,0.314,25.53,1.214,0.0,0.0,0.0,0.0,0.0,0.0,0.0,0.0,1.0,-1.683,-1.383,-0.198,0.0,0.0,0.0,0.0,0.0,271.0,274.0,274.0,273.0,0.713,0.0,0.0,-0.1,-0.053,0.08,0.0,6000.0,420636.0,221.0,406.0,59.94,2.0,38.0,46.0,38.0,25.54,23.3,-0.038,0.0,0.2,0.2,60.0,59.5,75.6,1.0,273.0,273.0,272.0,-0.076,0.031,0.082,1962.0,433542.0,13750.0,1968.0,-0.926,0.818,0.791,0.836,0.001,0.0,0.001,0.0,0.0,0.0,0.0,0.0,119.0,119.0,119.0,89.0,1.655,227.6,45.42,2.7,3.5,2.0,-1.0,13.51,0.009,0.285,3.0,2.0,0.0,0.0,23.63,23.84,23.24,23.15,23.24,22.85,24.39,23.55,23.85,24.32,23.17,23.13,24.1,23.76,22.93,23.41,24.05,23.49,23.12
2017-06-30 21:38:00-05:00,-10.383702,-13.099078,-4.7964187,-11.255148,-11.588977,-3.7803986,-9.785349,-9.193885,939177.0,29.66,0.0,0.249,0.276,0.691,25.53,1.214,0.0,0.0,0.0,0.0,0.0,0.0,0.0,0.0,1.0,-1.767,-1.3,-0.2,0.0,0.0,0.0,0.0,0.0,271.0,274.1,274.0,273.0,0.735,0.0,0.0,-0.1,-0.047,0.09,0.0,6000.0,420636.0,221.0,406.0,59.95,2.0,38.0,46.0,38.0,25.51,23.36,-0.038,0.0,0.2,0.2,60.0,59.5,75.6,1.0,273.0,273.1,272.0,-0.076,0.031,0.082,1962.0,433542.0,13750.0,1968.0,-0.926,0.818,0.791,0.836,0.001,0.0,0.001,0.0,0.0,0.0,0.0,0.0,119.0,119.0,119.0,89.0,1.223,255.4,40.97,2.2,3.499,2.0,-1.0,13.33,0.008,0.286,3.0,2.0,0.0,0.001,23.64,23.83,23.24,23.13,23.24,22.85,24.3,23.55,23.79,24.31,23.17,23.11,24.02,23.75,22.92,23.41,24.03,23.49,23.13
2017-06-30 21:39:00-05:00,-10.630933,-13.099078,-4.7964187,-11.519975,-11.588977,-3.7803986,-9.910803,-9.311755,939178.0,29.63,0.0,-0.184,-0.184,0.323,25.49,1.214,0.0,0.0,0.0,0.0,0.0,0.0,0.0,0.0,1.0,-1.533,-1.333,-0.2,0.0,0.0,0.0,0.0,0.0,271.0,274.6,274.5,273.0,0.723,0.0,0.0,-0.1,-0.047,0.085,0.0,6000.0,420636.0,221.0,406.0,59.96,2.0,38.0,46.0,37.48,25.45,23.31,-0.038,0.0,0.2,0.2,60.0,59.5,75.6,1.0,273.0,273.9,272.0,-0.076,0.031,0.082,1962.0,433542.0,13750.0,1968.0,-0.926,0.818,0.791,0.836,0.001,0.0,0.001,0.0,0.0,0.0,0.0,0.0,119.0,119.0,119.0,89.0,0.845,300.5,37.85,1.9,3.499,2.0,-1.0,13.5,0.012,0.285,3.0,2.0,0.0,0.0,23.64,23.85,23.15,23.05,23.16,22.82,24.22,23.51,23.74,24.26,23.14,23.07,24.01,23.7,22.87,23.38,24.01,23.46,23.09
2017-06-30 21:40:00-05:00,-10.878164,-13.099078,-4.7964187,-11.519975,-11.588977,-3.7803986,-9.910803,-9.193885,939179.0,29.59,0.0,-0.183,-0.183,0.325,25.48,1.214,0.0,0.0,0.0,0.0,0.0,0.0,0.0,0.0,1.0,-1.567,-1.167,-0.198,0.0,0.0,0.0,0.0,0.0,271.0,274.9,274.7,273.0,0.72,0.0,0.0,-0.1,-0.055,0.073,0.0,6000.0,420636.0,221.0,406.0,59.97,2.0,38.0,46.0,37.43,25.48,23.29,-0.038,0.0,0.2,0.2,60.0,59.5,75.6,1.0,273.0,274.0,272.1,-0.076,0.031,0.082,1962.0,433542.0,13750.0,1968.0,-0.926,0.818,0.791,0.836,0.001,0.0,0.0,0.0,0.0,0.0,0.0,0.0,119.0,119.0,119.0,89.0,0.998,291.9,26.73,1.8,3.5,2.0,-1.0,13.51,0.009,0.285,3.0,2.0,0.0,0.0,23.61,23.78,23.15,22.97,23.15,22.76,24.22,23.51,23.79,24.27,23.14,23.06,24.03,23.69,22.87,23.36,23.99,23.44,23.07
2017-06-30 21:41:00-05:00,-11.0017805,-13.099078,-4.7964187,-11.519975,-11.588977,-3.7803986,-9.910803,-9.4296255,939180.0,29.56,0.0,-0.182,-0.182,0.325,25.46,1.214,0.0,0.0,0.0,0.0,0.0,0.0,0.0,0.0,1.0,-1.467,-1.283,-0.2,0.0,0.0,0.0,0.0,0.0,271.1,274.9,274.9,273.1,0.71,0.0,0.0,-0.1,-0.047,0.09,0.0,6000.0,420636.0,221.0,406.0,59.94,2.0,38.0,46.0,37.37,25.46,23.27,-0.038,0.0,0.2,0.2,60.0,59.5,75.6,1.0,273.2,274.0,272.6,-0.076,0.031,0.082,1962.0,433542.0,13750.0,1968.0,-0.926,0.818,0.791,0.836,0.001,0.0,0.001,0.0,0.0,0.0,0.0,0.0,119.0,119.0,119.0,89.0,1.492,237.4,20.03,2.4,3.5,2.0,-1.0,13.51,0.009,0.285,3.0,2.0,0.0,0.0,23.54,23.77,23.15,22.95,23.11,22.74,24.24,23.48,23.75,24.27,23.1,23.03,24.0,23.65,22.85,23.33,23.91,23.41,23.05
2017-06-30 21:42:00-05:00,-11.0017805,-13.099078,-4.7964187,-11.652389,-11.717744,-3.7803986,-9.785349,-9.4296255,939181.0,29.52,0.0,-0.181,-0.181,0.326,25.45,1.214,0.0,0.0,0.0,0.0,0.0,0.0,0.0,0.0,1.0,-1.6,-1.367,-0.2,0.0,0.0,0.0,0.0,0.0,271.0,275.0,274.8,273.0,0.703,0.0,0.0,-0.102,-0.04,0.085,0.0,6000.0,420636.0,221.0,406.0,59.95,2.0,38.0,46.0,37.0,25.49,23.28,-0.038,0.0,0.2,0.2,60.0,59.5,75.6,1.0,273.1,274.0,272.4,-0.076,0.031,0.082,1962.0,433542.0,13750.0,1968.0,-0.926,0.818,0.791,0.836,0.001,0.0,0.001,0.0,0.0,0.0,0.0,0.0,119.0,119.0,119.0,89.0,0.665,235.3,45.06,1.3,3.499,2.0,-1.0,13.51,0.009,0.285,3.0,2.0,0.0,0.0,23.54,23.78,23.15,22.95,23.08,22.76,24.22,23.46,23.73,24.22,23.09,22.99,23.91,23.63,22.8,23.3,23.91,23.38,23.02
2017-06-30 21:43:00-05:00,-11.125395,-13.099078,-4.7964187,-11.652389,-11.717744,-3.7803986,-9.785349,-9.547496,939182.0,29.5,0.0,-0.179,-0.179,0.329,25.48,1.214,0.0,0.0,0.0,0.0,0.0,0.0,0.0,0.0,1.0,-1.6,-1.433,-0.2,0.0,0.0,0.0,0.0,0.0,271.2,275.0,274.9,273.2,0.695,0.0,0.0,-0.102,-0.048,0.085,0.0,6000.0,420636.0,221.0,406.0,59.96,2.0,38.0,46.0,37.0,25.47,23.27,-0.038,0.0,0.2,0.2,60.0,59.5,75.6,1.0,273.1,274.0,272.8,-0.076,0.031,0.082,1962.0,433542.0,13750.0,1968.0,-0.926,0.818,0.791,0.836,0.001,-0.001,0.001,0.0,0.0,0.0,0.0,0.0,119.0,119.0,119.0,89.0,1.382,297.5,25.67,2.7,3.498,2.0,-1.0,13.51,0.009,0.285,3.0,2.0,0.0,0.0,23.51,23.82,23.11,22.95,23.13,22.76,24.21,23.45,23.72,24.22,23.08,22.97,23.91,23.62,22.79,23.28,23.9,23.37,23.01
2017-06-30 21:44:00-05:00,-11.125395,-13.099078,-4.7964187,-11.519975,-11.717744,-3.7803986,-9.785349,-9.311755,939183.0,29.46,0.0,0.305,0.347,0.768,25.52,1.214,0.0,0.0,0.0,0.0,0.0,0.0,0.0,0.0,1.0,-1.917,-1.333,-0.2,0.0,0.0,0.0,0.0,0.0,271.7,275.0,275.0,273.7,0.675,0.0,0.0,-0.1,-0.048,0.082,0.0,6000.0,420636.0,221.0,406.0,59.97,2.0,38.0,46.0,37.0,25.49,23.24,-0.038,0.0,0.2,0.2,60.0,59.5,75.6,1.0,273.7,274.0,273.0,-0.076,0.031,0.082,1962.0,433542.0,13750.0,1968.0,-0.926,0.818,0.791,0.836,0.001,0.0,0.001,0.0,0.0,0.0,0.0,0.0,119.0,119.0,119.0,89.0,1.645,216.3,77.75,3.6,3.5,2.0,-1.0,13.33,0.007,0.286,3.0,2.0,0.0,0.001,23.48,23.8,23.05,22.95,23.05,22.74,24.22,23.48,23.76,24.26,23.09,22.97,23.95,23.66,22.78,23.29,23.93,23.38,23.01
2017-06-30 21:45:00-05:00,-10.878164,-13.099078,-4.7964187,-11.255148,-11.588977,-3.7803986,-9.659897,-9.193885,939184.0,29.43,0.0,-0.171,-0.171,0.336,25.52,1.214,0.0,0.0,0.0,0.0,0.0,0.0,0.0,0.0,1.0,-1.7,-1.367,-0.2,0.0,0.0,0.0,0.0,0.0,271.8,275.0,274.9,273.7,0.695,0.0,0.0,-0.1,-0.042,0.095,0.0,6000.0,420636.0,221.0,406.0,59.95,2.0,38.0,45.9,37.0,25.56,23.27,-0.038,0.0,0.2,0.2,60.0,59.5,75.6,1.0,273.7,274.0,272.9,-0.076,0.031,0.082,1962.0,433542.0,13750.0,1968.0,-0.926,0.818,0.791,0.836,0.001,-0.001,0.001,0.0,0.0,0.0,0.0,0.0,119.0,119.0,119.0,89.0,1.348,214.4,38.43,2.6,3.499,2.0,-1.0,13.5,0.012,0.285,3.0,2.0,0.0,0.0,23.54,23.79,23.13,22.95,23.08,22.76,24.19,23.5,23.9,24.28,23.12,22.98,23.87,23.66,22.79,23.31,23.94,23.4,23.03
2017-06-30 21:46:00-05:00,-10.507318,-13.099078,-4.7964187,-11.122734,-11.588977,-3.7803986,-9.659897,-9.0760145,939185.0,29.39,0.0,-0.171,-0.171,0.336,25.54,1.214,0.0,0.0,0.0,0.0,0.0,0.0,0.0,0.0,1.0,-1.7,-1.367,-0.2,0.0,0.0,0.0,0.0,0.0,271.7,275.0,275.0,273.7,0.695,0.0,0.0,-0.1,-0.038,0.075,0.0,6000.0,420636.0,221.0,406.0,59.95,2.0,38.0,45.03,37.0,25.55,23.27,-0.038,0.0,0.2,0.2,60.0,59.5,75.6,1.0,274.0,274.0,273.0,-0.076,0.031,0.082,1962.0,433542.0,13750.0,1968.0,-0.926,0.818,0.791,0.836,0.001,0.0,0.001,0.0,0.0,0.0,0.0,0.0,119.0,119.0,119.0,89.0,0.808,255.9,66.4,1.6,3.5,2.0,-1.0,13.51,0.009,0.285,3.0,2.0,0.0,0.0,23.49,23.72,23.15,22.95,23.07,22.76,24.22,23.51,23.78,24.25,23.12,22.98,23.85,23.69,22.79,23.31,23.95,23.41,23.04
2017-06-30 21:47:00-05:00,-10.383702,-13.099078,-4.7964187,-11.255148,-11.588977,-3.7803986,-9.659897,-9.0760145,939186.0,29.37,0.0,-0.172,-0.172,0.335,25.51,1.214,0.0,0.0,0.0,0.0,0.0,0.0,0.0,0.0,1.0,-1.533,-1.35,-0.2,0.0,0.0,0.0,0.0,0.0,272.0,275.0,275.0,274.0,0.713,0.0,0.0,-0.1,-0.057,0.083,0.0,6000.0,420636.0,221.0,406.0,59.97,2.0,38.0,45.05,37.0,25.5,23.28,-0.038,0.0,0.2,0.2,60.0,59.5,75.6,1.0,274.0,274.0,273.0,-0.076,0.031,0.082,1962.0,433542.0,13750.0,1968.0,-0.926,0.818,0.791,0.836,0.001,0.0,0.001,0.0,0.0,0.0,0.0,0.0,119.0,119.0,119.0,89.0,1.408,245.6,25.18,2.9,3.5,2.0,-1.0,13.51,0.009,0.285,3.0,2.0,0.0,0.0,23.45,23.72,23.13,22.95,23.05,22.76,24.16,23.48,23.72,24.22,23.1,22.95,23.88,23.67,22.76,23.3,23.97,23.38,23.02
2017-06-30 21:48:00-05:00,-10.383702,-13.099078,-4.7964187,-11.255148,-11.588977,-3.7803986,-9.659897,-9.0760145,939187.0,29.33,0.0,-0.168,-0.168,0.339,25.48,1.214,0.0,0.0,0.0,0.0,0.0,0.0,0.0,0.0,1.0,-1.467,-1.167,-0.198,0.0,0.0,0.0,0.0,0.0,272.0,275.1,275.0,274.0,0.72,0.0,0.0,-0.1,-0.058,0.092,0.0,6000.0,420636.0,221.0,406.0,59.97,2.0,38.0,45.62,37.0,25.49,23.26,-0.038,0.0,0.2,0.2,60.0,59.5,75.6,1.0,274.0,274.5,273.0,-0.076,0.031,0.082,1962.0,433542.0,13750.0,1968.0,-0.926,0.818,0.791,0.836,0.001,0.0,0.001,0.0,0.0,0.0,0.0,0.0,119.0,119.0,119.0,89.0,0.598,283.8,62.57,1.4,3.5,2.0,-1.0,13.51,0.008,0.285,3.0,2.0,0.0,0.0,23.45,23.74,23.08,22.95,23.0,22.71,24.13,23.45,23.74,24.2,23.07,22.92,23.88,23.62,22.74,23.29,23.91,23.36,23.0
2017-06-30 21:49:00-05:00,-10.383702,-13.099078,-4.7964187,-11.255148,-11.588977,-3.7803986,-9.785349,-9.311755,939188.0,29.3,0.0,-0.166,-0.166,0.341,25.48,1.214,0.0,0.0,0.0,0.0,0.0,0.0,0.0,0.0,1.0,-1.75,-1.367,-0.198,0.0,0.0,0.0,0.0,0.0,272.0,275.0,275.0,274.0,0.727,0.0,0.0,-0.1,-0.052,0.07,0.0,6000.0,420636.0,221.0,406.0,59.95,2.0,38.0,45.33,37.0,25.5,23.27,-0.038,0.0,0.2,0.2,60.0,59.5,75.6,1.0,274.0,274.0,273.0,-0.076,0.031,0.082,1962.0,433542.0,13750.0,1968.0,-0.926,0.818,0.791,0.836,0.001,0.0,0.001,0.0,0.0,0.0,0.0,0.0,119.0,119.0,119.0,89.0,1.312,256.6,36.81,1.9,3.5,2.0,-1.0,13.51,0.008,0.285,3.0,2.0,0.0,0.0,23.45,23.74,23.05,22.95,22.95,22.66,24.04,23.42,23.7,24.19,23.05,22.91,23.84,23.6,22.73,23.26,23.91,23.34,22.97
2017-06-30 21:50:00-05:00,-10.383702,-13.099078,-4.7964187,-11.255148,-11.588977,-3.7803986,-9.659897,-9.311755,939189.0,29.26,0.0,0.078,0.1,0.541,25.48,1.214,0.0,0.0,0.0,0.0,0.0,0.0,0.0,0.0,1.0,-1.683,-1.45,-0.2,0.0,0.0,0.0,0.0,0.0,272.0,275.0,275.0,274.0,0.708,0.0,0.0,-0.102,-0.055,0.082,0.0,6000.0,420636.0,221.0,406.0,59.94,2.0,38.0,45.0,37.0,25.5,23.27,-0.038,0.0,0.2,0.2,60.0,59.5,75.6,1.0,274.0,274.4,273.0,-0.076,0.031,0.082,1962.0,433542.0,13750.0,1968.0,-0.926,0.818,0.791,0.836,0.001,0.0,0.001,0.0,0.0,0.0,0.0,0.0,119.0,119.0,119.0,89.0,1.053,267.7,45.33,2.6,3.5,2.0,-1.0,13.43,0.01,0.285,3.0,2.0,0.0,0.0,23.45,23.74,23.05,22.93,22.95,22.66,24.05,23.42,23.7,24.17,23.04,22.93,23.89,23.6,22.74,23.26,23.91,23.35,22.98
2017-06-30 21:51:00-05:00,-10.383702,-13.099078,-4.7964187,-11.122734,-11.460212,-3.7803986,-9.659897,-9.193885,939190.0,29.24,0.0,-0.162,-0.162,0.345,25.49,1.214,0.0,0.0,0.0,0.0,0.0,0.0,0.0,0.0,1.0,-1.867,-1.4,-0.2,0.0,0.0,0.0,0.0,0.0,272.0,275.0,275.0,274.0,0.693,0.0,0.0,-0.103,-0.055,0.092,0.0,6000.0,420636.0,221.0,406.0,59.95,2.0,38.0,45.0,37.0,25.48,23.24,-0.038,0.0,0.2,0.2,60.0,59.5,75.6,1.0,274.0,274.4,273.0,-0.076,0.031,0.082,1962.0,433542.0,13750.0,1968.0,-0.926,0.818,0.791,0.836,0.001,0.0,0.001,-0.001,0.0,0.0,0.0,0.0,119.0,119.0,119.0,89.0,1.032,245.7,81.3,2.0,3.5,2.0,-1.0,13.51,0.008,0.285,3.0,2.0,0.0,0.0,23.4,23.67,23.05,22.9,22.97,22.66,24.13,23.42,23.76,24.18,23.04,22.93,23.88,23.59,22.73,23.26,23.92,23.36,22.98
2017-06-30 21:52:00-05:00,-10.383702,-13.099078,-4.7964187,-11.122734,-11.460212,-3.7803986,-9.659897,-9.0760145,939191.0,29.21,0.0,-0.161,-0.161,0.346,25.5,1.214,0.0,0.0,0.0,0.0,0.0,0.0,0.0,0.0,1.0,-1.833,-1.45,-0.2,0.0,0.0,0.0,0.0,0.0,272.0,275.0,275.0,274.0,0.702,0.0,0.0,-0.1,-0.047,0.093,0.0,6000.0,420636.0,221.0,406.0,59.95,2.0,38.0,45.0,37.0,25.49,23.21,-0.038,0.0,0.2,0.2,60.0,59.5,75.6,1.0,274.0,274.0,273.0,-0.076,0.031,0.082,1962.0,433542.0,13750.0,1968.0,-0.926,0.818,0.791,0.836,0.001,-0.001,0.0,0.0,0.0,0.0,0.0,0.0,119.0,119.0,119.0,89.0,1.363,278.9,45.5,2.3,3.499,2.0,-1.0,13.51,0.008,0.285,3.0,2.0,0.0,0.0,23.37,23.64,23.05,22.88,22.95,22.66,24.13,23.43,23.79,24.22,23.06,22.93,23.91,23.57,22.73,23.27,23.92,23.35,22.99
2017-06-30 21:53:00-05:00,-10.260086,-13.099078,-4.7964187,-11.122734,-11.331445,-3.7803986,-9.659897,-9.0760145,939192.0,29.18,0.0,-0.16,-0.16,0.347,25.54,1.214,0.0,0.0,0.0,0.0,0.0,0.0,0.0,0.0,1.0,-1.95,-1.433,-0.197,0.0,0.0,0.0,0.0,0.0,272.0,275.0,275.0,274.0,0.703,0.0,0.0,-0.1,-0.047,0.083,0.0,6000.0,420636.0,221.0,406.0,59.95,2.0,38.0,45.0,37.0,25.52,23.23,-0.038,0.0,0.2,0.2,60.0,59.5,75.6,1.0,274.0,274.3,273.0,-0.076,0.031,0.082,1962.0,433542.0,13750.0,1968.0,-0.926,0.818,0.791,0.836,0.001,0.0,0.001,0.0,0.0,0.0,0.0,0.0,119.0,119.0,119.0,89.0,1.295,279.2,27.38,2.4,3.5,2.0,-1.0,13.51,0.008,0.285,3.0,2.0,0.0,0.0,23.4,23.64,23.05,22.87,23.0,22.66,24.11,23.45,23.77,24.22,23.08,22.93,23.94,23.58,22.74,23.26,23.95,23.36,22.98
2017-06-30 21:54:00-05:00,-10.260086,-13.099078,-4.7964187,-11.122734,-11.202678,-3.7803986,-9.659897,-9.0760145,939193.0,29.14,0.0,-0.159,-0.159,0.349,25.53,1.214,0.0,0.0,0.0,0.0,0.0,0.0,0.0,0.0,1.0,-1.867,-1.433,-0.2,0.0,0.0,0.0,0.0,0.0,272.0,275.0,275.0,274.0,0.705,0.0,0.0,-0.1,-0.037,0.092,0.0,6000.0,420636.0,221.0,406.0,59.97,2.0,38.0,45.0,37.0,25.52,23.22,-0.038,0.0,0.2,0.2,60.0,59.5,75.6,1.0,274.0,274.4,273.0,-0.076,0.031,0.082,1962.0,433542.0,13750.0,1968.0,-0.926,0.818,0.791,0.836,0.0,0.0,0.001,-0.001,0.0,0.0,0.0,0.0,119.0,119.0,119.0,89.0,1.492,272.5,27.65,3.0,3.5,2.0,-1.0,13.51,0.008,0.285,3.0,2.0,0.0,0.0,23.41,23.64,23.14,22.89,23.03,22.72,24.13,23.46,23.79,24.23,23.09,22.95,23.98,23.58,22.76,23.28,23.95,23.39,23.01
2017-06-30 21:55:00-05:00,-10.383702,-13.099078,-4.7964187,-11.122734,-11.073912,-3.7803986,-9.659897,-9.0760145,939194.0,29.12,0.0,0.075,0.083,1.022,25.49,1.214,0.0,0.0,0.0,0.0,0.0,0.0,0.0,0.0,1.0,-1.85,-1.433,-0.2,0.0,0.0,0.0,0.0,0.0,271.4,274.7,274.6,273.4,0.707,0.0,0.0,-0.102,-0.045,0.08,0.0,6000.0,420636.0,221.0,406.0,59.96,2.0,38.0,45.0,37.0,25.5,23.18,-0.038,0.0,0.2,0.2,60.0,59.5,75.6,1.0,273.3,274.1,272.5,-0.076,0.031,0.082,1962.0,433542.0,13750.0,1968.0,-0.926,0.818,0.791,0.836,0.001,0.0,0.001,0.0,0.0,0.0,0.0,0.0,119.0,119.0,119.0,89.0,0.938,202.1,49.42,2.4,3.5,2.0,-1.0,13.34,0.0,0.284,3.0,2.0,0.0,0.001,23.4,23.64,23.14,22.91,22.99,22.71,24.13,23.47,23.74,24.22,23.1,22.94,23.91,23.58,22.75,23.26,23.89,23.36,22.99
2017-06-30 21:56:00-05:00,-10.383702,-13.099078,-4.7964187,-11.122734,-11.073912,-3.7803986,-9.659897,-9.0760145,939195.0,29.08,0.0,-0.157,-0.157,0.359,25.48,1.214,0.0,0.0,0.0,0.0,0.0,0.0,0.0,0.0,1.0,-1.65,-1.317,-0.197,0.0,0.0,0.0,0.0,0.0,269.3,273.2,273.1,271.3,0.693,0.0,0.0,-0.1,-0.037,0.083,0.0,6000.0,420636.0,221.0,406.0,59.95,2.0,38.0,45.0,37.0,25.51,23.17,-0.038,0.0,0.2,0.2,60.0,59.5,75.6,1.0,271.6,272.2,271.0,-0.075,0.03,0.081,1962.0,433542.0,13750.0,1968.0,-0.928,0.818,0.791,0.836,0.001,-0.001,0.001,0.0,0.0,0.0,0.0,0.0,119.0,119.0,119.0,89.0,1.492,225.6,39.61,3.6,3.5,2.0,-1.0,13.34,0.018,0.287,3.0,2.0,0.0,0.001,23.38,23.64,23.07,22.94,22.98,22.68,24.06,23.47,23.78,24.22,23.1,22.91,23.92,23.58,22.72,23.24,23.88,23.35,22.98
2017-06-30 21:57:00-05:00,-10.383702,-13.099078,-4.5595584,-11.122734,-11.202678,-3.7803986,-9.659897,-9.0760145,939196.0,29.05,0.0,-0.156,-0.156,0.351,25.48,1.214,0.0,0.0,0.0,0.0,0.0,0.0,0.0,0.0,1.0,-1.733,-1.4,-0.2,0.0,0.0,0.0,0.0,0.0,269.2,273.0,273.0,271.2,0.703,0.0,0.0,-0.1,-0.045,0.095,0.0,6000.0,420636.0,221.0,406.0,59.94,2.0,37.2,45.0,37.0,25.54,23.19,-0.038,0.0,0.2,0.2,60.0,59.5,75.6,1.0,271.6,272.0,271.0,-0.075,0.03,0.081,1962.0,433542.0,13750.0,1968.0,-0.928,0.818,0.791,0.836,0.001,0.0,0.001,0.0,0.0,0.0,0.0,0.0,119.0,119.0,119.0,89.0,1.27,143.1,57.97,3.1,3.5,2.0,-1.0,13.52,0.009,0.285,3.0,2.0,0.0,0.0,23.45,23.64,23.14,23.04,23.04,22.75,24.03,23.48,23.82,24.25,23.11,22.9,23.81,23.57,22.71,23.24,23.89,23.36,22.97
2017-06-30 21:58:00-05:00,-10.383702,-13.099078,-4.6779885,-11.122734,-11.331445,-3.7803986,-9.659897,-9.0760145,939197.0,29.03,0.0,-0.156,-0.156,0.352,25.47,1.214,0.0,0.0,0.0,0.0,0.0,0.0,0.0,0.0,1.0,-1.733,-1.3,-0.2,0.0,0.0,0.0,0.0,0.0,269.6,273.0,273.0,271.6,0.707,0.0,0.0,-0.102,-0.045,0.087,0.0,6000.0,420636.0,221.0,406.0,59.94,2.0,37.63,45.0,37.0,25.51,23.18,-0.038,0.0,0.2,0.2,60.0,59.5,75.6,1.0,272.0,272.0,271.0,-0.075,0.03,0.081,1962.0,433542.0,13750.0,1968.0,-0.928,0.818,0.791,0.836,0.001,0.0,0.001,0.0,0.0,0.0,0.0,0.0,119.0,119.0,119.0,89.0,0.622,228.3,37.83,1.4,3.499,2.0,-1.0,13.51,0.008,0.285,3.0,2.0,0.0,0.0,23.45,23.59,23.09,23.01,23.01,22.72,24.03,23.48,23.72,24.21,23.11,22.91,23.87,23.58,22.73,23.22,23.87,23.34,22.95
2017-06-30 21:59:00-05:00,-10.383702,-13.099078,-4.7964187,-11.122734,-11.460212,-3.7803986,-9.659897,-9.0760145,939198.0,28.99,0.0,-0.155,-0.155,0.352,25.45,1.215,0.0,0.0,0.0,0.0,0.0,0.0,0.0,0.0,1.0,-1.75,-1.383,-0.2,0.0,0.0,0.0,0.0,0.0,269.9,273.0,273.0,271.9,0.71,0.0,0.0,-0.102,-0.038,0.085,0.0,6000.0,420636.0,221.0,406.0,59.95,2.0,37.12,45.0,37.0,25.49,23.17,-0.038,0.0,0.2,0.2,60.0,59.5,75.6,1.0,272.0,272.0,271.0,-0.075,0.03,0.081,1962.0,433542.0,13750.0,1968.0,-0.928,0.818,0.791,0.836,0.001,0.0,0.001,0.0,0.0,0.0,0.0,0.0,119.0,119.0,119.0,89.0,0.717,224.1,66.07,1.6,3.499,2.0,-1.0,13.51,0.008,0.285,3.0,2.0,0.0,0.0,23.41,23.54,23.06,22.96,22.96,22.67,24.03,23.44,23.64,24.16,23.07,22.89,23.84,23.53,22.7,23.21,23.83,23.31,22.93
2017-06-30 22:00:00-05:00,-10.507318,-13.099078,-4.7964187,-11.122734,-11.588977,-3.7803986,-9.659897,-9.0760145,939199.0,28.97,0.0,-0.155,-0.155,0.352,25.44,1.215,0.0,0.0,0.0,0.0,0.0,0.0,0.0,0.0,1.0,-1.733,-1.333,-0.198,0.0,0.0,0.0,0.0,0.0,270.0,273.7,273.0,272.0,0.707,0.0,0.0,-0.103,-0.05,0.085,0.0,6000.0,420636.0,221.0,406.0,59.97,2.0,37.0,45.0,37.0,25.43,23.14,-0.038,0.0,0.2,0.2,60.0,59.5,75.6,1.0,272.0,272.2,271.0,-0.075,0.03,0.081,1962.0,433542.0,13750.0,1968.0,-0.927,0.818,0.791,0.836,0.001,-0.001,0.001,0.0,0.0,0.0,0.0,0.0,119.0,119.0,119.0,89.0,0.963,203.7,23.73,1.6,3.5,2.0,-1.0,13.51,0.008,0.285,3.0,2.0,0.0,0.0,23.36,23.54,23.06,22.96,22.96,22.67,23.98,23.42,23.69,24.17,23.05,22.84,23.73,23.47,22.66,23.19,23.81,23.3,22.9
2017-06-30 22:01:00-05:00,-10.507318,-13.099078,-4.7964187,-11.122734,-11.588977,-3.7803986,-9.785349,-9.193885,939200.0,28.94,0.0,0.125,0.142,0.579,25.42,1.215,0.0,0.0,0.0,0.0,0.0,0.0,0.0,0.0,1.0,-1.617,-1.3,-0.198,0.0,0.0,0.0,0.0,0.0,270.0,273.9,273.5,272.0,0.718,0.0,0.0,-0.102,-0.057,0.092,0.0,6000.0,420635.0,220.0,406.0,59.95,2.0,37.0,45.0,37.0,25.41,23.13,-0.038,0.0,0.2,0.2,60.0,59.5,75.6,1.0,272.0,272.8,271.0,-0.076,0.03,0.082,1962.0,433542.0,13750.0,1968.0,-0.927,0.818,0.791,0.836,0.001,0.0,0.001,0.0,0.0,0.0,0.0,0.0,119.0,119.0,119.0,89.0,1.235,241.1,40.88,1.9,3.499,2.0,-1.0,13.35,0.019,0.284,3.0,2.0,0.0,0.001,23.35,23.54,23.06,22.9,22.96,22.67,23.93,23.41,23.75,24.17,23.04,22.82,23.68,23.46,22.64,23.16,23.76,23.27,22.89
2017-06-30 22:02:00-05:00,-10.507318,-13.099078,-4.7964187,-11.122734,-11.588977,-3.7803986,-9.785349,-9.193885,939201.0,28.91,0.0,-0.154,-0.154,0.353,25.41,1.215,0.0,0.0,0.0,0.0,0.0,0.0,0.0,0.0,1.0,-1.583,-1.283,-0.2,0.0,0.0,0.0,0.0,0.0,270.0,274.0,273.6,272.0,0.707,0.0,0.0,-0.1,-0.033,0.078,0.0,6000.0,420635.0,220.0,406.0,59.95,2.0,37.0,45.0,37.0,25.41,23.12,-0.038,0.0,0.2,0.2,60.0,59.5,75.6,1.0,272.0,272.9,271.0,-0.076,0.03,0.082,1962.0,433542.0,13750.0,1968.0,-0.928,0.818,0.791,0.836,0.001,0.0,0.001,0.0,0.0,0.0,0.0,0.0,119.0,119.0,119.0,89.0,1.003,276.8,44.9,1.9,3.499,2.0,-1.0,13.35,0.001,0.286,3.0,2.0,0.0,0.001,23.35,23.53,23.06,22.86,22.96,22.67,23.93,23.42,23.75,24.18,23.05,22.81,23.72,23.45,22.63,23.16,23.78,23.27,22.88
2017-06-30 22:03:00-05:00,-10.507318,-13.099078,-4.7964187,-11.122734,-11.460212,-3.7803986,-9.659897,-9.0760145,939202.0,28.88,0.0,-0.154,-0.154,0.353,25.39,1.215,0.0,0.0,0.0,0.0,0.0,0.0,0.0,0.0,1.0,-1.667,-1.267,-0.2,0.0,0.0,0.0,0.0,0.0,270.0,273.9,273.6,272.0,0.71,0.0,0.0,-0.1,-0.042,0.088,0.0,6000.0,420635.0,220.0,406.0,59.94,2.0,37.0,45.0,37.0,25.39,23.1,-0.038,0.0,0.2,0.2,60.0,59.5,75.6,1.0,272.0,272.8,271.0,-0.076,0.03,0.082,1962.0,433542.0,13750.0,1968.0,-0.927,0.818,0.791,0.836,0.001,0.0,0.001,0.0,0.0,0.0,0.0,0.0,119.0,119.0,119.0,89.0,0.832,243.0,56.95,1.8,3.5,2.0,-1.0,13.51,0.008,0.285,3.0,2.0,0.0,0.0,23.3,23.53,22.98,22.86,22.96,22.64,23.93,23.41,23.66,24.14,23.05,22.81,23.73,23.51,22.63,23.16,23.77,23.28,22.89
2017-06-30 22:04:00-05:00,-10.383702,-13.099078,-4.6779885,-11.122734,-11.460212,-3.7803986,-9.659897,-9.193885,939203.0,28.85,0.0,-0.154,-0.154,0.354,25.4,1.215,0.0,0.0,0.0,0.0,0.0,0.0,0.0,0.0,1.0,-1.95,-1.5,-0.198,0.0,0.0,0.0,0.0,0.0,270.1,273.9,273.7,272.1,0.7,0.0,0.0,-0.102,-0.05,0.098,0.0,6000.0,420635.0,220.0,406.0,59.94,2.0,37.0,45.0,37.0,25.43,23.13,-0.038,0.0,0.2,0.2,60.0,59.5,75.6,1.0,272.0,272.8,271.1,-0.076,0.03,0.082,1962.0,433542.0,13750.0,1968.0,-0.927,0.818,0.791,0.836,0.001,0.0,0.001,0.0,0.0,0.0,0.0,0.0,119.0,119.0,119.0,89.0,1.917,211.7,38.91,3.3,3.5,2.0,-1.0,13.52,0.008,0.285,3.0,2.0,0.0,0.0,23.35,23.46,23.01,22.86,22.96,22.67,23.92,23.4,23.72,24.15,23.03,22.79,23.69,23.49,22.61,23.16,23.77,23.27,22.89
2017-06-30 22:05:00-05:00,-10.383702,-13.099078,-4.5595584,-11.122734,-11.331445,-3.7803986,-9.659897,-9.0760145,939204.0,28.83,0.0,-0.153,-0.153,0.354,25.41,1.215,0.0,0.0,0.0,0.0,0.0,0.0,0.0,0.0,1.0,-1.95,-1.5,-0.2,0.0,0.0,0.0,0.0,0.0,270.7,274.0,274.0,272.7,0.688,0.0,0.0,-0.102,-0.057,0.083,0.0,6000.0,420635.0,220.0,406.0,59.94,2.0,37.0,45.0,37.0,25.4,23.12,-0.038,0.0,0.2,0.2,60.0,59.5,75.6,1.0,272.1,273.0,272.0,-0.076,0.031,0.082,1962.0,433542.0,13750.0,1968.0,-0.927,0.818,0.791,0.836,0.001,-0.001,0.001,0.0,0.0,0.0,0.0,0.0,119.0,119.0,119.0,89.0,1.748,239.7,76.34,3.2,3.499,2.0,-1.0,13.51,0.008,0.285,3.0,2.0,0.0,0.0,23.35,23.49,23.06,22.88,22.96,22.67,23.92,23.41,23.72,24.16,23.04,22.81,23.73,23.53,22.63,23.19,23.88,23.33,22.91
2017-06-30 22:06:00-05:00,-10.260086,-13.099078,-4.2042685,-11.122734,-11.073912,-3.7803986,-9.659897,-9.0760145,939205.0,28.8,0.0,-0.153,-0.153,0.354,25.43,1.215,0.0,0.0,0.0,0.0,0.0,0.0,0.0,0.0,1.0,-1.833,-1.4,-0.2,0.0,0.0,0.0,0.0,0.0,270.9,274.0,274.0,272.9,0.7,0.0,0.0,-0.103,-0.05,0.075,0.0,6000.0,420635.0,220.0,406.0,59.92,2.0,37.0,45.0,37.0,25.45,23.17,-0.038,0.0,0.2,0.2,60.0,59.5,75.6,1.0,272.8,273.0,272.0,-0.076,0.031,0.082,1962.0,433542.0,13750.0,1968.0,-0.927,0.818,0.791,0.836,0.001,-0.001,0.001,0.0,0.0,0.0,0.0,0.0,119.0,119.0,119.0,89.0,1.758,221.2,33.92,3.3,3.499,2.0,-1.0,13.51,0.008,0.285,3.0,2.0,0.0,0.0,23.35,23.53,23.06,22.96,22.96,22.67,23.92,23.46,23.81,24.23,23.08,22.84,23.75,23.57,22.66,23.25,23.96,23.39,22.97
2017-06-30 22:07:00-05:00,-10.136472,-13.099078,-3.9674082,-11.122734,-10.945146,-3.7803986,-9.659897,-8.958144,939206.0,28.77,0.0,0.196,0.215,0.642,25.43,1.215,0.0,0.0,0.0,0.0,0.0,0.0,0.0,0.0,1.0,-1.833,-1.417,-0.2,0.0,0.0,0.0,0.0,0.0,270.9,274.0,274.0,272.9,0.705,0.0,0.0,-0.102,-0.048,0.087,0.0,6000.0,420635.0,220.0,406.0,59.91,2.0,37.0,45.0,37.0,25.43,23.17,-0.038,0.0,0.2,0.2,60.0,59.5,75.6,1.0,272.7,273.0,272.0,-0.076,0.031,0.082,1962.0,433542.0,13750.0,1968.0,-0.927,0.818,0.791,0.836,0.002,-0.001,0.001,0.0,0.0,0.0,0.0,0.0,119.0,119.0,119.0,89.0,1.5,228.9,46.48,3.2,3.499,2.0,-1.0,13.38,0.023,0.284,3.0,2.0,0.0,0.001,23.35,23.54,23.09,22.96,22.96,22.73,23.93,23.47,23.76,24.19,23.1,22.84,23.71,23.58,22.66,23.26,23.98,23.42,22.99
2017-06-30 22:08:00-05:00,-10.136472,-12.7716,-3.9674082,-11.122734,-10.945146,-3.7803986,-9.659897,-9.0760145,939207.0,28.74,0.0,-0.153,-0.153,0.354,25.42,1.215,0.0,0.0,0.0,0.0,0.0,0.0,0.0,0.0,1.0,-1.8,-1.333,-0.198,0.0,0.0,0.0,0.0,0.0,271.0,274.0,274.0,273.0,0.708,0.0,0.0,-0.1,-0.052,0.088,0.0,6000.0,420635.0,220.0,406.0,59.91,2.0,37.0,45.0,37.0,25.41,23.16,-0.038,0.0,0.2,0.2,59.96,59.5,75.6,1.0,273.0,273.0,272.0,-0.076,0.031,0.082,1962.0,433542.0,13750.0,1968.0,-0.927,0.818,0.791,0.836,0.001,-0.001,0.001,0.0,0.0,0.0,0.0,0.0,119.0,119.0,119.0,89.0,1.18,218.6,58.92,2.0,3.5,2.0,-1.0,13.35,-0.004,0.286,3.0,2.0,0.0,0.001,23.35,23.54,23.16,22.96,22.99,22.77,23.92,23.47,23.78,24.2,23.11,22.84,23.71,23.58,22.68,23.26,23.96,23.42,22.99
2017-06-30 22:09:00-05:00,-10.260086,-12.280385,-3.9674082,-11.122734,-10.945146,-3.7803986,-9.659897,-9.0760145,939208.0,28.72,0.0,-0.153,-0.153,0.354,25.38,1.215,0.0,0.0,0.0,0.0,0.0,0.0,0.0,0.0,1.0,-1.883,-1.45,-0.2,0.0,0.0,0.0,0.0,0.0,271.0,274.0,274.0,273.0,0.7,0.0,0.0,-0.1,-0.052,0.068,0.0,6000.0,420635.0,220.0,406.0,59.91,2.0,37.0,45.0,37.0,25.37,23.18,-0.038,0.0,0.2,0.2,59.96,59.5,75.6,1.0,273.0,273.0,272.0,-0.076,0.031,0.082,1962.0,433542.0,13750.0,1968.0,-0.927,0.818,0.791,0.836,0.001,0.0,0.001,0.0,0.0,0.0,0.0,0.0,119.0,119.0,119.0,89.0,2.732,226.4,26.94,4.7,3.499,2.0,-1.0,13.55,0.009,0.284,3.0,2.0,0.0,0.0,23.35,23.54,23.16,22.99,23.04,22.77,23.92,23.47,23.79,24.2,23.11,22.83,23.69,23.59,22.66,23.24,23.94,23.4,22.97
2017-06-30 22:10:00-05:00,-10.260086,-12.116648,-3.9674082,-10.99032,-10.816379,-3.7803986,-9.534443,-8.958144,939209.0,28.69,0.0,-0.153,-0.153,0.355,25.41,1.215,0.0,0.0,0.0,0.0,0.0,0.0,0.0,0.0,1.0,-1.617,-1.317,-0.2,0.0,0.0,0.0,0.0,0.0,271.0,274.0,274.0,273.0,0.71,0.0,0.0,-0.1,-0.047,0.085,0.0,6000.0,420635.0,220.0,406.0,59.92,2.0,37.0,45.0,36.7,25.41,23.23,-0.038,0.0,0.2,0.2,60.0,59.5,75.6,1.0,273.0,273.0,272.0,-0.076,0.031,0.082,1962.0,433542.0,13750.0,1968.0,-0.927,0.818,0.791,0.836,0.001,-0.001,0.001,0.0,0.0,0.0,0.0,0.0,119.0,119.0,119.0,89.0,1.965,222.7,28.29,4.6,3.5,2.0,-1.0,13.55,0.008,0.284,3.0,2.0,0.0,0.0,23.45,23.56,23.22,23.06,23.08,22.85,23.93,23.53,23.92,24.29,23.16,22.86,23.68,23.59,22.68,23.3,24.0,23.46,23.01
2017-06-30 22:11:00-05:00,-10.136472,-11.9529085,-3.9674082,-10.857907,-10.816379,-3.7803986,-9.40899,-8.722404,939210.0,28.66,0.0,-0.153,-0.153,0.355,25.42,1.215,0.0,0.0,0.0,0.0,0.0,0.0,0.0,0.0,1.0,-1.733,-1.233,-0.2,0.0,0.0,0.0,0.0,0.0,271.0,274.0,274.0,273.0,0.703,0.0,0.0,-0.102,-0.053,0.09,0.0,6000.0,420635.0,220.0,406.0,59.93,2.0,37.0,45.0,36.02,25.45,23.23,-0.038,0.0,0.2,0.2,60.0,59.5,75.6,1.0,273.0,273.0,272.0,-0.076,0.031,0.082,1962.0,433542.0,13750.0,1968.0,-0.927,0.818,0.791,0.836,0.001,0.0,0.001,0.0,0.0,0.0,0.0,0.0,119.0,119.0,119.0,89.0,1.473,172.3,56.15,3.2,3.502,2.0,-1.0,13.55,0.008,0.284,3.0,2.0,0.0,0.0,23.45,23.63,23.25,23.12,23.16,22.86,24.01,23.59,23.96,24.33,23.23,22.89,23.7,23.62,22.71,23.36,24.05,23.51,23.07
2017-06-30 22:12:00-05:00,-10.136472,-11.9529085,-3.9674082,-10.725493,-10.816379,-3.7803986,-9.283538,-8.722404,939211.0,28.64,0.0,-0.153,-0.153,0.355,25.42,1.203,0.0,0.0,0.0,0.0,0.0,0.0,0.0,0.0,1.0,-1.7,-1.4,-0.195,0.0,0.0,0.0,0.0,0.0,271.0,274.1,274.0,273.0,0.698,0.0,0.0,-0.102,-0.047,0.07,0.0,6000.0,420635.0,220.0,406.0,59.94,2.0,37.0,45.0,36.0,25.43,23.26,-0.038,0.0,0.2,0.2,60.0,59.5,75.6,1.0,273.0,273.0,272.0,-0.076,0.031,0.082,1962.0,433542.0,13750.0,1968.0,-0.927,0.818,0.791,0.836,0.001,-0.001,0.0,0.0,0.0,0.0,0.0,0.0,119.0,119.0,119.0,89.0,2.253,238.8,33.79,4.6,3.499,2.0,-1.0,13.55,0.008,0.284,3.0,2.0,0.0,0.0,23.45,23.64,23.25,23.16,23.16,22.86,23.94,23.59,23.89,24.31,23.22,22.88,23.68,23.6,22.71,23.36,24.01,23.53,23.08
2017-06-30 22:13:00-05:00,-10.012856,-11.9529085,-3.9674082,-10.725493,-10.816379,-3.7803986,-9.40899,-8.722404,939212.0,28.61,0.0,0.236,0.283,0.706,25.39,0.998,0.0,0.0,0.0,0.0,0.0,0.0,0.0,0.0,1.0,-1.917,-1.483,-0.2,0.0,0.0,0.0,0.0,0.0,271.0,274.1,274.0,273.0,0.703,0.0,0.0,-0.105,-0.057,0.087,0.0,6000.0,420635.0,220.0,406.0,59.93,2.0,37.0,45.0,36.0,25.35,23.25,-0.038,0.0,0.2,0.2,60.0,59.5,75.6,1.0,272.9,273.0,272.0,-0.076,0.031,0.082,1962.0,433542.0,13750.0,1968.0,-0.927,0.818,0.791,0.836,0.001,0.0,0.001,0.0,0.0,0.0,0.0,0.0,119.0,119.0,119.0,89.0,2.067,204.7,58.78,4.4,3.499,2.0,-1.0,13.34,0.012,0.283,1.0,2.0,0.0,0.001,23.45,23.64,23.25,23.16,23.16,22.86,23.99,23.59,23.91,24.31,23.22,22.9,23.71,23.62,22.73,23.35,24.02,23.52,23.08
2017-06-30 22:14:00-05:00,-9.88924,-11.9529085,-3.9674082,-10.857907,-10.816379,-3.7803986,-9.534443,-8.840274,939213.0,28.59,0.0,-0.153,-0.153,0.355,25.38,0.946,0.0,0.0,0.0,0.0,0.0,0.0,0.0,0.0,1.0,-1.95,-1.45,-0.2,0.0,0.0,0.0,0.0,0.0,270.8,274.0,274.0,272.8,0.71,0.0,0.0,-0.1,-0.05,0.083,0.0,6000.0,420635.0,220.0,406.0,59.92,2.0,37.0,44.98,36.0,25.4,23.25,-0.038,0.0,0.2,0.2,60.0,59.5,75.6,1.0,272.5,273.0,272.0,-0.076,0.03,0.082,1962.0,433542.0,13750.0,1968.0,-0.928,0.818,0.791,0.836,0.001,-0.001,0.001,0.0,0.0,0.0,0.0,0.0,119.0,119.0,119.0,89.0,2.077,215.0,38.15,4.1,3.5,2.0,-1.0,13.34,0.002,0.286,1.0,2.0,0.0,0.001,23.45,23.64,23.25,23.16,23.16,22.86,24.0,23.59,23.87,24.29,23.22,22.9,23.69,23.63,22.72,23.34,24.02,23.51,23.07
2017-06-30 22:15:00-05:00,-10.012856,-11.9529085,-3.9674082,-10.99032,-10.816379,-3.7803986,-9.534443,-8.958144,939214.0,28.56,0.0,-0.153,-0.153,0.355,25.37,0.957,0.0,0.0,0.0,0.0,0.0,0.0,0.0,0.0,1.0,-1.933,-1.517,-0.198,0.0,0.0,0.0,0.0,0.0,271.0,274.0,274.0,273.0,0.722,0.0,0.0,-0.1,-0.043,0.073,0.0,6000.0,420635.0,220.0,406.0,59.92,2.0,37.0,44.65,36.0,25.35,23.25,-0.038,0.0,0.2,0.2,60.0,59.5,75.6,1.0,273.0,273.0,272.0,-0.076,0.031,0.082,1962.0,433542.0,13750.0,1968.0,-0.927,0.818,0.791,0.836,0.001,-0.001,0.001,0.0,0.0,0.0,0.0,0.0,119.0,119.0,119.0,89.0,1.758,240.6,23.06,4.3,3.5,2.0,-1.0,13.51,0.008,0.285,3.0,2.0,0.0,0.0,23.49,23.62,23.25,23.16,23.19,22.96,23.96,23.57,23.87,24.25,23.19,22.89,23.69,23.62,22.71,23.32,23.98,23.48,23.04
2017-06-30 22:16:00-05:00,-10.012856,-11.9529085,-3.9674082,-10.99032,-10.816379,-3.7803986,-9.659897,-9.0760145,939215.0,28.54,0.0,-0.152,-0.152,0.355,25.36,0.945,0.0,0.0,0.0,0.0,0.0,0.0,0.0,0.0,1.0,-1.867,-1.467,-0.2,0.0,0.0,0.0,0.0,0.0,271.0,274.0,274.0,273.0,0.718,0.0,0.0,-0.1,-0.052,0.072,0.0,6000.0,420635.0,220.0,406.0,59.92,2.0,37.0,44.0,36.0,25.37,23.23,-0.038,0.0,0.2,0.2,60.0,59.5,75.6,1.0,273.0,273.0,272.0,-0.076,0.031,0.082,1962.0,433542.0,13750.0,1968.0,-0.927,0.818,0.791,0.836,0.001,0.0,0.001,0.0,0.0,0.0,0.0,0.0,119.0,119.0,119.0,89.0,2.218,238.8,37.66,4.6,3.5,2.0,-1.0,13.51,0.008,0.285,3.0,2.0,0.0,0.0,23.46,23.61,23.25,23.16,23.16,22.88,23.94,23.55,23.86,24.25,23.18,22.86,23.68,23.62,22.69,23.31,23.99,23.46,23.03
2017-06-30 22:17:00-05:00,-9.88924,-11.9529085,-3.9674082,-10.99032,-10.816379,-3.7803986,-9.659897,-9.0760145,939216.0,28.52,0.0,-0.152,-0.152,0.355,25.35,0.945,0.0,0.0,0.0,0.0,0.0,0.0,0.0,0.0,1.0,-1.983,-1.583,-0.2,0.0,0.0,0.0,0.0,0.0,271.0,274.0,274.0,273.0,0.7,0.0,0.0,-0.1,-0.042,0.09,0.0,6000.0,420635.0,220.0,406.0,59.93,2.0,37.0,44.0,36.0,25.34,23.23,-0.038,0.0,0.2,0.2,60.0,59.5,75.6,1.0,273.0,273.0,272.0,-0.076,0.031,0.082,1962.0,433542.0,13750.0,1968.0,-0.928,0.818,0.791,0.836,0.001,0.0,0.001,0.0,0.0,0.0,0.0,0.0,119.0,119.0,119.0,89.0,1.722,220.4,32.23,3.0,3.498,2.0,-1.0,13.51,0.008,0.285,3.0,2.0,0.0,0.0,23.49,23.58,23.25,23.16,23.16,22.86,24.02,23.54,23.84,24.22,23.17,22.86,23.69,23.65,22.68,23.29,23.93,23.47,23.01
2017-06-30 22:18:00-05:00,-10.012856,-11.9529085,-3.9674082,-10.99032,-10.816379,-3.7803986,-9.659897,-9.0760145,939217.0,28.49,0.0,-0.152,-0.152,0.355,25.33,0.945,0.0,0.0,0.0,0.0,0.0,0.0,0.0,0.0,1.0,-1.983,-1.55,-0.2,0.0,0.0,0.0,0.0,0.0,271.0,274.5,274.1,273.0,0.71,0.0,0.0,-0.102,-0.047,0.073,0.0,6000.0,420635.0,220.0,406.0,59.93,2.0,37.0,44.0,36.0,25.29,23.21,-0.038,0.0,0.2,0.2,60.0,59.5,75.6,1.0,273.0,273.5,272.0,-0.076,0.031,0.082,1962.0,433542.0,13750.0,1968.0,-0.928,0.818,0.791,0.836,0.001,0.0,0.0,0.0,0.0,0.0,0.0,0.0,119.0,119.0,119.0,89.0,1.313,264.7,32.2,2.3,3.499,2.0,-1.0,13.51,0.008,0.285,3.0,2.0,0.0,0.0,23.44,23.54,23.25,23.07,23.16,22.86,23.92,23.53,23.84,24.2,23.16,22.84,23.69,23.61,22.67,23.26,23.92,23.44,22.98
2017-06-30 22:19:00-05:00,-10.260086,-12.607862,-3.9674082,-11.122734,-10.945146,-3.7803986,-9.659897,-9.0760145,939218.0,28.46,0.0,0.091,0.101,0.537,25.29,0.945,0.0,0.0,0.0,0.0,0.0,0.0,0.0,0.0,1.0,-1.95,-1.433,-0.2,0.0,0.0,0.0,0.0,0.0,271.0,275.0,274.3,273.0,0.722,0.0,0.0,-0.102,-0.043,0.075,0.0,6000.0,420635.0,220.0,406.0,59.95,2.0,37.0,44.0,36.0,25.29,23.17,-0.038,0.0,0.2,0.2,60.0,59.5,75.6,1.0,273.0,274.0,272.0,-0.076,0.031,0.082,1962.0,433542.0,13750.0,1968.0,-0.927,0.818,0.791,0.836,0.001,0.0,0.001,0.0,0.0,0.0,0.0,0.0,119.0,119.0,119.0,89.0,1.235,265.4,54.69,3.1,3.5,2.0,-1.0,13.43,0.004,0.285,3.0,2.0,0.0,0.0,23.44,23.53,23.19,23.06,23.09,22.86,23.94,23.51,23.76,24.16,23.13,22.82,23.7,23.57,22.65,23.24,23.89,23.41,22.96
2017-06-30 22:20:00-05:00,-10.383702,-13.099078,-3.9674082,-10.99032,-10.945146,-3.7803986,-9.659897,-9.0760145,939219.0,28.44,0.0,-0.152,-0.152,0.355,25.28,0.945,0.0,0.0,0.0,0.0,0.0,0.0,0.0,0.0,1.0,-1.9,-1.433,-0.2,0.0,0.0,0.0,0.0,0.0,271.0,274.8,274.4,273.0,0.72,0.0,0.0,-0.102,-0.057,0.09,0.0,6000.0,420635.0,220.0,406.0,59.96,2.0,37.0,44.0,36.0,25.31,23.15,-0.038,0.0,0.2,0.2,60.0,59.5,75.6,1.0,273.0,273.8,272.0,-0.076,0.031,0.082,1962.0,433542.0,13750.0,1968.0,-0.927,0.818,0.791,0.836,0.001,0.0,0.0,0.0,0.0,0.0,0.0,0.0,119.0,119.0,119.0,89.0,1.512,216.3,56.39,3.3,3.499,2.0,-1.0,13.49,0.012,0.285,3.0,2.0,0.0,0.0,23.46,23.53,23.16,23.06,23.07,22.83,23.94,23.48,23.73,24.14,23.1,22.82,23.68,23.54,22.63,23.24,23.87,23.4,22.96
2017-06-30 22:21:00-05:00,-10.383702,-13.099078,-3.9674082,-11.122734,-11.202678,-3.7803986,-9.659897,-9.0760145,939220.0,28.42,0.0,-0.152,-0.152,0.355,25.29,0.945,0.0,0.0,0.0,0.0,0.0,0.0,0.0,0.0,1.0,-1.9,-1.433,-0.2,0.0,0.0,0.0,0.0,0.0,271.0,275.0,274.9,273.0,0.742,0.0,0.0,-0.1,-0.043,0.082,0.0,6000.0,420635.0,220.0,406.0,59.96,2.0,37.0,44.0,36.0,25.25,23.13,-0.038,0.0,0.2,0.2,60.0,59.5,75.6,1.0,273.0,274.0,272.7,-0.076,0.031,0.082,1962.0,433542.0,13750.0,1968.0,-0.927,0.818,0.791,0.836,0.001,0.0,0.001,0.0,0.0,0.0,0.0,0.0,119.0,119.0,119.0,89.0,1.988,262.7,30.52,3.4,3.499,2.0,-1.0,13.51,0.007,0.285,3.0,2.0,0.0,0.0,23.38,23.49,23.16,23.03,23.07,22.83,23.94,23.45,23.71,24.1,23.07,22.8,23.65,23.52,22.61,23.22,23.82,23.37,22.95
2017-06-30 22:22:00-05:00,-10.383702,-13.099078,-4.085839,-10.99032,-11.331445,-3.7803986,-9.659897,-9.0760145,939221.0,28.4,0.0,-0.152,-0.152,0.355,25.28,1.065,0.0,0.0,0.0,0.0,0.0,0.0,0.0,0.0,1.0,-1.75,-1.483,-0.2,0.0,0.0,0.0,0.0,0.0,271.0,275.0,274.9,273.0,0.732,0.0,0.0,-0.1,-0.055,0.067,0.0,6000.0,420635.0,220.0,406.0,59.97,2.0,37.0,44.0,36.0,25.22,23.1,-0.038,0.0,0.2,0.2,60.0,59.5,75.6,1.0,273.0,274.0,272.6,-0.076,0.031,0.082,1962.0,433542.0,13750.0,1968.0,-0.927,0.818,0.791,0.836,0.001,-0.001,0.0,0.0,0.0,0.0,0.0,0.0,119.0,119.0,119.0,89.0,1.218,227.9,45.46,2.0,3.5,2.0,-1.0,13.51,0.007,0.285,3.0,2.0,0.0,0.0,23.36,23.46,23.1,22.96,22.99,22.77,23.94,23.41,23.63,24.06,23.03,22.78,23.65,23.5,22.6,23.19,23.8,23.32,22.91
2017-06-30 22:23:00-05:00,-10.260086,-13.099078,-4.322698,-10.99032,-11.331445,-3.7803986,-9.659897,-9.193885,939222.0,28.37,0.0,-0.152,-0.152,0.355,25.25,1.2,0.0,0.0,0.0,0.0,0.0,0.0,0.0,0.0,1.0,-1.95,-1.467,-0.2,0.0,0.0,0.0,0.0,0.0,271.0,275.0,275.0,273.0,0.723,0.0,0.0,-0.102,-0.045,0.087,0.0,6000.0,420635.0,220.0,406.0,59.97,2.0,37.0,44.0,36.0,25.21,23.07,-0.038,0.0,0.2,0.2,60.0,59.5,75.6,1.0,273.0,274.0,272.8,-0.076,0.031,0.082,1962.0,433542.0,13750.0,1968.0,-0.927,0.818,0.791,0.836,0.001,0.0,0.001,0.0,0.0,0.0,0.0,0.0,119.0,119.0,119.0,89.0,1.647,200.9,54.68,3.5,3.499,2.0,-1.0,13.51,0.007,0.285,3.0,2.0,0.0,0.0,23.36,23.45,23.06,22.96,22.96,22.77,23.86,23.39,23.63,24.04,23.0,22.75,23.67,23.47,22.57,23.16,23.81,23.29,22.89
2017-06-30 22:24:00-05:00,-10.260086,-13.099078,-4.085839,-11.122734,-11.202678,-3.7803986,-9.659897,-9.0760145,939223.0,28.34,0.0,-0.152,-0.152,0.355,25.26,1.172,0.0,0.0,0.0,0.0,0.0,0.0,0.0,0.0,1.0,-1.8,-1.35,-0.2,0.0,0.0,0.0,0.0,0.0,271.0,275.0,275.0,273.0,0.73,0.0,0.0,-0.1,-0.053,0.088,0.0,6000.0,420635.0,220.0,406.0,59.98,2.0,37.0,44.0,36.0,25.29,23.13,-0.038,0.0,0.2,0.2,60.0,59.5,75.6,1.0,273.0,274.0,272.6,-0.076,0.031,0.082,1962.0,433542.0,13750.0,1968.0,-0.927,0.818,0.791,0.836,0.001,-0.001,0.001,0.0,0.0,0.0,0.0,0.0,119.0,119.0,119.0,89.0,2.533,209.1,38.95,4.9,3.499,2.0,-1.0,13.51,0.007,0.285,3.0,2.0,0.0,0.0,23.36,23.46,23.07,22.96,22.98,22.77,23.84,23.42,23.75,24.09,23.04,22.76,23.62,23.47,22.58,23.19,23.84,23.33,22.91
2017-06-30 22:25:00-05:00,-10.260086,-12.935339,-3.9674082,-10.99032,-11.073912,-3.7803986,-9.534443,-8.958144,939224.0,28.33,0.0,0.404,0.454,0.869,25.27,1.146,0.0,0.0,0.0,0.0,0.0,0.0,0.0,0.0,1.0,-1.883,-1.433,-0.2,0.0,0.0,0.0,0.0,0.0,271.0,275.0,275.0,273.0,0.733,0.0,0.0,-0.102,-0.042,0.063,0.0,6000.0,420635.0,220.0,406.0,59.99,2.0,37.0,44.0,36.0,25.31,23.15,-0.038,0.0,0.2,0.2,60.0,59.5,75.6,1.0,273.0,274.0,272.5,-0.076,0.031,0.082,1962.0,433542.0,13750.0,1968.0,-0.927,0.818,0.791,0.836,0.001,0.0,0.001,0.0,0.0,0.0,0.0,0.0,119.0,119.0,119.0,89.0,2.14,252.3,40.1,3.2,3.499,2.0,-1.0,13.33,0.011,0.286,1.0,2.0,0.0,0.001,23.39,23.51,23.16,22.99,23.06,22.83,23.84,23.44,23.73,24.1,23.06,22.8,23.68,23.54,22.62,23.21,23.89,23.36,22.93
2017-06-30 22:26:00-05:00,-10.136472,-12.935339,-3.9674082,-10.59308,-10.816379,-3.7803986,-9.534443,-8.958144,939225.0,28.3,0.0,-0.152,-0.152,0.355,25.26,1.045,0.0,0.0,0.0,0.0,0.0,0.0,0.0,0.0,1.0,-1.817,-1.433,-0.2,0.0,0.0,0.0,0.0,0.0,271.0,275.0,275.0,273.0,0.72,0.0,0.0,-0.103,-0.042,0.075,0.0,6000.0,420635.0,220.0,406.0,59.98,2.0,37.0,44.0,36.0,25.25,23.13,-0.038,0.0,0.2,0.2,60.0,59.5,75.6,1.0,273.0,274.0,272.9,-0.076,0.031,0.082,1962.0,433542.0,13750.0,1968.0,-0.927,0.818,0.791,0.836,0.001,0.0,0.001,-0.001,0.0,0.0,0.0,0.0,119.0,119.0,119.0,89.0,1.465,284.9,34.0,2.7,3.5,2.0,-1.0,13.55,0.009,0.284,3.0,2.0,0.0,0.0,23.36,23.55,23.16,23.06,23.01,22.83,23.91,23.45,23.72,24.1,23.07,22.83,23.77,23.56,22.65,23.23,23.9,23.38,22.96
2017-06-30 22:27:00-05:00,-10.260086,-13.099078,-3.9674082,-10.460667,-10.816379,-3.7803986,-9.534443,-8.840274,939226.0,28.28,0.0,-0.152,-0.152,0.355,25.24,0.963,0.0,0.0,0.0,0.0,0.0,0.0,0.0,0.0,1.0,-1.783,-1.483,-0.2,0.0,0.0,0.0,0.0,0.0,271.2,275.0,275.0,273.2,0.717,0.0,0.0,-0.1,-0.058,0.09,0.0,6000.0,420635.0,220.0,406.0,59.96,2.0,37.0,44.0,36.0,25.27,23.15,-0.038,0.0,0.2,0.2,60.0,59.5,75.6,1.0,273.2,274.0,273.0,-0.076,0.031,0.082,1962.0,433542.0,13750.0,1968.0,-0.927,0.818,0.791,0.836,0.001,0.0,0.0,0.0,0.0,0.0,0.0,0.0,119.0,119.0,119.0,89.0,1.795,249.8,45.03,3.7,3.5,2.0,-1.0,13.55,0.008,0.284,3.0,2.0,0.0,0.0,23.36,23.46,23.14,23.01,22.96,22.77,23.94,23.43,23.66,24.06,23.05,22.84,23.76,23.55,22.65,23.24,23.89,23.38,22.96
2017-06-30 22:28:00-05:00,-10.136472,-13.099078,-4.085839,-10.59308,-10.816379,-3.7803986,-9.534443,-8.958144,939227.0,28.26,0.0,-0.152,-0.152,0.355,25.24,1.035,0.0,0.0,0.0,0.0,0.0,0.0,0.0,0.0,1.0,-1.833,-1.45,-0.2,0.0,0.0,0.0,0.0,0.0,271.5,275.0,275.0,273.5,0.708,0.0,0.0,-0.1,-0.043,0.075,0.0,6000.0,420635.0,220.0,406.0,59.97,2.0,37.0,44.0,36.0,25.26,23.1,-0.038,0.0,0.2,0.2,60.0,59.5,75.6,1.0,273.8,274.0,273.0,-0.076,0.031,0.082,1962.0,433542.0,13750.0,1968.0,-0.927,0.818,0.791,0.836,0.001,-0.001,0.0,0.0,0.0,0.0,0.0,0.0,119.0,119.0,119.0,89.0,1.555,300.7,27.82,2.7,3.499,2.0,-1.0,13.55,0.008,0.284,3.0,2.0,0.0,0.0,23.36,23.5,23.14,22.98,22.96,22.77,23.94,23.44,23.72,24.08,23.06,22.83,23.77,23.52,22.64,23.23,23.89,23.35,22.94
2017-06-30 22:29:00-05:00,-10.260086,-13.099078,-4.085839,-10.460667,-10.816379,-3.7803986,-9.40899,-8.958144,939228.0,28.23,0.0,-0.152,-0.152,0.355,25.23,1.204,0.0,0.0,0.0,0.0,0.0,0.0,0.0,0.0,1.0,-1.75,-1.483,-0.2,0.0,0.0,0.0,0.0,0.0,271.7,275.0,275.0,273.7,0.712,0.0,0.0,-0.1,-0.025,0.082,0.0,6000.0,420635.0,220.0,406.0,59.96,2.0,37.0,44.0,36.0,25.27,23.1,-0.038,0.0,0.2,0.2,60.0,59.5,75.6,1.0,274.0,274.0,273.0,-0.076,0.031,0.082,1962.0,433542.0,13750.0,1968.0,-0.927,0.818,0.791,0.836,0.001,0.0,0.001,0.0,0.0,0.0,0.0,0.0,119.0,119.0,119.0,89.0,1.393,219.0,57.89,2.9,3.498,2.0,-1.0,13.55,0.008,0.284,3.0,2.0,0.0,0.0,23.36,23.47,23.11,23.01,22.96,22.77,23.94,23.47,23.81,24.13,23.09,22.85,23.81,23.52,22.66,23.25,23.91,23.37,22.96
2017-06-30 22:30:00-05:00,-10.260086,-13.099078,-3.9674082,-10.328253,-10.687613,-3.6675506,-9.283538,-8.840274,939229.0,28.21,0.0,0.184,0.581,0.989,25.23,1.215,0.0,0.0,0.0,0.0,0.0,0.0,0.0,0.0,1.0,-1.967,-1.467,-0.2,0.0,0.0,0.0,0.0,0.0,271.9,275.0,275.0,273.9,0.72,0.0,0.0,-0.1,-0.038,0.088,0.0,6000.0,420635.0,220.0,406.0,59.95,2.0,37.0,44.0,36.0,25.29,23.16,-0.038,0.0,0.2,0.2,60.0,59.5,75.6,1.0,274.0,274.0,273.0,-0.076,0.031,0.082,1962.0,433542.0,13750.0,1968.0,-0.927,0.818,0.791,0.836,0.001,0.0,0.001,0.0,0.0,0.0,0.0,0.0,119.0,119.0,119.0,89.0,1.095,218.3,40.42,2.1,3.499,2.0,-1.0,13.55,0.01,0.284,3.0,2.0,0.0,0.0,23.36,23.49,23.12,22.96,22.96,22.77,23.94,23.5,23.8,24.15,23.11,22.87,23.8,23.53,22.7,23.27,23.91,23.39,22.99
2017-06-30 22:31:00-05:00,-10.260086,-12.7716,-3.9674082,-10.328253,-10.816379,-3.7803986,-9.283538,-8.722404,939230.0,28.2,0.0,-0.152,-0.146,0.378,25.23,1.215,0.0,0.0,0.0,0.0,0.0,0.0,0.0,0.0,1.0,-1.9,-1.45,-0.2,0.0,0.0,0.0,0.0,0.0,272.0,275.0,275.0,274.0,0.73,0.0,0.0,-0.102,-0.048,0.083,0.0,6000.0,420635.0,220.0,406.0,59.95,2.0,37.0,44.0,36.0,25.22,23.13,-0.038,0.0,0.2,0.2,60.0,59.5,75.6,1.0,274.0,274.0,273.0,-0.076,0.031,0.082,1962.0,433542.0,13750.0,1968.0,-0.926,0.818,0.791,0.836,0.001,0.0,0.001,0.0,0.0,0.0,0.0,0.0,119.0,119.0,119.0,89.0,1.317,268.9,22.3,2.7,3.5,2.0,-1.0,13.35,0.006,0.285,1.0,2.0,0.0,0.001,23.36,23.48,23.1,22.96,22.96,22.75,23.94,23.5,23.77,24.14,23.12,22.88,23.8,23.55,22.7,23.27,23.93,23.39,22.99
2017-06-30 22:32:00-05:00,-10.260086,-12.935339,-3.9674082,-10.19584,-10.687613,-3.554703,-9.158084,-8.604533,939231.0,28.17,0.0,-0.152,-0.152,0.355,25.23,1.215,0.0,0.0,0.0,0.0,0.0,0.0,0.0,0.0,1.0,-1.9,-1.517,-0.198,0.0,0.0,0.0,0.0,0.0,272.0,275.0,275.0,274.0,0.708,0.0,0.0,-0.102,-0.047,0.08,0.0,6000.0,420635.0,220.0,406.0,59.95,2.0,37.0,44.0,36.0,25.18,23.12,-0.038,0.0,0.2,0.2,60.0,59.5,75.6,1.0,274.0,274.0,273.0,-0.076,0.031,0.082,1962.0,433542.0,13750.0,1968.0,-0.926,0.818,0.791,0.836,0.001,0.0,0.001,0.0,0.0,0.0,0.0,0.0,119.0,119.0,119.0,89.0,2.28,272.4,28.4,4.4,3.499,2.0,-1.0,13.55,0.008,0.284,3.0,2.0,0.0,0.0,23.36,23.54,23.06,22.96,22.93,22.77,23.99,23.53,23.83,24.18,23.15,22.91,23.83,23.58,22.73,23.3,23.98,23.43,23.02
2017-06-30 22:33:00-05:00,-10.136472,-13.099078,-3.9674082,-10.19584,-10.558846,-3.103312,-8.907177,-8.486663,939232.0,28.15,0.0,-0.15,-0.15,0.358,25.25,1.215,0.0,0.0,0.0,0.0,0.0,0.0,0.0,0.0,1.0,-1.95,-1.5,-0.198,0.0,0.0,0.0,0.0,0.0,272.0,275.0,275.0,274.0,0.715,0.0,0.0,-0.1,-0.055,0.097,0.0,6000.0,420635.0,220.0,406.0,59.97,2.0,37.0,44.0,36.0,25.26,23.14,-0.038,0.0,0.2,0.2,60.0,59.5,75.6,1.0,274.0,274.0,273.0,-0.076,0.031,0.082,1962.0,433542.0,13750.0,1968.0,-0.926,0.818,0.791,0.836,0.001,0.0,0.0,0.0,0.0,0.0,0.0,0.0,119.0,119.0,119.0,89.0,1.945,266.2,81.5,3.3,3.5,2.0,-1.0,13.55,0.008,0.284,3.0,2.0,0.0,0.0,23.36,23.54,23.14,22.99,22.95,22.77,23.99,23.59,23.94,24.23,23.21,22.97,23.92,23.62,22.79,23.36,24.04,23.5,23.08
2017-06-30 22:34:00-05:00,-9.765624,-12.280385,-3.9674082,-10.063426,-10.430079,-3.103312,-8.781725,-8.368793,939233.0,28.14,0.0,-0.147,-0.147,0.36,25.26,1.215,0.0,0.0,0.0,0.0,0.0,0.0,0.0,0.0,1.0,-1.933,-1.5,-0.198,0.0,0.0,0.0,0.0,0.0,272.0,275.0,275.0,274.0,0.722,0.0,0.0,-0.1,-0.043,0.08,0.0,6000.0,420635.0,220.0,406.0,59.96,2.0,37.0,44.0,36.0,25.32,23.21,-0.038,0.0,0.2,0.2,60.0,59.5,75.6,1.0,274.0,274.0,273.0,-0.076,0.031,0.082,1962.0,433542.0,13750.0,1968.0,-0.926,0.818,0.791,0.836,0.001,0.0,0.001,0.0,0.0,0.0,0.0,0.0,119.0,119.0,119.0,89.0,2.322,179.9,11.89,4.1,3.5,2.0,-1.0,13.55,0.007,0.284,3.0,2.0,0.0,0.0,23.44,23.52,23.19,23.08,23.03,22.85,24.04,23.62,23.92,24.26,23.24,23.03,23.88,23.67,22.84,23.41,24.07,23.55,23.13
2017-06-30 22:35:00-05:00,-9.642009,-11.9529085,-3.9674082,-10.19584,-10.430079,-3.103312,-8.781725,-8.368793,939234.0,28.11,0.0,-0.148,-0.148,0.359,25.27,1.215,0.0,0.0,0.0,0.0,0.0,0.0,0.0,0.0,1.0,-1.883,-1.45,-0.193,0.0,0.0,0.0,0.0,0.0,272.0,275.2,275.3,274.0,0.725,0.0,0.0,-0.1,-0.05,0.075,0.0,6000.0,420635.0,220.0,406.0,59.97,2.0,36.85,44.0,36.0,25.26,23.23,-0.038,0.0,0.2,0.2,60.0,59.5,75.6,1.0,274.0,274.6,273.0,-0.076,0.031,0.082,1962.0,433542.0,13750.0,1968.0,-0.926,0.818,0.791,0.836,0.001,-0.001,0.001,0.0,0.0,0.0,0.0,0.0,119.0,119.0,119.0,89.0,1.413,238.2,48.06,2.7,3.499,2.0,-1.0,13.55,0.007,0.284,3.0,2.0,0.0,0.0,23.47,23.6,23.25,23.16,23.06,22.86,24.04,23.62,23.91,24.26,23.24,23.03,23.85,23.67,22.84,23.41,24.02,23.54,23.12
2017-06-30 22:36:00-05:00,-9.5183935,-11.9529085,-3.9674082,-10.19584,-10.430079,-3.103312,-8.781725,-8.368793,939235.0,28.09,0.0,0.105,0.13,0.564,25.24,1.219,0.0,0.0,0.0,0.0,0.0,0.0,0.0,0.0,1.0,-1.883,-1.517,-0.198,0.0,0.0,0.0,0.0,0.0,272.0,275.7,275.7,274.0,0.725,0.0,0.0,-0.102,-0.053,0.083,0.0,6000.0,420635.0,220.0,406.0,59.96,2.0,36.15,44.0,36.0,25.22,23.23,-0.038,0.0,0.2,0.2,60.0,59.5,75.6,1.0,274.0,274.9,273.5,-0.076,0.031,0.082,1962.0,433542.0,13750.0,1968.0,-0.926,0.818,0.791,0.836,0.001,0.0,0.0,0.0,0.0,0.0,0.0,0.0,119.0,119.0,119.0,89.0,1.707,242.1,57.67,2.5,3.5,2.0,-1.0,13.53,0.031,0.284,1.0,2.0,0.0,0.001,23.55,23.65,23.25,23.16,23.06,22.93,24.04,23.63,23.98,24.25,23.25,23.05,23.87,23.71,22.86,23.42,24.03,23.55,23.13
2017-06-30 22:37:00-05:00,-9.5183935,-11.9529085,-3.9674082,-10.063426,-10.172546,-3.103312,-8.781725,-8.486663,939236.0,28.07,0.0,-0.149,-0.149,0.358,25.24,1.307,0.0,0.0,0.0,0.0,0.0,0.0,0.0,0.0,1.0,-1.883,-1.45,-0.198,0.0,0.0,0.0,0.0,0.0,272.1,276.0,276.0,274.1,0.717,0.0,0.0,-0.103,-0.055,0.093,0.0,6000.0,420635.0,220.0,406.0,59.95,2.0,36.02,44.0,36.0,25.25,23.27,-0.038,0.0,0.2,0.2,60.0,59.5,75.6,1.0,274.4,275.0,274.0,-0.076,0.031,0.082,1962.0,433542.0,13750.0,1968.0,-0.926,0.818,0.791,0.836,0.001,0.0,0.001,0.0,0.0,0.0,0.0,0.0,119.0,119.0,119.0,89.0,1.912,211.4,41.73,3.8,3.5,2.0,-1.0,13.48,-0.016,0.285,1.0,2.0,0.0,0.001,23.55,23.63,23.27,23.21,23.16,22.96,24.04,23.67,23.98,24.3,23.28,23.09,23.92,23.76,22.91,23.46,24.06,23.6,23.18
2017-06-30 22:38:00-05:00,-9.5183935,-11.9529085,-3.9674082,-10.063426,-10.043779,-3.103312,-8.781725,-8.368793,939237.0,28.05,0.0,-0.15,-0.15,0.358,25.23,1.414,0.0,0.0,0.0,0.0,0.0,0.0,0.0,0.0,1.017,-1.85,-1.367,-0.197,0.0,0.0,0.0,0.0,0.0,272.5,276.0,276.0,274.5,0.705,0.0,0.0,-0.107,-0.06,0.085,0.0,6000.0,420635.0,220.0,406.0,59.96,2.0,36.0,44.0,36.0,25.22,23.29,-0.038,0.0,0.2,0.2,60.0,59.5,75.6,1.0,275.0,275.0,274.0,-0.076,0.031,0.082,1962.0,433542.0,13750.0,1968.0,-0.926,0.818,0.791,0.836,0.0,0.0,0.001,0.0,0.0,0.0,0.0,0.0,119.0,119.0,119.0,89.0,2.048,224.2,24.34,4.0,3.499,2.0,-1.0,13.52,0.007,0.285,3.0,2.0,0.0,0.0,23.55,23.63,23.32,23.24,23.16,22.96,24.04,23.67,23.93,24.26,23.28,23.11,23.9,23.78,22.92,23.46,24.04,23.58,23.17
2017-06-30 22:39:00-05:00,-9.5183935,-11.9529085,-3.9674082,-10.063426,-10.043779,-3.103312,-8.781725,-8.486663,939238.0,28.04,0.0,-0.15,-0.15,0.357,25.22,1.478,0.0,0.0,0.0,0.0,0.0,0.0,0.0,0.0,1.117,-1.717,-1.483,-0.195,0.0,0.0,0.0,0.0,0.0,272.9,276.0,276.0,274.9,0.713,0.0,0.0,-0.102,-0.052,0.093,0.0,6000.0,420635.0,220.0,406.0,59.97,2.0,36.0,44.0,36.0,25.23,23.36,-0.038,0.0,0.2,0.2,60.0,59.5,75.6,1.0,275.0,275.0,274.0,-0.076,0.031,0.082,1962.0,433542.0,13750.0,1968.0,-0.926,0.818,0.791,0.836,0.001,0.0,0.001,0.0,0.0,0.0,0.0,0.0,119.0,119.0,119.0,89.0,2.19,225.7,75.29,3.9,3.499,2.0,-1.0,13.51,0.009,0.285,3.0,2.0,0.0,0.0,23.59,23.72,23.35,23.25,23.19,22.99,24.04,23.67,23.95,24.27,23.28,23.11,23.87,23.8,22.93,23.46,24.03,23.59,23.17
2017-06-30 22:40:00-05:00,-9.394778,-11.9529085,-3.9674082,-10.063426,-9.915014,-3.103312,-8.781725,-8.368793,939239.0,28.01,0.0,-0.15,-0.15,0.357,25.23,1.484,0.0,0.0,0.0,0.0,0.0,0.0,0.0,0.0,1.217,-1.833,-1.5,-0.195,0.0,0.0,0.0,0.0,0.0,272.7,276.0,276.0,274.7,0.733,0.0,0.0,-0.108,-0.058,0.093,0.0,6000.0,420635.0,220.0,406.0,59.97,2.0,36.0,44.0,36.0,25.2,23.39,-0.038,0.0,0.2,0.2,60.0,59.5,75.6,1.0,275.0,275.0,274.0,-0.076,0.031,0.082,1962.0,433542.0,13750.0,1968.0,-0.926,0.818,0.791,0.836,0.001,0.0,0.001,0.0,0.0,0.0,0.0,0.0,119.0,119.0,119.0,89.0,1.957,310.9,53.7,4.6,3.5,2.0,-1.0,13.55,0.007,0.284,3.0,2.0,0.0,0.0,23.65,23.75,23.35,23.27,23.25,23.07,24.12,23.7,23.96,24.29,23.31,23.16,23.99,23.86,22.99,23.5,24.07,23.62,23.2
2017-06-30 22:41:00-05:00,-9.5183935,-11.9529085,-3.9674082,-9.798599,-9.915014,-3.103312,-8.781725,-8.250922,939240.0,28.0,0.0,-0.151,-0.151,0.357,25.21,1.484,0.0,0.0,0.0,0.0,0.0,0.0,0.0,0.0,1.417,-1.75,-1.417,-0.197,0.0,0.0,0.0,0.0,0.0,273.0,276.1,276.2,275.0,0.76,0.0,0.0,-0.107,-0.052,0.088,0.0,6000.0,420635.0,220.0,406.0,59.97,2.0,36.0,44.0,36.0,25.21,23.43,-0.038,0.0,0.2,0.2,60.0,59.5,75.6,1.0,275.0,275.0,274.0,-0.076,0.031,0.082,1962.0,433542.0,13750.0,1968.0,-0.926,0.818,0.791,0.836,0.001,0.0,0.001,0.0,0.0,0.0,0.0,0.0,119.0,119.0,119.0,89.0,1.908,249.6,58.5,4.3,3.499,2.0,-1.0,13.55,0.007,0.284,3.0,2.0,0.0,0.0,23.65,23.75,23.43,23.3,23.25,23.09,24.2,23.74,24.04,24.34,23.35,23.22,24.06,23.9,23.05,23.56,24.15,23.69,23.27
2017-06-30 22:42:00-05:00,-9.394778,-11.9529085,-3.9674082,-9.5337715,-9.915014,-3.103312,-8.781725,-8.250922,939241.0,27.98,0.0,-0.151,-0.151,0.357,25.18,1.484,0.0,0.0,0.0,0.0,0.0,0.0,0.0,0.0,1.383,-1.9,-1.483,-0.193,0.0,0.0,0.0,0.0,0.0,272.1,275.6,275.7,274.1,0.738,0.0,0.0,-0.11,-0.048,0.092,0.0,6000.0,420635.0,220.0,406.0,59.94,2.0,36.0,44.0,36.0,25.23,23.46,-0.038,0.0,0.2,0.2,60.0,59.5,75.6,1.0,274.1,275.0,273.4,-0.076,0.031,0.082,1962.0,433542.0,13750.0,1968.0,-0.927,0.818,0.791,0.836,0.001,0.0,0.001,0.0,0.0,0.0,0.0,0.0,119.0,119.0,119.0,89.0,1.793,206.5,51.64,3.1,3.5,2.0,-1.0,13.55,0.007,0.284,3.0,2.0,0.0,0.0,23.69,23.77,23.45,23.35,23.3,23.16,24.23,23.79,24.05,24.37,23.4,23.28,24.08,23.94,23.1,23.61,24.16,23.73,23.32
2017-06-30 22:43:00-05:00,-9.394778,-11.9529085,-3.9674082,-9.5337715,-9.915014,-3.103312,-8.781725,-8.250922,939242.0,27.95,0.0,-0.151,-0.151,0.356,25.18,1.484,0.0,0.0,0.0,0.0,0.0,0.0,0.0,0.0,1.45,-1.783,-1.5,-0.193,0.0,0.0,0.0,0.0,0.0,272.0,275.8,275.9,274.0,0.733,0.0,0.0,-0.113,-0.042,0.087,0.0,6000.0,420635.0,220.0,406.0,59.96,2.0,36.0,44.0,36.0,25.2,23.49,-0.038,0.0,0.2,0.2,60.0,59.5,75.6,1.0,274.0,275.0,273.9,-0.076,0.031,0.082,1962.0,433542.0,13750.0,1968.0,-0.927,0.818,0.791,0.836,0.001,0.0,0.001,0.0,0.0,0.0,0.0,0.0,119.0,119.0,119.0,89.0,1.972,200.2,26.34,3.5,3.5,2.0,-1.0,13.55,0.007,0.284,3.0,2.0,0.0,0.0,23.73,23.84,23.46,23.35,23.37,23.17,24.2,23.79,24.02,24.36,23.4,23.3,24.03,23.95,23.12,23.62,24.15,23.74,23.33
2017-06-30 22:44:00-05:00,-9.394778,-11.9529085,-3.9674082,-9.798599,-9.915014,-3.103312,-8.781725,-8.250922,939243.0,27.94,0.0,0.193,0.221,0.644,25.16,1.484,0.0,0.0,0.0,0.0,0.0,0.0,0.0,0.0,1.517,-1.833,-1.55,-0.197,0.0,0.0,0.0,0.0,0.0,272.0,275.8,276.0,274.0,0.738,0.0,0.0,-0.107,-0.052,0.082,0.0,6000.0,420635.0,220.0,406.0,59.97,2.0,36.0,44.0,36.0,25.15,23.52,-0.038,0.0,0.2,0.2,60.0,59.5,75.6,1.0,274.0,275.0,274.0,-0.076,0.031,0.082,1962.0,433542.0,13750.0,1968.0,-0.927,0.818,0.791,0.836,0.001,0.0,0.001,0.0,0.0,0.0,0.0,0.0,119.0,119.0,119.0,89.0,1.68,250.0,28.7,2.6,3.499,2.0,-1.0,13.44,0.007,0.284,3.0,2.0,0.0,0.001,23.75,23.84,23.54,23.35,23.38,23.16,24.18,23.77,24.0,24.33,23.38,23.3,24.01,23.95,23.12,23.6,24.13,23.73,23.32
2017-06-30 22:45:00-05:00,-9.394778,-11.9529085,-3.9674082,-9.931012,-9.786247,-3.103312,-8.781725,-8.250922,939244.0,27.92,0.0,-0.147,-0.147,0.36,25.14,1.484,0.0,0.0,0.0,0.0,0.0,0.0,0.0,0.0,1.6,-1.7,-1.45,-0.187,0.0,0.0,0.0,0.0,0.0,272.0,275.4,275.4,274.0,0.722,0.0,0.0,-0.115,-0.053,0.078,0.0,6000.0,420635.0,220.0,406.0,59.97,2.0,36.0,44.0,36.0,25.17,23.53,-0.038,0.0,0.2,0.2,60.0,59.5,75.6,1.0,274.0,274.4,273.4,-0.076,0.031,0.082,1962.0,433542.0,13750.0,1968.0,-0.927,0.818,0.791,0.836,0.001,0.0,0.0,0.0,0.0,0.0,0.0,0.0,119.0,119.0,119.0,89.0,1.495,238.9,53.41,2.9,3.499,2.0,-1.0,13.52,0.009,0.285,3.0,2.0,0.0,0.0,23.75,23.84,23.56,23.41,23.42,23.23,24.19,23.78,24.04,24.34,23.39,23.32,24.01,23.96,23.13,23.62,24.14,23.74,23.33
2017-06-30 22:46:00-05:00,-9.394778,-11.9529085,-3.9674082,-9.931012,-9.786247,-3.103312,-8.781725,-8.250922,939245.0,27.91,0.0,-0.145,-0.145,0.362,25.14,1.484,0.0,0.0,0.0,0.0,0.0,0.0,0.0,0.0,1.467,-1.767,-1.433,-0.192,0.0,0.0,0.0,0.0,0.0,271.1,274.2,274.2,273.1,0.698,0.0,0.0,-0.11,-0.052,0.088,0.0,6000.0,420635.0,220.0,406.0,59.95,2.0,36.0,44.0,36.0,25.15,23.55,-0.038,0.0,0.2,0.2,60.0,59.5,75.6,1.0,273.1,273.2,272.2,-0.075,0.03,0.081,1962.0,433542.0,13750.0,1968.0,-0.928,0.818,0.791,0.836,0.001,0.0,0.0,0.0,0.0,0.0,0.0,0.0,119.0,119.0,119.0,89.0,1.752,255.9,29.99,2.8,3.499,2.0,-1.0,13.55,0.007,0.284,3.0,2.0,0.0,0.0,23.75,23.84,23.6,23.46,23.45,23.28,24.23,23.81,24.08,24.36,23.42,23.34,24.04,23.99,23.15,23.63,24.15,23.76,23.35
2017-06-30 22:47:00-05:00,-9.271162,-11.9529085,-3.9674082,-9.931012,-9.915014,-3.103312,-8.781725,-8.250922,939246.0,27.88,0.0,-0.142,-0.142,0.365,25.13,1.484,0.0,0.0,0.0,0.0,0.0,0.0,0.0,0.0,1.367,-1.767,-1.433,-0.188,0.0,0.0,0.0,0.0,0.0,271.0,274.0,274.0,273.0,0.695,0.0,0.0,-0.115,-0.05,0.08,0.0,6000.0,420635.0,220.0,406.0,59.97,2.0,36.0,44.0,35.52,25.13,23.54,-0.038,0.0,0.2,0.2,60.0,59.5,75.6,1.0,273.0,273.0,272.0,-0.075,0.03,0.081,1962.0,433542.0,13750.0,1968.0,-0.928,0.818,0.791,0.836,0.001,0.0,0.001,0.0,0.0,0.0,0.0,0.0,119.0,119.0,119.0,89.0,1.817,262.0,48.03,3.7,3.5,2.0,-1.0,13.55,0.007,0.284,3.0,2.0,0.0,0.0,23.75,23.84,23.56,23.5,23.42,23.29,24.17,23.79,24.01,24.35,23.4,23.35,24.05,23.98,23.16,23.64,24.15,23.75,23.35
2017-06-30 22:48:00-05:00,-9.271162,-11.9529085,-3.9674082,-9.931012,-9.915014,-3.103312,-8.781725,-8.250922,939247.0,27.88,0.0,-0.14,-0.14,0.368,25.14,1.484,0.0,0.0,0.0,0.0,0.0,0.0,0.0,0.0,1.583,-1.583,-1.383,-0.182,0.0,0.0,0.0,0.0,0.0,270.3,273.8,273.9,272.3,0.687,0.0,0.0,-0.118,-0.05,0.065,0.0,6000.0,420635.0,220.0,406.0,59.97,2.0,36.0,44.0,35.05,25.11,23.54,-0.038,0.0,0.2,0.2,60.0,59.5,75.6,1.0,272.3,272.4,271.3,-0.075,0.03,0.081,1962.0,433542.0,13750.0,1968.0,-0.928,0.818,0.791,0.836,0.001,-0.001,0.001,0.0,0.0,0.0,0.0,0.0,119.0,119.0,119.0,89.0,1.628,268.3,42.55,2.9,3.499,2.0,-1.0,13.55,0.007,0.284,3.0,2.0,0.0,0.0,23.75,23.84,23.62,23.4,23.44,23.34,24.23,23.82,24.04,24.36,23.41,23.37,24.11,24.0,23.19,23.66,24.18,23.78,23.37
2017-06-30 22:49:00-05:00,-9.394778,-11.9529085,-3.9674082,-9.798599,-9.786247,-3.103312,-8.781725,-8.250922,939248.0,27.85,0.0,-0.136,-0.136,0.371,25.1,1.479,0.0,0.0,0.0,0.0,0.0,0.0,0.0,0.0,1.167,-1.867,-1.383,-0.183,0.0,0.0,0.0,0.0,0.0,269.4,272.7,272.7,271.4,0.687,0.0,0.0,-0.11,-0.055,0.083,0.0,6000.0,420635.0,220.0,406.0,59.96,2.0,36.0,43.93,35.0,25.08,23.52,-0.038,0.0,0.2,0.2,60.0,59.5,75.6,1.0,271.4,271.5,270.4,-0.075,0.03,0.081,1962.0,433542.0,13750.0,1968.0,-0.929,0.818,0.791,0.836,0.0,0.0,0.001,0.0,0.0,0.0,0.0,0.0,119.0,119.0,119.0,89.0,1.257,283.7,38.76,2.5,3.5,2.0,-1.0,13.55,0.007,0.284,3.0,2.0,0.0,0.0,23.75,23.84,23.6,23.43,23.46,23.34,24.19,23.82,24.02,24.35,23.41,23.37,24.09,23.99,23.18,23.65,24.16,23.76,23.36
2017-06-30 22:50:00-05:00,,,,,,,,,,,,,,,,,,,,,,,,,,,,,,,,,,,,,,,,,,,,,,,,,,,,,,,,,,,,,,,,,,,,,,,,,,,,,,,,,,,,,,,,,,,,,,,,,,,,,,,,,,,,,,,,,,,,,,,,,,
2017-06-30 22:51:00-05:00,-9.5183935,-11.9529085,-3.9674082,-10.063426,-9.915014,-3.103312,-8.781725,-8.368793,939249.0,27.82,0.0,-0.126,-0.126,0.382,25.09,1.452,0.0,0.0,0.0,0.0,0.0,0.0,0.0,0.0,1.093,-1.833,-1.444,-0.185,0.0,0.0,0.0,0.0,0.0,269.0,272.0,272.0,271.0,0.661,0.0,0.0,-0.111,-0.043,0.076,0.0,6000.0,420635.0,220.0,406.0,59.94,2.0,36.0,43.02,35.0,25.09,23.52,-0.038,0.0,0.2,0.2,60.0,59.5,75.6,1.0,271.0,271.0,270.0,-0.075,0.03,0.08,1962.0,433542.0,13750.0,1968.0,-0.93,0.818,0.791,0.836,0.001,0.0,0.001,0.0,0.0,0.0,0.0,0.0,119.0,119.0,119.0,89.0,1.509,208.6,85.4,3.0,3.499,2.0,-1.0,13.53,0.013,0.284,3.0,2.0,0.0,0.0,23.75,23.84,23.65,23.48,23.46,23.3,24.14,23.79,23.98,24.31,23.38,23.35,24.03,23.94,23.15,23.64,24.14,23.74,23.36
2017-06-30 22:52:00-05:00,-9.5183935,-11.9529085,-3.9674082,-10.063426,-9.915014,-3.103312,-8.907177,-8.368793,939250.0,27.82,0.0,-0.123,-0.123,0.384,25.09,1.47,0.0,0.0,0.0,0.0,0.0,0.0,0.0,0.0,1.117,-1.75,-1.367,-0.178,0.0,0.0,0.0,0.0,0.0,269.0,272.0,272.0,271.0,0.682,0.0,0.0,-0.122,-0.043,0.083,0.0,6000.0,420635.0,220.0,406.0,59.96,2.0,36.0,43.0,35.0,25.09,23.54,-0.038,0.0,0.2,0.2,60.0,59.5,75.6,1.0,271.0,271.0,270.0,-0.075,0.03,0.081,1962.0,433542.0,13750.0,1968.0,-0.93,0.818,0.791,0.836,0.001,0.0,0.001,-0.001,0.0,0.0,0.0,0.0,119.0,119.0,119.0,89.0,1.028,249.4,68.69,2.8,3.5,2.0,-1.0,13.55,0.007,0.284,3.0,2.0,0.0,0.0,23.75,23.84,23.63,23.54,23.46,23.36,24.14,23.79,24.01,24.31,23.38,23.33,24.04,23.93,23.14,23.64,24.12,23.73,23.35
2017-06-30 22:53:00-05:00,-9.5183935,-11.9529085,-3.9674082,-10.063426,-9.915014,-3.103312,-8.907177,-8.368793,939251.0,27.79,0.0,-0.121,-0.121,0.387,25.08,1.461,0.0,0.0,0.0,0.0,0.0,0.0,0.0,0.0,1.167,-1.783,-1.483,-0.177,0.0,0.0,0.0,0.0,0.0,269.0,272.0,272.0,271.0,0.677,0.0,0.0,-0.115,-0.06,0.083,0.0,6000.0,420635.0,220.0,406.0,59.96,2.0,36.0,43.0,35.0,25.08,23.54,-0.038,0.0,0.2,0.2,60.0,59.5,75.6,1.0,271.0,271.0,270.0,-0.075,0.03,0.081,1962.0,433542.0,13750.0,1968.0,-0.93,0.818,0.791,0.836,0.001,0.0,0.0,0.0,0.0,0.0,0.0,0.0,119.0,119.0,119.0,89.0,1.44,212.8,68.24,4.4,3.499,2.0,-1.0,13.55,0.007,0.284,3.0,2.0,0.0,0.0,23.75,23.84,23.64,23.46,23.55,23.34,24.14,23.78,23.98,24.3,23.38,23.34,24.07,23.92,23.15,23.65,24.14,23.73,23.35
2017-06-30 22:54:00-05:00,-9.5183935,-11.9529085,-3.9674082,-9.931012,-9.915014,-3.103312,-8.781725,-8.250922,939252.0,27.78,0.0,-0.122,-0.122,0.385,25.07,1.477,0.0,0.0,0.0,0.0,0.0,0.0,0.0,0.0,1.3,-1.767,-1.467,-0.182,0.0,0.0,0.0,0.0,0.0,269.0,272.3,272.1,271.0,0.663,0.0,0.0,-0.115,-0.04,0.062,0.0,6000.0,420635.0,220.0,406.0,59.95,2.0,36.0,43.0,35.0,25.1,23.56,-0.038,0.0,0.2,0.2,60.0,59.5,75.6,1.0,271.0,271.6,270.0,-0.075,0.03,0.081,1962.0,433542.0,13750.0,1968.0,-0.93,0.818,0.791,0.836,0.001,0.0,0.0,0.0,0.0,0.0,0.0,0.0,119.0,119.0,119.0,89.0,1.762,267.5,41.42,3.2,3.5,2.0,-1.0,13.55,0.007,0.284,3.0,2.0,0.0,0.0,23.75,23.84,23.65,23.47,23.55,23.36,24.17,23.79,24.03,24.32,23.39,23.36,24.08,23.93,23.17,23.66,24.15,23.74,23.36
2017-06-30 22:55:00-05:00,-9.5183935,-11.9529085,-3.9674082,-9.931012,-9.915014,-3.103312,-8.781725,-8.250922,939253.0,27.76,0.0,-0.123,-0.123,0.385,25.05,1.484,0.0,0.0,0.0,0.0,0.0,0.0,0.0,0.0,1.733,-1.417,-1.25,-0.168,0.0,0.0,0.0,0.0,0.0,269.0,272.0,272.0,271.0,0.667,0.0,0.0,-0.113,-0.047,0.07,0.0,6000.0,420635.0,220.0,406.0,59.95,2.0,36.0,43.0,35.0,25.09,23.56,-0.038,0.0,0.2,0.2,60.0,59.5,75.6,1.0,271.0,271.1,270.0,-0.075,0.03,0.08,1962.0,433542.0,13750.0,1968.0,-0.93,0.818,0.791,0.836,0.001,0.0,0.001,0.0,0.0,0.0,0.0,0.0,119.0,119.0,119.0,89.0,1.687,290.7,44.95,4.1,3.499,2.0,-1.0,13.55,0.007,0.284,3.0,2.0,0.0,0.0,23.75,23.84,23.65,23.53,23.48,23.36,24.26,23.81,24.03,24.33,23.42,23.38,24.15,23.95,23.19,23.68,24.18,23.77,23.39
2017-06-30 22:56:00-05:00,-9.5183935,-11.9529085,-3.9674082,-9.798599,-9.915014,-3.103312,-8.781725,-8.250922,939254.0,27.75,0.0,0.131,0.15,0.581,25.06,1.484,0.0,0.0,0.0,0.0,0.0,0.0,0.0,0.0,1.517,-1.817,-1.383,-0.182,0.0,0.0,0.0,0.0,0.0,269.0,272.1,272.0,271.0,0.657,0.0,0.0,-0.112,-0.033,0.077,0.0,6000.0,420635.0,220.0,406.0,59.96,2.0,36.0,43.0,35.0,25.1,23.56,-0.038,0.0,0.2,0.2,60.0,59.5,75.6,1.0,271.0,271.3,270.0,-0.075,0.03,0.08,1962.0,433542.0,13750.0,1968.0,-0.93,0.818,0.791,0.836,0.001,0.0,0.001,0.0,0.0,0.0,0.0,0.0,119.0,119.0,119.0,89.0,1.977,213.5,24.17,4.2,3.5,2.0,-1.0,13.46,0.008,0.284,3.0,2.0,0.0,0.0,23.75,23.84,23.65,23.55,23.47,23.36,24.14,23.81,23.98,24.31,23.41,23.38,24.1,23.94,23.19,23.68,24.16,23.77,23.39
2017-06-30 22:57:00-05:00,-9.5183935,-11.9529085,-3.9674082,-9.931012,-9.915014,-3.103312,-8.781725,-8.250922,939255.0,27.74,0.0,-0.119,-0.119,0.389,25.07,1.487,0.0,0.0,0.0,0.0,0.0,0.0,0.0,0.0,1.733,-1.883,-1.433,-0.177,0.0,0.0,0.0,0.0,0.0,269.0,272.1,272.0,271.0,0.645,0.0,0.0,-0.122,-0.042,0.068,0.0,6000.0,420635.0,220.0,406.0,59.96,2.0,36.0,43.0,35.0,25.06,23.53,-0.038,0.0,0.2,0.2,60.0,59.5,75.6,1.0,271.0,271.2,270.0,-0.075,0.03,0.08,1962.0,433542.0,13750.0,1968.0,-0.93,0.818,0.791,0.836,0.001,-0.001,0.001,0.0,0.0,0.0,0.0,0.0,119.0,119.0,119.0,89.0,0.938,263.7,38.77,1.9,3.5,2.0,-1.0,13.55,0.007,0.284,3.0,2.0,0.0,0.0,23.75,23.84,23.65,23.54,23.46,23.36,24.14,23.82,24.05,24.34,23.42,23.37,24.1,23.93,23.18,23.68,24.16,23.77,23.39
2017-06-30 22:58:00-05:00,-9.5183935,-11.9529085,-3.9674082,-9.931012,-9.915014,-3.103312,-8.781725,-8.250922,939256.0,27.72,0.0,-0.117,-0.117,0.391,25.05,1.591,0.0,0.0,0.0,0.0,0.0,0.0,0.0,0.0,1.817,-1.767,-1.417,-0.173,0.0,0.0,0.0,0.0,0.0,269.0,272.4,272.0,271.0,0.658,0.0,0.0,-0.105,-0.048,0.077,0.0,6000.0,420635.0,220.0,406.0,59.96,2.0,36.0,43.0,35.0,25.02,23.5,-0.038,0.0,0.2,0.2,60.0,59.5,75.6,1.0,271.0,271.8,270.0,-0.075,0.03,0.08,1962.0,433542.0,13750.0,1968.0,-0.93,0.818,0.791,0.836,0.0,0.0,0.001,0.0,0.0,0.0,0.0,0.0,119.0,119.0,119.0,89.0,1.437,279.7,23.84,2.5,3.5,2.0,-1.0,13.55,0.007,0.284,3.0,2.0,0.0,0.0,23.73,23.84,23.65,23.47,23.46,23.36,24.14,23.83,24.04,24.35,23.43,23.37,24.11,23.93,23.18,23.68,24.16,23.78,23.39
2017-06-30 22:59:00-05:00,-9.5183935,-11.9529085,-3.9674082,-9.798599,-9.915014,-3.103312,-8.781725,-8.250922,939257.0,27.71,0.0,-0.115,-0.115,0.393,25.06,1.619,0.0,0.0,0.0,0.0,0.0,0.0,0.0,0.0,2.0,-1.817,-1.5,-0.183,0.0,0.0,0.0,0.0,0.0,269.0,272.7,272.0,271.0,0.67,0.0,0.0,-0.115,-0.045,0.075,0.0,6000.0,420635.0,220.0,406.0,59.97,2.0,36.0,43.0,35.0,25.0,23.5,-0.038,0.0,0.2,0.2,60.0,59.5,75.6,1.0,271.0,272.0,270.0,-0.075,0.03,0.08,1962.0,433542.0,13750.0,1968.0,-0.93,0.818,0.791,0.836,0.0,-0.001,0.0,0.0,0.0,0.0,0.0,0.0,119.0,119.0,119.0,89.0,1.128,249.2,72.02,2.5,3.499,2.0,-1.0,13.55,0.007,0.284,3.0,2.0,0.0,0.0,23.7,23.84,23.65,23.46,23.46,23.36,24.16,23.83,24.02,24.33,23.44,23.39,24.11,23.94,23.2,23.69,24.15,23.78,23.4
2017-06-30 23:00:00-05:00,-9.394778,-11.9529085,-3.9674082,-9.798599,-9.915014,-3.103312,-8.781725,-8.250922,939258.0,27.69,0.0,-0.113,-0.113,0.395,25.07,1.619,0.0,0.0,0.0,0.0,0.0,0.0,0.0,0.0,2.0,-1.883,-1.433,-0.158,0.0,0.0,0.0,0.0,0.0,269.0,272.5,272.0,271.0,0.655,0.0,0.0,-0.103,-0.05,0.078,0.0,6000.0,420635.0,220.0,406.0,59.96,2.0,36.0,43.0,35.0,25.0,23.5,-0.038,0.0,0.2,0.2,60.0,59.5,75.6,1.0,271.0,271.9,270.0,-0.075,0.03,0.08,1962.0,433542.0,13750.0,1968.0,-0.929,0.818,0.791,0.836,0.001,0.0,0.0,0.0,0.0,0.0,0.0,0.0,119.0,119.0,119.0,89.0,1.322,282.7,46.63,2.8,3.5,2.0,-1.0,13.55,0.007,0.284,3.0,2.0,0.0,0.0,23.7,23.84,23.6,23.46,23.46,23.3,24.14,23.85,24.02,24.35,23.44,23.42,24.14,23.97,23.22,23.7,24.17,23.8,23.42
2017-06-30 23:01:00-05:00,-9.394778,-11.9529085,-3.9674082,-9.5337715,-9.915014,-3.103312,-8.781725,-8.250922,939259.0,27.69,0.0,0.335,0.356,0.783,25.07,1.619,0.0,0.0,0.0,0.0,0.0,0.0,0.0,0.0,2.0,-1.883,-1.483,-0.168,0.0,0.0,0.0,0.0,0.0,269.0,272.8,272.1,271.0,0.678,0.0,0.0,-0.108,-0.048,0.07,0.0,6000.0,420635.0,220.0,406.0,59.94,2.0,36.0,43.0,35.0,25.07,23.52,-0.038,0.0,0.2,0.2,60.0,59.5,75.6,1.0,271.1,272.0,270.0,-0.075,0.03,0.08,1962.0,433542.0,13750.0,1968.0,-0.929,0.818,0.791,0.836,0.001,0.0,0.001,-0.001,0.0,0.0,0.0,0.0,119.0,119.0,119.0,89.0,1.393,204.5,41.13,2.5,3.499,2.0,-1.0,13.55,0.007,0.284,3.0,2.0,0.0,0.0,23.73,23.84,23.62,23.46,23.49,23.36,24.16,23.86,24.04,24.35,23.46,23.43,24.15,23.98,23.24,23.72,24.16,23.81,23.42
2017-06-30 23:02:00-05:00,-9.394778,-11.9529085,-3.8489778,-9.401358,-9.786247,-3.103312,-8.781725,-8.250922,939260.0,27.67,0.0,-0.111,-0.111,0.396,25.06,1.684,0.0,0.0,0.0,0.0,0.0,0.0,0.0,0.0,2.0,-1.733,-1.467,-0.157,0.0,0.0,0.0,0.0,0.0,269.0,273.0,272.2,271.0,0.69,0.0,0.0,-0.105,-0.043,0.072,0.0,6000.0,420635.0,220.0,406.0,59.93,2.0,36.0,43.0,35.0,25.07,23.54,-0.038,0.0,0.2,0.2,60.0,59.5,75.6,1.0,271.0,272.0,270.0,-0.075,0.03,0.081,1962.0,433542.0,13750.0,1968.0,-0.93,0.818,0.791,0.836,0.001,-0.001,0.0,0.0,0.0,0.0,0.0,0.0,119.0,119.0,119.0,89.0,2.383,234.8,29.75,4.6,3.5,2.0,-1.0,13.55,0.007,0.284,3.0,2.0,0.0,0.0,23.75,23.84,23.62,23.54,23.55,23.36,24.14,23.88,24.11,24.38,23.48,23.45,24.14,24.0,23.25,23.72,24.18,23.82,23.44
2017-06-30 23:03:00-05:00,-9.271162,-11.9529085,-3.730548,-9.401358,-9.786247,-3.103312,-8.656271,-8.250922,939261.0,27.66,0.0,-0.114,-0.114,0.394,25.06,1.878,0.0,0.0,0.0,0.0,0.0,0.0,0.0,0.0,2.0,-1.767,-1.4,-0.172,0.0,0.0,0.0,0.0,0.0,269.2,273.0,272.6,271.2,0.692,0.0,0.0,-0.11,-0.05,0.077,0.0,6000.0,420635.0,220.0,406.0,59.93,2.0,36.0,43.0,35.0,25.09,23.55,-0.038,0.0,0.2,0.2,60.0,59.5,75.6,1.0,271.3,272.0,270.4,-0.075,0.03,0.081,1962.0,433542.0,13750.0,1968.0,-0.93,0.818,0.791,0.836,0.001,0.0,0.0,0.0,0.0,0.0,0.0,0.0,119.0,119.0,119.0,89.0,1.657,255.9,58.83,2.7,3.5,2.0,-1.0,13.55,0.007,0.284,3.0,2.0,0.0,0.0,23.75,23.84,23.65,23.55,23.55,23.36,24.18,23.9,24.11,24.39,23.5,23.47,24.16,24.03,23.28,23.75,24.21,23.85,23.46
2017-06-30 23:04:00-05:00,-9.0239315,-11.9529085,-3.612118,-9.268946,-9.657481,-3.103312,-8.656271,-8.250922,939262.0,27.65,0.0,-0.116,-0.116,0.392,25.06,1.889,0.0,0.0,0.0,0.0,0.0,0.0,0.0,0.0,2.0,-1.933,-1.6,-0.172,0.0,0.0,0.0,0.0,0.0,269.2,273.0,272.7,271.1,0.682,0.0,0.0,-0.11,-0.042,0.073,0.0,6000.0,420635.0,220.0,406.0,59.94,2.0,36.0,43.0,35.0,25.06,23.56,-0.038,0.0,0.2,0.2,60.0,59.5,75.6,1.0,271.4,272.0,270.6,-0.075,0.03,0.081,1962.0,433542.0,13750.0,1968.0,-0.93,0.818,0.791,0.836,0.001,0.0,0.001,0.0,0.0,0.0,0.0,0.0,119.0,119.0,119.0,89.0,1.22,223.2,84.9,2.4,3.5,2.0,-1.0,13.55,0.007,0.284,3.0,2.0,0.0,0.0,23.75,23.86,23.65,23.55,23.55,23.36,24.22,23.89,24.07,24.38,23.49,23.48,24.18,24.04,23.29,23.76,24.2,23.85,23.47
2017-06-30 23:05:00-05:00,-9.0239315,-11.789169,-3.375258,-9.268946,-9.657481,-3.103312,-8.656271,-8.133052,939263.0,27.63,0.0,-0.115,-0.115,0.392,25.04,1.946,0.0,0.0,0.0,0.0,0.0,0.0,0.0,0.0,2.0,-1.95,-1.533,-0.168,0.0,0.0,0.0,0.0,0.0,269.0,272.9,272.3,271.0,0.677,0.0,0.0,-0.102,-0.045,0.073,0.0,6000.0,420635.0,220.0,406.0,59.93,2.0,36.0,43.0,35.0,25.01,23.6,-0.038,0.0,0.2,0.2,60.0,59.5,75.6,1.0,271.1,272.0,270.1,-0.075,0.03,0.081,1962.0,433542.0,13750.0,1968.0,-0.93,0.818,0.791,0.836,0.001,0.0,0.001,0.0,0.0,0.0,0.0,0.0,119.0,119.0,119.0,89.0,2.147,256.0,30.88,3.7,3.5,2.0,-1.0,13.55,0.007,0.284,3.0,2.0,0.0,0.0,23.75,23.94,23.65,23.55,23.55,23.36,24.23,23.9,24.07,24.37,23.5,23.5,24.2,24.05,23.31,23.77,24.21,23.86,23.49
2017-06-30 23:06:00-05:00,-8.7767,-11.461694,-3.2568276,-9.268946,-9.528715,-3.103312,-8.781725,-8.133052,939264.0,27.62,0.0,0.582,0.62,1.039,25.04,2.105,0.0,0.0,0.0,0.0,0.0,0.0,0.0,0.0,2.1,-1.833,-1.45,-0.157,0.0,0.0,0.0,0.0,0.0,269.0,272.8,272.2,271.0,0.672,0.0,0.0,-0.105,-0.048,0.07,0.0,6000.0,420635.0,220.0,406.0,59.94,2.0,36.0,43.0,35.0,25.0,23.61,-0.038,0.0,0.2,0.2,60.0,59.5,75.6,1.0,271.0,272.0,270.0,-0.075,0.03,0.081,1962.0,433542.0,13750.0,1968.0,-0.93,0.818,0.791,0.836,0.001,0.0,0.001,0.0,0.0,0.0,0.0,0.0,119.0,119.0,119.0,89.0,1.638,260.7,37.86,3.1,3.499,2.0,-1.0,13.38,-0.003,0.284,3.0,2.0,0.0,0.001,23.77,23.94,23.66,23.55,23.55,23.36,24.25,23.91,24.09,24.38,23.51,23.52,24.22,24.06,23.33,23.79,24.25,23.88,23.51
2017-06-30 23:07:00-05:00,-8.7767,-11.461694,-3.2568276,-9.268946,-9.399948,-3.103312,-8.656271,-8.133052,939265.0,27.61,0.0,-0.111,-0.094,0.417,25.03,2.159,0.0,0.0,0.0,0.0,0.0,0.0,0.0,0.0,2.25,-1.717,-1.4,-0.173,0.0,0.0,0.0,0.0,0.0,269.2,272.9,272.5,271.1,0.672,0.0,0.0,-0.1,-0.052,0.072,0.0,6000.0,420635.0,220.0,406.0,59.93,2.0,36.0,43.0,35.0,24.99,23.62,-0.038,0.0,0.2,0.2,60.0,59.5,75.6,1.0,271.4,272.0,270.4,-0.075,0.03,0.081,1962.0,433542.0,13750.0,1968.0,-0.929,0.818,0.791,0.836,0.001,-0.001,0.001,0.0,0.0,0.0,0.0,0.0,119.0,119.0,119.0,89.0,1.21,274.5,29.89,2.3,3.499,2.0,-1.0,13.38,0.018,0.285,3.0,2.0,0.0,0.001,23.84,23.94,23.75,23.55,23.55,23.38,24.23,23.91,24.05,24.36,23.5,23.53,24.22,24.08,23.35,23.81,24.25,23.88,23.52
2017-06-30 23:08:00-05:00,-8.7767,-11.297955,-3.2568276,-9.268946,-9.399948,-3.103312,-8.656271,-8.133052,939266.0,27.59,0.0,-0.11,-0.11,0.397,25.02,2.159,0.0,0.0,0.0,0.0,0.0,0.0,0.0,0.0,2.517,-1.55,-1.283,-0.173,0.0,0.0,0.0,0.0,0.0,269.1,273.0,272.5,271.1,0.655,0.0,0.0,-0.103,-0.055,0.082,0.0,6000.0,420635.0,220.0,406.0,59.94,2.0,36.0,43.0,35.0,25.04,23.66,-0.038,0.0,0.2,0.2,60.0,59.5,75.6,1.0,271.2,272.0,270.3,-0.075,0.03,0.081,1962.0,433542.0,13750.0,1968.0,-0.929,0.818,0.791,0.836,0.001,0.0,0.0,0.0,0.0,0.0,0.0,0.0,119.0,119.0,119.0,89.0,1.962,291.0,32.57,4.0,3.499,2.0,-1.0,13.55,0.007,0.284,3.0,2.0,0.0,0.0,23.86,23.94,23.75,23.59,23.55,23.46,24.28,23.92,24.09,24.38,23.51,23.56,24.3,24.12,23.37,23.83,24.29,23.92,23.54
2017-06-30 23:09:00-05:00,-8.7767,-11.134215,-3.2568276,-9.268946,-9.271182,-3.103312,-8.530818,-8.015182,939267.0,27.57,0.0,-0.109,-0.109,0.398,25.02,2.159,0.0,0.0,0.0,0.0,0.0,0.0,0.0,0.0,2.383,-1.8,-1.483,-0.165,0.0,0.0,0.0,0.0,0.0,269.1,273.0,272.6,271.1,0.673,0.0,0.0,-0.103,-0.05,0.072,0.0,6000.0,420635.0,220.0,406.0,59.97,2.0,36.0,43.0,35.0,25.04,23.68,-0.038,0.0,0.2,0.2,60.0,59.5,75.6,1.0,271.4,272.0,270.4,-0.075,0.03,0.081,1962.0,433542.0,13750.0,1968.0,-0.93,0.818,0.791,0.836,0.001,0.0,0.0,0.0,0.0,0.0,0.0,0.0,119.0,119.0,119.0,89.0,1.032,268.8,51.98,1.7,3.499,2.0,-1.0,13.55,0.007,0.284,3.0,2.0,0.0,0.0,23.84,23.94,23.75,23.65,23.55,23.46,24.33,23.95,24.1,24.39,23.54,23.61,24.31,24.13,23.41,23.87,24.33,23.96,23.58
2017-06-30 23:10:00-05:00,-8.7767,-11.134215,-3.2568276,-9.136532,-9.142415,-3.103312,-8.530818,-8.015182,939268.0,27.56,0.0,-0.108,-0.108,0.4,25.02,2.159,0.0,0.0,0.0,0.0,0.0,0.0,0.0,0.0,2.667,-1.533,-1.35,-0.17,0.0,0.0,0.0,0.0,0.0,269.1,273.0,272.2,271.1,0.668,0.0,0.0,-0.103,-0.048,0.075,0.0,6000.0,420635.0,220.0,406.0,59.95,2.0,36.0,43.0,35.0,25.04,23.68,-0.038,0.0,0.2,0.2,60.0,59.5,75.6,1.0,271.2,272.0,270.1,-0.075,0.03,0.081,1962.0,433542.0,13750.0,1968.0,-0.93,0.818,0.791,0.836,0.001,-0.001,0.001,0.0,0.0,0.0,0.0,0.0,119.0,119.0,119.0,89.0,1.108,231.6,20.12,2.4,3.5,2.0,-1.0,13.55,0.007,0.284,3.0,2.0,0.0,0.0,23.84,23.94,23.75,23.64,23.55,23.46,24.35,23.95,24.1,24.38,23.54,23.63,24.32,24.14,23.44,23.89,24.32,23.96,23.59
2017-06-30 23:11:00-05:00,-8.7767,-11.297955,-3.2568276,-9.268946,-9.142415,-3.103312,-8.656271,-8.133052,939269.0,27.56,0.0,-0.107,-0.107,0.4,25.02,2.159,0.0,0.0,0.0,0.0,0.0,0.0,0.0,0.0,2.5,-1.667,-1.333,-0.165,0.0,0.0,0.0,0.0,0.0,269.0,272.9,272.0,271.0,0.662,0.0,0.0,-0.107,-0.047,0.073,0.0,6000.0,420635.0,220.0,406.0,59.93,2.0,36.0,43.0,35.0,25.0,23.69,-0.038,0.0,0.2,0.2,60.0,59.5,75.6,1.0,271.0,272.0,270.0,-0.075,0.03,0.081,1962.0,433542.0,13750.0,1968.0,-0.93,0.818,0.791,0.836,0.001,0.0,0.0,0.0,0.0,0.0,0.0,0.0,119.0,119.0,119.0,89.0,0.552,119.1,95.8,1.5,3.497,2.0,-1.0,13.55,0.007,0.284,3.0,2.0,0.0,0.0,23.86,23.94,23.75,23.64,23.55,23.46,24.35,23.95,24.08,24.37,23.53,23.64,24.32,24.13,23.45,23.89,24.31,23.96,23.59
2017-06-30 23:12:00-05:00,-8.900316,-11.134215,-3.2568276,-9.268946,-9.142415,-3.103312,-8.656271,-8.133052,939270.0,27.55,0.0,0.342,0.374,0.796,24.99,2.159,0.0,0.0,0.0,0.0,0.0,0.0,0.0,0.0,2.533,-1.6,-1.317,-0.172,0.0,0.0,0.0,0.0,0.0,269.1,273.0,272.1,271.0,0.67,0.0,0.0,-0.107,-0.035,0.077,0.0,6000.0,420635.0,220.0,406.0,59.93,2.0,36.0,43.0,35.0,24.99,23.68,-0.038,0.0,0.2,0.2,60.0,59.5,75.6,1.0,271.2,272.0,270.0,-0.075,0.03,0.081,1962.0,433542.0,13750.0,1968.0,-0.93,0.818,0.791,0.836,0.001,-0.001,0.001,0.0,0.0,0.0,0.0,0.0,119.0,119.0,119.0,89.0,1.202,238.9,30.87,2.5,3.5,2.0,-1.0,13.36,0.001,0.284,3.0,2.0,0.0,0.001,23.84,23.94,23.75,23.65,23.55,23.46,24.33,23.92,24.05,24.35,23.51,23.63,24.3,24.12,23.43,23.88,24.26,23.94,23.58
2017-06-30 23:13:00-05:00,-8.900316,-10.970478,-3.2568276,-9.268946,-9.271182,-3.103312,-8.781725,-8.250922,939271.0,27.53,0.0,-0.105,-0.105,0.402,25.02,2.159,0.0,0.0,0.0,0.0,0.0,0.0,0.0,0.0,2.55,-1.533,-1.333,-0.165,0.0,0.0,0.0,0.0,0.0,269.0,273.0,272.0,271.0,0.678,0.0,0.0,-0.112,-0.035,0.082,0.0,6000.0,420635.0,220.0,406.0,59.94,2.0,36.0,43.0,35.0,25.04,23.7,-0.038,0.0,0.2,0.2,60.0,59.5,75.6,1.0,271.0,272.0,270.0,-0.075,0.03,0.081,1962.0,433542.0,13750.0,1968.0,-0.93,0.818,0.791,0.836,0.001,0.0,0.001,-0.001,0.0,0.0,0.0,0.0,119.0,119.0,119.0,89.0,1.433,194.7,26.3,2.6,3.499,2.0,-1.0,13.5,0.015,0.284,3.0,2.0,0.0,0.0,23.93,23.94,23.75,23.65,23.55,23.46,24.39,23.92,24.1,24.36,23.51,23.63,24.3,24.13,23.43,23.87,24.26,23.93,23.57
2017-06-30 23:14:00-05:00,-8.7767,-10.970478,-3.2568276,-9.268946,-9.528715,-3.103312,-8.781725,-8.250922,939272.0,27.53,0.0,-0.105,-0.105,0.402,25.02,2.159,0.0,0.0,0.0,0.0,0.0,0.0,0.0,0.0,2.3,-1.683,-1.417,-0.17,0.0,0.0,0.0,0.0,0.0,269.6,273.0,272.6,271.3,0.682,0.0,0.0,-0.107,-0.047,0.078,0.0,6000.0,420635.0,220.0,406.0,59.95,2.0,36.0,43.0,35.0,25.04,23.73,-0.038,0.0,0.2,0.2,60.0,59.5,75.6,1.0,271.8,272.0,270.6,-0.075,0.03,0.081,1962.0,433542.0,13750.0,1968.0,-0.93,0.818,0.791,0.836,0.001,0.0,0.001,0.0,0.0,0.0,0.0,0.0,119.0,119.0,119.0,89.0,1.862,240.7,54.19,3.1,3.5,2.0,-1.0,13.55,0.007,0.284,3.0,2.0,0.0,0.0,23.96,23.94,23.75,23.65,23.64,23.46,24.28,23.92,24.09,24.35,23.52,23.63,24.27,24.12,23.43,23.86,24.25,23.93,23.57
2017-06-30 23:15:00-05:00,-8.7767,-10.970478,-3.2568276,-9.268946,-9.399948,-3.103312,-8.781725,-8.133052,939273.0,27.51,0.0,-0.105,-0.105,0.403,25.03,2.159,0.0,0.0,0.0,0.0,0.0,0.0,0.0,0.0,2.367,-1.367,-1.25,-0.165,0.0,0.0,0.0,0.0,0.0,270.0,273.0,272.9,271.9,0.66,0.0,0.0,-0.108,-0.038,0.078,0.0,6000.0,420635.0,220.0,406.0,59.97,2.0,36.0,43.0,35.0,25.0,23.71,-0.038,0.0,0.2,0.2,60.0,59.5,75.6,1.0,272.0,272.0,271.0,-0.075,0.03,0.081,1962.0,433542.0,13750.0,1968.0,-0.93,0.818,0.791,0.836,0.001,0.0,0.001,0.0,0.0,0.0,0.0,0.0,119.0,119.0,119.0,89.0,2.017,304.7,83.4,4.2,3.5,2.0,-1.0,13.55,0.007,0.284,3.0,2.0,0.0,0.0,23.94,23.94,23.75,23.65,23.65,23.51,24.38,23.93,24.12,24.36,23.52,23.64,24.3,24.16,23.44,23.87,24.28,23.94,23.57
2017-06-30 23:16:00-05:00,-8.653086,-10.970478,-3.2568276,-9.268946,-9.271182,-3.103312,-8.781725,-8.133052,939274.0,27.5,0.0,-0.104,-0.104,0.403,25.04,2.102,0.0,0.0,0.0,0.0,0.0,0.0,0.0,0.0,2.217,-1.467,-1.283,-0.168,0.0,0.0,0.0,0.0,0.0,270.0,273.0,273.0,272.0,0.66,0.0,0.0,-0.11,-0.045,0.072,0.0,6000.0,420635.0,220.0,406.0,59.97,2.0,36.0,43.0,35.0,25.01,23.72,-0.038,0.0,0.2,0.2,60.0,59.5,75.6,1.0,272.0,272.0,271.0,-0.075,0.03,0.081,1962.0,433542.0,13750.0,1968.0,-0.93,0.818,0.791,0.836,0.001,-0.001,0.001,-0.001,0.0,0.0,0.0,0.0,119.0,119.0,119.0,89.0,1.738,226.4,52.11,3.1,3.5,2.0,-1.0,13.55,0.007,0.284,3.0,2.0,0.0,0.0,23.94,23.94,23.81,23.65,23.65,23.55,24.42,23.94,24.14,24.39,23.53,23.66,24.29,24.16,23.46,23.89,24.27,23.95,23.59
2017-06-30 23:17:00-05:00,-8.653086,-10.970478,-3.2568276,-9.268946,-9.271182,-3.103312,-8.656271,-8.133052,939275.0,27.5,0.0,-0.104,-0.104,0.404,25.04,1.997,0.0,0.0,0.0,0.0,0.0,0.0,0.0,0.0,2.067,-1.817,-1.483,-0.168,0.0,0.0,0.0,0.0,0.0,270.0,273.0,273.0,272.0,0.668,0.0,0.0,-0.11,-0.043,0.068,0.0,6000.0,420635.0,220.0,406.0,59.95,2.0,36.0,43.0,35.0,25.0,23.73,-0.038,0.0,0.2,0.2,60.0,59.5,75.6,1.0,272.0,272.0,271.0,-0.075,0.03,0.081,1962.0,433542.0,13750.0,1968.0,-0.929,0.818,0.791,0.836,0.001,0.0,0.001,0.0,0.0,0.0,0.0,0.0,119.0,119.0,119.0,89.0,1.6,249.0,35.44,2.6,3.5,2.0,-1.0,13.55,0.007,0.284,3.0,2.0,0.0,0.0,23.94,23.97,23.83,23.65,23.65,23.55,24.42,23.95,24.14,24.38,23.54,23.67,24.32,24.18,23.47,23.89,24.27,23.95,23.58
2017-06-30 23:18:00-05:00,-8.653086,-10.970478,-3.2568276,-9.268946,-9.142415,-3.103312,-8.656271,-8.133052,939276.0,27.48,0.0,0.448,0.482,0.905,25.04,1.979,0.0,0.0,0.0,0.0,0.0,0.0,0.0,0.0,2.083,-1.55,-1.367,-0.165,0.0,0.0,0.0,0.0,0.0,270.0,273.0,273.0,272.0,0.667,0.0,0.0,-0.113,-0.05,0.077,0.0,6000.0,420635.0,220.0,406.0,59.95,2.0,35.98,43.0,35.0,25.03,23.73,-0.038,0.0,0.2,0.2,60.0,59.5,75.6,1.0,272.0,272.0,271.0,-0.075,0.03,0.081,1962.0,433542.0,13750.0,1968.0,-0.929,0.818,0.791,0.836,0.001,0.0,0.001,-0.001,0.0,0.0,0.0,0.0,119.0,119.0,119.0,89.0,1.352,193.1,44.08,2.8,3.5,2.0,-1.0,13.38,0.008,0.285,3.0,2.0,0.0,0.001,23.94,23.94,23.84,23.72,23.65,23.55,24.42,23.95,24.14,24.38,23.54,23.69,24.32,24.18,23.5,23.9,24.27,23.96,23.59
2017-06-30 23:19:00-05:00,-8.7767,-10.970478,-3.2568276,-9.268946,-9.142415,-3.103312,-8.656271,-8.133052,939277.0,27.47,0.0,-0.103,-0.103,0.404,25.02,1.946,0.0,0.0,0.0,0.0,0.0,0.0,0.0,0.0,2.033,-1.683,-1.45,-0.163,0.0,0.0,0.0,0.0,0.0,270.0,273.0,273.0,272.0,0.668,0.0,0.0,-0.108,-0.035,0.073,0.0,6000.0,420635.0,220.0,406.0,59.95,2.0,35.8,43.0,35.0,25.0,23.73,-0.038,0.0,0.2,0.2,60.0,59.5,75.6,1.0,272.0,272.0,271.0,-0.075,0.03,0.081,1962.0,433542.0,13750.0,1968.0,-0.929,0.818,0.791,0.836,0.001,0.0,0.001,0.0,0.0,0.0,0.0,0.0,119.0,119.0,119.0,89.0,0.898,248.8,30.27,1.6,3.5,2.0,-1.0,13.55,0.007,0.284,3.0,2.0,0.0,0.0,23.96,23.97,23.84,23.75,23.65,23.55,24.4,23.95,24.11,24.38,23.54,23.7,24.34,24.19,23.51,23.91,24.3,23.98,23.6
2017-06-30 23:20:00-05:00,-8.7767,-10.970478,-3.2568276,-9.268946,-9.142415,-3.103312,-8.656271,-8.133052,939278.0,27.46,0.0,-0.103,-0.103,0.405,25.02,1.934,0.0,0.0,0.0,0.0,0.0,0.0,0.0,0.0,2.033,-1.867,-1.467,-0.175,0.0,0.0,0.0,0.0,0.0,270.0,273.1,273.0,272.0,0.673,0.0,0.0,-0.115,-0.032,0.065,0.0,6000.0,420635.0,220.0,406.0,59.95,2.0,35.27,43.0,35.0,24.99,23.73,-0.038,0.0,0.2,0.2,60.0,59.5,75.6,1.0,272.0,272.0,271.0,-0.075,0.03,0.081,1962.0,433542.0,13750.0,1968.0,-0.929,0.818,0.791,0.836,0.001,0.0,0.001,0.0,0.0,0.0,0.0,0.0,119.0,119.0,119.0,89.0,0.787,278.8,40.69,1.8,3.5,2.0,-1.0,13.55,0.007,0.284,3.0,2.0,0.0,0.0,23.97,23.94,23.84,23.68,23.65,23.55,24.44,23.95,24.08,24.36,23.54,23.71,24.36,24.18,23.52,23.9,24.28,23.97,23.6
2017-06-30 23:21:00-05:00,-8.7767,-10.970478,-3.2568276,-9.268946,-9.271182,-3.103312,-8.781725,-8.133052,939279.0,27.44,0.0,-0.103,-0.103,0.405,25.01,1.916,0.0,0.0,0.0,0.0,0.0,0.0,0.0,0.0,2.0,-1.917,-1.517,-0.17,0.0,0.0,0.0,0.0,0.0,270.0,273.0,273.0,272.0,0.673,0.0,0.0,-0.12,-0.042,0.075,0.0,6000.0,420635.0,220.0,406.0,59.96,2.0,35.0,43.0,35.0,24.99,23.72,-0.038,0.0,0.2,0.2,60.0,59.5,75.6,1.0,272.0,272.0,271.0,-0.075,0.03,0.081,1962.0,433542.0,13750.0,1968.0,-0.929,0.818,0.791,0.836,0.001,0.0,0.001,0.0,0.0,0.0,0.0,0.0,119.0,119.0,119.0,89.0,1.133,197.0,74.99,2.3,3.5,2.0,-1.0,13.55,0.007,0.284,3.0,2.0,0.0,0.0,23.94,23.94,23.81,23.66,23.65,23.55,24.44,23.94,24.11,24.37,23.54,23.71,24.34,24.18,23.52,23.89,24.28,23.96,23.59
2017-06-30 23:22:00-05:00,-8.7767,-10.970478,-3.2568276,-9.268946,-9.271182,-3.103312,-8.656271,-8.133052,939280.0,27.44,0.0,-0.102,-0.102,0.405,25.01,1.889,0.0,0.0,0.0,0.0,0.0,0.0,0.0,0.0,2.0,-1.633,-1.4,-0.178,0.0,0.0,0.0,0.0,0.0,270.0,273.4,273.0,272.0,0.648,0.0,0.0,-0.108,-0.035,0.075,0.0,6000.0,420635.0,220.0,406.0,59.97,2.0,35.0,43.0,35.0,25.02,23.75,-0.038,0.0,0.2,0.2,60.0,59.5,75.6,1.0,272.0,272.0,271.0,-0.075,0.03,0.081,1962.0,433542.0,13750.0,1968.0,-0.929,0.818,0.791,0.836,0.001,0.0,0.001,0.0,0.0,0.0,0.0,0.0,119.0,119.0,119.0,89.0,1.685,200.9,41.68,2.2,3.5,2.0,-1.0,13.55,0.007,0.284,3.0,2.0,0.0,0.0,23.96,23.94,23.84,23.73,23.65,23.55,24.42,23.95,24.12,24.37,23.54,23.71,24.34,24.17,23.52,23.9,24.28,23.96,23.6
2017-06-30 23:23:00-05:00,-8.7767,-10.970478,-3.2568276,-9.268946,-9.399948,-3.103312,-8.781725,-8.133052,939281.0,27.44,0.0,0.538,0.578,1.02,25.0,1.889,0.0,0.0,0.0,0.0,0.0,0.0,0.0,0.0,2.0,-1.75,-1.4,-0.175,0.0,0.0,0.0,0.0,0.0,270.1,273.7,273.4,272.0,0.68,0.0,0.0,-0.108,-0.05,0.072,0.0,6000.0,420635.0,220.0,406.0,59.97,2.0,35.0,43.0,35.0,24.98,23.75,-0.038,0.0,0.2,0.2,60.0,59.5,75.6,1.0,272.0,272.5,271.0,-0.075,0.03,0.081,1962.0,433542.0,13750.0,1968.0,-0.929,0.818,0.791,0.836,0.001,0.0,0.001,0.0,0.0,0.0,0.0,0.0,119.0,119.0,119.0,89.0,0.815,237.3,36.48,1.8,3.5,2.0,-1.0,13.55,0.022,0.284,3.0,2.0,0.0,0.001,23.96,23.94,23.84,23.65,23.65,23.55,24.44,23.94,24.1,24.35,23.53,23.68,24.31,24.17,23.5,23.88,24.27,23.95,23.58
2017-06-30 23:24:00-05:00,-8.7767,-10.970478,-3.2568276,-9.268946,-9.271182,-3.103312,-8.656271,-8.133052,939282.0,27.42,0.0,-0.102,-0.092,0.433,25.0,1.889,0.0,0.0,0.0,0.0,0.0,0.0,0.0,0.0,2.0,-1.75,-1.5,-0.173,0.0,0.0,0.0,0.0,0.0,270.4,274.0,273.8,272.2,0.677,0.0,0.0,-0.117,-0.032,0.075,0.0,6000.0,420635.0,220.0,406.0,59.96,2.0,35.0,43.0,35.0,25.03,23.77,-0.038,0.0,0.2,0.2,60.0,59.5,75.6,1.0,272.0,273.0,271.0,-0.075,0.03,0.081,1962.0,433542.0,13750.0,1968.0,-0.929,0.818,0.791,0.836,0.001,0.0,0.001,0.0,0.0,0.0,0.0,0.0,119.0,119.0,119.0,89.0,1.588,190.0,22.99,2.4,3.499,2.0,-1.0,13.37,-0.007,0.285,3.0,2.0,0.0,0.001,23.94,23.94,23.84,23.67,23.66,23.55,24.39,23.95,24.13,24.37,23.53,23.7,24.32,24.18,23.52,23.89,24.26,23.96,23.59
2017-06-30 23:25:00-05:00,-8.653086,-10.970478,-3.2568276,-9.268946,-9.399948,-3.103312,-8.656271,-8.133052,939283.0,27.41,0.0,-0.102,-0.102,0.405,25.02,1.889,0.0,0.0,0.0,0.0,0.0,0.0,0.0,0.0,2.0,-1.95,-1.55,-0.182,0.0,0.0,0.0,0.0,0.0,270.1,273.7,273.5,272.0,0.672,0.0,0.0,-0.12,-0.045,0.072,0.0,6000.0,420635.0,220.0,406.0,59.95,2.0,35.0,43.0,35.0,25.02,23.75,-0.038,0.0,0.2,0.2,60.0,59.5,75.6,1.0,272.0,272.4,271.0,-0.075,0.03,0.081,1962.0,433542.0,13750.0,1968.0,-0.929,0.818,0.791,0.836,0.001,-0.001,0.001,0.0,0.0,0.0,0.0,0.0,119.0,119.0,119.0,89.0,1.608,212.4,52.91,2.9,3.5,2.0,-1.0,13.55,0.007,0.284,3.0,2.0,0.0,0.0,23.98,23.94,23.84,23.73,23.65,23.55,24.34,23.95,24.09,24.36,23.54,23.69,24.29,24.15,23.5,23.87,24.23,23.94,23.57
2017-06-30 23:26:00-05:00,-8.7767,-10.970478,-3.2568276,-9.268946,-9.528715,-3.103312,-8.656271,-8.133052,939284.0,27.4,0.0,-0.102,-0.102,0.405,25.01,1.889,0.0,0.0,0.0,0.0,0.0,0.0,0.0,0.0,2.0,-1.967,-1.55,-0.185,0.0,0.0,0.0,0.0,0.0,271.7,274.8,274.7,273.7,0.682,0.0,0.0,-0.12,-0.038,0.077,0.0,6000.0,420635.0,220.0,406.0,59.96,2.0,35.0,43.0,35.0,25.0,23.74,-0.038,0.0,0.2,0.2,60.0,59.5,75.6,1.0,273.7,273.8,272.7,-0.076,0.03,0.082,1962.0,433542.0,13750.0,1968.0,-0.928,0.818,0.791,0.836,0.001,0.0,0.001,0.0,0.0,0.0,0.0,0.0,119.0,119.0,119.0,89.0,1.062,272.2,47.76,2.5,3.499,2.0,-1.0,13.55,0.007,0.284,3.0,2.0,0.0,0.0,23.94,23.94,23.84,23.65,23.65,23.55,24.34,23.94,24.08,24.35,23.53,23.66,24.26,24.13,23.47,23.85,24.2,23.91,23.56
2017-06-30 23:27:00-05:00,-8.900316,-10.970478,-3.2568276,-9.401358,-9.528715,-3.103312,-8.781725,-8.133052,939285.0,27.39,0.0,-0.102,-0.102,0.405,25.0,1.888,0.0,0.0,0.0,0.0,0.0,0.0,0.0,0.0,2.0,-1.967,-1.5,-0.18,0.0,0.0,0.0,0.0,0.0,272.0,275.0,275.0,274.0,0.692,0.0,0.0,-0.122,-0.038,0.073,0.0,6000.0,420635.0,220.0,406.0,59.97,2.0,35.0,43.0,35.0,24.98,23.72,-0.038,0.0,0.2,0.2,60.0,59.5,75.6,1.0,274.0,274.0,273.0,-0.076,0.03,0.082,1962.0,433542.0,13750.0,1968.0,-0.928,0.818,0.791,0.836,0.001,-0.001,0.0,0.0,0.0,0.0,0.0,0.0,119.0,119.0,119.0,89.0,0.768,220.0,52.01,1.6,3.5,2.0,-1.0,13.55,0.007,0.284,3.0,2.0,0.0,0.0,23.99,23.94,23.84,23.65,23.65,23.55,24.34,23.93,24.08,24.34,23.52,23.65,24.25,24.14,23.47,23.84,24.2,23.91,23.55
2017-06-30 23:28:00-05:00,-9.0239315,-10.970478,-3.2568276,-9.401358,-9.657481,-3.103312,-8.781725,-8.250922,939286.0,27.37,0.0,-0.102,-0.102,0.406,24.97,1.791,0.0,0.0,0.0,0.0,0.0,0.0,0.0,0.0,2.0,-1.833,-1.45,-0.185,0.0,0.0,0.0,0.0,0.0,272.0,275.0,275.0,274.0,0.71,0.0,0.0,-0.115,-0.048,0.083,0.0,6000.0,420635.0,220.0,406.0,59.96,2.0,35.0,42.82,35.0,24.93,23.69,-0.038,0.0,0.2,0.2,60.0,59.5,75.6,1.0,274.0,274.0,273.0,-0.076,0.03,0.082,1962.0,433542.0,13750.0,1968.0,-0.928,0.818,0.791,0.836,0.001,0.0,0.001,0.0,0.0,0.0,0.0,0.0,119.0,119.0,119.0,89.0,1.192,255.7,55.17,2.1,3.499,2.0,-1.0,13.55,0.007,0.284,3.0,2.0,0.0,0.0,24.01,23.94,23.76,23.65,23.65,23.54,24.28,23.91,24.06,24.33,23.5,23.64,24.23,24.13,23.47,23.83,24.19,23.89,23.54
2017-06-30 23:29:00-05:00,-9.0239315,-11.461694,-3.2568276,-9.401358,-9.528715,-3.103312,-8.781725,-8.250922,939287.0,27.37,0.0,0.152,0.177,0.609,24.96,1.635,0.0,0.0,0.0,0.0,0.0,0.0,0.0,0.0,2.0,-1.8,-1.467,-0.192,0.0,0.0,0.0,0.0,0.0,272.0,275.0,275.0,274.0,0.695,0.0,0.0,-0.112,-0.04,0.075,0.0,6000.0,420635.0,220.0,406.0,59.96,2.0,35.0,42.18,35.0,24.97,23.71,-0.038,0.0,0.2,0.2,60.0,59.5,75.6,1.0,274.0,274.0,273.0,-0.076,0.03,0.082,1962.0,433542.0,13750.0,1968.0,-0.928,0.818,0.791,0.836,0.001,0.0,0.001,0.0,0.0,0.0,0.0,0.0,119.0,119.0,119.0,89.0,1.23,253.5,61.75,2.0,3.5,2.0,-1.0,13.39,0.017,0.283,3.0,2.0,0.0,0.0,23.98,23.94,23.75,23.63,23.65,23.5,24.24,23.91,24.09,24.33,23.5,23.64,24.22,24.13,23.45,23.82,24.2,23.88,23.53
2017-06-30 23:30:00-05:00,-8.900316,-11.461694,-3.2568276,-9.401358,-9.657481,-3.103312,-8.781725,-8.250922,939288.0,27.37,0.0,-0.102,-0.102,0.406,24.97,1.619,0.0,0.0,0.0,0.0,0.0,0.0,0.0,0.0,2.0,-1.917,-1.55,-0.187,0.0,0.0,0.0,0.0,0.0,272.0,275.0,275.0,274.0,0.695,0.0,0.0,-0.112,-0.043,0.058,0.0,6000.0,420635.0,220.0,406.0,59.94,2.0,35.0,42.55,35.0,25.0,23.71,-0.038,0.0,0.2,0.2,60.0,59.5,75.6,1.0,274.0,274.0,273.0,-0.076,0.03,0.082,1962.0,433542.0,13750.0,1968.0,-0.928,0.818,0.791,0.836,0.001,0.0,0.001,0.0,0.0,0.0,0.0,0.0,119.0,119.0,119.0,89.0,1.413,241.7,41.03,2.9,3.5,2.0,-1.0,13.39,-0.003,0.286,3.0,2.0,0.0,0.001,23.99,23.94,23.75,23.65,23.64,23.5,24.24,23.91,24.08,24.32,23.51,23.65,24.23,24.11,23.47,23.83,24.21,23.9,23.54
2017-06-30 23:31:00-05:00,-8.900316,-11.461694,-3.2568276,-9.268946,-9.528715,-3.103312,-8.781725,-8.133052,939289.0,27.35,0.0,-0.102,-0.102,0.406,24.98,1.619,0.0,0.0,0.0,0.0,0.0,0.0,0.0,0.0,2.0,-1.817,-1.483,-0.185,0.0,0.0,0.0,0.0,0.0,272.0,275.0,275.0,274.0,0.708,0.0,0.0,-0.117,-0.047,0.092,0.0,6000.0,420635.0,220.0,406.0,59.94,2.0,35.0,42.82,35.0,25.02,23.73,-0.038,0.0,0.2,0.2,60.0,59.5,75.6,1.0,274.0,274.0,273.0,-0.076,0.03,0.082,1962.0,433542.0,13750.0,1968.0,-0.928,0.818,0.791,0.836,0.001,-0.001,0.001,0.0,0.0,0.0,0.0,0.0,119.0,119.0,119.0,89.0,2.117,214.2,38.84,4.0,3.5,2.0,-1.0,13.55,0.007,0.284,3.0,2.0,0.0,0.0,24.01,23.94,23.75,23.65,23.6,23.48,24.24,23.91,24.08,24.32,23.51,23.64,24.21,24.11,23.46,23.82,24.21,23.89,23.54
2017-06-30 23:32:00-05:00,-8.7767,-11.134215,-3.2568276,-9.268946,-9.528715,-3.103312,-8.781725,-8.133052,939290.0,27.34,0.0,-0.102,-0.102,0.406,25.0,1.517,0.0,0.0,0.0,0.0,0.0,0.0,0.0,0.0,1.717,-1.85,-1.483,-0.185,0.0,0.0,0.0,0.0,0.0,272.0,275.0,275.0,274.0,0.697,0.0,0.0,-0.12,-0.05,0.083,0.0,6000.0,420635.0,220.0,406.0,59.94,2.0,35.0,42.3,35.0,25.04,23.72,-0.038,0.0,0.2,0.2,60.0,59.5,75.6,1.0,274.0,274.0,273.0,-0.076,0.03,0.082,1962.0,433542.0,13750.0,1968.0,-0.928,0.818,0.791,0.836,0.001,-0.001,0.0,0.0,0.0,0.0,0.0,0.0,119.0,119.0,119.0,89.0,2.393,214.4,34.57,4.2,3.5,2.0,-1.0,13.55,0.007,0.284,3.0,2.0,0.0,0.0,24.02,23.96,23.76,23.65,23.65,23.55,24.24,23.91,24.09,24.31,23.49,23.63,24.19,24.1,23.44,23.81,24.2,23.89,23.53
2017-06-30 23:33:00-05:00,-8.7767,-10.970478,-3.2568276,-9.401358,-9.528715,-3.103312,-8.781725,-8.250922,939291.0,27.34,0.0,-0.102,-0.102,0.406,24.98,1.484,0.0,0.0,0.0,0.0,0.0,0.0,0.0,0.0,1.433,-1.983,-1.533,-0.193,0.0,0.0,0.0,0.0,0.0,272.0,275.0,275.0,274.0,0.697,0.0,0.0,-0.112,-0.052,0.08,0.0,6000.0,420635.0,220.0,406.0,59.95,2.0,35.0,42.0,35.0,25.0,23.71,-0.038,0.0,0.2,0.2,60.0,59.5,75.6,1.0,274.0,274.0,273.0,-0.076,0.03,0.082,1962.0,433542.0,13750.0,1968.0,-0.928,0.818,0.791,0.836,0.001,-0.001,0.001,-0.001,0.0,0.0,0.0,0.0,119.0,119.0,119.0,89.0,0.737,257.6,45.37,1.7,3.5,2.0,-1.0,13.55,0.006,0.284,3.0,2.0,0.0,0.0,24.0,23.92,23.75,23.64,23.6,23.47,24.24,23.88,24.04,24.28,23.47,23.59,24.16,24.09,23.41,23.79,24.17,23.85,23.5
2017-06-30 23:34:00-05:00,-8.7767,-11.461694,-3.2568276,-9.401358,-9.657481,-3.103312,-8.781725,-8.250922,939292.0,27.31,0.0,-0.102,-0.102,0.406,24.99,1.481,0.0,0.0,0.0,0.0,0.0,0.0,0.0,0.0,1.3,-1.85,-1.483,-0.187,0.0,0.0,0.0,0.0,0.0,272.0,275.0,275.0,274.0,0.697,0.0,0.0,-0.11,-0.057,0.085,0.0,6000.0,420635.0,220.0,406.0,59.96,2.0,35.0,42.0,34.85,24.98,23.68,-0.038,0.0,0.2,0.2,60.0,59.5,75.6,1.0,274.0,274.0,273.0,-0.076,0.03,0.082,1962.0,433542.0,13750.0,1968.0,-0.928,0.818,0.791,0.836,0.001,0.0,0.0,-0.001,0.0,0.0,0.0,0.0,119.0,119.0,119.0,89.0,1.508,175.3,36.24,3.4,3.5,2.0,-1.0,13.55,0.006,0.284,3.0,2.0,0.0,0.0,23.93,23.84,23.75,23.55,23.55,23.46,24.24,23.86,24.02,24.26,23.45,23.56,24.13,24.06,23.38,23.76,24.14,23.83,23.47
2017-06-30 23:35:00-05:00,-9.0239315,-11.625431,-3.2568276,-9.5337715,-9.786247,-3.103312,-8.781725,-8.250922,939293.0,27.31,0.0,0.209,0.226,0.66,24.98,1.445,0.0,0.0,0.0,0.0,0.0,0.0,0.0,0.0,1.033,-1.917,-1.55,-0.19,0.0,0.0,0.0,0.0,0.0,272.0,275.1,275.0,274.0,0.708,0.0,0.0,-0.105,-0.053,0.087,0.0,6000.0,420635.0,220.0,406.0,59.97,2.0,35.0,42.0,34.25,24.96,23.65,-0.038,0.0,0.2,0.2,60.0,59.5,75.6,1.0,274.0,274.7,273.0,-0.076,0.031,0.082,1962.0,433542.0,13750.0,1968.0,-0.928,0.818,0.791,0.836,0.001,0.0,0.001,0.0,0.0,0.0,0.0,0.0,119.0,119.0,119.0,89.0,0.987,269.4,48.94,1.9,3.5,2.0,-1.0,13.37,0.013,0.283,1.0,2.0,0.0,0.001,23.9,23.84,23.73,23.55,23.55,23.41,24.23,23.81,23.96,24.2,23.4,23.52,24.1,24.02,23.34,23.72,24.09,23.78,23.43
2017-06-30 23:36:00-05:00,-9.271162,-11.9529085,-3.375258,-9.798599,-9.915014,-3.103312,-8.907177,-8.368793,939294.0,27.31,0.0,-0.102,-0.102,0.406,24.94,1.283,0.0,0.0,0.0,0.0,0.0,0.0,0.0,0.0,1.0,-1.933,-1.533,-0.183,0.0,0.0,0.0,0.0,0.0,272.0,275.5,275.1,274.0,0.698,0.0,0.0,-0.122,-0.058,0.077,0.0,6000.0,420635.0,220.0,406.0,59.98,2.0,35.0,42.0,34.0,24.95,23.6,-0.038,0.0,0.2,0.2,60.0,59.5,75.6,1.0,274.0,275.0,273.0,-0.076,0.03,0.082,1962.0,433542.0,13750.0,1968.0,-0.928,0.818,0.791,0.836,0.001,0.0,0.001,0.0,0.0,0.0,0.0,0.0,119.0,119.0,119.0,89.0,1.372,199.0,37.89,2.0,3.5,2.0,-1.0,13.37,0.001,0.285,1.0,2.0,0.0,0.001,23.81,23.81,23.65,23.53,23.52,23.36,24.15,23.78,23.96,24.17,23.36,23.48,24.07,23.99,23.3,23.69,24.08,23.74,23.39
2017-06-30 23:37:00-05:00,-9.394778,-11.9529085,-3.730548,-9.931012,-9.915014,-3.103312,-8.907177,-8.368793,939295.0,27.31,0.0,-0.102,-0.102,0.406,24.93,1.215,0.0,0.0,0.0,0.0,0.0,0.0,0.0,0.0,1.1,-1.517,-1.233,-0.187,0.0,0.0,0.0,0.0,0.0,272.0,275.8,275.2,274.0,0.695,0.0,0.0,-0.117,-0.053,0.073,0.0,6000.0,420635.0,220.0,406.0,59.97,2.0,35.0,42.0,34.0,24.91,23.57,-0.038,0.0,0.2,0.2,60.0,59.5,75.6,1.0,274.0,275.0,273.0,-0.076,0.03,0.082,1962.0,433542.0,13750.0,1968.0,-0.928,0.818,0.791,0.836,0.001,-0.001,0.001,0.0,0.0,0.0,0.0,0.0,119.0,119.0,119.0,89.0,1.975,298.2,31.22,3.2,3.498,2.0,-1.0,13.55,0.007,0.284,3.0,2.0,0.0,0.0,23.84,23.75,23.65,23.46,23.46,23.36,24.15,23.77,23.95,24.17,23.35,23.45,24.06,23.95,23.27,23.67,24.08,23.72,23.38
2017-06-30 23:38:00-05:00,-9.5183935,-11.9529085,-3.9674082,-9.798599,-9.915014,-3.103312,-8.907177,-8.368793,939296.0,27.28,0.0,-0.102,-0.102,0.406,24.93,1.215,0.0,0.0,0.0,0.0,0.0,0.0,0.0,0.0,1.017,-1.583,-1.35,-0.197,0.0,0.0,0.0,0.0,0.0,272.0,275.8,275.1,274.0,0.697,0.0,0.0,-0.108,-0.047,0.083,0.0,6000.0,420635.0,220.0,406.0,59.96,2.0,35.0,42.0,34.0,24.89,23.56,-0.038,0.0,0.2,0.2,60.0,59.5,75.6,1.0,274.0,275.0,273.0,-0.076,0.03,0.082,1962.0,433542.0,13750.0,1968.0,-0.928,0.818,0.791,0.836,0.001,0.0,0.001,0.0,0.0,0.0,0.0,0.0,119.0,119.0,119.0,89.0,1.613,303.7,35.45,2.9,3.5,2.0,-1.0,13.55,0.006,0.284,3.0,2.0,0.0,0.0,23.85,23.75,23.62,23.46,23.44,23.31,24.15,23.76,23.94,24.16,23.34,23.44,24.08,23.94,23.26,23.67,24.09,23.73,23.37
2017-06-30 23:39:00-05:00,-9.5183935,-11.9529085,-3.9674082,-9.798599,-9.915014,-3.103312,-8.907177,-8.250922,939297.0,27.28,0.0,-0.102,-0.102,0.406,24.91,1.215,0.0,0.0,0.0,0.0,0.0,0.0,0.0,0.0,1.0,-1.6,-1.4,-0.195,0.0,0.0,0.0,0.0,0.0,272.0,275.8,275.1,274.0,0.73,0.0,0.0,-0.113,-0.055,0.073,0.0,6000.0,420635.0,220.0,406.0,59.95,2.0,35.0,42.0,34.0,24.9,23.51,-0.038,0.0,0.2,0.2,60.0,59.5,75.6,1.0,274.0,275.0,273.0,-0.076,0.03,0.082,1962.0,433542.0,13750.0,1968.0,-0.929,0.818,0.791,0.836,0.0,-0.001,0.001,0.0,0.0,0.0,0.0,0.0,119.0,119.0,119.0,89.0,1.663,233.7,16.87,2.6,3.5,2.0,-1.0,13.55,0.006,0.284,3.0,2.0,0.0,0.0,23.79,23.75,23.57,23.4,23.36,23.26,24.15,23.74,23.92,24.14,23.32,23.42,24.05,23.93,23.24,23.66,24.08,23.73,23.37
2017-06-30 23:40:00-05:00,-9.5183935,-11.9529085,-3.9674082,-9.798599,-9.915014,-3.103312,-8.907177,-8.250922,939298.0,27.28,0.0,-0.102,-0.102,0.406,24.9,1.215,0.0,0.0,0.0,0.0,0.0,0.0,0.0,0.0,1.0,-1.6,-1.233,-0.192,0.0,0.0,0.0,0.0,0.0,272.0,275.1,275.0,274.0,0.73,0.0,0.0,-0.103,-0.062,0.068,0.0,6000.0,420635.0,220.0,406.0,59.94,2.0,35.0,42.0,34.0,24.88,23.46,-0.038,0.0,0.2,0.2,60.0,59.5,75.6,1.0,274.0,274.5,273.0,-0.076,0.03,0.082,1962.0,433542.0,13750.0,1968.0,-0.929,0.818,0.791,0.836,0.001,0.0,0.001,0.0,0.0,0.0,0.0,0.0,119.0,119.0,119.0,89.0,1.615,243.4,26.2,3.2,3.5,2.0,-1.0,13.55,0.006,0.284,3.0,2.0,0.0,0.0,23.76,23.68,23.55,23.36,23.36,23.24,24.08,23.7,23.91,24.11,23.29,23.4,24.02,23.91,23.22,23.63,24.06,23.7,23.35
2017-06-30 23:41:00-05:00,-9.5183935,-11.9529085,-3.9674082,-9.931012,-9.915014,-3.103312,-8.781725,-8.368793,939299.0,27.26,0.0,0.26,0.292,0.719,24.92,1.14,0.0,0.0,0.0,0.0,0.0,0.0,0.0,0.0,1.0,-1.717,-1.383,-0.193,0.0,0.0,0.0,0.0,0.0,272.0,275.3,275.0,274.0,0.745,0.0,0.0,-0.108,-0.052,0.08,0.0,6000.0,420635.0,220.0,406.0,59.94,2.0,35.0,42.0,34.0,24.9,23.44,-0.038,0.0,0.2,0.2,60.0,59.5,75.6,1.0,274.0,274.8,273.0,-0.076,0.03,0.082,1962.0,433542.0,13750.0,1968.0,-0.929,0.818,0.791,0.836,0.001,-0.001,0.001,0.0,0.0,0.0,0.0,0.0,119.0,119.0,119.0,89.0,1.255,253.8,67.61,2.6,3.5,2.0,-1.0,13.39,-0.002,0.284,3.0,2.0,0.0,0.001,23.71,23.65,23.49,23.36,23.26,23.16,24.05,23.7,23.95,24.12,23.29,23.37,23.96,23.88,23.19,23.61,24.02,23.67,23.32
2017-06-30 23:42:00-05:00,-9.5183935,-11.9529085,-3.9674082,-10.063426,-9.915014,-3.103312,-8.907177,-8.368793,939300.0,27.25,0.0,-0.102,-0.102,0.406,24.91,1.002,0.0,0.0,0.0,0.0,0.0,0.0,0.0,0.0,1.0,-1.683,-1.4,-0.198,0.0,0.0,0.0,0.0,0.0,272.0,275.5,275.0,274.0,0.725,0.0,0.0,-0.102,-0.053,0.073,0.0,6000.0,420635.0,220.0,406.0,59.96,2.0,35.0,42.0,34.0,24.87,23.39,-0.038,0.0,0.2,0.2,60.0,59.5,75.6,1.0,274.0,275.0,273.0,-0.076,0.03,0.082,1962.0,433542.0,13750.0,1968.0,-0.928,0.818,0.791,0.836,0.001,0.0,0.001,0.0,0.0,0.0,0.0,0.0,119.0,119.0,119.0,89.0,1.397,250.5,43.65,3.1,3.5,2.0,-1.0,13.44,0.016,0.284,3.0,2.0,0.0,0.0,23.66,23.64,23.46,23.29,23.24,23.16,24.03,23.67,23.85,24.08,23.25,23.33,23.95,23.85,23.16,23.57,23.99,23.63,23.28
2017-06-30 23:43:00-05:00,-9.5183935,-11.9529085,-3.9674082,-10.063426,-10.043779,-3.103312,-9.032631,-8.368793,939301.0,27.25,0.0,-0.102,-0.102,0.406,24.91,0.947,0.0,0.0,0.0,0.0,0.0,0.0,0.0,0.0,1.0,-1.433,-1.367,-0.198,0.0,0.0,0.0,0.0,0.0,272.0,275.7,275.2,274.0,0.708,0.0,0.0,-0.102,-0.048,0.087,0.0,6000.0,420635.0,220.0,406.0,59.94,2.0,35.0,42.0,34.0,24.89,23.37,-0.038,0.0,0.2,0.2,60.0,59.5,75.6,1.0,274.0,275.0,273.0,-0.076,0.03,0.082,1962.0,433542.0,13750.0,1968.0,-0.928,0.818,0.791,0.836,0.001,0.0,0.001,0.0,0.0,0.0,0.0,0.0,119.0,119.0,119.0,89.0,1.33,251.7,53.11,2.2,3.499,2.0,-1.0,13.55,0.006,0.284,3.0,2.0,0.0,0.0,23.66,23.57,23.42,23.26,23.21,23.08,23.95,23.63,23.83,24.04,23.21,23.29,23.91,23.81,23.13,23.54,23.97,23.6,23.25
2017-06-30 23:44:00-05:00,-9.5183935,-11.9529085,-3.9674082,-10.19584,-10.172546,-3.21616,-9.032631,-8.604533,939302.0,27.24,0.0,-0.102,-0.102,0.406,24.88,0.945,0.0,0.0,0.0,0.0,0.0,0.0,0.0,0.0,1.0,-1.817,-1.55,-0.197,0.0,0.0,0.0,0.0,0.0,272.1,275.9,275.8,274.1,0.7,0.0,0.0,-0.1,-0.055,0.09,0.0,6000.0,420635.0,220.0,406.0,59.96,2.0,35.0,42.0,34.0,24.89,23.3,-0.038,0.0,0.2,0.2,60.0,59.5,75.6,1.0,274.6,275.0,273.7,-0.076,0.031,0.082,1962.0,433542.0,13750.0,1968.0,-0.928,0.818,0.791,0.836,0.001,0.0,0.001,0.0,0.0,0.0,0.0,0.0,119.0,119.0,119.0,89.0,0.927,225.8,47.32,1.8,3.499,2.0,-1.0,13.55,0.006,0.284,3.0,2.0,0.0,0.0,23.56,23.53,23.36,23.21,23.16,23.05,23.93,23.58,23.76,24.0,23.17,23.25,23.88,23.75,23.08,23.51,23.93,23.55,23.21
2017-06-30 23:45:00-05:00,-9.642009,-11.9529085,-3.9674082,-10.19584,-10.172546,-3.554703,-9.283538,-8.722404,939303.0,27.22,0.0,-0.102,-0.102,0.406,24.87,0.945,0.0,0.0,0.0,0.0,0.0,0.0,0.0,0.0,1.0,-1.933,-1.417,-0.2,0.0,0.0,0.0,0.0,0.0,272.3,276.0,276.0,274.3,0.71,0.0,0.0,-0.102,-0.048,0.077,0.0,6000.0,420635.0,220.0,406.0,59.97,2.0,35.0,42.0,34.0,24.88,23.27,-0.038,0.0,0.2,0.2,60.0,59.5,75.6,1.0,275.0,275.0,274.0,-0.076,0.031,0.082,1962.0,433542.0,13750.0,1968.0,-0.928,0.818,0.791,0.836,0.001,0.0,0.001,0.0,0.0,0.0,0.0,0.0,119.0,119.0,119.0,89.0,1.375,232.9,52.07,3.4,3.5,2.0,-1.0,13.55,0.006,0.284,3.0,2.0,0.0,0.0,23.51,23.46,23.33,23.16,23.1,22.98,23.85,23.55,23.81,23.99,23.14,23.2,23.8,23.7,23.04,23.46,23.89,23.53,23.17
2017-06-30 23:46:00-05:00,-9.642009,-11.9529085,-3.9674082,-10.19584,-10.301313,-3.554703,-9.283538,-8.722404,939304.0,27.21,0.0,-0.102,-0.102,0.406,24.86,0.947,0.0,0.0,0.0,0.0,0.0,0.0,0.0,0.0,1.0,-1.7,-1.45,-0.2,0.0,0.0,0.0,0.0,0.0,272.1,275.2,275.2,274.1,0.707,0.0,0.0,-0.102,-0.04,0.062,0.0,6000.0,420635.0,220.0,406.0,59.98,2.0,35.0,42.0,34.0,24.84,23.23,-0.038,0.0,0.2,0.2,60.0,59.5,75.6,1.0,274.2,274.3,273.2,-0.076,0.03,0.082,1962.0,433542.0,13750.0,1968.0,-0.928,0.818,0.791,0.836,0.001,0.0,0.0,0.0,0.0,0.0,0.0,0.0,119.0,119.0,119.0,89.0,1.165,237.3,52.56,2.6,3.5,2.0,-1.0,13.55,0.006,0.284,3.0,2.0,0.0,0.0,23.46,23.48,23.26,23.13,23.07,22.97,23.85,23.52,23.75,23.97,23.12,23.17,23.81,23.69,23.0,23.42,23.88,23.48,23.14
2017-06-30 23:47:00-05:00,-9.642009,-11.9529085,-3.9674082,-10.19584,-10.301313,-3.6675506,-9.40899,-8.840274,939305.0,27.2,0.0,0.342,0.364,0.795,24.83,1.028,0.0,0.0,0.0,0.0,0.0,0.0,0.0,0.0,1.0,-1.8,-1.467,-0.2,0.0,0.0,0.0,0.0,0.0,272.0,275.0,275.0,274.0,0.698,0.0,0.0,-0.102,-0.047,0.082,0.0,6000.0,420635.0,220.0,406.0,59.97,2.0,35.0,42.0,34.0,24.8,23.15,-0.038,0.0,0.2,0.2,60.0,59.5,75.6,1.0,274.0,274.0,273.0,-0.076,0.03,0.082,1962.0,433542.0,13750.0,1968.0,-0.929,0.818,0.791,0.836,0.001,0.0,0.001,0.0,0.0,0.0,0.0,0.0,119.0,119.0,119.0,89.0,1.485,227.0,45.17,2.5,3.499,2.0,-1.0,13.38,0.007,0.285,3.0,2.0,0.0,0.001,23.45,23.39,23.2,23.07,23.05,22.92,23.82,23.49,23.69,23.92,23.08,23.12,23.73,23.64,22.96,23.39,23.83,23.43,23.1
2017-06-30 23:48:00-05:00,-9.88924,-12.116648,-3.9674082,-10.19584,-10.558846,-3.6675506,-9.40899,-8.840274,939306.0,27.18,0.0,-0.102,-0.102,0.406,24.82,1.139,0.0,0.0,0.0,0.0,0.0,0.0,0.0,0.0,1.0,-1.85,-1.55,-0.197,0.0,0.0,0.0,0.0,0.0,272.0,275.0,275.0,274.0,0.705,0.0,0.0,-0.1,-0.045,0.087,0.0,6000.0,420635.0,220.0,406.0,59.97,2.0,35.0,42.0,34.0,24.77,23.13,-0.038,0.0,0.2,0.2,60.0,59.5,75.6,1.0,274.0,274.0,273.0,-0.076,0.03,0.082,1962.0,433542.0,13750.0,1968.0,-0.928,0.818,0.791,0.836,0.001,0.0,0.0,0.0,0.0,0.0,0.0,0.0,119.0,119.0,119.0,89.0,1.828,290.6,48.35,3.0,3.5,2.0,-1.0,13.55,0.007,0.284,3.0,2.0,0.0,0.0,23.37,23.36,23.16,22.98,22.97,22.87,23.76,23.46,23.69,23.9,23.06,23.07,23.73,23.61,22.92,23.36,23.82,23.41,23.07
2017-06-30 23:49:00-05:00,-9.765624,-12.116648,-3.9674082,-10.19584,-10.301313,-3.4418554,-9.40899,-8.840274,939307.0,27.18,0.0,-0.102,-0.102,0.406,24.82,1.037,0.0,0.0,0.0,0.0,0.0,0.0,0.0,0.0,1.0,-1.75,-1.367,-0.2,0.0,0.0,0.0,0.0,0.0,272.0,275.0,275.0,274.0,0.703,0.0,0.0,-0.1,-0.047,0.075,0.0,6000.0,420635.0,220.0,406.0,59.98,2.0,35.0,42.0,34.0,24.77,23.08,-0.038,0.0,0.2,0.2,60.0,59.5,75.6,1.0,274.0,274.0,273.0,-0.076,0.03,0.082,1962.0,433542.0,13750.0,1968.0,-0.928,0.818,0.791,0.836,0.001,0.0,0.001,0.0,0.0,0.0,0.0,0.0,119.0,119.0,119.0,89.0,1.64,257.4,51.95,2.9,3.5,2.0,-1.0,13.55,0.006,0.284,3.0,2.0,0.0,0.0,23.37,23.33,23.13,22.97,22.97,22.82,23.82,23.45,23.7,23.9,23.05,23.08,23.72,23.58,22.92,23.37,23.84,23.42,23.07
2017-06-30 23:50:00-05:00,-10.012856,-12.444123,-3.9674082,-10.19584,-10.301313,-3.4418554,-9.40899,-8.840274,939308.0,27.18,0.0,-0.102,-0.102,0.406,24.83,0.945,0.0,0.0,0.0,0.0,0.0,0.0,0.0,0.0,1.0,-1.617,-1.383,-0.2,0.0,0.0,0.0,0.0,0.0,272.0,275.1,275.0,274.0,0.712,0.0,0.0,-0.102,-0.052,0.083,0.0,6000.0,420635.0,220.0,406.0,59.97,2.0,35.0,42.0,34.0,24.75,23.0,-0.038,0.0,0.2,0.2,60.0,59.5,75.6,1.0,274.0,274.4,273.0,-0.076,0.03,0.082,1962.0,433542.0,13750.0,1968.0,-0.928,0.818,0.791,0.836,0.001,0.0,0.001,0.0,0.0,0.0,0.0,0.0,119.0,119.0,119.0,89.0,1.792,303.5,35.96,4.1,3.5,2.0,-1.0,13.55,0.006,0.284,3.0,2.0,0.0,0.0,23.32,23.26,23.07,22.97,22.9,22.77,23.76,23.42,23.68,23.88,23.02,23.03,23.68,23.52,22.87,23.33,23.81,23.38,23.04
2017-06-30 23:51:00-05:00,-10.136472,-12.7716,-3.9674082,-10.328253,-10.430079,-3.554703,-9.40899,-8.958144,939309.0,27.16,0.0,-0.102,-0.102,0.406,24.82,0.945,0.0,0.0,0.0,0.0,0.0,0.0,0.0,0.0,1.0,-1.767,-1.533,-0.2,0.0,0.0,0.0,0.0,0.0,272.0,275.0,275.0,274.0,0.707,0.0,0.0,-0.1,-0.055,0.087,0.0,6000.0,420635.0,220.0,406.0,59.97,2.0,35.0,42.0,34.0,24.75,22.95,-0.038,0.0,0.2,0.2,60.0,59.5,75.6,1.0,274.0,274.1,273.0,-0.076,0.03,0.082,1962.0,433542.0,13750.0,1968.0,-0.928,0.818,0.791,0.836,0.001,-0.001,0.001,0.0,0.0,0.0,0.0,0.0,119.0,119.0,119.0,89.0,1.413,325.8,75.64,3.2,3.5,2.0,-1.0,13.55,0.006,0.284,3.0,2.0,0.0,0.0,23.22,23.3,23.02,22.94,22.87,22.74,23.76,23.39,23.64,23.84,23.0,23.01,23.7,23.52,22.84,23.3,23.78,23.35,23.0
2017-06-30 23:52:00-05:00,-10.260086,-13.099078,-3.9674082,-10.19584,-10.558846,-3.7803986,-9.40899,-8.958144,939310.0,27.15,0.0,0.152,0.165,0.596,24.79,0.962,0.0,0.0,0.0,0.0,0.0,0.0,0.0,0.0,1.0,-1.75,-1.433,-0.2,0.0,0.0,0.0,0.0,0.0,272.0,275.0,275.0,274.0,0.705,0.0,0.0,-0.102,-0.058,0.072,0.0,6000.0,420635.0,220.0,406.0,59.96,2.0,35.0,42.0,34.0,24.76,22.9,-0.038,0.0,0.2,0.2,60.0,59.5,75.6,1.0,274.0,274.0,273.0,-0.076,0.03,0.082,1962.0,433542.0,13750.0,1968.0,-0.928,0.818,0.791,0.836,0.001,0.0,0.001,0.0,0.0,0.0,0.0,0.0,119.0,119.0,119.0,89.0,1.92,323.6,16.27,3.6,3.5,2.0,-1.0,13.55,0.006,0.284,3.0,2.0,0.0,0.0,23.17,23.18,22.97,22.89,22.87,22.71,23.76,23.36,23.6,23.81,22.96,22.98,23.68,23.47,22.81,23.26,23.76,23.32,22.96
2017-06-30 23:53:00-05:00,-10.260086,-13.099078,-3.9674082,-10.19584,-10.558846,-3.7803986,-9.534443,-8.958144,939311.0,27.15,0.0,-0.102,-0.102,0.406,24.76,1.141,0.0,0.0,0.0,0.0,0.0,0.0,0.0,0.0,1.0,-1.717,-1.45,-0.2,0.0,0.0,0.0,0.0,0.0,272.0,275.0,275.0,274.0,0.703,0.0,0.0,-0.102,-0.055,0.075,0.0,6000.0,420635.0,220.0,406.0,59.95,2.0,35.0,42.0,34.0,24.76,22.88,-0.038,0.0,0.2,0.2,60.0,59.5,75.6,1.0,274.0,274.0,273.0,-0.076,0.03,0.082,1962.0,433542.0,13750.0,1968.0,-0.928,0.818,0.791,0.836,0.001,0.0,0.001,-0.001,0.0,0.0,0.0,0.0,119.0,119.0,119.0,89.0,0.9,238.4,58.91,1.8,3.5,2.0,-1.0,13.46,0.007,0.284,3.0,2.0,0.0,0.0,23.17,23.16,22.97,22.87,22.79,22.68,23.71,23.34,23.58,23.79,22.94,22.94,23.64,23.44,22.78,23.25,23.74,23.3,22.95
2017-06-30 23:54:00-05:00,-10.260086,-13.099078,-3.9674082,-10.19584,-10.687613,-3.7803986,-9.40899,-8.958144,939312.0,27.12,0.0,-0.102,-0.102,0.406,24.77,1.215,0.0,0.0,0.0,0.0,0.0,0.0,0.0,0.0,1.0,-1.5,-1.367,-0.2,0.0,0.0,0.0,0.0,0.0,272.0,275.0,275.0,274.0,0.697,0.0,0.0,-0.1,-0.042,0.083,0.0,6000.0,420635.0,220.0,406.0,59.96,2.0,35.0,42.0,34.0,24.75,22.87,-0.038,0.0,0.2,0.2,60.0,59.5,75.6,1.0,274.0,274.0,273.0,-0.076,0.03,0.082,1962.0,433542.0,13750.0,1968.0,-0.928,0.818,0.791,0.836,0.001,0.0,0.001,0.0,0.0,0.0,0.0,0.0,119.0,119.0,119.0,89.0,1.65,223.2,61.0,3.0,3.499,2.0,-1.0,13.55,0.006,0.284,3.0,2.0,0.0,0.0,23.08,23.16,22.97,22.79,22.77,22.61,23.66,23.33,23.59,23.79,22.93,22.91,23.6,23.41,22.75,23.23,23.72,23.28,22.92
2017-06-30 23:55:00-05:00,-10.260086,-12.607862,-3.9674082,-10.328253,-10.687613,-3.7803986,-9.40899,-8.958144,939313.0,27.12,0.0,-0.102,-0.102,0.406,24.77,1.215,0.0,0.0,0.0,0.0,0.0,0.0,0.0,0.0,1.0,-1.65,-1.383,-0.2,0.0,0.0,0.0,0.0,0.0,272.0,275.0,275.0,274.0,0.678,0.0,0.0,-0.1,-0.06,0.072,0.0,6000.0,420635.0,220.0,406.0,59.98,2.0,35.0,42.0,34.0,24.79,22.86,-0.038,0.0,0.2,0.2,60.0,59.5,75.6,1.0,274.0,274.0,273.0,-0.076,0.03,0.082,1962.0,433542.0,13750.0,1968.0,-0.928,0.818,0.791,0.836,0.001,0.0,0.001,0.0,0.0,0.0,0.0,0.0,119.0,119.0,119.0,89.0,2.278,182.0,25.35,4.0,3.5,2.0,-1.0,13.55,0.006,0.284,3.0,2.0,0.0,0.0,23.09,23.15,22.95,22.84,22.77,22.61,23.63,23.31,23.61,23.78,22.92,22.87,23.55,23.38,22.72,23.2,23.65,23.26,22.9
2017-06-30 23:56:00-05:00,-10.136472,-12.116648,-3.9674082,-10.460667,-10.687613,-3.7803986,-9.534443,-9.0760145,939314.0,27.12,0.0,-0.102,-0.102,0.406,24.75,1.215,0.0,0.0,0.0,0.0,0.0,0.0,0.0,0.0,1.0,-1.75,-1.433,-0.2,0.0,0.0,0.0,0.0,0.0,271.9,275.0,275.0,273.9,0.652,0.0,0.0,-0.102,-0.058,0.065,0.0,6000.0,420635.0,220.0,406.0,59.98,2.0,35.0,42.0,34.0,24.8,22.88,-0.038,0.0,0.2,0.2,60.0,59.5,75.6,1.0,274.0,274.0,273.0,-0.075,0.03,0.081,1962.0,433542.0,13750.0,1968.0,-0.928,0.818,0.791,0.836,0.001,0.0,0.001,0.0,0.0,0.0,0.0,0.0,119.0,119.0,119.0,89.0,1.788,232.2,47.41,3.6,3.499,2.0,-1.0,13.55,0.006,0.284,3.0,2.0,0.0,0.0,23.17,23.16,22.97,22.82,22.77,22.68,23.56,23.27,23.51,23.72,22.87,22.84,23.51,23.38,22.68,23.14,23.59,23.21,22.84
2017-06-30 23:57:00-05:00,-10.012856,-11.9529085,-3.9674082,-10.59308,-10.687613,-3.7803986,-9.659897,-9.0760145,939315.0,27.09,0.0,-0.102,-0.102,0.406,24.75,1.087,0.0,0.0,0.0,0.0,0.0,0.0,0.0,0.0,1.0,-1.733,-1.483,-0.2,0.0,0.0,0.0,0.0,0.0,271.2,275.0,274.6,273.1,0.667,0.0,0.0,-0.102,-0.06,0.077,0.0,6000.0,420635.0,220.0,406.0,59.95,2.0,35.0,42.0,34.0,24.79,22.84,-0.038,0.0,0.2,0.2,60.0,59.5,75.6,1.0,273.1,274.0,272.0,-0.075,0.03,0.081,1962.0,433542.0,13750.0,1968.0,-0.929,0.818,0.791,0.836,0.001,0.0,0.001,0.0,0.0,0.0,0.0,0.0,119.0,119.0,119.0,89.0,1.74,218.9,50.11,2.9,3.5,2.0,-1.0,13.55,0.006,0.284,3.0,2.0,0.0,0.0,23.15,23.11,22.97,22.84,22.77,22.68,23.54,23.23,23.46,23.67,22.82,22.8,23.46,23.32,22.64,23.1,23.56,23.17,22.8
2017-06-30 23:58:00-05:00,-9.88924,-11.9529085,-3.9674082,-10.460667,-10.687613,-3.7803986,-9.659897,-9.0760145,939316.0,27.09,0.0,0.152,0.178,0.611,24.75,0.945,0.0,0.0,0.0,0.0,0.0,0.0,0.0,0.0,1.0,-1.867,-1.467,-0.2,0.0,0.0,0.0,0.0,0.0,271.3,275.0,274.7,273.2,0.668,0.0,0.0,-0.102,-0.035,0.07,0.0,6000.0,420635.0,220.0,406.0,59.94,2.0,35.0,42.0,34.0,24.77,22.81,-0.038,0.0,0.2,0.2,60.0,59.5,75.6,1.0,273.5,274.0,272.2,-0.075,0.03,0.081,1962.0,433542.0,13750.0,1968.0,-0.929,0.818,0.791,0.836,0.001,0.0,0.001,0.0,0.0,0.0,0.0,0.0,119.0,119.0,119.0,89.0,1.217,243.2,56.52,2.9,3.499,2.0,-1.0,13.46,0.007,0.284,3.0,2.0,0.0,0.001,23.13,23.07,22.97,22.77,22.77,22.63,23.46,23.18,23.43,23.62,22.77,22.77,23.44,23.32,22.61,23.06,23.55,23.13,22.76
2017-06-30 23:59:00-05:00,-9.88924,-11.9529085,-3.9674082,-10.460667,-10.687613,-3.7803986,-9.659897,-9.0760145,939317.0,27.06,0.0,-0.102,-0.102,0.406,24.74,0.945,0.0,0.0,0.0,0.0,0.0,0.0,0.0,0.0,1.0,-1.617,-1.35,-0.2,0.0,0.0,0.0,0.0,0.0,271.5,275.0,275.0,273.5,0.67,0.0,0.0,-0.1,-0.05,0.077,0.0,6000.0,420635.0,220.0,406.0,59.93,2.0,35.0,42.0,34.0,24.73,22.78,-0.038,0.0,0.2,0.2,60.0,59.5,75.6,1.0,274.0,274.0,272.9,-0.075,0.03,0.081,1962.0,433542.0,13750.0,1968.0,-0.929,0.818,0.791,0.836,0.001,-0.001,0.0,0.0,0.0,0.0,0.0,0.0,119.0,119.0,119.0,89.0,1.635,297.5,40.28,2.3,3.499,2.0,-1.0,13.55,0.006,0.284,3.0,2.0,0.0,0.0,23.08,23.07,22.87,22.76,22.76,22.58,23.46,23.16,23.41,23.6,22.76,22.76,23.46,23.3,22.6,23.05,23.57,23.14,22.76
