TIMESTAMP,Pyra1_Wm2_Avg,Pyra2_Wm2_Avg,Pyra3_Wm2_Avg,Pyra4_Wm2_Avg,Pyra5_Wm2_Avg,Pyra6_Wm2_Avg,Pyra7_Wm2_Avg,Pyra8_Wm2_Avg,RECORD,CR1000Temp_C_Avg,DoorOpen_Min,RefCell1_Wm2_Avg,RefCell2_Wm2_Avg,RefCell3_Wm2_Avg,AmbTemp_C_Avg,InvVDVoltage_V_Avg,GeneralFaults1_Max,GeneralFaults2_Max,DPCBFaults_Max,HardwareFaults_Max,InverterFaults_Max,TemperatureFaults_Max,Warnings_Max,NumActiveFaults_Max,InvVPVIn_Avg,InvVDCin_Avg,InvIDCin_Avg,InvIGnd_Avg,InvIa_Avg,InvIb_Avg,InvIc_Avg,InvIabcAvg_Avg,InvINeutral_Avg,InvVa_Avg,InvVb_Avg,InvVc_Avg,InvVabcAvg_Avg,InvVUnbal_Avg,InvIUnbal_Avg,InvPDC_kW_Avg,InvPAC_kW_Avg,InvVAR_kVAR_Avg,InvVA_kVA_Avg,InvPF_Avg,InvGndImped_kOhm_Avg,InvEtot_kWh_Max,InvEtoday_kWh_Max,InvEyesterday_kWh_Max,InvFreq_Avg,InvOpState_Avg,InvTempInternalAir_C_Avg,InvTempInverterAir_C_Avg,InvTempHeatsink_C_Avg,SEWSAmbientTemp_C_Avg,SEWSModuleTemp_C_Avg,SEWSPOAIrrad_Wm2_Avg,PwrMtrIa_Avg,PwrMtrIb_Avg,PwrMtrIc_Avg,PwrMtrFreq_Avg,PwrMtrFreqMin_Min,PwrMtrFreqMax_Max,PwrMtrPhaseRev_Avg,PwrMtrVa_Avg,PwrMtrVb_Avg,PwrMtrVc_Avg,PwrMtrP_kW_Avg,PwrMtrP_kVAR_Avg,PwrMtrP_kVA_Avg,PwrMtrEdel_kWh_Max,PwrMtrErec_kWh_Max,PwrMtrEdel_kVARh_Max,PwrMtrErec_kVARh_Max,PwrMtrPF_Avg,PwrMtrVaTHDMax_Max,PwrMtrVbTHDMax_Max,PwrMtrVcTHDMax_Max,ShuntCurrent_A_Avg_1,ShuntCurrent_A_Avg_2,ShuntCurrent_A_Avg_3,ShuntCurrent_A_Avg_4,ShuntPDC_kW_Avg_1,ShuntPDC_kW_Avg_2,ShuntPDC_kW_Avg_3,ShuntPDC_kW_Avg_4,ShuntEtot_kWh_Max_1,ShuntEtot_kWh_Max_2,ShuntEtot_kWh_Max_3,ShuntEtot_kWh_Max_4,WindSpeedAve_ms,WindDirAve_deg,WindDirStdDev_deg,WindSpeed_ms_Max,WindRef_V_Min,WindHeatStateID_Avg,WindValid_Avg,Battery_V_Min,Battery_A_Avg,Load_A_Avg,ChgState_Min,ChgSource_Min,CkBatt_Max,Qloss_Ah_Max,RTD_C_Avg_1,RTD_C_Avg_2,RTD_C_Avg_3,RTD_C_Avg_4,RTD_C_Avg_5,RTD_C_Avg_6,RTD_C_Avg_7,TCTemps_C_Avg_1,TCTemps_C_Avg_2,TCTemps_C_Avg_3,TCTemps_C_Avg_4,TCTemps_C_Avg_5,TCTemps_C_Avg_6,TCTemps_C_Avg_7,TCTemps_C_Avg_8,TCTemps_C_Avg_9,TCTemps_C_Avg_10,TCTemps_C_Avg_11,TCTemps_C_Avg_12
2017-05-04 00:00:00-05:00,-11.125395,-14.245247,-5.270139,-11.519975,-12.361576,-4.2317896,-11.039882,-10.1368475,856473.0,10.3,0.0,-0.329,-0.155,0.353,9.25,2.703,0.0,0.0,0.0,0.0,0.0,0.0,0.0,0.0,3.0,-1.7,-1.55,-0.2,0.0,0.0,0.0,0.0,0.0,273.0,276.4,277.0,275.0,0.74,0.0,0.0,-0.102,-0.037,0.092,0.0,6000.0,403217.0,216.0,335.0,59.97,2.0,33.0,40.0,32.0,9.97,3.828,-0.038,0.0,0.2,0.2,60.0,59.5,75.6,1.0,275.0,275.8,275.0,-0.076,0.032,0.083,1915.0,415621.0,13168.0,1912.0,-0.924,0.818,0.791,0.836,0.0,-0.001,0.0,-0.001,0.0,0.0,0.0,0.0,103.0,103.0,103.0,77.0,0.502,107.5,12.89,0.6,3.504,2.0,-1.0,13.78,0.007,0.273,3.0,2.0,0.0,0.0,4.192,3.998,2.572,3.4,2.186,2.286,3.951,2.797,2.887,3.913,2.392,1.533,2.159,2.719,1.58,1.651,2.098,1.737,1.497
2017-05-04 00:01:00-05:00,-11.125395,-14.245247,-5.270139,-11.519975,-12.361576,-4.2317896,-11.039882,-10.1368475,856474.0,10.27,0.0,-0.331,-0.149,0.359,9.23,2.703,0.0,0.0,0.0,0.0,0.0,0.0,0.0,0.0,3.0,-1.65,-1.5,-0.2,0.0,0.0,0.0,0.0,0.0,273.0,276.3,277.0,275.0,0.728,0.0,0.0,-0.103,-0.032,0.093,0.0,6000.0,403217.0,216.0,335.0,59.95,2.0,33.0,40.0,32.0,9.91,3.806,-0.038,0.0,0.2,0.2,60.0,59.5,75.6,1.0,275.0,275.7,275.0,-0.076,0.032,0.083,1915.0,415621.0,13168.0,1912.0,-0.924,0.818,0.791,0.836,0.0,-0.001,0.0,0.0,0.0,0.0,0.0,0.0,103.0,103.0,103.0,77.0,0.425,93.1,15.68,0.6,3.502,2.0,-1.0,13.84,0.002,0.273,3.0,2.0,0.0,0.0,4.178,4.016,2.56,3.382,2.216,2.236,3.886,2.776,2.814,3.866,2.371,1.541,2.157,2.757,1.595,1.63,2.061,1.732,1.482
2017-05-04 00:02:00-05:00,-11.125395,-13.754032,-5.270139,-11.519975,-12.490343,-4.2317896,-11.039882,-10.254718,856475.0,10.26,0.0,-0.313,-0.141,0.367,9.24,2.703,0.0,0.0,0.0,0.0,0.0,0.0,0.0,0.0,3.0,-1.583,-1.5,-0.2,0.0,0.0,0.0,0.0,0.0,273.0,276.5,277.0,275.0,0.713,0.0,0.0,-0.102,-0.032,0.083,0.0,6000.0,403217.0,216.0,335.0,59.97,2.0,33.0,40.0,32.0,9.9,3.766,-0.038,0.0,0.2,0.2,60.0,59.5,75.6,1.0,275.0,276.0,275.0,-0.076,0.032,0.083,1915.0,415621.0,13168.0,1912.0,-0.924,0.818,0.791,0.836,0.001,0.0,0.001,-0.001,0.0,0.0,0.0,0.0,103.0,103.0,103.0,77.0,0.31,86.1,11.2,0.5,3.503,2.0,-1.0,13.84,0.002,0.273,3.0,2.0,0.0,0.0,4.178,4.131,2.575,3.317,2.152,2.269,3.886,2.758,2.777,3.816,2.341,1.537,2.119,2.739,1.585,1.618,2.074,1.743,1.483
2017-05-04 00:03:00-05:00,-11.0017805,-13.754032,-5.270139,-11.652389,-12.747875,-4.2317896,-11.165336,-10.254718,856476.0,10.25,0.0,-0.303,-0.135,0.373,9.22,2.703,0.0,0.0,0.0,0.0,0.0,0.0,0.0,0.0,3.0,-1.617,-1.517,-0.2,0.0,0.0,0.0,0.0,0.0,273.9,277.4,277.8,275.9,0.66,0.0,0.0,-0.105,-0.012,0.11,0.0,6000.0,403217.0,216.0,335.0,59.95,2.0,33.0,40.0,32.0,9.93,3.777,-0.038,0.0,0.2,0.2,60.0,59.5,75.6,1.0,275.8,276.8,275.8,-0.077,0.031,0.083,1915.0,415621.0,13168.0,1912.0,-0.925,0.818,0.791,0.836,0.0,-0.001,0.0,-0.001,0.0,0.0,0.0,0.0,103.0,103.0,103.0,77.0,0.067,69.19,28.98,0.2,3.504,2.0,-1.0,13.84,0.002,0.273,3.0,2.0,0.0,0.0,4.178,4.178,2.572,3.321,2.104,2.237,3.886,2.735,2.76,3.771,2.327,1.525,2.111,2.745,1.558,1.611,2.064,1.728,1.489
2017-05-04 00:04:00-05:00,-11.125395,-13.754032,-5.270139,-11.519975,-12.876641,-4.2317896,-11.165336,-10.018977,856477.0,10.22,0.0,-0.246,-0.059,0.443,9.17,2.703,0.0,0.0,0.0,0.0,0.0,0.0,0.0,0.0,3.0,-1.767,-1.533,-0.2,0.0,0.0,0.0,0.0,0.0,274.0,277.7,278.0,276.0,0.647,0.0,0.0,-0.108,-0.02,0.112,0.0,6000.0,403217.0,216.0,335.0,59.94,2.0,33.0,40.0,32.0,9.87,3.754,-0.038,0.0,0.2,0.2,60.0,59.5,75.6,1.0,276.0,277.0,276.0,-0.077,0.031,0.083,1915.0,415621.0,13168.0,1912.0,-0.925,0.818,0.791,0.836,0.001,-0.001,0.0,-0.001,0.0,0.0,0.0,0.0,103.0,103.0,103.0,77.0,0.163,63.57,19.78,0.3,3.498,2.667,-1.0,13.84,0.002,0.569,3.0,1.0,0.0,0.0,4.178,4.063,2.511,3.303,2.036,2.139,3.871,2.73,2.774,3.73,2.313,1.488,2.107,2.698,1.543,1.605,2.095,1.733,1.48
2017-05-04 00:05:00-05:00,-11.372626,-13.754032,-5.270139,-11.519975,-13.005407,-4.2317896,-11.039882,-9.665367,856478.0,10.2,0.0,-0.261,-0.1,0.402,9.09,2.703,0.0,0.0,0.0,0.0,0.0,0.0,0.0,0.0,3.0,-1.717,-1.5,-0.2,0.0,0.0,0.0,0.0,0.0,274.1,277.8,278.0,276.1,0.623,0.0,0.0,-0.103,-0.032,0.112,0.0,6000.0,403217.0,216.0,335.0,59.96,2.0,33.0,40.0,32.0,9.83,3.742,-0.038,0.0,0.2,0.2,60.0,59.5,75.6,1.0,276.0,277.0,276.0,-0.077,0.031,0.083,1915.0,415621.0,13168.0,1912.0,-0.926,0.818,0.791,0.836,0.001,-0.001,0.0,-0.001,0.0,0.0,0.0,0.0,103.0,103.0,103.0,77.0,0.175,271.1,40.72,0.3,3.504,2.483,-1.0,13.84,0.002,0.625,3.0,1.0,0.0,0.0,4.145,4.016,2.525,3.321,1.989,2.158,3.839,2.722,2.735,3.747,2.305,1.47,2.092,2.663,1.51,1.591,2.102,1.742,1.459
2017-05-04 00:06:00-05:00,-11.496242,-13.754032,-5.270139,-11.255148,-13.005407,-3.8932464,-10.914429,-9.547496,856479.0,10.18,0.0,-0.288,-0.14,0.369,9.07,2.703,0.0,0.0,0.0,0.0,0.0,0.0,0.0,0.0,3.0,-1.767,-1.55,-0.2,0.0,0.0,0.0,0.0,0.0,274.4,277.9,278.0,276.4,0.608,0.0,0.0,-0.105,-0.013,0.11,0.0,6000.0,403217.0,216.0,335.0,59.95,2.0,33.0,40.0,32.0,9.75,3.687,-0.041,0.0,0.2,0.2,60.0,59.5,75.6,1.0,276.0,277.0,276.0,-0.077,0.031,0.083,1915.0,415621.0,13168.0,1912.0,-0.925,0.818,0.791,0.836,0.001,-0.001,0.0,-0.001,0.0,0.0,0.0,0.0,103.0,103.0,103.0,77.0,0.198,251.7,16.19,0.3,3.503,2.0,-1.0,13.84,0.002,0.273,3.0,2.0,0.0,0.0,4.048,3.983,2.525,3.285,1.942,2.141,3.886,2.712,2.711,3.775,2.31,1.445,2.083,2.644,1.488,1.592,2.112,1.743,1.448
2017-05-04 00:07:00-05:00,-11.496242,-13.754032,-5.270139,-11.122734,-13.005407,-3.8932464,-10.788975,-9.4296255,856480.0,10.17,0.0,-0.318,-0.138,0.37,9.06,2.703,0.0,0.0,0.0,0.0,0.0,0.0,0.0,0.0,3.0,-1.867,-1.583,-0.2,0.0,0.0,0.0,0.0,0.0,274.3,278.0,278.0,276.3,0.62,0.0,0.0,-0.1,-0.017,0.108,0.0,6000.0,403217.0,216.0,335.0,59.95,2.0,33.0,40.0,32.0,9.73,3.672,-0.038,0.0,0.2,0.2,60.0,59.5,75.6,1.0,276.0,277.0,276.0,-0.077,0.031,0.083,1915.0,415621.0,13168.0,1912.0,-0.925,0.818,0.791,0.836,0.0,0.0,0.001,-0.001,0.0,0.0,0.0,0.0,103.0,103.0,103.0,77.0,0.243,252.9,5.443,0.3,3.502,2.0,-1.0,13.84,0.002,0.273,3.0,2.0,0.0,0.0,3.983,3.92,2.478,3.238,1.845,2.141,3.871,2.705,2.696,3.798,2.302,1.448,2.07,2.621,1.468,1.57,2.09,1.716,1.438
2017-05-04 00:08:00-05:00,-11.619857,-13.754032,-5.270139,-10.857907,-12.876641,-3.8932464,-10.412616,-9.4296255,856481.0,10.14,0.0,-0.312,-0.137,0.372,9.06,2.703,0.0,0.0,0.0,0.0,0.0,0.0,0.0,0.0,3.0,-1.933,-1.617,-0.2,0.0,0.0,0.0,0.0,0.0,274.7,278.0,278.0,276.7,0.602,0.0,0.0,-0.11,-0.025,0.117,0.0,6000.0,403217.0,216.0,335.0,59.95,2.0,33.0,40.0,32.0,9.68,3.62,-0.038,0.0,0.2,0.2,60.0,59.5,75.6,1.0,276.0,277.0,276.0,-0.077,0.031,0.083,1915.0,415621.0,13168.0,1912.0,-0.925,0.818,0.791,0.836,0.0,0.0,0.0,0.0,0.0,0.0,0.0,0.0,103.0,103.0,103.0,77.0,0.227,160.0,81.3,0.4,3.502,2.0,-1.0,13.84,0.002,0.273,3.0,2.0,0.0,0.0,3.983,3.951,2.441,3.303,1.845,2.119,3.901,2.689,2.653,3.749,2.27,1.465,2.056,2.581,1.453,1.555,2.058,1.713,1.39
2017-05-04 00:09:00-05:00,-11.619857,-13.754032,-5.270139,-10.725493,-12.747875,-3.554703,-10.287163,-9.4296255,856482.0,10.14,0.0,-0.324,-0.135,0.373,9.13,2.703,0.0,0.0,0.0,0.0,0.0,0.0,0.0,0.0,3.0,-1.917,-1.633,-0.2,0.0,0.0,0.0,0.0,0.0,274.5,278.0,278.0,276.5,0.607,0.0,0.0,-0.105,-0.025,0.11,0.0,6000.0,403217.0,216.0,335.0,59.95,2.0,33.0,40.0,32.0,9.61,3.594,-0.038,0.0,0.2,0.2,60.0,59.5,75.6,1.0,276.0,277.0,276.0,-0.077,0.031,0.083,1915.0,415621.0,13168.0,1912.0,-0.925,0.818,0.791,0.836,0.001,-0.001,0.001,0.0,0.0,0.0,0.0,0.0,103.0,103.0,103.0,77.0,0.44,88.7,12.52,0.7,3.499,2.0,-1.0,13.84,0.002,0.273,3.0,2.0,0.0,0.0,3.984,3.969,2.428,3.285,1.813,2.088,3.851,2.676,2.686,3.711,2.26,1.434,2.018,2.571,1.431,1.537,2.033,1.685,1.383
2017-05-04 00:10:00-05:00,-11.619857,-13.91777,-5.3885694,-10.725493,-12.232809,-3.4418554,-10.412616,-9.4296255,856483.0,10.12,0.0,-0.069,0.105,0.552,9.15,2.703,0.0,0.0,0.0,0.0,0.0,0.0,0.0,0.0,3.0,-1.883,-1.583,-0.2,0.0,0.0,0.0,0.0,0.0,274.8,278.0,278.0,276.8,0.593,0.0,0.0,-0.102,-0.015,0.11,0.0,6000.0,403217.0,216.0,335.0,59.97,2.0,33.0,40.0,32.0,9.6,3.575,-0.038,0.0,0.2,0.2,60.0,59.5,75.6,1.0,276.5,277.0,276.0,-0.077,0.031,0.083,1915.0,415621.0,13168.0,1912.0,-0.925,0.818,0.791,0.836,0.0,-0.001,0.001,0.0,0.0,0.0,0.0,0.0,103.0,103.0,103.0,77.0,0.5,85.5,9.47,0.6,3.498,2.0,-1.0,13.7,0.003,0.272,1.0,2.0,0.0,0.001,3.901,3.965,2.428,3.303,1.845,2.138,3.836,2.672,2.768,3.702,2.262,1.415,1.982,2.585,1.414,1.523,2.0,1.675,1.385
2017-05-04 00:11:00-05:00,-11.496242,-14.245247,-5.625429,-10.857907,-12.104043,-3.4418554,-10.663523,-9.4296255,856484.0,10.11,0.0,-0.295,-0.128,0.38,9.14,2.703,0.0,0.0,0.0,0.0,0.0,0.0,0.0,0.0,3.0,-1.85,-1.5,-0.2,0.0,0.0,0.0,0.0,0.0,274.7,278.0,278.0,276.7,0.598,0.0,0.0,-0.105,-0.015,0.123,0.0,6000.0,403217.0,216.0,335.0,59.96,2.0,33.0,40.0,32.0,9.58,3.561,-0.038,0.0,0.2,0.2,60.0,59.5,75.6,1.0,276.4,277.0,276.0,-0.077,0.031,0.083,1915.0,415621.0,13168.0,1912.0,-0.925,0.818,0.791,0.836,0.001,-0.001,0.001,-0.001,0.0,0.0,0.0,0.0,103.0,103.0,103.0,77.0,0.597,98.9,8.15,0.8,3.503,2.0,-1.0,13.84,0.002,0.273,3.0,2.0,0.0,0.0,3.934,3.918,2.428,3.303,1.845,2.139,3.855,2.702,2.957,3.814,2.305,1.415,1.957,2.601,1.413,1.553,2.089,1.68,1.415
2017-05-04 00:12:00-05:00,-11.372626,-14.245247,-5.270139,-11.122734,-12.104043,-3.4418554,-10.788975,-9.547496,856485.0,10.08,0.0,-0.295,-0.123,0.385,9.11,2.44,0.0,0.0,0.0,0.0,0.0,0.0,0.0,0.0,2.85,-1.45,-1.383,-0.2,0.0,0.0,0.0,0.0,0.0,274.7,278.0,278.1,276.7,0.603,0.0,0.0,-0.103,-0.032,0.11,0.0,6000.0,403217.0,216.0,335.0,59.94,2.0,33.0,40.0,32.0,9.6,3.543,-0.038,0.0,0.2,0.2,60.0,59.5,75.6,1.0,276.2,277.0,276.0,-0.077,0.031,0.083,1915.0,415621.0,13168.0,1912.0,-0.925,0.818,0.791,0.836,0.0,-0.001,0.0,0.0,0.0,0.0,0.0,0.0,103.0,103.0,103.0,77.0,0.593,111.3,15.65,0.8,3.498,2.0,-1.0,13.84,0.002,0.273,3.0,2.0,0.0,0.0,3.872,3.886,2.428,3.22,1.942,2.174,3.869,2.754,3.025,3.888,2.361,1.399,1.951,2.637,1.419,1.547,2.068,1.666,1.408
2017-05-04 00:13:00-05:00,-11.0017805,-13.754032,-5.270139,-10.857907,-11.975276,-3.21616,-10.914429,-9.547496,856486.0,10.06,0.0,-0.307,-0.121,0.39,9.08,2.269,0.0,0.0,0.0,0.0,0.0,0.0,0.0,0.0,2.617,-1.6,-1.533,-0.2,0.0,0.0,0.0,0.0,0.0,274.9,278.0,278.1,276.9,0.59,0.0,0.0,-0.102,-0.023,0.117,0.0,6000.0,403217.0,216.0,335.0,59.94,2.0,33.0,40.0,32.0,9.75,3.573,-0.038,0.0,0.2,0.2,60.0,59.5,75.6,1.0,276.6,277.0,276.0,-0.077,0.031,0.083,1915.0,415621.0,13168.0,1912.0,-0.926,0.818,0.791,0.836,0.0,-0.001,0.001,0.0,0.0,0.0,0.0,0.0,103.0,103.0,103.0,77.0,0.63,126.2,16.76,0.8,3.503,2.017,-1.0,13.84,0.002,0.273,3.0,2.0,0.0,0.0,3.916,3.886,2.496,3.206,1.992,2.22,3.887,2.797,3.178,3.897,2.396,1.444,1.969,2.727,1.461,1.565,2.032,1.696,1.42
2017-05-04 00:14:00-05:00,-10.878164,-13.754032,-5.270139,-10.59308,-11.975276,-3.103312,-10.914429,-9.665367,856487.0,10.04,0.0,-0.241,-0.038,0.453,9.08,2.096,0.0,0.0,0.0,0.0,0.0,0.0,0.0,0.0,2.133,-1.533,-1.483,-0.2,0.0,0.0,0.0,0.0,0.0,274.8,278.0,278.1,276.8,0.588,0.0,0.0,-0.103,-0.022,0.11,0.0,6000.0,403217.0,216.0,335.0,59.93,2.0,33.0,40.0,32.0,9.89,3.587,-0.038,0.0,0.2,0.2,60.0,59.5,75.6,1.0,276.5,277.0,276.0,-0.077,0.031,0.083,1915.0,415621.0,13168.0,1912.0,-0.926,0.818,0.791,0.836,0.001,-0.001,0.0,0.0,0.0,0.0,0.0,0.0,103.0,103.0,103.0,77.0,0.622,118.8,12.26,0.9,3.504,3.0,-1.0,13.84,0.002,0.705,3.0,1.0,0.0,0.0,3.967,3.951,2.558,3.206,2.107,2.256,3.887,2.8,3.077,3.835,2.405,1.52,2.013,2.838,1.544,1.6,2.076,1.786,1.48
2017-05-04 00:15:00-05:00,-10.754549,-13.754032,-5.151709,-10.59308,-11.975276,-2.8776166,-10.788975,-10.1368475,856488.0,10.03,0.0,-0.263,-0.073,0.427,9.07,2.168,0.0,0.0,0.0,0.0,0.0,0.0,0.0,0.0,2.433,-1.55,-1.417,-0.2,0.0,0.0,0.0,0.0,0.0,273.4,277.0,277.2,275.4,0.663,0.0,0.0,-0.102,-0.023,0.1,0.0,6000.0,403217.0,216.0,335.0,59.92,2.0,33.0,40.0,32.0,10.04,3.59,-0.038,0.0,0.2,0.2,60.0,59.5,75.6,1.0,275.2,276.2,275.2,-0.076,0.032,0.083,1915.0,415621.0,13168.0,1912.0,-0.924,0.818,0.791,0.836,0.0,-0.001,0.001,0.0,0.0,0.0,0.0,0.0,103.0,103.0,103.0,77.0,0.67,124.7,7.294,1.0,3.502,2.333,-1.0,13.84,0.002,0.488,3.0,1.0,0.0,0.0,3.985,3.983,2.622,3.206,2.234,2.336,3.873,2.795,3.129,3.844,2.396,1.574,2.098,2.908,1.58,1.632,2.07,1.817,1.538
2017-05-04 00:16:00-05:00,-10.383702,-13.099078,-4.9148493,-10.328253,-12.104043,-2.6519215,-10.663523,-10.254718,856489.0,10.01,0.0,-0.306,-0.114,0.395,9.06,2.261,0.0,0.0,0.0,0.0,0.0,0.0,0.0,0.0,2.583,-1.617,-1.5,-0.2,0.0,0.0,0.0,0.0,0.0,273.0,276.6,277.0,275.0,0.67,0.0,0.0,-0.1,-0.037,0.1,0.0,6000.0,403217.0,216.0,335.0,59.93,2.0,33.0,40.0,32.0,10.12,3.57,-0.038,0.0,0.2,0.2,60.0,59.5,75.6,1.0,275.0,276.0,275.0,-0.076,0.031,0.083,1915.0,415621.0,13168.0,1912.0,-0.924,0.818,0.791,0.836,0.0,-0.001,0.0,-0.001,0.0,0.0,0.0,0.0,103.0,103.0,103.0,77.0,0.49,127.6,21.17,0.7,3.499,2.0,-1.0,13.84,0.002,0.273,3.0,2.0,0.0,0.0,4.003,3.983,2.622,3.206,2.234,2.398,3.823,2.824,3.165,3.938,2.439,1.58,2.064,2.924,1.589,1.621,2.116,1.863,1.516
2017-05-04 00:17:00-05:00,-10.260086,-12.935339,-4.7964187,-10.328253,-12.104043,-2.6519215,-10.412616,-10.372588,856490.0,9.97,0.0,-0.322,-0.112,0.396,9.05,2.59,0.0,0.0,0.0,0.0,0.0,0.0,0.0,0.0,3.0,-1.517,-1.517,-0.2,0.0,0.0,0.0,0.0,0.0,273.0,276.7,277.0,275.0,0.683,0.0,0.0,-0.102,-0.027,0.095,0.0,6000.0,403217.0,216.0,335.0,59.94,2.0,33.0,40.0,32.0,10.14,3.528,-0.038,0.0,0.2,0.2,60.0,59.5,75.6,1.0,275.0,276.0,275.0,-0.076,0.032,0.083,1915.0,415621.0,13168.0,1912.0,-0.924,0.818,0.791,0.836,0.001,-0.001,0.001,-0.001,0.0,0.0,0.0,0.0,103.0,103.0,103.0,77.0,0.453,150.0,21.92,0.6,3.504,2.0,-1.0,13.84,0.002,0.273,3.0,2.0,0.0,0.0,4.082,3.969,2.622,3.155,2.234,2.386,3.887,2.826,3.054,3.926,2.436,1.595,2.1,2.923,1.601,1.642,2.147,1.913,1.521
2017-05-04 00:18:00-05:00,-10.260086,-12.607862,-4.4411287,-10.328253,-12.490343,-2.6519215,-10.287163,-10.4904585,856491.0,9.95,0.0,-0.297,-0.11,0.398,9.03,2.703,0.0,0.0,0.0,0.0,0.0,0.0,0.0,0.0,3.0,-1.567,-1.5,-0.2,0.0,0.0,0.0,0.0,0.0,273.0,276.7,277.0,275.0,0.688,0.0,0.0,-0.1,-0.03,0.092,0.0,6000.0,403217.0,216.0,335.0,59.96,2.0,33.0,40.0,32.0,10.08,3.554,-0.038,0.0,0.2,0.2,60.0,59.5,75.6,1.0,275.0,276.0,275.0,-0.076,0.032,0.083,1915.0,415621.0,13168.0,1912.0,-0.924,0.818,0.791,0.836,0.001,-0.001,0.0,0.0,0.0,0.0,0.0,0.0,103.0,103.0,103.0,77.0,0.252,121.1,24.76,0.5,3.503,2.0,-1.0,13.84,0.002,0.273,3.0,2.0,0.0,0.0,4.082,3.933,2.622,3.108,2.234,2.374,3.887,2.814,3.041,3.938,2.436,1.595,2.151,2.884,1.578,1.632,2.118,1.895,1.503
2017-05-04 00:19:00-05:00,-10.630933,-12.607862,-4.4411287,-10.328253,-12.747875,-2.6519215,-10.16171,-10.4904585,856492.0,9.94,0.0,-0.065,0.098,0.564,8.99,2.703,0.0,0.0,0.0,0.0,0.0,0.0,0.0,0.0,3.0,-1.683,-1.517,-0.2,0.0,0.0,0.0,0.0,0.0,273.1,276.9,277.0,275.1,0.697,0.0,0.0,-0.1,-0.028,0.097,0.0,6000.0,403217.0,216.0,335.0,59.97,2.0,33.0,40.0,32.0,9.95,3.562,-0.038,0.0,0.2,0.2,60.0,59.5,75.6,1.0,275.0,276.0,275.0,-0.076,0.032,0.083,1915.0,415621.0,13168.0,1912.0,-0.924,0.818,0.791,0.836,0.001,-0.001,0.001,-0.001,0.0,0.0,0.0,0.0,103.0,103.0,103.0,77.0,0.097,104.1,46.62,0.2,3.503,2.0,-1.0,13.75,0.001,0.272,3.0,2.0,0.0,0.0,4.096,3.886,2.622,3.108,2.119,2.307,3.887,2.788,3.068,3.879,2.404,1.583,2.123,2.848,1.577,1.62,2.1,1.865,1.489
2017-05-04 00:20:00-05:00,-10.754549,-12.7716,-4.7964187,-10.460667,-12.876641,-2.9904647,-10.036256,-10.372588,856493.0,9.91,0.0,-0.282,-0.108,0.4,8.97,2.703,0.0,0.0,0.0,0.0,0.0,0.0,0.0,0.0,3.0,-1.95,-1.55,-0.2,0.0,0.0,0.0,0.0,0.0,273.1,277.0,277.0,275.1,0.698,0.0,0.0,-0.102,-0.02,0.095,0.0,6000.0,403217.0,216.0,335.0,59.99,2.0,33.0,40.0,32.0,9.8,3.573,-0.038,0.0,0.2,0.2,60.0,59.5,75.6,1.0,275.0,276.0,275.0,-0.076,0.032,0.083,1915.0,415621.0,13168.0,1912.0,-0.924,0.818,0.791,0.836,0.0,-0.001,0.001,0.0,0.0,0.0,0.0,0.0,103.0,103.0,103.0,77.0,0.18,50.44,28.37,0.4,3.504,2.0,-1.0,13.82,0.003,0.273,3.0,2.0,0.0,0.0,4.082,3.886,2.558,3.108,2.039,2.24,3.887,2.8,3.086,3.87,2.42,1.543,2.083,2.787,1.543,1.605,2.091,1.835,1.46
2017-05-04 00:21:00-05:00,-11.0017805,-13.099078,-4.7964187,-10.59308,-12.876641,-3.103312,-10.16171,-10.372588,856494.0,9.9,0.0,-0.281,-0.107,0.401,8.99,2.703,0.0,0.0,0.0,0.0,0.0,0.0,0.0,0.0,3.0,-1.883,-1.65,-0.2,0.0,0.0,0.0,0.0,0.0,273.0,276.6,277.0,275.0,0.703,0.0,0.0,-0.1,-0.037,0.092,0.0,6000.0,403217.0,216.0,335.0,59.95,2.0,33.0,40.0,32.0,9.68,3.563,-0.038,0.0,0.2,0.2,60.0,59.5,75.6,1.0,275.0,276.0,275.0,-0.076,0.032,0.083,1915.0,415621.0,13168.0,1912.0,-0.924,0.818,0.791,0.836,0.001,-0.001,0.0,0.0,0.0,0.0,0.0,0.0,103.0,103.0,103.0,77.0,0.178,56.05,18.21,0.3,3.504,2.0,-1.0,13.84,0.002,0.273,3.0,2.0,0.0,0.0,4.035,3.789,2.525,3.058,1.975,2.187,3.887,2.835,3.077,3.944,2.457,1.503,2.048,2.747,1.51,1.617,2.065,1.837,1.478
2017-05-04 00:22:00-05:00,-11.125395,-13.426556,-5.033279,-10.59308,-12.876641,-3.103312,-10.16171,-10.372588,856495.0,9.88,0.0,-0.299,-0.106,0.402,9.02,2.703,0.0,0.0,0.0,0.0,0.0,0.0,0.0,0.0,3.0,-1.883,-1.617,-0.2,0.0,0.0,0.0,0.0,0.0,273.0,276.4,277.0,275.0,0.69,0.0,0.0,-0.102,-0.025,0.093,0.0,6000.0,403217.0,216.0,335.0,59.95,2.0,33.0,40.0,32.0,9.57,3.561,-0.038,0.0,0.2,0.2,60.0,59.5,75.6,1.0,275.0,275.9,275.0,-0.076,0.032,0.083,1915.0,415621.0,13168.0,1912.0,-0.924,0.818,0.791,0.836,0.001,-0.001,0.001,-0.001,0.0,0.0,0.0,0.0,103.0,103.0,103.0,77.0,0.273,67.4,24.81,0.4,3.503,2.0,-1.0,13.84,0.002,0.273,3.0,2.0,0.0,0.0,3.999,3.789,2.478,3.011,1.86,2.16,3.855,2.852,3.077,3.953,2.477,1.473,2.016,2.74,1.476,1.639,2.084,1.857,1.51
2017-05-04 00:23:00-05:00,-11.125395,-13.754032,-5.270139,-10.59308,-12.747875,-3.103312,-10.16171,-9.7832365,856496.0,9.86,0.0,-0.284,-0.064,0.436,9.01,2.702,0.0,0.0,0.0,0.0,0.0,0.0,0.0,0.0,3.0,-1.817,-1.433,-0.2,0.0,0.0,0.0,0.0,0.0,273.0,276.4,277.0,275.0,0.688,0.0,0.0,-0.102,-0.042,0.095,0.0,6000.0,403217.0,216.0,335.0,59.94,2.0,33.0,40.0,32.0,9.5,3.55,-0.038,0.0,0.2,0.2,60.0,59.5,75.6,1.0,275.0,275.9,274.8,-0.076,0.031,0.083,1915.0,415621.0,13168.0,1912.0,-0.925,0.818,0.791,0.836,0.001,-0.001,0.0,-0.001,0.0,0.0,0.0,0.0,103.0,103.0,103.0,77.0,0.317,105.5,22.13,0.5,3.499,2.183,-1.0,13.84,0.002,0.353,3.0,1.0,0.0,0.0,3.965,3.789,2.428,3.011,1.795,2.123,3.79,2.949,3.48,4.218,2.568,1.477,1.99,2.757,1.48,1.648,2.091,1.89,1.511
2017-05-04 00:24:00-05:00,-11.125395,-13.754032,-5.270139,-10.59308,-12.747875,-3.3290076,-10.036256,-8.840274,856497.0,9.85,0.0,-0.213,-0.029,0.471,8.98,2.703,0.0,0.0,0.0,0.0,0.0,0.0,0.0,0.0,3.0,-1.817,-1.517,-0.2,0.0,0.0,0.0,0.0,0.0,273.0,276.6,277.0,275.0,0.687,0.0,0.0,-0.1,-0.032,0.085,0.0,6000.0,403217.0,216.0,335.0,59.95,2.0,33.0,40.0,32.0,9.54,3.493,-0.038,0.0,0.2,0.2,60.0,59.5,75.6,1.0,275.0,276.0,275.0,-0.076,0.031,0.083,1915.0,415621.0,13168.0,1912.0,-0.925,0.818,0.791,0.836,0.0,-0.001,0.0,-0.001,0.0,0.0,0.0,0.0,103.0,103.0,103.0,77.0,0.332,91.8,17.88,0.5,3.498,2.983,-1.0,13.84,0.002,0.706,3.0,1.0,0.0,0.0,3.985,3.825,2.396,3.011,1.748,2.075,3.79,3.053,3.582,4.419,2.687,1.496,1.98,2.752,1.497,1.642,2.046,1.89,1.514
2017-05-04 00:25:00-05:00,-11.125395,-13.754032,-5.270139,-10.328253,-12.490343,-3.4418554,-10.036256,-8.486663,856498.0,9.82,0.0,-0.293,-0.1,0.404,8.9,2.703,0.0,0.0,0.0,0.0,0.0,0.0,0.0,0.0,3.0,-1.883,-1.6,-0.2,0.0,0.0,0.0,0.0,0.0,273.0,276.6,277.0,275.0,0.688,0.0,0.0,-0.1,-0.028,0.088,0.0,6000.0,403217.0,216.0,335.0,59.94,2.0,33.0,40.0,32.0,9.6,3.487,-0.038,0.0,0.2,0.2,60.0,59.5,75.6,1.0,275.0,276.0,274.7,-0.076,0.031,0.082,1915.0,415621.0,13168.0,1912.0,-0.924,0.818,0.791,0.836,0.0,-0.001,0.0,-0.001,0.0,0.0,0.0,0.0,103.0,103.0,103.0,77.0,0.232,83.0,26.84,0.4,3.504,2.0,-1.0,13.84,0.001,0.409,3.0,1.0,0.0,0.0,3.952,3.886,2.331,3.011,1.748,2.058,3.79,3.066,3.332,4.315,2.698,1.517,2.035,2.764,1.535,1.62,2.033,1.884,1.496
2017-05-04 00:26:00-05:00,-11.0017805,-13.754032,-5.270139,-10.328253,-12.232809,-3.4418554,-9.910803,-8.604533,856499.0,9.81,0.0,-0.312,-0.104,0.404,8.86,2.696,0.0,0.0,0.0,0.0,0.0,0.0,0.0,0.0,3.0,-1.783,-1.55,-0.2,0.0,0.0,0.0,0.0,0.0,273.2,276.8,277.0,275.1,0.685,0.0,0.0,-0.1,-0.03,0.093,0.0,6000.0,403217.0,216.0,335.0,59.97,2.0,33.0,40.0,32.0,9.58,3.552,-0.038,0.0,0.2,0.2,60.0,59.5,75.6,1.0,275.0,276.0,275.0,-0.076,0.032,0.083,1915.0,415621.0,13168.0,1912.0,-0.924,0.818,0.791,0.836,0.0,-0.001,0.0,0.0,0.0,0.0,0.0,0.0,103.0,103.0,103.0,77.0,0.28,103.2,28.59,0.6,3.495,2.0,-1.0,13.84,0.002,0.273,3.0,2.0,0.0,0.0,3.985,3.836,2.331,3.011,1.716,2.044,3.79,3.026,3.259,4.248,2.653,1.533,2.04,2.743,1.536,1.614,2.04,1.869,1.483
2017-05-04 00:27:00-05:00,-10.878164,-13.754032,-5.270139,-10.328253,-12.104043,-3.4418554,-9.659897,-8.722404,856500.0,9.79,0.0,-0.275,-0.104,0.404,8.83,2.564,0.0,0.0,0.0,0.0,0.0,0.0,0.0,0.0,3.0,-1.967,-1.633,-0.2,0.0,0.0,0.0,0.0,0.0,272.4,276.2,276.2,274.4,0.678,0.0,0.0,-0.102,-0.05,0.082,0.0,6000.0,403217.0,216.0,335.0,59.96,2.0,33.0,40.0,32.0,9.6,3.541,-0.038,0.0,0.2,0.2,60.0,59.5,75.6,1.0,274.5,275.2,274.2,-0.076,0.032,0.082,1915.0,415621.0,13168.0,1912.0,-0.924,0.818,0.791,0.836,0.0,-0.001,0.0,-0.001,0.0,0.0,0.0,0.0,103.0,103.0,103.0,77.0,0.533,101.9,7.275,0.7,3.503,2.0,-1.0,13.84,0.002,0.273,3.0,2.0,0.0,0.0,3.887,3.873,2.331,3.011,1.666,2.028,3.79,3.002,3.217,4.204,2.621,1.513,2.01,2.703,1.53,1.607,2.007,1.877,1.474
2017-05-04 00:28:00-05:00,-10.754549,-13.754032,-5.151709,-10.328253,-11.846511,-3.4418554,-9.659897,-8.722404,856501.0,9.77,0.0,-0.313,-0.104,0.405,8.81,2.492,0.0,0.0,0.0,0.0,0.0,0.0,0.0,0.0,3.0,-1.967,-1.55,-0.2,0.0,0.0,0.0,0.0,0.0,272.2,276.0,276.0,274.2,0.685,0.0,0.0,-0.1,-0.033,0.072,0.0,6000.0,403217.0,216.0,335.0,59.95,2.0,33.0,40.0,32.0,9.64,3.566,-0.038,0.0,0.2,0.2,60.0,59.5,75.6,1.0,274.0,275.0,274.0,-0.076,0.032,0.082,1915.0,415621.0,13168.0,1912.0,-0.924,0.818,0.791,0.836,0.0,-0.001,0.0,-0.001,0.0,0.0,0.0,0.0,103.0,103.0,103.0,77.0,0.748,112.7,14.24,10.5,,2.0,-1.0,13.84,0.002,0.272,3.0,2.0,0.0,0.0,3.887,3.84,2.281,3.011,1.651,2.062,3.79,2.959,3.168,4.163,2.576,1.507,1.99,2.69,1.517,1.598,2.001,1.871,1.47
2017-05-04 00:29:00-05:00,-10.754549,-13.262816,-4.7964187,-10.59308,-11.588977,-3.4418554,-9.785349,-8.840274,856502.0,9.76,0.0,-0.18,0.028,0.494,8.81,2.432,0.0,0.0,0.0,0.0,0.0,0.0,0.0,0.0,3.0,-1.85,-1.583,-0.2,0.0,0.0,0.0,0.0,0.0,272.3,276.0,276.0,274.3,0.685,0.0,0.0,-0.1,-0.037,0.085,0.0,6000.0,403217.0,216.0,335.0,59.95,2.0,33.0,40.0,32.0,9.68,3.57,-0.038,0.0,0.2,0.2,60.0,59.5,75.6,1.0,274.0,275.0,274.0,-0.076,0.031,0.082,1915.0,415621.0,13168.0,1912.0,-0.924,0.818,0.791,0.836,0.001,-0.001,0.0,0.0,0.0,0.0,0.0,0.0,103.0,103.0,103.0,77.0,0.575,109.0,9.76,0.8,3.502,2.0,-1.0,13.73,0.019,0.272,1.0,2.0,0.0,0.001,3.887,3.872,2.284,2.993,1.701,2.064,3.776,2.947,3.271,4.184,2.56,1.49,1.955,2.683,1.501,1.588,1.976,1.845,1.48
2017-05-04 00:30:00-05:00,-10.507318,-13.099078,-4.7964187,-10.725493,-11.460212,-3.4418554,-9.910803,-8.722404,856503.0,9.74,0.0,-0.287,-0.09,0.403,8.86,2.432,0.0,0.0,0.0,0.0,0.0,0.0,0.0,0.0,3.0,-1.833,-1.6,-0.2,0.0,0.0,0.0,0.0,0.0,272.1,275.8,276.0,274.1,0.677,0.0,0.0,-0.1,-0.053,0.085,0.0,6000.0,403217.0,216.0,335.0,59.95,2.0,33.0,40.0,32.0,9.72,3.56,-0.038,0.0,0.2,0.2,60.0,59.5,75.6,1.0,274.0,275.0,274.0,-0.076,0.031,0.082,1915.0,415621.0,13168.0,1912.0,-0.924,0.818,0.791,0.836,0.0,-0.001,0.0,0.0,0.0,0.0,0.0,0.0,103.0,103.0,103.0,77.0,0.425,98.2,13.24,0.6,3.502,2.0,-1.0,13.65,-0.013,0.273,1.0,2.0,0.0,0.001,3.887,3.901,2.331,3.011,1.748,2.084,3.693,2.976,3.367,4.24,2.588,1.468,1.917,2.658,1.485,1.612,1.977,1.832,1.479
2017-05-04 00:31:00-05:00,-10.383702,-12.935339,-4.6779885,-10.725493,-11.331445,-3.4418554,-10.036256,-8.722404,856504.0,9.73,0.0,-0.317,-0.103,0.406,8.86,2.432,0.0,0.0,0.0,0.0,0.0,0.0,0.0,0.0,3.0,-1.733,-1.6,-0.2,0.0,0.0,0.0,0.0,0.0,272.1,275.9,276.0,274.1,0.677,0.0,0.0,-0.1,-0.042,0.072,0.0,6000.0,403217.0,216.0,335.0,59.94,2.0,33.0,40.0,32.0,9.73,3.531,-0.038,0.0,0.2,0.2,60.0,59.5,75.6,1.0,274.0,275.0,274.0,-0.076,0.031,0.082,1915.0,415621.0,13168.0,1912.0,-0.924,0.818,0.791,0.836,0.0,-0.001,0.001,-0.001,0.0,0.0,0.0,0.0,103.0,103.0,103.0,77.0,0.397,105.8,12.85,0.6,3.504,2.0,-1.0,13.84,0.002,0.272,3.0,2.0,0.0,0.0,3.887,3.937,2.234,3.011,1.651,2.116,3.693,2.975,3.442,4.2,2.577,1.477,1.906,2.692,1.482,1.605,1.934,1.812,1.503
2017-05-04 00:32:00-05:00,-10.507318,-12.607862,-4.4411287,-10.59308,-11.460212,-3.21616,-10.16171,-8.840274,856505.0,9.71,0.0,-0.302,-0.103,0.406,8.89,2.432,0.0,0.0,0.0,0.0,0.0,0.0,0.0,0.0,2.883,-1.817,-1.567,-0.2,0.0,0.0,0.0,0.0,0.0,272.4,276.0,276.0,274.3,0.685,0.0,0.0,-0.102,-0.038,0.082,0.0,6000.0,403217.0,216.0,335.0,59.95,2.0,33.0,40.0,31.72,9.71,3.518,-0.038,0.0,0.2,0.2,60.0,59.5,75.6,1.0,274.0,275.0,274.0,-0.076,0.031,0.082,1915.0,415621.0,13168.0,1912.0,-0.924,0.818,0.791,0.836,0.0,-0.001,0.0,-0.001,0.0,0.0,0.0,0.0,103.0,103.0,103.0,77.0,0.387,104.9,10.04,0.5,3.504,2.017,-1.0,13.84,0.002,0.273,3.0,2.0,0.0,0.0,3.887,3.887,2.234,3.011,1.716,2.053,3.693,2.95,3.349,4.183,2.555,1.458,1.887,2.675,1.462,1.621,1.979,1.831,1.501
2017-05-04 00:33:00-05:00,-10.630933,-12.607862,-4.4411287,-10.59308,-11.460212,-3.103312,-10.16171,-9.311755,856506.0,9.69,0.0,-0.266,-0.022,0.467,8.86,2.432,0.0,0.0,0.0,0.0,0.0,0.0,0.0,0.0,2.967,-1.817,-1.633,-0.2,0.0,0.0,0.0,0.0,0.0,272.0,275.9,276.0,274.0,0.683,0.0,0.0,-0.103,-0.032,0.085,0.0,6000.0,403217.0,216.0,335.0,59.95,2.0,33.0,40.0,31.53,9.75,3.495,-0.038,0.0,0.2,0.2,60.0,59.5,75.6,1.0,274.0,275.0,274.0,-0.076,0.031,0.082,1915.0,415621.0,13168.0,1912.0,-0.925,0.818,0.791,0.836,0.001,-0.001,0.0,0.0,0.0,0.0,0.0,0.0,103.0,103.0,103.0,77.0,0.297,100.1,13.76,0.4,3.503,2.983,-1.0,13.84,0.002,0.723,3.0,1.0,0.0,0.0,3.87,3.887,2.234,3.011,1.662,2.022,3.693,2.939,3.416,4.23,2.545,1.433,1.866,2.635,1.447,1.626,2.015,1.83,1.521
2017-05-04 00:34:00-05:00,-10.754549,-12.7716,-4.6779885,-10.725493,-11.588977,-2.8776166,-10.036256,-9.547496,856507.0,9.68,0.0,-0.31,-0.102,0.406,8.86,2.432,0.0,0.0,0.0,0.0,0.0,0.0,0.0,0.0,2.917,-1.717,-1.583,-0.2,0.0,0.0,0.0,0.0,0.0,272.0,275.6,276.0,274.0,0.688,0.0,0.0,-0.102,-0.042,0.082,0.0,6000.0,403217.0,216.0,335.0,59.94,2.0,33.0,40.0,31.12,9.74,3.496,-0.038,0.0,0.2,0.2,60.0,59.5,75.6,1.0,274.0,275.0,274.0,-0.076,0.031,0.082,1915.0,415621.0,13168.0,1912.0,-0.925,0.818,0.791,0.836,0.001,-0.001,0.0,-0.001,0.0,0.0,0.0,0.0,103.0,103.0,103.0,77.0,0.217,58.73,22.67,0.3,3.499,2.0,-1.0,13.84,0.002,0.273,3.0,2.0,0.0,0.0,3.79,3.887,2.234,3.011,1.619,2.014,3.643,2.945,3.292,4.213,2.544,1.397,1.826,2.612,1.397,1.637,2.048,1.838,1.546
2017-05-04 00:35:00-05:00,-11.0017805,-13.099078,-4.7964187,-10.725493,-11.717744,-2.764769,-10.036256,-9.665367,856508.0,9.66,0.0,-0.007,0.211,0.65,8.94,2.432,0.0,0.0,0.0,0.0,0.0,0.0,0.0,0.0,2.767,-1.85,-1.65,-0.2,0.0,0.0,0.0,0.0,0.0,272.0,275.5,276.0,274.0,0.683,0.0,0.0,-0.1,-0.058,0.083,0.0,6000.0,403217.0,216.0,335.0,59.93,2.0,33.0,40.0,31.27,9.78,3.467,-0.038,0.0,0.2,0.2,60.0,59.5,75.6,1.0,274.0,275.0,274.0,-0.076,0.031,0.082,1915.0,415621.0,13168.0,1912.0,-0.924,0.818,0.791,0.836,0.0,-0.001,0.0,-0.001,0.0,0.0,0.0,0.0,103.0,103.0,103.0,77.0,0.392,45.58,10.08,0.5,3.498,2.0,-1.0,13.54,0.002,0.272,1.0,2.0,0.0,0.001,3.758,3.822,2.234,3.011,1.536,1.964,3.596,2.932,3.307,4.161,2.521,1.357,1.801,2.596,1.366,1.627,2.056,1.817,1.513
2017-05-04 00:36:00-05:00,-11.125395,-13.426556,-4.7964187,-10.725493,-11.846511,-2.6519215,-10.036256,-9.547496,856509.0,9.64,0.0,-0.306,-0.102,0.406,9.13,2.382,0.0,0.0,0.0,0.0,0.0,0.0,0.0,0.0,2.6,-1.833,-1.633,-0.2,0.0,0.0,0.0,0.0,0.0,272.0,275.3,276.0,274.0,0.69,0.0,0.0,-0.103,-0.038,0.092,0.0,6000.0,403217.0,216.0,335.0,59.93,2.0,33.0,40.0,31.75,9.69,3.454,-0.038,0.0,0.2,0.2,60.0,59.5,75.6,1.0,274.0,275.0,274.0,-0.076,0.031,0.082,1915.0,415621.0,13168.0,1912.0,-0.925,0.818,0.791,0.836,0.0,-0.001,0.001,-0.001,0.0,0.0,0.0,0.0,103.0,103.0,103.0,77.0,0.312,42.35,14.98,0.5,3.499,2.0,-1.0,13.84,0.002,0.273,3.0,2.0,0.0,0.001,3.74,3.79,2.234,3.076,1.457,1.963,3.596,2.925,3.259,4.18,2.516,1.319,1.765,2.588,1.336,1.61,2.101,1.8,1.48
2017-05-04 00:37:00-05:00,-11.249011,-13.754032,-5.033279,-10.59308,-11.975276,-2.764769,-9.910803,-9.547496,856510.0,9.63,0.0,-0.324,-0.102,0.406,9.11,2.3,0.0,0.0,0.0,0.0,0.0,0.0,0.0,0.0,2.567,-1.85,-1.567,-0.2,0.0,0.0,0.0,0.0,0.0,272.0,275.3,276.0,274.0,0.68,0.0,0.0,-0.1,-0.06,0.073,0.0,6000.0,403217.0,216.0,335.0,59.94,2.0,33.0,40.0,32.0,9.58,3.417,-0.038,0.0,0.2,0.2,60.0,59.5,75.6,1.0,274.0,275.0,274.0,-0.076,0.031,0.082,1915.0,415621.0,13168.0,1912.0,-0.924,0.818,0.791,0.836,0.001,-0.001,0.0,-0.001,0.0,0.0,0.0,0.0,103.0,103.0,103.0,77.0,0.303,31.52,8.58,0.4,3.503,2.0,-1.0,13.84,0.002,0.273,3.0,2.0,0.0,0.0,3.722,3.79,2.234,3.011,1.424,1.978,3.596,2.927,3.323,4.178,2.52,1.291,1.758,2.519,1.306,1.583,2.074,1.756,1.442
2017-05-04 00:38:00-05:00,-11.249011,-13.754032,-5.270139,-10.59308,-11.717744,-3.103312,-9.910803,-9.665367,856511.0,9.61,0.0,-0.31,-0.102,0.406,9.15,2.283,0.0,0.0,0.0,0.0,0.0,0.0,0.0,0.0,2.683,-1.783,-1.5,-0.2,0.0,0.0,0.0,0.0,0.0,272.1,275.6,276.0,274.0,0.663,0.0,0.0,-0.1,-0.04,0.08,0.0,6000.0,403217.0,216.0,335.0,59.96,2.0,33.0,40.0,31.7,9.59,3.394,-0.038,0.0,0.2,0.2,60.0,59.5,75.6,1.0,274.0,275.0,274.0,-0.076,0.031,0.082,1915.0,415621.0,13168.0,1912.0,-0.924,0.818,0.791,0.836,0.0,-0.001,0.001,-0.001,0.0,0.0,0.0,0.0,103.0,103.0,103.0,77.0,0.498,56.29,8.35,0.6,3.504,2.0,-1.0,13.84,0.002,0.272,3.0,2.0,0.0,0.0,3.693,3.79,2.167,3.011,1.359,1.929,3.596,2.9,3.28,4.14,2.493,1.245,1.729,2.463,1.267,1.573,2.063,1.74,1.435
2017-05-04 00:39:00-05:00,-11.249011,-13.754032,-5.270139,-10.460667,-11.460212,-3.4418554,-9.785349,-9.665367,856512.0,9.59,0.0,-0.299,-0.06,0.44,9.21,2.3,0.0,0.0,0.0,0.0,0.0,0.0,0.0,0.0,2.75,-1.683,-1.6,-0.2,0.0,0.0,0.0,0.0,0.0,273.0,276.4,276.8,274.9,0.66,0.0,0.0,-0.1,-0.04,0.087,0.0,6000.0,403217.0,216.0,335.0,59.97,2.0,33.0,40.0,31.3,9.52,3.382,-0.038,0.0,0.2,0.2,60.0,59.5,75.6,1.0,274.8,275.8,274.8,-0.076,0.031,0.082,1915.0,415621.0,13168.0,1912.0,-0.924,0.818,0.791,0.836,0.0,-0.001,0.0,-0.001,0.0,0.0,0.0,0.0,103.0,103.0,103.0,77.0,0.545,70.19,12.82,0.7,3.505,2.183,-1.0,13.84,0.002,0.351,3.0,1.0,0.0,0.0,3.693,3.79,2.137,3.011,1.327,1.93,3.578,2.87,3.15,4.04,2.457,1.203,1.709,2.432,1.232,1.563,2.04,1.74,1.437
2017-05-04 00:40:00-05:00,-11.372626,-13.754032,-5.270139,-10.59308,-11.331445,-3.4418554,-10.036256,-9.665367,856513.0,9.58,0.0,-0.269,-0.024,0.474,9.18,2.283,0.0,0.0,0.0,0.0,0.0,0.0,0.0,0.0,2.65,-1.7,-1.55,-0.2,0.0,0.0,0.0,0.0,0.0,273.1,276.6,277.0,275.1,0.675,0.0,0.0,-0.1,-0.033,0.093,0.0,6000.0,403217.0,216.0,335.0,59.96,2.0,33.0,40.0,31.02,9.42,3.368,-0.038,0.0,0.2,0.2,60.0,59.5,75.6,1.0,275.0,276.0,275.0,-0.076,0.031,0.082,1915.0,415621.0,13168.0,1912.0,-0.925,0.818,0.791,0.836,0.0,0.0,0.0,0.0,0.0,0.0,0.0,0.0,103.0,103.0,103.0,77.0,0.635,55.19,13.61,0.9,3.499,2.983,-1.0,13.84,0.002,0.705,3.0,1.0,0.0,0.0,3.693,3.758,2.137,2.946,1.33,1.847,3.499,2.823,3.081,3.959,2.42,1.181,1.71,2.434,1.219,1.565,2.019,1.742,1.417
2017-05-04 00:41:00-05:00,-11.496242,-13.754032,-5.270139,-10.725493,-11.202678,-3.554703,-10.16171,-9.547496,856514.0,9.55,0.0,-0.333,-0.1,0.406,9.21,2.247,0.0,0.0,0.0,0.0,0.0,0.0,0.0,0.0,2.6,-1.733,-1.517,-0.2,0.0,0.0,0.0,0.0,0.0,273.0,276.7,277.0,275.0,0.675,0.0,0.0,-0.102,-0.045,0.093,0.0,6000.0,403217.0,216.0,335.0,59.96,2.0,33.0,40.0,31.0,9.33,3.412,-0.038,0.0,0.2,0.2,60.0,59.5,75.6,1.0,275.0,276.0,275.0,-0.076,0.031,0.082,1915.0,415621.0,13168.0,1912.0,-0.925,0.818,0.791,0.836,0.0,-0.001,0.0,0.0,0.0,0.0,0.0,0.0,103.0,103.0,103.0,77.0,0.277,72.11,40.67,0.7,3.498,2.0,-1.0,13.84,0.001,0.409,3.0,1.0,0.0,0.0,3.693,3.693,2.09,2.914,1.309,1.832,3.499,2.798,3.01,3.923,2.37,1.178,1.793,2.44,1.209,1.546,1.996,1.719,1.393
2017-05-04 00:42:00-05:00,-11.249011,-13.754032,-5.270139,-10.857907,-11.202678,-3.8932464,-10.16171,-9.547496,856515.0,9.55,0.0,-0.322,-0.102,0.406,9.15,2.242,0.0,0.0,0.0,0.0,0.0,0.0,0.0,0.0,2.667,-1.7,-1.533,-0.2,0.0,0.0,0.0,0.0,0.0,273.0,276.7,277.0,275.0,0.682,0.0,0.0,-0.1,-0.027,0.098,0.0,6000.0,403217.0,216.0,335.0,59.97,2.0,33.0,40.0,31.0,9.27,3.421,-0.038,0.0,0.2,0.2,60.0,59.5,75.6,1.0,275.0,276.0,275.0,-0.076,0.032,0.083,1915.0,415621.0,13168.0,1912.0,-0.924,0.818,0.791,0.836,0.001,-0.001,0.0,0.0,0.0,0.0,0.0,0.0,103.0,103.0,103.0,77.0,0.182,73.99,59.07,0.4,3.498,2.0,-1.0,13.84,0.002,0.273,3.0,2.0,0.0,0.0,3.693,3.661,2.057,2.878,1.262,1.829,3.499,2.744,2.957,3.909,2.328,1.191,1.79,2.46,1.224,1.51,1.96,1.683,1.345
2017-05-04 00:43:00-05:00,-11.249011,-13.426556,-5.270139,-10.99032,-11.202678,-3.8932464,-10.287163,-9.547496,856516.0,9.53,0.0,-0.331,-0.102,0.406,9.11,2.224,0.0,0.0,0.0,0.0,0.0,0.0,0.0,0.0,2.633,-1.8,-1.55,-0.2,0.0,0.0,0.0,0.0,0.0,273.0,276.6,277.0,275.0,0.675,0.0,0.0,-0.1,-0.028,0.085,0.0,6000.0,403217.0,216.0,335.0,59.98,2.0,32.75,40.0,31.0,9.41,3.429,-0.038,0.0,0.2,0.2,60.0,59.5,75.6,1.0,275.0,276.0,275.0,-0.076,0.031,0.083,1915.0,415621.0,13168.0,1912.0,-0.925,0.818,0.791,0.836,0.0,-0.001,0.0,0.0,0.0,0.0,0.0,0.0,103.0,103.0,103.0,77.0,0.407,53.51,36.97,0.7,3.503,2.0,-1.0,13.84,0.002,0.273,3.0,2.0,0.0,0.0,3.628,3.596,2.039,2.817,1.262,1.749,3.499,2.711,2.942,3.852,2.303,1.173,1.742,2.448,1.2,1.468,1.925,1.632,1.302
2017-05-04 00:44:00-05:00,-11.125395,-13.099078,-4.9148493,-10.857907,-10.945146,-3.8932464,-10.412616,-9.547496,856517.0,9.51,0.0,-0.335,-0.102,0.407,9.04,2.17,0.0,0.0,0.0,0.0,0.0,0.0,0.0,0.0,2.5,-1.75,-1.583,-0.2,0.0,0.0,0.0,0.0,0.0,273.0,276.5,277.0,275.0,0.678,0.0,0.0,-0.1,-0.025,0.09,0.0,6000.0,403217.0,216.0,335.0,59.97,2.0,32.17,40.0,31.0,9.34,3.408,-0.038,0.0,0.2,0.2,60.0,59.5,75.6,1.0,275.0,276.0,275.0,-0.076,0.031,0.083,1915.0,415621.0,13168.0,1912.0,-0.924,0.818,0.791,0.836,0.001,-0.001,0.0,-0.001,0.0,0.0,0.0,0.0,103.0,103.0,103.0,77.0,0.19,256.6,53.32,0.5,3.498,2.0,-1.0,13.84,0.002,0.273,3.0,2.0,0.0,0.0,3.693,3.563,2.039,2.802,1.342,1.734,3.484,2.7,2.857,3.824,2.281,1.165,1.803,2.44,1.197,1.428,1.878,1.613,1.268
2017-05-04 00:45:00-05:00,-11.0017805,-13.099078,-4.7964187,-10.725493,-10.945146,-4.2317896,-10.287163,-9.547496,856518.0,9.5,0.0,-0.206,0.017,0.491,8.96,2.162,0.0,0.0,0.0,0.0,0.0,0.0,0.0,0.0,2.533,-1.55,-1.55,-0.2,0.0,0.0,0.0,0.0,0.0,273.0,276.6,277.0,275.0,0.69,0.0,0.0,-0.102,-0.037,0.093,0.0,6000.0,403217.0,216.0,335.0,59.96,2.0,32.0,40.0,31.0,9.26,3.418,-0.042,0.0,0.2,0.2,60.0,59.5,75.6,1.0,275.0,276.0,275.0,-0.076,0.031,0.083,1915.0,415621.0,13168.0,1912.0,-0.924,0.818,0.791,0.836,0.0,-0.001,0.001,-0.001,0.0,0.0,0.0,0.0,103.0,103.0,103.0,77.0,0.147,355.1,84.4,0.4,3.504,2.0,-1.0,13.7,0.019,0.272,1.0,2.0,0.0,0.001,3.693,3.499,2.039,2.767,1.327,1.716,3.466,2.652,2.796,3.762,2.247,1.147,1.768,2.406,1.185,1.408,1.861,1.59,1.23
2017-05-04 00:46:00-05:00,-11.0017805,-12.935339,-4.6779885,-10.725493,-11.202678,-4.2317896,-10.16171,-9.547496,856519.0,9.48,0.0,-0.328,-0.102,0.407,8.92,2.162,0.0,0.0,0.0,0.0,0.0,0.0,0.0,0.0,2.433,-1.667,-1.533,-0.2,0.0,0.0,0.0,0.0,0.0,273.0,276.5,277.0,275.0,0.662,0.0,0.0,-0.102,-0.042,0.092,0.0,6000.0,403217.0,216.0,335.0,59.97,2.0,32.0,40.0,31.0,9.34,3.396,-0.046,0.0,0.2,0.2,60.0,59.5,75.6,1.0,275.0,276.0,275.0,-0.076,0.031,0.082,1915.0,415621.0,13168.0,1912.0,-0.925,0.818,0.791,0.836,0.001,-0.001,0.0,-0.001,0.0,0.0,0.0,0.0,103.0,103.0,103.0,77.0,0.158,297.1,28.37,0.2,3.498,2.0,-1.0,13.7,-0.014,0.273,1.0,2.0,0.0,0.001,3.693,3.499,2.039,2.72,1.262,1.749,3.401,2.637,2.754,3.708,2.232,1.108,1.744,2.377,1.157,1.385,1.833,1.555,1.22
2017-05-04 00:47:00-05:00,-11.125395,-12.607862,-4.4411287,-10.725493,-11.073912,-3.8932464,-10.036256,-9.665367,856520.0,9.46,0.0,-0.33,-0.102,0.407,8.9,2.162,0.0,0.0,0.0,0.0,0.0,0.0,0.0,0.0,2.417,-1.467,-1.45,-0.2,0.0,0.0,0.0,0.0,0.0,273.0,276.3,277.0,275.0,0.68,0.0,0.0,-0.102,-0.035,0.088,0.0,6000.0,403217.0,216.0,335.0,59.96,2.0,32.0,40.0,31.0,9.37,3.466,-0.041,0.0,0.2,0.2,60.0,59.5,75.6,1.0,275.0,275.8,275.0,-0.076,0.031,0.082,1915.0,415621.0,13168.0,1912.0,-0.925,0.818,0.791,0.836,0.001,-0.001,0.0,0.0,0.0,0.0,0.0,0.0,103.0,103.0,103.0,77.0,0.165,287.6,24.19,0.2,3.498,2.0,-1.0,13.84,0.002,0.273,3.0,2.0,0.0,0.0,3.693,3.499,2.039,2.738,1.262,1.669,3.401,2.608,2.715,3.71,2.213,1.073,1.746,2.353,1.134,1.36,1.833,1.508,1.19
2017-05-04 00:48:00-05:00,-10.878164,-12.607862,-4.4411287,-10.59308,-11.202678,-3.8932464,-9.910803,-9.7832365,856521.0,9.45,0.0,-0.333,-0.102,0.407,8.9,2.162,0.0,0.0,0.0,0.0,0.0,0.0,0.0,0.0,2.417,-1.467,-1.433,-0.2,0.0,0.0,0.0,0.0,0.0,273.0,276.2,277.0,275.0,0.668,0.0,0.0,-0.1,-0.038,0.095,0.0,6000.0,403217.0,216.0,335.0,59.97,2.0,32.0,39.98,31.0,9.38,3.477,-0.038,0.0,0.2,0.2,60.0,59.5,75.6,1.0,275.0,275.8,274.9,-0.076,0.031,0.082,1915.0,415621.0,13168.0,1912.0,-0.925,0.818,0.791,0.836,0.001,-0.002,0.0,-0.001,0.0,0.0,0.0,0.0,103.0,103.0,103.0,77.0,0.235,341.4,39.16,0.5,3.504,2.017,-1.0,13.84,0.002,0.273,3.0,2.0,0.0,0.0,3.693,3.432,1.957,2.669,1.262,1.648,3.482,2.581,2.665,3.662,2.166,1.053,1.736,2.317,1.103,1.346,1.812,1.481,1.164
2017-05-04 00:49:00-05:00,-10.878164,-12.607862,-4.4411287,-10.460667,-11.202678,-3.7803986,-9.785349,-10.018977,856522.0,9.43,0.0,-0.277,-0.023,0.46,9.0,2.162,0.0,0.0,0.0,0.0,0.0,0.0,0.0,0.0,2.35,-1.5,-1.517,-0.2,0.0,0.0,0.0,0.0,0.0,273.0,276.5,277.0,275.0,0.677,0.0,0.0,-0.1,-0.027,0.1,0.0,6000.0,403217.0,216.0,335.0,59.95,2.0,32.0,39.95,31.0,9.62,3.442,-0.038,0.0,0.2,0.2,60.0,59.5,75.6,1.0,275.0,276.0,275.0,-0.076,0.031,0.083,1915.0,415621.0,13168.0,1912.0,-0.925,0.818,0.791,0.836,0.0,-0.001,0.001,0.0,0.0,0.0,0.0,0.0,103.0,103.0,103.0,77.0,0.403,256.7,52.44,0.7,3.499,3.0,-1.0,13.84,0.002,0.704,3.0,1.0,0.0,0.0,3.708,3.451,1.975,2.622,1.313,1.637,3.499,2.544,2.607,3.65,2.132,1.057,1.756,2.346,1.093,1.325,1.79,1.478,1.136
2017-05-04 00:50:00-05:00,-10.754549,-12.607862,-4.4411287,-10.328253,-11.331445,-3.6675506,-9.910803,-10.1368475,856523.0,9.42,0.0,-0.29,-0.064,0.441,9.01,2.162,0.0,0.0,0.0,0.0,0.0,0.0,0.0,0.0,2.333,-1.45,-1.5,-0.2,0.0,0.0,0.0,0.0,0.0,273.3,276.9,277.0,275.2,0.675,0.0,0.0,-0.1,-0.032,0.09,0.0,6000.0,403217.0,216.0,335.0,59.96,2.0,32.0,39.77,31.0,9.75,3.475,-0.038,0.0,0.2,0.2,60.0,59.5,75.6,1.0,275.0,276.0,275.0,-0.076,0.032,0.083,1915.0,415621.0,13168.0,1912.0,-0.924,0.818,0.791,0.836,0.001,-0.001,0.001,-0.001,0.0,0.0,0.0,0.0,103.0,103.0,103.0,77.0,0.34,265.6,26.54,0.6,3.503,2.333,-1.0,13.84,0.002,0.488,3.0,1.0,0.0,0.0,3.79,3.499,2.072,2.723,1.457,1.749,3.499,2.523,2.58,3.597,2.103,1.151,1.846,2.478,1.152,1.322,1.794,1.487,1.137
2017-05-04 00:51:00-05:00,-10.507318,-12.607862,-4.4411287,-9.931012,-11.331445,-3.4418554,-10.036256,-10.1368475,856524.0,9.41,0.0,-0.18,0.053,0.508,8.96,2.162,0.0,0.0,0.0,0.0,0.0,0.0,0.0,0.0,2.233,-1.533,-1.433,-0.2,0.0,0.0,0.0,0.0,0.0,273.3,277.0,277.0,275.3,0.685,0.0,0.0,-0.102,-0.023,0.093,0.0,6000.0,403217.0,216.0,335.0,59.98,2.0,32.0,39.1,31.0,9.73,3.553,-0.038,0.0,0.2,0.2,60.0,59.5,75.6,1.0,275.0,276.0,275.0,-0.076,0.032,0.083,1915.0,415621.0,13168.0,1912.0,-0.925,0.818,0.791,0.836,0.0,-0.001,0.0,-0.001,0.0,0.0,0.0,0.0,103.0,103.0,103.0,77.0,0.315,236.9,36.97,0.5,3.504,2.0,-1.0,13.7,0.003,0.272,1.0,2.0,0.0,0.001,3.84,3.549,2.119,2.72,1.457,1.749,3.581,2.505,2.548,3.589,2.086,1.232,2.047,2.651,1.259,1.34,1.81,1.526,1.174
2017-05-04 00:52:00-05:00,-10.260086,-12.607862,-4.4411287,-9.666185,-11.202678,-3.4418554,-10.036256,-10.1368475,856525.0,9.39,0.0,-0.343,-0.102,0.407,8.99,2.16,0.0,0.0,0.0,0.0,0.0,0.0,0.0,0.0,2.183,-1.583,-1.417,-0.2,0.0,0.0,0.0,0.0,0.0,273.2,276.9,277.0,275.1,0.683,0.0,0.0,-0.102,-0.025,0.098,0.0,6000.0,403217.0,216.0,335.0,59.97,2.0,32.0,39.32,31.0,9.83,3.548,-0.038,0.0,0.2,0.2,60.0,59.5,75.6,1.0,275.0,276.0,275.0,-0.076,0.031,0.083,1915.0,415621.0,13168.0,1912.0,-0.925,0.818,0.791,0.836,0.001,-0.001,0.0,0.0,0.0,0.0,0.0,0.0,103.0,103.0,103.0,77.0,0.69,216.7,9.93,1.1,3.504,2.0,-1.0,13.84,0.002,0.273,3.0,2.0,0.0,0.0,3.855,3.596,2.104,2.788,1.457,1.767,3.661,2.473,2.549,3.572,2.063,1.343,2.154,2.778,1.362,1.399,1.871,1.644,1.24
2017-05-04 00:53:00-05:00,-10.136472,-12.607862,-4.4411287,-9.401358,-11.202678,-3.4418554,-10.036256,-10.1368475,856526.0,9.37,0.0,-0.335,-0.102,0.407,9.22,2.139,0.0,0.0,0.0,0.0,0.0,0.0,0.0,0.0,2.167,-1.6,-1.433,-0.2,0.0,0.0,0.0,0.0,0.0,273.2,277.0,277.0,275.2,0.703,0.0,0.0,-0.1,-0.02,0.097,0.0,6000.0,403217.0,216.0,335.0,59.96,2.0,32.0,39.6,31.0,9.82,3.605,-0.038,0.0,0.2,0.2,60.0,59.5,75.6,1.0,275.0,276.0,275.0,-0.076,0.032,0.083,1915.0,415621.0,13168.0,1912.0,-0.924,0.818,0.791,0.836,0.001,-0.001,0.001,0.0,0.0,0.0,0.0,0.0,103.0,103.0,103.0,77.0,0.642,211.4,16.35,1.0,3.504,2.0,-1.0,13.84,0.002,0.273,3.0,2.0,0.0,0.0,3.887,3.545,2.138,2.819,1.507,1.796,3.693,2.456,2.55,3.541,2.042,1.423,2.315,2.896,1.438,1.407,1.91,1.683,1.264
2017-05-04 00:54:00-05:00,-9.88924,-12.607862,-4.4411287,-9.136532,-11.073912,-3.3290076,-10.036256,-9.901107,856527.0,9.36,0.0,-0.33,-0.102,0.407,9.33,2.126,0.0,0.0,0.0,0.0,0.0,0.0,0.0,0.0,2.167,-1.483,-1.4,-0.2,0.0,0.0,0.0,0.0,0.0,273.1,276.9,277.0,275.1,0.693,0.0,0.0,-0.102,-0.035,0.087,0.0,6000.0,403217.0,216.0,335.0,59.96,2.0,32.0,39.85,31.0,9.93,3.6,-0.038,0.0,0.2,0.2,60.0,59.5,75.6,1.0,275.0,276.0,275.0,-0.076,0.031,0.083,1915.0,415621.0,13168.0,1912.0,-0.924,0.818,0.791,0.836,0.001,0.0,0.0,0.0,0.0,0.0,0.0,0.0,103.0,103.0,103.0,77.0,0.322,180.3,57.13,0.6,3.499,2.0,-1.0,13.84,0.002,0.273,3.0,2.0,0.0,0.0,3.923,3.578,2.234,2.882,1.601,1.929,3.808,2.455,2.594,3.555,2.044,1.532,2.467,3.058,1.561,1.432,1.925,1.717,1.301
2017-05-04 00:55:00-05:00,-10.012856,-12.607862,-4.4411287,-9.004118,-10.687613,-2.764769,-10.16171,-9.7832365,856528.0,9.34,0.0,-0.349,-0.102,0.407,9.32,2.074,0.0,0.0,0.0,0.0,0.0,0.0,0.0,0.0,2.083,-1.317,-1.4,-0.2,0.0,0.0,0.0,0.0,0.0,273.0,276.9,277.0,275.0,0.703,0.0,0.0,-0.103,-0.038,0.097,0.0,6000.0,403217.0,216.0,335.0,59.97,2.0,32.0,39.58,31.0,9.9,3.61,-0.038,0.0,0.2,0.2,60.0,59.5,75.6,1.0,275.0,276.0,275.0,-0.077,0.032,0.083,1915.0,415621.0,13168.0,1912.0,-0.925,0.818,0.791,0.836,0.001,-0.001,0.001,-0.001,0.0,0.0,0.0,0.0,103.0,103.0,103.0,77.0,0.482,69.28,75.24,0.9,3.503,2.0,-1.0,13.84,0.002,0.273,3.0,2.0,0.0,0.0,3.952,3.628,2.252,2.961,1.633,1.944,3.887,2.473,2.732,3.648,2.07,1.62,2.549,3.214,1.654,1.467,1.956,1.758,1.339
2017-05-04 00:56:00-05:00,-10.012856,-12.607862,-4.4411287,-9.004118,-10.558846,-2.6519215,-10.287163,-9.4296255,856529.0,9.32,0.0,-0.172,0.068,0.54,9.41,2.026,0.0,0.0,0.0,0.0,0.0,0.0,0.0,0.0,2.067,-1.5,-1.433,-0.2,0.0,0.0,0.0,0.0,0.0,273.1,277.0,277.0,275.1,0.718,0.0,0.0,-0.102,-0.04,0.093,0.0,6000.0,403217.0,216.0,335.0,59.98,2.0,32.0,39.1,31.0,9.96,3.653,-0.038,0.0,0.2,0.2,60.0,59.5,75.6,1.0,275.0,276.0,275.0,-0.077,0.032,0.083,1915.0,415621.0,13168.0,1912.0,-0.924,0.818,0.791,0.836,0.0,-0.001,0.0,0.0,0.0,0.0,0.0,0.0,103.0,103.0,103.0,77.0,0.527,134.8,70.13,1.1,3.498,2.0,-1.0,13.7,0.002,0.272,1.0,2.0,0.0,0.001,3.985,3.711,2.364,2.951,1.799,1.962,3.887,2.517,2.925,3.691,2.101,1.688,2.642,3.289,1.742,1.475,2.043,1.78,1.328
2017-05-04 00:57:00-05:00,-10.136472,-12.607862,-4.4411287,-8.871705,-10.430079,-2.6519215,-10.16171,-8.958144,856530.0,9.31,0.0,-0.303,-0.055,0.443,9.47,1.977,0.0,0.0,0.0,0.0,0.0,0.0,0.0,0.0,2.067,-1.433,-1.45,-0.2,0.0,0.0,0.0,0.0,0.0,273.2,277.0,277.0,275.2,0.717,0.0,0.0,-0.1,-0.027,0.095,0.0,6000.0,403217.0,216.0,335.0,59.98,2.0,32.0,39.0,31.0,9.96,3.758,-0.038,0.0,0.2,0.2,60.0,59.5,75.6,1.0,275.0,276.0,275.0,-0.076,0.032,0.083,1915.0,415621.0,13168.0,1912.0,-0.925,0.818,0.791,0.836,0.0,-0.001,0.0,0.0,0.0,0.0,0.0,0.0,103.0,103.0,103.0,77.0,0.897,43.13,24.06,1.4,3.498,2.517,-1.0,13.84,0.002,0.49,3.0,1.0,0.0,0.0,4.1,3.855,2.511,3.195,2.076,2.121,3.887,2.565,2.854,3.703,2.147,1.736,2.704,3.373,1.787,1.486,2.044,1.802,1.325
2017-05-04 00:58:00-05:00,-10.260086,-12.444123,-4.4411287,-8.871705,-10.301313,-2.6519215,-10.16171,-8.722404,856531.0,9.29,0.0,-0.318,-0.064,0.428,9.63,1.918,0.0,0.0,0.0,0.0,0.0,0.0,0.0,0.0,2.0,-1.583,-1.533,-0.2,0.0,0.0,0.0,0.0,0.0,273.1,277.0,277.0,275.1,0.708,0.0,0.0,-0.1,-0.025,0.095,0.0,6000.0,403217.0,216.0,335.0,59.95,2.0,32.0,39.12,31.0,9.91,3.818,-0.038,0.0,0.2,0.2,60.0,59.5,75.6,1.0,275.0,276.0,275.0,-0.077,0.031,0.083,1915.0,415621.0,13168.0,1912.0,-0.925,0.818,0.791,0.836,0.0,-0.001,0.0,-0.001,0.0,0.0,0.0,0.0,103.0,103.0,103.0,77.0,0.607,10.59,42.39,1.5,3.498,2.483,-1.0,13.84,0.002,0.481,3.0,1.0,0.0,0.0,4.179,3.84,2.69,3.468,2.202,2.32,3.887,2.584,2.844,3.71,2.17,1.784,2.711,3.373,1.806,1.48,2.029,1.806,1.311
2017-05-04 00:59:00-05:00,-10.136472,-12.116648,-4.4411287,-8.871705,-9.786247,-2.6519215,-9.910803,-8.722404,856532.0,9.28,0.0,-0.349,-0.102,0.407,9.75,1.896,0.0,0.0,0.0,0.0,0.0,0.0,0.0,0.0,2.0,-1.5,-1.4,-0.2,0.0,0.0,0.0,0.0,0.0,273.6,277.0,277.0,275.6,0.712,0.0,0.0,-0.102,-0.037,0.098,0.0,6000.0,403217.0,216.0,335.0,59.95,2.0,32.0,39.08,31.0,9.84,3.843,-0.038,0.0,0.2,0.2,60.0,59.5,75.6,1.0,275.0,276.0,275.0,-0.077,0.032,0.083,1915.0,415621.0,13168.0,1912.0,-0.925,0.818,0.791,0.836,0.001,-0.001,0.001,0.0,0.0,0.0,0.0,0.0,103.0,103.0,103.0,77.0,0.648,19.42,64.27,1.3,3.503,2.0,-1.0,13.84,0.002,0.273,3.0,2.0,0.0,0.0,4.179,3.855,2.785,3.596,2.414,2.447,3.887,2.565,2.785,3.702,2.146,1.775,2.7,3.335,1.786,1.47,2.064,1.773,1.291
2017-05-04 01:00:00-05:00,-10.012856,-12.116648,-4.4411287,-8.871705,-9.657481,-2.6519215,-9.659897,-8.604533,856533.0,9.27,0.0,-0.347,-0.102,0.407,9.8,1.894,0.0,0.0,0.0,0.0,0.0,0.0,0.0,0.0,2.0,-1.583,-1.533,-0.2,0.0,0.0,0.0,0.0,0.0,273.2,277.0,277.0,275.2,0.717,0.0,0.0,-0.1,-0.017,0.095,0.0,6000.0,403217.0,216.0,335.0,59.96,2.0,32.0,39.87,31.0,9.78,3.874,-0.038,0.0,0.2,0.2,60.0,59.5,75.6,1.0,275.0,276.0,275.0,-0.077,0.032,0.083,1915.0,415621.0,13168.0,1912.0,-0.925,0.818,0.791,0.836,0.001,-0.001,0.0,-0.001,0.0,0.0,0.0,0.0,103.0,103.0,103.0,77.0,0.553,37.25,28.74,1.3,3.504,2.0,-1.0,13.84,0.002,0.273,3.0,2.0,0.0,0.0,4.277,3.873,2.883,3.661,2.508,2.544,3.952,2.557,2.755,3.68,2.133,1.807,2.67,3.375,1.812,1.473,2.064,1.754,1.281
2017-05-04 01:01:00-05:00,-10.012856,-12.116648,-4.4411287,-8.871705,-9.528715,-2.6519215,-9.40899,-8.604533,856534.0,9.25,0.0,-0.14,0.093,0.555,9.72,1.893,0.0,0.0,0.0,0.0,0.0,0.0,0.0,0.0,2.0,-1.55,-1.483,-0.2,0.0,0.0,0.0,0.0,0.0,273.0,276.9,277.0,275.0,0.705,0.0,0.0,-0.1,-0.028,0.095,0.0,6000.0,403217.0,216.0,335.0,59.94,2.0,32.0,39.95,31.0,9.76,3.942,-0.038,0.0,0.2,0.2,60.0,59.5,75.6,1.0,275.0,276.0,275.0,-0.076,0.032,0.083,1915.0,415621.0,13168.0,1912.0,-0.925,0.818,0.791,0.836,0.001,0.0,0.0,0.0,0.0,0.0,0.0,0.0,103.0,103.0,103.0,77.0,0.49,358.6,41.93,1.3,3.498,2.0,-1.0,13.69,0.018,0.272,1.0,2.0,0.0,0.001,4.277,3.97,2.933,3.758,2.576,2.628,4.067,2.543,2.732,3.659,2.133,1.853,2.695,3.356,1.82,1.445,2.086,1.737,1.245
2017-05-04 01:02:00-05:00,-10.012856,-12.116648,-4.4411287,-8.871705,-9.657481,-2.764769,-9.40899,-8.604533,856535.0,9.24,0.0,-0.343,-0.089,0.407,9.62,1.892,0.0,0.0,0.0,0.0,0.0,0.0,0.0,0.0,2.0,-1.6,-1.517,-0.2,0.0,0.0,0.0,0.0,0.0,273.0,276.8,277.0,275.0,0.69,0.0,0.0,-0.1,-0.032,0.092,0.0,6000.0,403217.0,216.0,335.0,59.96,2.0,32.0,39.48,31.0,9.67,3.943,-0.038,0.0,0.2,0.2,60.0,59.5,75.6,1.0,275.0,276.0,275.0,-0.076,0.032,0.083,1915.0,415621.0,13168.0,1912.0,-0.924,0.818,0.791,0.836,0.0,-0.001,0.001,-0.001,0.0,0.0,0.0,0.0,103.0,103.0,103.0,77.0,0.172,305.5,64.9,0.5,3.498,2.0,-1.0,13.69,-0.014,0.273,1.0,2.0,0.0,0.001,4.277,4.017,2.93,3.758,2.67,2.656,4.082,2.508,2.714,3.613,2.103,1.862,2.675,3.353,1.808,1.472,2.171,1.805,1.27
2017-05-04 01:03:00-05:00,-10.012856,-12.116648,-4.4411287,-8.871705,-9.786247,-2.9904647,-9.283538,-8.722404,856536.0,9.23,0.0,-0.343,-0.102,0.407,9.48,1.892,0.0,0.0,0.0,0.0,0.0,0.0,0.0,0.0,2.0,-1.45,-1.5,-0.2,0.0,0.0,0.0,0.0,0.0,273.1,277.0,277.0,275.1,0.702,0.0,0.0,-0.1,-0.032,0.093,0.0,6000.0,403217.0,216.0,335.0,59.97,2.0,32.0,39.1,31.0,9.66,3.921,-0.038,0.0,0.2,0.2,60.0,59.5,75.6,1.0,275.0,276.0,275.0,-0.076,0.032,0.083,1915.0,415621.0,13168.0,1912.0,-0.924,0.818,0.791,0.836,0.0,-0.001,0.001,0.0,0.0,0.0,0.0,0.0,103.0,103.0,103.0,77.0,0.335,26.05,45.15,0.6,3.499,2.0,-1.0,13.84,0.002,0.273,3.0,2.0,0.0,0.0,4.277,3.934,2.915,3.693,2.544,2.559,4.114,2.5,2.675,3.607,2.08,1.877,2.649,3.266,1.803,1.476,2.194,1.809,1.282
2017-05-04 01:04:00-05:00,-10.136472,-12.280385,-4.4411287,-8.871705,-10.172546,-3.103312,-9.158084,-8.722404,856537.0,9.21,0.0,-0.347,-0.102,0.407,9.44,1.892,0.0,0.0,0.0,0.0,0.0,0.0,0.0,0.0,2.0,-1.467,-1.483,-0.2,0.0,0.0,0.0,0.0,0.0,273.2,277.0,277.0,275.2,0.695,0.0,0.0,-0.1,-0.028,0.095,0.0,6000.0,403217.0,216.0,335.0,59.97,2.0,32.0,39.0,31.0,9.78,3.896,-0.038,0.0,0.2,0.2,60.0,59.5,75.6,1.0,275.0,276.0,275.0,-0.077,0.032,0.083,1915.0,415621.0,13168.0,1912.0,-0.924,0.818,0.791,0.836,0.001,-0.001,0.0,0.0,0.0,0.0,0.0,0.0,103.0,103.0,103.0,77.0,0.632,56.67,49.68,1.4,3.499,2.0,-1.0,13.84,0.001,0.273,3.0,2.0,0.0,0.0,4.277,3.887,2.818,3.661,2.526,2.526,4.082,2.498,2.728,3.639,2.067,1.818,2.577,3.16,1.738,1.463,2.154,1.761,1.25
2017-05-04 01:05:00-05:00,-10.136472,-12.607862,-4.4411287,-9.268946,-10.301313,-3.103312,-9.032631,-8.722404,856538.0,9.19,0.0,-0.309,-0.064,0.428,9.53,1.892,0.0,0.0,0.0,0.0,0.0,0.0,0.0,0.0,2.0,-1.567,-1.433,-0.2,0.0,0.0,0.0,0.0,0.0,273.2,277.0,277.0,275.2,0.697,0.0,0.0,-0.102,-0.037,0.098,0.0,6000.0,403217.0,216.0,335.0,59.95,2.0,32.0,39.0,31.0,9.79,3.892,-0.038,0.0,0.2,0.2,60.0,59.5,75.6,1.0,275.0,276.0,275.0,-0.076,0.032,0.083,1915.0,415621.0,13168.0,1912.0,-0.924,0.818,0.791,0.836,0.0,-0.001,0.0,0.0,0.0,0.0,0.0,0.0,103.0,103.0,103.0,77.0,0.835,52.72,53.76,1.7,3.498,2.183,-1.0,13.84,0.002,0.361,3.0,1.0,0.0,0.0,4.277,3.887,2.901,3.628,2.656,2.526,4.05,2.51,2.778,3.633,2.093,1.75,2.577,3.105,1.671,1.44,2.14,1.725,1.224
2017-05-04 01:06:00-05:00,-10.012856,-12.607862,-4.4411287,-9.401358,-10.301313,-2.9904647,-8.907177,-8.722404,856539.0,9.19,0.0,-0.275,-0.025,0.466,9.67,1.892,0.0,0.0,0.0,0.0,0.0,0.0,0.0,0.0,2.0,-1.867,-1.6,-0.2,0.0,0.0,0.0,0.0,0.0,273.2,277.0,277.0,275.2,0.698,0.0,0.0,-0.1,-0.035,0.092,0.0,6000.0,403217.0,216.0,335.0,59.95,2.0,32.0,39.0,31.0,9.63,3.918,-0.038,0.0,0.2,0.2,60.0,59.5,75.6,1.0,275.0,276.0,275.0,-0.077,0.032,0.083,1915.0,415621.0,13168.0,1912.0,-0.924,0.818,0.791,0.836,0.001,-0.001,0.0,-0.001,0.0,0.0,0.0,0.0,103.0,103.0,103.0,77.0,0.813,75.33,29.47,1.5,3.504,2.983,-1.0,13.84,0.002,0.705,3.0,1.0,0.0,0.0,4.277,3.887,2.915,3.693,2.753,2.559,4.082,2.527,2.925,3.697,2.124,1.763,2.632,3.121,1.667,1.447,2.343,1.736,1.203
2017-05-04 01:07:00-05:00,-10.136472,-12.607862,-4.4411287,-9.268946,-10.301313,-2.5390737,-8.656271,-8.133052,856540.0,9.17,0.0,-0.093,0.131,0.599,9.65,1.892,0.0,0.0,0.0,0.0,0.0,0.0,0.0,0.0,2.0,-1.883,-1.633,-0.2,0.0,0.0,0.0,0.0,0.0,273.3,276.9,277.0,275.2,0.693,0.0,0.0,-0.102,-0.018,0.088,0.0,6000.0,403217.0,216.0,335.0,59.95,2.0,32.0,39.0,31.0,9.64,3.867,-0.038,0.0,0.2,0.2,60.0,59.5,75.6,1.0,275.0,276.0,275.0,-0.077,0.032,0.083,1915.0,415621.0,13168.0,1912.0,-0.924,0.818,0.791,0.836,0.001,-0.001,0.0,-0.001,0.0,0.0,0.0,0.0,103.0,103.0,103.0,77.0,0.548,51.7,32.02,1.1,3.498,2.0,-1.0,13.7,0.002,0.399,1.0,1.0,0.0,0.001,4.277,3.887,2.983,3.693,2.901,2.624,4.129,2.725,3.621,3.976,2.33,1.806,2.788,3.114,1.724,1.574,2.593,1.888,1.287
2017-05-04 01:08:00-05:00,-10.136472,-12.607862,-4.4411287,-9.004118,-10.172546,-1.974835,-8.530818,-7.0722194,856541.0,9.16,0.0,-0.349,-0.102,0.407,9.75,1.892,0.0,0.0,0.0,0.0,0.0,0.0,0.0,0.0,2.0,-1.883,-1.583,-0.2,0.0,0.0,0.0,0.0,0.0,273.3,277.0,277.0,275.3,0.718,0.0,0.0,-0.1,-0.02,0.097,0.0,6000.0,403217.0,216.0,335.0,59.95,2.0,32.0,39.0,31.0,9.71,3.878,-0.038,0.0,0.2,0.2,60.0,59.5,75.6,1.0,275.0,276.0,275.0,-0.076,0.031,0.083,1915.0,415621.0,13168.0,1912.0,-0.925,0.818,0.791,0.836,0.0,-0.001,0.001,-0.001,0.0,0.0,0.0,0.0,103.0,103.0,103.0,77.0,0.805,35.78,27.77,1.6,3.498,2.0,-1.0,13.84,0.002,0.273,3.0,2.0,0.0,0.0,4.277,3.887,3.012,3.711,2.944,2.623,4.179,2.971,3.987,4.383,2.58,1.924,3.001,3.163,1.844,1.712,2.864,2.072,1.424
2017-05-04 01:09:00-05:00,-10.012856,-12.607862,-4.4411287,-8.871705,-9.786247,-1.5234442,-8.405365,-6.247127,856542.0,9.15,0.0,-0.356,-0.102,0.407,9.7,1.892,0.0,0.0,0.0,0.0,0.0,0.0,0.0,0.0,2.0,-1.95,-1.583,-0.2,0.0,0.0,0.0,0.0,0.0,273.8,277.0,277.0,275.8,0.7,0.0,0.0,-0.1,-0.028,0.087,0.0,6000.0,403217.0,216.0,335.0,59.95,2.0,32.0,39.0,31.0,9.71,3.903,-0.038,0.0,0.2,0.2,60.0,59.5,75.6,1.0,275.0,276.0,275.0,-0.076,0.031,0.083,1915.0,415621.0,13168.0,1912.0,-0.925,0.818,0.791,0.836,0.001,-0.001,0.0,-0.001,0.0,0.0,0.0,0.0,103.0,103.0,103.0,77.0,0.702,62.12,23.48,1.2,3.497,2.0,-1.0,13.84,0.002,0.273,3.0,2.0,0.0,0.0,4.294,3.887,3.012,3.725,2.948,2.623,4.277,3.193,4.257,4.651,2.831,2.049,3.173,3.235,1.976,1.83,2.972,2.22,1.548
2017-05-04 01:10:00-05:00,-10.136472,-12.607862,-4.4411287,-8.739291,-9.528715,-1.1849011,-8.405365,-5.539905,856543.0,9.14,0.0,-0.352,-0.102,0.407,9.66,1.892,0.0,0.0,0.0,0.0,0.0,0.0,0.0,0.0,2.0,-2.0,-1.617,-0.2,0.0,0.0,0.0,0.0,0.0,273.7,277.0,277.0,275.7,0.703,0.0,0.0,-0.1,-0.032,0.097,0.0,6000.0,403217.0,216.0,335.0,59.96,2.0,32.0,39.0,31.0,9.7,3.911,-0.038,0.0,0.2,0.2,60.0,59.5,75.6,1.0,275.2,276.0,275.0,-0.076,0.031,0.083,1915.0,415621.0,13168.0,1912.0,-0.925,0.818,0.791,0.836,0.001,0.0,0.0,0.0,0.0,0.0,0.0,0.0,103.0,103.0,103.0,77.0,1.057,45.2,14.47,1.8,3.503,2.0,-1.0,13.84,0.002,0.273,3.0,2.0,0.0,0.0,4.341,3.887,3.045,3.79,2.948,2.668,4.309,3.385,4.489,4.913,3.023,2.163,3.216,3.29,2.089,1.966,3.106,2.327,1.691
2017-05-04 01:11:00-05:00,-10.136472,-12.607862,-4.4411287,-8.606877,-9.271182,-1.1849011,-8.530818,-5.3041644,856544.0,9.13,0.0,-0.349,-0.102,0.407,9.92,1.892,0.0,0.0,0.0,0.0,0.0,0.0,0.0,0.0,2.0,-1.817,-1.633,-0.2,0.0,0.0,0.0,0.0,0.0,273.6,277.0,277.0,275.6,0.7,0.0,0.0,-0.103,-0.02,0.093,0.0,6000.0,403217.0,216.0,335.0,59.96,2.0,32.0,39.0,31.0,9.62,3.937,-0.042,0.0,0.2,0.2,60.0,59.5,75.6,1.0,275.2,276.0,275.0,-0.076,0.031,0.083,1915.0,415621.0,13168.0,1912.0,-0.925,0.818,0.791,0.836,0.0,0.0,0.0,0.0,0.0,0.0,0.0,0.0,103.0,103.0,103.0,77.0,1.692,38.62,2.781,1.9,3.499,2.0,-1.0,13.84,0.002,0.273,3.0,2.0,0.0,0.0,4.277,3.855,3.012,3.823,2.93,2.707,4.374,3.55,4.732,5.159,3.197,2.249,3.404,3.329,2.174,2.089,3.387,2.493,1.796
2017-05-04 01:12:00-05:00,-10.383702,-12.607862,-4.7964187,-8.474463,-9.013649,-1.1849011,-8.530818,-4.9505534,856545.0,9.12,0.0,-0.025,0.186,0.657,10.1,1.892,0.0,0.0,0.0,0.0,0.0,0.0,0.0,0.0,2.0,-1.683,-1.55,-0.2,0.0,0.0,0.0,0.0,0.0,273.9,277.0,277.0,275.9,0.672,0.0,0.0,-0.1,-0.025,0.092,0.0,6000.0,403217.0,216.0,335.0,59.98,2.0,32.0,39.0,31.0,9.61,3.949,-0.015,0.0,0.2,0.2,60.0,59.5,75.6,1.0,275.8,276.0,275.0,-0.077,0.031,0.083,1915.0,415621.0,13168.0,1912.0,-0.925,0.818,0.791,0.836,0.0,-0.001,0.0,0.0,0.0,0.0,0.0,0.0,103.0,103.0,103.0,77.0,1.625,42.61,8.95,2.0,3.499,2.0,-1.0,13.57,-0.006,0.273,1.0,2.0,0.0,0.001,4.277,3.79,3.012,3.873,2.915,2.787,4.439,3.706,4.925,5.403,3.336,2.348,3.581,3.393,2.247,2.196,3.543,2.629,1.911
2017-05-04 01:13:00-05:00,-10.507318,-12.7716,-4.7964187,-8.342051,-8.756116,-1.1849011,-8.530818,-4.8326836,856546.0,9.1,0.0,-0.352,-0.102,0.407,10.13,1.892,0.0,0.0,0.0,0.0,0.0,0.0,0.0,0.0,2.0,-1.983,-1.75,-0.2,0.0,0.0,0.0,0.0,0.0,273.8,277.0,277.0,275.8,0.69,0.0,0.0,-0.1,-0.032,0.092,0.0,6000.0,403217.0,216.0,335.0,59.97,2.0,32.0,39.0,31.0,9.48,3.883,-0.042,0.0,0.2,0.2,60.0,59.5,75.6,1.0,275.5,276.0,275.0,-0.077,0.032,0.083,1915.0,415621.0,13168.0,1912.0,-0.924,0.818,0.791,0.836,0.0,-0.001,0.0,0.0,0.0,0.0,0.0,0.0,103.0,103.0,103.0,77.0,1.18,53.23,22.38,2.0,3.499,2.0,-1.0,13.69,0.012,0.272,3.0,2.0,0.0,0.0,4.277,3.693,3.012,3.855,2.897,2.704,4.471,3.866,5.158,5.6,3.493,2.431,3.578,3.438,2.301,2.262,3.609,2.671,1.977
2017-05-04 01:14:00-05:00,-10.630933,-12.935339,-4.7964187,-8.342051,-8.756116,-1.1849011,-8.656271,-4.8326836,856547.0,9.1,0.0,-0.352,-0.102,0.407,10.0,1.892,0.0,0.0,0.0,0.0,0.0,0.0,0.0,0.0,2.0,-2.0,-1.633,-0.2,0.0,0.0,0.0,0.0,0.0,273.9,277.0,277.0,275.9,0.688,0.0,0.0,-0.102,-0.02,0.097,0.0,6000.0,403217.0,216.0,335.0,59.98,2.0,32.0,39.0,31.0,9.5,3.881,-0.041,0.0,0.2,0.2,60.0,59.5,75.6,1.0,275.3,276.0,275.0,-0.076,0.032,0.083,1915.0,415621.0,13168.0,1912.0,-0.925,0.818,0.791,0.836,0.001,-0.001,0.0,0.0,0.0,0.0,0.0,0.0,103.0,103.0,103.0,77.0,0.917,27.1,22.57,1.3,3.499,2.0,-1.0,13.88,0.002,0.272,3.0,2.0,0.0,0.0,4.277,3.711,3.045,3.923,2.933,2.774,4.536,3.981,5.249,5.706,3.616,2.416,3.576,3.456,2.27,2.308,3.639,2.75,2.031
2017-05-04 01:15:00-05:00,-10.507318,-12.7716,-4.7964187,-8.606877,-8.756116,-1.1849011,-8.656271,-5.0684237,856548.0,9.09,0.0,-0.352,-0.102,0.407,10.11,1.892,0.0,0.0,0.0,0.0,0.0,0.0,0.0,0.0,2.0,-1.8,-1.633,-0.2,0.0,0.0,0.0,0.0,0.0,273.8,277.0,277.0,275.8,0.687,0.0,0.0,-0.1,-0.033,0.098,0.0,6000.0,403217.0,216.0,335.0,59.97,2.0,32.0,39.0,31.0,9.51,3.929,-0.038,0.0,0.2,0.2,60.0,59.5,75.6,1.0,275.4,276.0,275.0,-0.076,0.031,0.083,1915.0,415621.0,13168.0,1912.0,-0.925,0.818,0.791,0.836,0.0,-0.001,0.0,-0.001,0.0,0.0,0.0,0.0,103.0,103.0,103.0,77.0,1.048,32.15,17.76,1.6,3.504,2.0,-1.0,13.88,0.002,0.272,3.0,2.0,0.0,0.0,4.277,3.823,3.192,4.067,3.095,2.966,4.568,4.067,5.345,5.799,3.68,2.392,3.596,3.462,2.233,2.285,3.594,2.776,2.006
2017-05-04 01:16:00-05:00,-10.383702,-12.607862,-4.7964187,-8.871705,-8.884883,-1.5234442,-8.907177,-5.186294,856549.0,9.08,0.0,-0.32,-0.064,0.438,10.16,1.892,0.0,0.0,0.0,0.0,0.0,0.0,0.0,0.0,2.0,-1.55,-1.467,-0.2,0.0,0.0,0.0,0.0,0.0,273.8,277.0,277.0,275.8,0.673,0.0,0.0,-0.102,-0.022,0.09,0.0,6000.0,403217.0,216.0,335.0,59.97,2.0,32.0,39.0,31.0,9.62,3.976,-0.038,0.0,0.2,0.2,60.0,59.5,75.6,1.0,275.4,276.0,275.0,-0.077,0.031,0.083,1915.0,415621.0,13168.0,1912.0,-0.925,0.818,0.791,0.836,0.0,-0.001,0.0,-0.001,0.0,0.0,0.0,0.0,103.0,103.0,103.0,77.0,0.965,30.44,27.85,1.5,3.499,2.517,-1.0,13.88,0.002,0.489,3.0,1.0,0.0,0.0,4.277,3.887,3.304,4.129,3.145,3.107,4.601,4.122,5.387,5.931,3.727,2.375,3.547,3.417,2.203,2.286,3.558,2.786,2.0
2017-05-04 01:17:00-05:00,-10.383702,-12.607862,-4.7964187,-8.871705,-8.884883,-1.974835,-8.907177,-5.4220343,856550.0,9.08,0.0,-0.277,-0.034,0.466,10.05,1.892,0.0,0.0,0.0,0.0,0.0,0.0,0.0,0.0,2.0,-1.85,-1.583,-0.2,0.0,0.0,0.0,0.0,0.0,273.8,277.0,277.0,275.8,0.692,0.0,0.0,-0.102,-0.033,0.092,0.0,6000.0,403217.0,216.0,335.0,59.96,2.0,32.0,39.0,31.0,9.55,4.017,-0.038,0.0,0.2,0.2,60.0,59.5,75.6,1.0,275.2,276.0,275.0,-0.077,0.032,0.083,1915.0,415621.0,13168.0,1912.0,-0.924,0.818,0.791,0.836,0.001,-0.001,0.0,0.0,0.0,0.0,0.0,0.0,103.0,103.0,103.0,77.0,0.65,345.6,31.72,1.4,3.499,2.817,-1.0,13.88,0.002,0.704,3.0,1.0,0.0,0.0,4.277,3.887,3.404,4.244,3.189,3.193,4.665,4.106,5.246,5.884,3.703,2.333,3.458,3.319,2.158,2.253,3.477,2.726,1.962
2017-05-04 01:18:00-05:00,-10.630933,-12.607862,-4.7964187,-9.004118,-9.142415,-2.2005305,-8.907177,-5.6577754,856551.0,9.06,0.0,-0.352,-0.102,0.407,9.95,1.892,0.0,0.0,0.0,0.0,0.0,0.0,0.0,0.0,2.0,-1.917,-1.5,-0.2,0.0,0.0,0.0,0.0,0.0,273.6,277.0,277.0,275.6,0.687,0.0,0.0,-0.102,-0.025,0.085,0.0,6000.0,403217.0,216.0,335.0,59.95,2.0,32.0,39.0,31.0,9.38,3.959,-0.038,0.0,0.2,0.2,60.0,59.5,75.6,1.0,275.0,276.0,275.0,-0.076,0.032,0.083,1915.0,415621.0,13168.0,1912.0,-0.924,0.818,0.791,0.836,0.001,-0.001,0.0,0.0,0.0,0.0,0.0,0.0,103.0,103.0,103.0,77.0,0.732,7.678,35.35,1.3,3.503,2.0,-1.0,13.88,0.002,0.272,3.0,2.0,0.0,0.0,4.257,3.887,3.484,4.277,3.207,3.236,4.665,4.099,5.406,5.896,3.689,2.276,3.401,3.271,2.094,2.199,3.36,2.657,1.93
2017-05-04 01:19:00-05:00,-10.754549,-13.099078,-4.7964187,-9.136532,-9.142415,-2.5390737,-8.781725,-5.7756457,856552.0,9.06,0.0,-0.354,-0.102,0.407,9.99,1.892,0.0,0.0,0.0,0.0,0.0,0.0,0.0,0.0,2.0,-1.883,-1.633,-0.2,0.0,0.0,0.0,0.0,0.0,273.6,277.0,277.0,275.6,0.685,0.0,0.0,-0.102,-0.028,0.088,0.0,6000.0,403217.0,216.0,335.0,59.96,2.0,32.0,39.0,31.0,9.38,3.913,-0.038,0.0,0.2,0.2,60.0,59.5,75.6,1.0,275.0,276.0,275.0,-0.076,0.032,0.083,1915.0,415621.0,13168.0,1912.0,-0.925,0.818,0.791,0.836,0.001,-0.001,0.001,-0.001,0.0,0.0,0.0,0.0,103.0,103.0,103.0,77.0,0.632,39.24,32.54,1.3,3.503,2.0,-1.0,13.88,0.002,0.272,3.0,2.0,0.0,0.0,4.179,3.887,3.499,4.179,3.142,3.226,4.601,4.152,5.588,5.954,3.763,2.273,3.371,3.266,2.084,2.17,3.291,2.647,1.9
2017-05-04 01:20:00-05:00,-11.0017805,-13.099078,-4.7964187,-9.401358,-9.399948,-2.313378,-8.656271,-5.8935156,856553.0,9.06,0.0,-0.352,-0.102,0.407,9.88,1.892,0.0,0.0,0.0,0.0,0.0,0.0,0.0,0.0,2.0,-1.8,-1.633,-0.2,0.0,0.0,0.0,0.0,0.0,273.8,277.0,277.0,275.8,0.69,0.0,0.0,-0.102,-0.028,0.097,0.0,6000.0,403217.0,216.0,335.0,59.97,2.0,32.0,39.0,31.0,9.44,3.866,-0.038,0.0,0.2,0.2,60.0,59.5,75.6,1.0,275.2,276.0,275.0,-0.076,0.031,0.083,1915.0,415621.0,13168.0,1912.0,-0.925,0.818,0.791,0.836,0.0,-0.001,0.0,-0.001,0.0,0.0,0.0,0.0,103.0,103.0,103.0,77.0,0.437,86.8,44.09,1.1,3.503,2.0,-1.0,13.88,0.002,0.272,3.0,2.0,0.0,0.0,4.096,3.79,3.466,4.096,3.109,3.208,4.601,4.259,5.733,6.091,3.866,2.326,3.567,3.334,2.127,2.17,3.289,2.701,1.902
2017-05-04 01:21:00-05:00,-11.0017805,-13.099078,-4.9148493,-9.5337715,-9.528715,-2.313378,-8.530818,-6.0113864,856554.0,9.06,0.0,-0.352,-0.102,0.407,9.82,1.892,0.0,0.0,0.0,0.0,0.0,0.0,0.0,0.0,2.0,-1.783,-1.567,-0.2,0.0,0.0,0.0,0.0,0.0,274.0,277.0,277.0,276.0,0.697,0.0,0.0,-0.103,-0.013,0.093,0.0,6000.0,403217.0,216.0,335.0,59.96,2.0,32.0,39.0,31.0,9.56,3.855,-0.038,0.0,0.2,0.2,60.0,59.5,75.6,1.0,275.8,276.0,275.0,-0.076,0.032,0.083,1915.0,415621.0,13168.0,1912.0,-0.924,0.818,0.791,0.836,0.0,-0.001,0.0,0.0,0.0,0.0,0.0,0.0,103.0,103.0,103.0,77.0,0.923,32.26,20.95,2.0,3.498,2.0,-1.0,13.88,0.002,0.272,3.0,2.0,0.0,0.0,4.15,3.84,3.401,4.032,3.109,3.111,4.665,4.327,5.81,6.195,3.942,2.38,3.601,3.404,2.167,2.21,3.373,2.74,1.957
2017-05-04 01:22:00-05:00,-11.0017805,-13.099078,-4.9148493,-9.5337715,-9.528715,-2.313378,-8.405365,-6.1292562,856555.0,9.05,0.0,-0.146,0.097,0.555,9.86,1.892,0.0,0.0,0.0,0.0,0.0,0.0,0.0,0.0,2.0,-1.817,-1.617,-0.2,0.0,0.0,0.0,0.0,0.0,274.0,277.0,277.0,276.0,0.697,0.0,0.0,-0.105,-0.022,0.095,0.0,6000.0,403217.0,216.0,335.0,59.95,2.0,32.0,39.0,31.0,9.47,3.877,-0.038,0.0,0.2,0.2,60.0,59.5,75.6,1.0,276.0,276.0,275.0,-0.077,0.032,0.083,1915.0,415621.0,13168.0,1912.0,-0.924,0.818,0.791,0.836,0.0,0.0,0.0,-0.001,0.0,0.0,0.0,0.0,103.0,103.0,103.0,77.0,0.833,62.46,30.52,1.4,3.499,2.0,-1.0,13.73,0.002,0.272,1.0,2.0,0.0,0.0,4.179,3.805,3.401,3.967,3.109,3.111,4.665,4.387,5.925,6.28,4.017,2.358,3.496,3.355,2.152,2.208,3.31,2.756,1.957
2017-05-04 01:23:00-05:00,-11.0017805,-13.099078,-4.9148493,-9.5337715,-9.528715,-2.6519215,-8.656271,-6.364997,856556.0,9.03,0.0,-0.354,-0.102,0.407,9.98,1.892,0.0,0.0,0.0,0.0,0.0,0.0,0.0,0.0,2.0,-1.967,-1.583,-0.2,0.0,0.0,0.0,0.0,0.0,274.0,277.0,277.0,276.0,0.698,0.0,0.0,-0.1,-0.018,0.095,0.0,6000.0,403217.0,216.0,335.0,59.96,2.0,32.0,39.0,31.0,9.41,3.846,-0.038,0.0,0.2,0.2,60.0,59.5,75.6,1.0,276.0,276.0,275.0,-0.076,0.032,0.083,1915.0,415621.0,13168.0,1912.0,-0.924,0.818,0.791,0.836,0.001,-0.001,0.001,-0.001,0.0,0.0,0.0,0.0,103.0,103.0,103.0,77.0,1.212,45.53,22.09,1.9,3.497,2.0,-1.0,13.88,0.002,0.272,3.0,2.0,0.0,0.0,4.165,3.79,3.383,3.92,3.142,3.096,4.665,4.379,5.763,6.219,4.018,2.33,3.446,3.323,2.121,2.23,3.557,2.771,1.955
2017-05-04 01:24:00-05:00,-10.878164,-13.099078,-4.7964187,-9.5337715,-9.528715,-2.6519215,-8.907177,-6.954349,856557.0,9.03,0.0,-0.349,-0.102,0.407,10.07,1.892,0.0,0.0,0.0,0.0,0.0,0.0,0.0,0.0,2.0,-1.65,-1.483,-0.2,0.0,0.0,0.0,0.0,0.0,273.9,277.0,277.0,275.9,0.685,0.0,0.0,-0.1,-0.027,0.095,0.0,6000.0,403217.0,216.0,335.0,59.96,2.0,32.0,39.0,31.0,9.52,3.787,-0.038,0.0,0.2,0.2,60.0,59.5,75.6,1.0,275.8,276.0,275.0,-0.076,0.032,0.083,1915.0,415621.0,13168.0,1912.0,-0.924,0.818,0.791,0.836,0.001,-0.001,0.0,0.0,0.0,0.0,0.0,0.0,103.0,103.0,103.0,77.0,1.275,53.45,21.41,2.1,3.502,2.0,-1.0,13.88,0.002,0.272,3.0,2.0,0.0,0.0,4.165,3.772,3.336,3.905,3.174,3.111,4.633,4.321,5.59,6.097,3.954,2.286,3.358,3.252,2.083,2.269,3.586,2.813,1.98
2017-05-04 01:25:00-05:00,-10.754549,-12.7716,-4.7964187,-9.666185,-9.528715,-2.6519215,-9.158084,-7.7794414,856558.0,9.03,0.0,-0.356,-0.102,0.407,10.11,1.892,0.0,0.0,0.0,0.0,0.0,0.0,0.0,0.0,2.0,-1.8,-1.617,-0.2,0.0,0.0,0.0,0.0,0.0,274.0,277.0,277.0,276.0,0.68,0.0,0.0,-0.1,-0.027,0.093,0.0,6000.0,403217.0,216.0,335.0,59.96,2.0,32.0,39.0,31.0,9.54,3.843,-0.038,0.0,0.2,0.2,60.0,59.5,75.6,1.0,275.8,276.0,275.0,-0.076,0.032,0.083,1915.0,415621.0,13168.0,1912.0,-0.924,0.818,0.791,0.836,0.0,0.0,0.001,-0.001,0.0,0.0,0.0,0.0,103.0,103.0,103.0,77.0,1.457,40.25,19.31,2.1,3.499,2.0,-1.0,13.88,0.002,0.272,3.0,2.0,0.0,0.0,4.179,3.776,3.419,4.064,3.304,3.176,4.568,4.246,5.455,5.965,3.877,2.233,3.326,3.199,2.028,2.288,3.502,2.786,1.983
2017-05-04 01:26:00-05:00,-10.630933,-12.607862,-4.7964187,-9.666185,-9.657481,-2.9904647,-9.158084,-8.486663,856559.0,9.03,0.0,-0.356,-0.102,0.407,10.21,1.892,0.0,0.0,0.0,0.0,0.0,0.0,0.0,0.0,2.0,-1.683,-1.5,-0.2,0.0,0.0,0.0,0.0,0.0,274.0,277.0,277.0,276.0,0.7,0.0,0.0,-0.1,-0.028,0.088,0.0,6000.0,403217.0,216.0,335.0,59.97,2.0,32.0,39.0,31.0,9.56,3.952,-0.038,0.0,0.2,0.2,60.0,59.5,75.6,1.0,275.9,276.0,275.0,-0.076,0.032,0.083,1915.0,415621.0,13168.0,1912.0,-0.924,0.818,0.791,0.836,0.0,0.0,0.0,-0.001,0.0,0.0,0.0,0.0,103.0,103.0,103.0,77.0,1.633,36.69,22.94,2.7,3.498,2.0,-1.0,13.88,0.001,0.272,3.0,2.0,0.0,0.0,4.212,3.905,3.516,4.179,3.419,3.308,4.586,4.184,5.284,5.84,3.806,2.224,3.318,3.208,2.023,2.268,3.449,2.783,1.958
2017-05-04 01:27:00-05:00,-10.260086,-12.607862,-4.5595584,-9.5337715,-9.657481,-3.3290076,-9.158084,-8.840274,856560.0,9.01,0.0,-0.148,0.095,0.542,10.26,1.892,0.0,0.0,0.0,0.0,0.0,0.0,0.0,0.0,2.0,-1.817,-1.55,-0.2,0.0,0.0,0.0,0.0,0.0,273.9,277.0,277.0,275.9,0.682,0.0,0.0,-0.1,-0.025,0.1,0.0,6000.0,403217.0,216.0,335.0,59.96,2.0,32.0,39.0,31.0,9.65,4.046,-0.038,0.0,0.2,0.2,60.0,59.5,75.6,1.0,275.8,276.0,275.0,-0.076,0.032,0.083,1915.0,415621.0,13168.0,1912.0,-0.924,0.818,0.791,0.836,0.001,-0.001,0.0,-0.001,0.0,0.0,0.0,0.0,103.0,103.0,103.0,77.0,1.553,29.25,25.22,2.7,3.498,2.0,-1.0,13.67,-0.002,0.272,1.0,2.0,0.0,0.0,4.277,4.05,3.711,4.456,3.563,3.518,4.665,4.116,5.14,5.702,3.735,2.289,3.384,3.235,2.07,2.25,3.427,2.754,1.935
2017-05-04 01:28:00-05:00,-9.88924,-12.607862,-4.4411287,-9.5337715,-10.172546,-3.4418554,-9.283538,-9.665367,856561.0,9.01,0.0,-0.356,-0.102,0.407,10.16,1.892,0.0,0.0,0.0,0.0,0.0,0.0,0.0,0.0,2.0,-1.8,-1.5,-0.2,0.0,0.0,0.0,0.0,0.0,273.6,277.0,277.0,275.6,0.693,0.0,0.0,-0.1,-0.018,0.093,0.0,6000.0,403217.0,216.0,335.0,59.95,2.0,32.0,39.0,31.0,9.77,4.149,-0.038,0.0,0.2,0.2,60.0,59.5,75.6,1.0,275.1,276.0,275.0,-0.076,0.032,0.083,1915.0,415621.0,13168.0,1912.0,-0.924,0.818,0.791,0.836,0.0,-0.001,0.0,0.0,0.0,0.0,0.0,0.0,103.0,103.0,103.0,77.0,0.7,358.7,51.69,1.3,3.498,2.0,-1.0,13.84,0.005,0.272,3.0,2.0,0.0,0.0,4.311,4.147,3.855,4.568,3.743,3.698,4.682,4.044,4.99,5.585,3.661,2.355,3.412,3.249,2.133,2.286,3.589,2.848,1.977
2017-05-04 01:29:00-05:00,-9.642009,-12.607862,-4.4411287,-9.5337715,-10.430079,-3.4418554,-9.283538,-10.372588,856562.0,9.01,0.0,-0.347,-0.102,0.407,10.02,1.892,0.0,0.0,0.0,0.0,0.0,0.0,0.0,0.0,2.0,-1.867,-1.617,-0.2,0.0,0.0,0.0,0.0,0.0,273.8,277.0,277.0,275.8,0.69,0.0,0.0,-0.102,-0.027,0.097,0.0,6000.0,403217.0,216.0,335.0,59.96,2.0,32.0,39.0,31.0,9.91,4.251,-0.038,0.0,0.2,0.2,60.0,59.5,75.6,1.0,275.5,276.0,275.0,-0.076,0.032,0.083,1915.0,415621.0,13168.0,1912.0,-0.924,0.818,0.791,0.836,0.0,-0.001,0.001,-0.001,0.0,0.0,0.0,0.0,103.0,103.0,103.0,77.0,0.665,10.47,34.7,1.3,3.498,2.0,-1.0,13.88,0.001,0.272,3.0,2.0,0.0,0.0,4.374,4.179,3.988,4.633,3.758,3.792,4.665,3.983,4.893,5.468,3.593,2.366,3.45,3.247,2.155,2.324,3.669,2.936,2.012
2017-05-04 01:30:00-05:00,-9.765624,-12.607862,-4.4411287,-9.5337715,-10.945146,-3.4418554,-9.283538,-10.96194,856563.0,9.01,0.0,-0.32,-0.059,0.438,9.91,1.892,0.0,0.0,0.0,0.0,0.0,0.0,0.0,0.0,2.0,-1.85,-1.617,-0.2,0.0,0.0,0.0,0.0,0.0,273.9,277.0,277.0,275.9,0.688,0.0,0.0,-0.102,-0.025,0.1,0.0,6000.0,403217.0,216.0,335.0,59.97,2.0,32.0,39.0,31.0,9.83,4.271,-0.038,0.0,0.2,0.2,60.0,59.5,75.6,1.0,275.7,276.0,275.0,-0.076,0.032,0.083,1915.0,415621.0,13168.0,1912.0,-0.924,0.818,0.791,0.836,0.001,-0.001,0.0,-0.001,0.0,0.0,0.0,0.0,103.0,103.0,103.0,77.0,0.607,352.2,48.94,1.6,3.498,2.517,-1.0,13.88,0.002,0.489,3.0,1.0,0.0,0.0,4.406,4.179,4.017,4.665,3.793,3.792,4.665,3.933,4.821,5.427,3.548,2.325,3.345,3.315,2.129,2.335,3.593,2.942,2.023
2017-05-04 01:31:00-05:00,-9.765624,-12.607862,-4.4411287,-9.798599,-11.073912,-3.4418554,-9.534443,-11.07981,856564.0,9.01,0.0,-0.284,-0.021,0.46,9.86,1.892,0.0,0.0,0.0,0.0,0.0,0.0,0.0,0.0,2.0,-1.833,-1.533,-0.2,0.0,0.0,0.0,0.0,0.0,273.8,277.0,277.0,275.8,0.685,0.0,0.0,-0.103,-0.04,0.1,0.0,6000.0,403217.0,216.0,335.0,59.98,2.0,32.0,39.0,31.0,9.8,4.313,-0.038,0.0,0.2,0.2,60.0,59.5,75.6,1.0,275.7,276.0,275.0,-0.077,0.032,0.083,1915.0,415621.0,13168.0,1912.0,-0.924,0.818,0.791,0.836,0.001,-0.001,0.0,0.0,0.0,0.0,0.0,0.0,103.0,103.0,103.0,77.0,1.065,47.74,32.21,1.7,3.499,2.817,-1.0,13.88,0.002,0.704,3.0,1.0,0.0,0.0,4.453,4.244,4.05,4.748,3.887,3.874,4.665,3.909,4.736,5.35,3.518,2.344,3.466,3.452,2.166,2.325,3.556,2.952,2.002
2017-05-04 01:32:00-05:00,-9.88924,-12.607862,-4.4411287,-9.666185,-10.945146,-3.4418554,-9.910803,-10.8440695,856565.0,9.01,0.0,-0.356,-0.102,0.407,9.9,1.892,0.0,0.0,0.0,0.0,0.0,0.0,0.0,0.0,2.0,-1.8,-1.5,-0.2,0.0,0.0,0.0,0.0,0.0,274.0,277.0,277.0,276.0,0.68,0.0,0.0,-0.107,-0.02,0.098,0.0,6000.0,403217.0,216.0,335.0,59.98,2.0,32.0,39.0,31.0,9.82,4.289,-0.038,0.0,0.2,0.2,60.0,59.5,75.6,1.0,276.0,276.0,275.0,-0.077,0.032,0.083,1915.0,415621.0,13168.0,1912.0,-0.924,0.818,0.791,0.836,0.001,0.0,0.0,-0.001,0.0,0.0,0.0,0.0,103.0,103.0,103.0,77.0,1.368,29.54,22.55,2.2,3.504,2.0,-1.0,13.88,0.002,0.272,3.0,2.0,0.0,0.0,4.471,4.409,4.147,4.828,3.985,4.037,4.665,3.865,4.729,5.28,3.48,2.351,3.382,3.475,2.197,2.296,3.438,2.912,1.982
2017-05-04 01:33:00-05:00,-9.642009,-12.607862,-4.4411287,-9.798599,-10.558846,-3.4418554,-10.036256,-10.254718,856566.0,9.01,0.0,-0.352,-0.102,0.407,9.99,1.892,0.0,0.0,0.0,0.0,0.0,0.0,0.0,0.0,2.0,-1.75,-1.667,-0.2,0.0,0.0,0.0,0.0,0.0,274.0,277.0,277.0,276.0,0.682,0.0,0.0,-0.103,-0.018,0.098,0.0,6000.0,403217.0,216.0,335.0,59.97,2.0,32.0,39.0,31.0,9.82,4.402,-0.038,0.0,0.2,0.2,60.0,59.5,75.6,1.0,276.0,276.0,275.0,-0.076,0.032,0.083,1915.0,415621.0,13168.0,1912.0,-0.925,0.818,0.791,0.836,0.0,-0.001,0.0,-0.001,0.0,0.0,0.0,0.0,103.0,103.0,103.0,77.0,2.152,47.5,9.72,2.8,3.503,2.0,-1.0,13.88,0.002,0.272,3.0,2.0,0.0,0.0,4.487,4.57,4.277,5.022,4.067,4.215,4.665,3.864,4.858,5.306,3.491,2.391,3.453,3.654,2.264,2.289,3.425,2.909,1.991
2017-05-04 01:34:00-05:00,-9.271162,-12.607862,-4.4411287,-9.666185,-10.430079,-3.4418554,-10.036256,-9.901107,856567.0,9.01,0.0,-0.356,-0.102,0.407,10.02,1.892,0.0,0.0,0.0,0.0,0.0,0.0,0.0,0.0,2.0,-1.867,-1.667,-0.2,0.0,0.0,0.0,0.0,0.0,274.0,277.0,277.0,276.0,0.682,0.0,0.0,-0.1,-0.025,0.1,0.0,6000.0,403217.0,216.0,335.0,59.96,2.0,32.0,39.0,30.98,9.8,4.475,-0.038,0.0,0.2,0.2,60.0,59.5,75.6,1.0,276.0,276.0,275.0,-0.076,0.032,0.083,1915.0,415621.0,13168.0,1912.0,-0.925,0.818,0.791,0.836,0.0,-0.001,0.0,-0.001,0.0,0.0,0.0,0.0,103.0,103.0,103.0,77.0,1.183,30.36,21.4,2.6,3.503,2.0,-1.0,13.88,0.002,0.272,3.0,2.0,0.0,0.0,4.568,4.683,4.424,5.184,4.129,4.375,4.699,3.907,4.851,5.46,3.539,2.561,3.71,4.001,2.452,2.374,3.462,3.105,2.12
2017-05-04 01:35:00-05:00,-9.271162,-12.607862,-4.4411287,-9.401358,-10.301313,-3.4418554,-9.910803,-9.547496,856568.0,9.01,0.0,-0.354,-0.102,0.407,9.98,1.889,0.0,0.0,0.0,0.0,0.0,0.0,0.0,0.0,2.0,-1.917,-1.617,-0.2,0.0,0.0,0.0,0.0,0.0,274.0,277.0,277.0,276.0,0.703,0.0,0.0,-0.103,-0.022,0.097,0.0,6000.0,403217.0,216.0,335.0,59.95,2.0,32.0,39.0,30.92,9.78,4.585,-0.038,0.0,0.2,0.2,60.0,59.5,75.6,1.0,276.0,276.0,275.0,-0.077,0.032,0.083,1915.0,415621.0,13168.0,1912.0,-0.925,0.818,0.791,0.836,0.001,-0.001,0.0,0.0,0.0,0.0,0.0,0.0,103.0,103.0,103.0,77.0,1.32,47.72,26.61,2.0,3.503,2.0,-1.0,13.88,0.001,0.272,3.0,2.0,0.0,0.0,4.568,4.813,4.503,5.267,4.183,4.491,4.763,3.938,4.887,5.397,3.567,2.66,3.702,4.063,2.548,2.498,3.615,3.301,2.313
2017-05-04 01:36:00-05:00,-9.271162,-12.607862,-4.4411287,-9.136532,-10.301313,-3.21616,-9.40899,-9.0760145,856569.0,9.01,0.0,-0.155,0.093,0.555,10.02,1.889,0.0,0.0,0.0,0.0,0.0,0.0,0.0,0.0,2.0,-2.0,-1.617,-0.2,0.0,0.0,0.0,0.0,0.0,274.0,277.0,277.0,276.0,0.688,0.0,0.0,-0.1,-0.037,0.1,0.0,6000.0,403217.0,216.0,335.0,59.94,2.0,32.0,39.0,30.08,9.78,4.596,-0.038,0.0,0.2,0.2,60.0,59.5,75.6,1.0,276.0,276.0,275.0,-0.076,0.032,0.083,1915.0,415621.0,13168.0,1912.0,-0.924,0.818,0.791,0.836,0.0,0.0,0.0,-0.001,0.0,0.0,0.0,0.0,103.0,103.0,103.0,77.0,1.913,47.76,17.42,2.7,3.504,2.0,-1.0,13.79,0.0,0.272,3.0,2.0,0.0,0.0,4.633,4.896,4.586,5.364,4.23,4.57,4.763,3.991,5.129,5.529,3.628,2.769,3.836,4.209,2.658,2.599,3.599,3.403,2.422
2017-05-04 01:37:00-05:00,-9.394778,-12.607862,-4.4411287,-8.871705,-10.043779,-2.9904647,-9.283538,-8.722404,856570.0,9.01,0.0,-0.356,-0.102,0.407,10.08,1.882,0.0,0.0,0.0,0.0,0.0,0.0,0.0,0.0,2.0,-1.9,-1.6,-0.2,0.0,0.0,0.0,0.0,0.0,273.9,277.0,277.0,275.9,0.688,0.0,0.0,-0.102,-0.022,0.097,0.0,6000.0,403217.0,216.0,335.0,59.94,2.0,32.0,39.0,30.35,9.66,4.613,-0.038,0.0,0.2,0.2,60.0,59.5,75.6,1.0,275.3,276.0,275.0,-0.076,0.032,0.083,1915.0,415621.0,13168.0,1912.0,-0.924,0.818,0.791,0.836,0.0,-0.001,0.0,-0.001,0.0,0.0,0.0,0.0,103.0,103.0,103.0,77.0,2.43,52.52,9.12,3.3,3.504,2.0,-1.0,13.86,0.003,0.272,3.0,2.0,0.0,0.0,4.665,4.86,4.665,5.444,4.277,4.603,4.795,4.038,4.961,5.512,3.675,2.853,4.008,4.248,2.731,2.686,3.752,3.525,2.504
2017-05-04 01:38:00-05:00,-9.271162,-12.607862,-4.4411287,-8.871705,-9.915014,-2.764769,-9.032631,-8.722404,856571.0,9.01,0.0,-0.356,-0.102,0.407,10.16,1.864,0.0,0.0,0.0,0.0,0.0,0.0,0.0,0.0,2.0,-2.0,-1.617,-0.2,0.0,0.0,0.0,0.0,0.0,273.8,277.0,277.0,275.8,0.685,0.0,0.0,-0.102,-0.033,0.097,0.0,6000.0,403217.0,216.0,335.0,59.95,2.0,32.0,39.0,30.0,9.67,4.681,-0.038,0.0,0.2,0.2,60.0,59.5,75.6,1.0,275.4,276.0,275.0,-0.076,0.031,0.083,1915.0,415621.0,13168.0,1912.0,-0.924,0.818,0.791,0.836,0.001,-0.001,0.001,0.0,0.0,0.0,0.0,0.0,103.0,103.0,103.0,77.0,2.378,48.43,6.635,3.4,3.504,2.0,-1.0,13.88,0.002,0.272,3.0,2.0,0.0,0.0,4.665,4.957,4.665,5.512,4.311,4.653,4.86,4.008,4.979,5.504,3.638,2.906,3.934,4.158,2.776,2.704,3.774,3.448,2.492
2017-05-04 01:39:00-05:00,-9.394778,-12.607862,-4.6779885,-8.871705,-9.657481,-2.6519215,-8.781725,-8.604533,856572.0,9.01,0.0,-0.354,-0.102,0.407,10.22,1.811,0.0,0.0,0.0,0.0,0.0,0.0,0.0,0.0,2.0,-1.9,-1.617,-0.2,0.0,0.0,0.0,0.0,0.0,274.0,277.0,277.0,276.0,0.687,0.0,0.0,-0.102,-0.025,0.092,0.0,6000.0,403217.0,216.0,335.0,59.96,2.0,31.9,39.0,30.0,9.66,4.725,-0.038,0.0,0.2,0.2,60.0,59.5,75.6,1.0,275.9,276.0,275.0,-0.076,0.031,0.083,1915.0,415621.0,13168.0,1912.0,-0.925,0.818,0.791,0.836,0.0,-0.001,0.0,-0.001,0.0,0.0,0.0,0.0,103.0,103.0,103.0,77.0,2.185,46.49,11.57,2.9,3.504,2.0,-1.0,13.88,0.001,0.272,3.0,2.0,0.0,0.0,4.73,4.99,4.748,5.624,4.392,4.732,4.875,4.054,5.186,5.549,3.674,2.942,3.907,4.09,2.812,2.71,3.797,3.388,2.477
2017-05-04 01:40:00-05:00,-9.5183935,-12.607862,-4.7964187,-8.871705,-9.657481,-2.6519215,-8.781725,-8.604533,856573.0,9.01,0.0,-0.352,-0.102,0.407,10.31,1.764,0.0,0.0,0.0,0.0,0.0,0.0,0.0,0.0,2.0,-1.9,-1.6,-0.2,0.0,0.0,0.0,0.0,0.0,274.0,277.0,277.0,276.0,0.677,0.0,0.0,-0.102,-0.023,0.098,0.0,6000.0,403217.0,216.0,335.0,59.97,2.0,31.32,39.0,30.0,9.58,4.693,-0.038,0.0,0.2,0.2,60.0,59.5,75.6,1.0,275.9,276.0,275.0,-0.076,0.031,0.083,1915.0,415621.0,13168.0,1912.0,-0.925,0.818,0.791,0.836,0.001,-0.001,0.0,-0.001,0.0,0.0,0.0,0.0,103.0,103.0,103.0,77.0,2.05,43.05,9.91,2.8,3.504,2.0,-1.0,13.88,0.001,0.272,3.0,2.0,0.0,0.0,4.763,5.055,4.813,5.621,4.453,4.747,4.86,4.067,5.122,5.55,3.686,2.979,3.977,4.096,2.843,2.728,3.763,3.382,2.493
2017-05-04 01:41:00-05:00,-9.394778,-12.607862,-4.7964187,-8.871705,-9.657481,-2.6519215,-8.530818,-8.368793,856574.0,9.01,0.0,-0.225,0.017,0.489,10.22,1.756,0.0,0.0,0.0,0.0,0.0,0.0,0.0,0.0,2.0,-1.933,-1.567,-0.2,0.0,0.0,0.0,0.0,0.0,273.9,277.0,277.0,275.9,0.698,0.0,0.0,-0.105,-0.028,0.1,0.0,6000.0,403217.0,216.0,335.0,59.96,2.0,31.13,39.0,30.0,9.61,4.65,-0.038,0.0,0.2,0.2,60.0,59.5,75.6,1.0,275.7,276.0,275.0,-0.076,0.032,0.083,1915.0,415621.0,13168.0,1912.0,-0.924,0.818,0.791,0.836,0.0,-0.001,0.001,0.0,0.0,0.0,0.0,0.0,103.0,103.0,103.0,77.0,1.64,45.8,15.01,2.3,3.503,2.0,-1.0,13.88,0.004,0.272,3.0,2.0,0.0,0.0,4.748,5.055,4.828,5.574,4.471,4.846,4.86,4.083,5.232,5.542,3.697,2.995,3.972,4.057,2.855,2.724,3.752,3.383,2.471
2017-05-04 01:42:00-05:00,-9.765624,-12.607862,-4.7964187,-9.004118,-9.786247,-2.6519215,-8.530818,-8.133052,856575.0,9.01,0.0,-0.32,-0.064,0.443,10.13,1.761,0.0,0.0,0.0,0.0,0.0,0.0,0.0,0.0,2.0,-1.883,-1.633,-0.2,0.0,0.0,0.0,0.0,0.0,273.6,277.0,277.0,275.6,0.707,0.0,0.0,-0.105,-0.032,0.095,0.0,6000.0,403217.0,216.0,335.0,59.98,2.0,31.6,39.0,30.0,9.65,4.676,-0.038,0.0,0.2,0.2,60.0,59.5,75.6,1.0,275.3,276.0,275.0,-0.076,0.032,0.083,1915.0,415621.0,13168.0,1912.0,-0.925,0.818,0.791,0.836,0.001,-0.001,0.0,-0.001,0.0,0.0,0.0,0.0,103.0,103.0,103.0,77.0,1.437,43.9,13.11,2.0,3.504,2.183,-1.0,13.58,0.0,0.356,1.0,1.0,0.0,0.001,4.763,5.037,4.73,5.458,4.439,4.733,4.824,4.099,5.257,5.62,3.703,2.957,3.909,3.978,2.799,2.69,3.738,3.284,2.415
2017-05-04 01:43:00-05:00,-10.012856,-12.607862,-4.7964187,-9.136532,-9.657481,-2.6519215,-8.656271,-8.015182,856576.0,9.01,0.0,-0.322,-0.064,0.436,10.19,1.76,0.0,0.0,0.0,0.0,0.0,0.0,0.0,0.0,2.0,-1.883,-1.7,-0.2,0.0,0.0,0.0,0.0,0.0,273.7,277.0,277.0,275.7,0.705,0.0,0.0,-0.1,-0.022,0.093,0.0,6000.0,403217.0,216.0,335.0,59.97,2.0,31.92,39.0,30.0,9.62,4.663,-0.038,0.0,0.2,0.2,60.0,59.5,75.6,1.0,275.4,276.0,275.0,-0.077,0.032,0.083,1915.0,415621.0,13168.0,1912.0,-0.924,0.818,0.791,0.836,0.0,-0.001,0.0,0.0,0.0,0.0,0.0,0.0,103.0,103.0,103.0,77.0,1.24,56.97,17.2,1.9,3.504,2.8,-1.0,13.88,0.001,0.622,3.0,1.0,0.0,0.0,4.763,4.944,4.665,5.393,4.374,4.701,4.763,4.116,5.287,5.652,3.719,2.876,3.846,3.846,2.706,2.673,3.889,3.246,2.394
2017-05-04 01:44:00-05:00,-10.260086,-12.607862,-4.7964187,-9.5337715,-9.657481,-3.103312,-8.656271,-7.8973117,856577.0,9.01,0.0,-0.354,-0.102,0.407,10.19,1.806,0.0,0.0,0.0,0.0,0.0,0.0,0.0,0.0,2.0,-1.883,-1.617,-0.2,0.0,0.0,0.0,0.0,0.0,273.9,277.0,277.0,275.9,0.697,0.0,0.0,-0.102,-0.018,0.1,0.0,6000.0,403217.0,216.0,335.0,59.96,2.0,31.7,39.0,30.0,9.68,4.622,-0.038,0.0,0.2,0.2,60.0,59.5,75.6,1.0,275.7,276.0,275.0,-0.077,0.032,0.083,1915.0,415621.0,13168.0,1912.0,-0.924,0.818,0.791,0.836,0.001,-0.001,0.0,0.0,0.0,0.0,0.0,0.0,103.0,103.0,103.0,77.0,0.695,31.84,45.86,1.8,3.503,2.0,-1.0,13.88,0.002,0.272,3.0,2.0,0.0,0.0,4.763,4.86,4.648,5.267,4.374,4.556,4.665,4.098,5.196,5.604,3.71,2.822,3.802,3.821,2.657,2.674,3.957,3.23,2.391
2017-05-04 01:45:00-05:00,-10.630933,-12.607862,-4.7964187,-9.798599,-10.172546,-3.3290076,-8.907177,-8.133052,856578.0,9.01,0.0,-0.356,-0.102,0.407,10.02,1.843,0.0,0.0,0.0,0.0,0.0,0.0,0.0,0.0,2.0,-1.9,-1.617,-0.2,0.0,0.0,0.0,0.0,0.0,273.9,277.0,277.0,275.9,0.697,0.0,0.0,-0.102,-0.028,0.097,0.0,6000.0,403217.0,216.0,335.0,59.95,2.0,31.28,39.0,30.0,9.66,4.561,-0.038,0.0,0.2,0.2,60.0,59.5,75.6,1.0,275.6,276.0,275.0,-0.077,0.032,0.083,1915.0,415621.0,13168.0,1912.0,-0.925,0.818,0.791,0.836,0.0,-0.001,0.0,0.0,0.0,0.0,0.0,0.0,103.0,103.0,103.0,77.0,0.382,327.1,58.0,0.7,3.503,2.0,-1.0,13.88,0.002,0.272,3.0,2.0,0.0,0.0,4.763,4.828,4.521,5.167,4.291,4.488,4.665,4.07,5.15,5.549,3.692,2.789,3.723,3.73,2.627,2.696,4.097,3.211,2.398
2017-05-04 01:46:00-05:00,-10.878164,-12.607862,-4.7964187,-10.063426,-10.687613,-3.21616,-8.907177,-8.133052,856579.0,9.01,0.0,-0.356,-0.102,0.407,9.86,1.866,0.0,0.0,0.0,0.0,0.0,0.0,0.0,0.0,2.0,-1.933,-1.65,-0.2,0.0,0.0,0.0,0.0,0.0,274.0,277.0,277.0,276.0,0.692,0.0,0.0,-0.1,-0.018,0.1,0.0,6000.0,403217.0,216.0,335.0,59.95,2.0,31.1,39.0,30.0,9.66,4.504,-0.038,0.0,0.2,0.2,60.0,59.5,75.6,1.0,276.0,276.0,275.0,-0.076,0.031,0.083,1915.0,415621.0,13168.0,1912.0,-0.925,0.818,0.791,0.836,0.0,0.0,0.0,0.0,0.0,0.0,0.0,0.0,103.0,103.0,103.0,77.0,0.395,274.4,62.82,0.9,3.503,2.0,-1.0,13.88,0.002,0.272,3.0,2.0,0.0,0.0,4.698,4.713,4.439,5.037,4.114,4.323,4.601,4.102,5.295,5.561,3.727,2.787,3.862,3.727,2.627,2.715,4.136,3.18,2.4
2017-05-04 01:47:00-05:00,-10.878164,-12.607862,-4.7964187,-10.063426,-11.202678,-3.103312,-8.907177,-8.133052,856580.0,9.02,0.0,-0.197,0.053,0.517,9.8,1.88,0.0,0.0,0.0,0.0,0.0,0.0,0.0,0.0,2.0,-1.85,-1.567,-0.2,0.0,0.0,0.0,0.0,0.0,274.0,277.0,277.0,276.0,0.712,0.0,0.0,-0.103,-0.02,0.1,0.0,6000.0,403217.0,216.0,335.0,59.96,2.0,31.03,39.0,30.0,9.74,4.448,-0.038,0.0,0.2,0.2,60.0,59.5,75.6,1.0,276.0,276.0,275.0,-0.077,0.032,0.083,1915.0,415621.0,13168.0,1912.0,-0.925,0.818,0.791,0.836,0.0,-0.001,0.0,-0.001,0.0,0.0,0.0,0.0,103.0,103.0,103.0,77.0,0.69,26.96,32.65,1.3,3.503,2.0,-1.0,13.59,-0.01,0.272,1.0,2.0,0.0,0.001,4.665,4.615,4.259,4.907,3.97,4.148,4.568,4.152,5.549,5.713,3.781,2.831,3.959,3.832,2.681,2.761,4.277,3.248,2.453
2017-05-04 01:48:00-05:00,-10.878164,-12.935339,-4.7964187,-9.931012,-11.202678,-2.6519215,-9.032631,-7.8973117,856581.0,9.03,0.0,-0.345,-0.097,0.411,9.82,1.892,0.0,0.0,0.0,0.0,0.0,0.0,0.0,0.0,2.0,-1.75,-1.6,-0.2,0.0,0.0,0.0,0.0,0.0,274.0,277.0,277.0,276.0,0.713,0.0,0.0,-0.102,-0.032,0.098,0.0,6000.0,403217.0,216.0,335.0,59.97,2.0,31.0,39.0,30.0,9.63,4.397,-0.039,0.0,0.2,0.2,60.0,59.5,75.6,1.0,276.0,276.0,275.0,-0.077,0.031,0.083,1915.0,415621.0,13168.0,1912.0,-0.925,0.818,0.791,0.836,0.001,-0.001,0.0,0.0,0.0,0.0,0.0,0.0,103.0,103.0,103.0,77.0,0.49,68.74,24.17,0.9,3.504,2.0,-1.0,13.59,0.013,0.273,1.0,2.0,0.0,0.001,4.665,4.503,4.096,4.758,3.823,3.987,4.568,4.273,5.695,5.811,3.923,2.901,3.963,3.854,2.757,2.842,4.267,3.309,2.518
2017-05-04 01:49:00-05:00,-11.0017805,-13.099078,-4.7964187,-9.798599,-11.202678,-2.6519215,-9.032631,-7.5437,856582.0,9.03,0.0,-0.354,-0.102,0.407,9.77,1.892,0.0,0.0,0.0,0.0,0.0,0.0,0.0,0.0,2.0,-1.95,-1.583,-0.2,0.0,0.0,0.0,0.0,0.0,274.0,277.0,277.0,276.0,0.713,0.0,0.0,-0.102,-0.027,0.098,0.0,6000.0,403217.0,216.0,335.0,59.98,2.0,31.0,39.0,30.0,9.57,4.335,-0.038,0.0,0.2,0.2,60.0,59.5,75.6,1.0,276.0,276.0,275.0,-0.077,0.031,0.083,1915.0,415621.0,13168.0,1912.0,-0.925,0.818,0.791,0.836,0.0,0.0,0.0,-0.001,0.0,0.0,0.0,0.0,103.0,103.0,103.0,77.0,0.503,140.2,29.47,0.8,3.503,2.0,-1.0,13.88,0.002,0.272,3.0,2.0,0.0,0.0,4.665,4.388,4.064,4.633,3.758,3.904,4.665,4.39,5.796,6.049,4.058,2.937,4.118,3.866,2.772,2.916,4.459,3.395,2.604
2017-05-04 01:50:00-05:00,-11.249011,-13.099078,-4.9148493,-9.798599,-11.202678,-2.6519215,-9.032631,-7.30796,856583.0,9.03,0.0,-0.356,-0.102,0.407,9.66,1.892,0.0,0.0,0.0,0.0,0.0,0.0,0.0,0.0,2.0,-1.867,-1.65,-0.2,0.0,0.0,0.0,0.0,0.0,273.7,277.0,277.0,275.7,0.713,0.0,0.0,-0.102,-0.018,0.1,0.0,6000.0,403217.0,216.0,335.0,59.95,2.0,31.0,39.0,30.0,9.51,4.299,-0.038,0.0,0.2,0.2,60.0,59.5,75.6,1.0,275.4,276.0,275.0,-0.077,0.032,0.083,1915.0,415621.0,13168.0,1912.0,-0.924,0.818,0.791,0.836,0.001,-0.001,0.0,-0.001,0.0,0.0,0.0,0.0,103.0,103.0,103.0,77.0,0.567,122.8,24.47,0.8,3.503,2.0,-1.0,13.88,0.002,0.272,3.0,2.0,0.0,0.0,4.568,4.291,3.985,4.503,3.693,3.872,4.665,4.416,5.6,5.985,4.084,2.937,4.274,3.894,2.773,2.946,4.455,3.465,2.628
2017-05-04 01:51:00-05:00,-11.372626,-13.099078,-5.151709,-9.798599,-11.331445,-2.6519215,-9.158084,-7.6615705,856584.0,9.03,0.0,-0.352,-0.102,0.407,9.53,1.892,0.0,0.0,0.0,0.0,0.0,0.0,0.0,0.0,2.0,-1.95,-1.65,-0.2,0.0,0.0,0.0,0.0,0.0,273.4,277.0,277.0,275.4,0.723,0.0,0.0,-0.102,-0.017,0.097,0.0,6000.0,403217.0,216.0,335.0,59.94,2.0,31.0,39.0,30.0,9.42,4.265,-0.038,0.0,0.2,0.2,60.0,59.5,75.6,1.0,275.0,276.0,275.0,-0.077,0.032,0.083,1915.0,415621.0,13168.0,1912.0,-0.924,0.818,0.791,0.836,0.001,0.0,0.0,-0.001,0.0,0.0,0.0,0.0,103.0,103.0,103.0,77.0,0.248,96.8,40.27,0.6,3.503,2.0,-1.0,13.88,0.002,0.272,3.0,2.0,0.0,0.0,4.568,4.277,3.887,4.424,3.592,3.745,4.648,4.377,5.528,5.952,4.021,2.898,4.055,3.89,2.751,2.984,4.457,3.473,2.648
2017-05-04 01:52:00-05:00,-11.249011,-13.262816,-5.151709,-10.063426,-11.717744,-2.9904647,-9.283538,-8.015182,856585.0,9.04,0.0,-0.356,-0.102,0.407,9.45,1.892,0.0,0.0,0.0,0.0,0.0,0.0,0.0,0.0,2.0,-1.983,-1.667,-0.2,0.0,0.0,0.0,0.0,0.0,273.6,277.0,277.0,275.6,0.707,0.0,0.0,-0.103,-0.033,0.097,0.0,6000.0,403217.0,216.0,335.0,59.96,2.0,31.0,39.0,30.0,9.34,4.263,-0.038,0.0,0.2,0.2,60.0,59.5,75.6,1.0,275.3,276.0,275.0,-0.077,0.032,0.083,1915.0,415621.0,13168.0,1912.0,-0.924,0.818,0.791,0.836,0.001,-0.001,0.0,0.0,0.0,0.0,0.0,0.0,103.0,103.0,103.0,77.0,0.177,91.4,27.73,0.4,3.504,2.017,-1.0,13.88,0.002,0.272,3.0,2.0,0.0,0.0,4.521,4.226,3.823,4.324,3.466,3.692,4.554,4.356,5.517,5.858,3.982,2.811,3.872,3.805,2.66,2.932,4.303,3.368,2.593
2017-05-04 01:53:00-05:00,-11.249011,-13.099078,-5.151709,-10.328253,-12.104043,-3.4418554,-9.534443,-8.604533,856586.0,9.05,0.0,-0.163,0.03,0.496,9.39,1.892,0.0,0.0,0.0,0.0,0.0,0.0,0.0,0.0,2.0,-1.95,-1.733,-0.2,0.0,0.0,0.0,0.0,0.0,273.9,277.0,277.0,275.9,0.722,0.0,0.0,-0.105,-0.022,0.098,0.0,6000.0,403217.0,216.0,335.0,59.96,2.0,31.0,39.0,30.0,9.23,4.21,-0.038,0.0,0.2,0.2,60.0,59.5,75.6,1.0,275.6,276.0,275.0,-0.077,0.032,0.083,1915.0,415621.0,13168.0,1912.0,-0.924,0.818,0.791,0.836,0.001,-0.001,0.0,-0.001,0.0,0.0,0.0,0.0,103.0,103.0,103.0,77.0,0.463,131.5,20.64,0.7,3.504,3.0,-1.0,13.88,0.002,0.699,3.0,1.0,0.0,0.0,4.484,4.129,3.708,4.226,3.351,3.543,4.471,4.326,5.504,5.771,3.941,2.726,3.724,3.733,2.574,2.916,4.242,3.322,2.587
2017-05-04 01:54:00-05:00,-11.125395,-13.262816,-5.270139,-10.59308,-12.361576,-3.4418554,-9.785349,-9.311755,856587.0,9.06,0.0,-0.32,-0.064,0.441,9.33,1.892,0.0,0.0,0.0,0.0,0.0,0.0,0.0,0.0,2.0,-1.867,-1.6,-0.2,0.0,0.0,0.0,0.0,0.0,273.7,277.0,277.0,275.7,0.71,0.0,0.0,-0.1,-0.018,0.1,0.0,6000.0,403217.0,216.0,335.0,59.96,2.0,31.0,39.0,30.0,9.16,4.18,-0.038,0.0,0.2,0.2,60.0,59.5,75.6,1.0,275.5,276.0,275.0,-0.077,0.032,0.083,1915.0,415621.0,13168.0,1912.0,-0.924,0.818,0.791,0.836,0.0,-0.001,0.0,-0.001,0.0,0.0,0.0,0.0,103.0,103.0,103.0,77.0,0.555,120.9,11.51,0.9,3.504,2.333,-1.0,13.88,0.002,0.488,3.0,1.0,0.0,0.0,4.471,4.082,3.61,4.129,3.286,3.48,4.406,4.319,5.558,5.76,3.929,2.65,3.61,3.702,2.523,2.866,4.055,3.239,2.542
2017-05-04 01:55:00-05:00,-11.249011,-13.590293,-5.270139,-10.725493,-12.619108,-3.7803986,-10.036256,-9.7832365,856588.0,9.06,0.0,-0.356,-0.102,0.407,9.23,1.894,0.0,0.0,0.0,0.0,0.0,0.0,0.0,0.0,2.0,-1.85,-1.6,-0.2,0.0,0.0,0.0,0.0,0.0,273.8,277.0,277.0,275.8,0.72,0.0,0.0,-0.1,-0.018,0.097,0.0,6000.0,403217.0,216.0,335.0,59.95,2.0,31.0,39.0,30.0,9.09,4.215,-0.038,0.0,0.2,0.2,60.0,59.5,75.6,1.0,275.4,276.0,275.0,-0.077,0.032,0.083,1915.0,415621.0,13168.0,1912.0,-0.924,0.818,0.791,0.836,0.0,-0.001,0.0,-0.001,0.0,0.0,0.0,0.0,103.0,103.0,103.0,77.0,0.502,142.0,10.82,0.7,3.504,2.0,-1.0,13.88,0.002,0.272,3.0,2.0,0.0,0.0,4.471,4.032,3.596,4.082,3.207,3.451,4.374,4.358,5.517,5.755,3.948,2.613,3.519,3.682,2.513,2.798,3.909,3.156,2.493
2017-05-04 01:56:00-05:00,-11.496242,-13.754032,-5.270139,-10.857907,-12.747875,-4.006094,-10.16171,-10.254718,856589.0,9.06,0.0,-0.356,-0.102,0.407,9.17,1.944,0.0,0.0,0.0,0.0,0.0,0.0,0.0,0.0,2.0,-1.967,-1.65,-0.2,0.0,0.0,0.0,0.0,0.0,273.9,277.0,277.0,275.9,0.722,0.0,0.0,-0.102,-0.015,0.098,0.0,6000.0,403217.0,216.0,335.0,59.96,2.0,31.0,38.98,30.0,9.03,4.183,-0.038,0.0,0.2,0.2,60.0,59.5,75.6,1.0,275.7,276.0,275.0,-0.077,0.032,0.083,1915.0,415621.0,13168.0,1912.0,-0.924,0.818,0.791,0.836,0.001,-0.001,0.0,-0.001,0.0,0.0,0.0,0.0,103.0,103.0,103.0,77.0,0.517,149.4,10.87,0.7,3.503,2.0,-1.0,13.88,0.002,0.272,3.0,2.0,0.0,0.0,4.388,3.985,3.513,4.017,3.109,3.403,4.277,4.344,5.348,5.691,3.928,2.576,3.407,3.656,2.489,2.743,3.8,3.098,2.433
2017-05-04 01:57:00-05:00,-11.619857,-13.754032,-5.270139,-11.122734,-12.876641,-4.2317896,-10.16171,-10.726199,856590.0,9.06,0.0,-0.356,-0.102,0.407,9.11,2.023,0.0,0.0,0.0,0.0,0.0,0.0,0.0,0.0,2.0,-1.717,-1.567,-0.2,0.0,0.0,0.0,0.0,0.0,274.0,277.0,277.0,276.0,0.715,0.0,0.0,-0.103,-0.012,0.1,0.0,6000.0,403217.0,216.0,335.0,59.95,2.0,31.0,38.87,30.0,8.98,4.148,-0.038,0.0,0.2,0.2,60.0,59.5,75.6,1.0,276.0,276.0,275.0,-0.077,0.032,0.083,1915.0,415621.0,13168.0,1912.0,-0.924,0.818,0.791,0.836,0.0,-0.001,0.0,-0.001,0.0,0.0,0.0,0.0,103.0,103.0,103.0,77.0,0.428,172.2,24.33,0.6,3.503,2.0,-1.0,13.88,0.002,0.272,3.0,2.0,0.0,0.0,4.374,3.985,3.499,3.92,3.059,3.32,4.277,4.279,5.17,5.536,3.849,2.513,3.327,3.606,2.45,2.676,3.674,3.016,2.371
2017-05-04 01:58:00-05:00,-11.743473,-13.754032,-5.270139,-11.122734,-13.005407,-4.2317896,-10.287163,-11.07981,856591.0,9.06,0.0,-0.119,0.121,0.557,8.98,2.005,0.0,0.0,0.0,0.0,0.0,0.0,0.0,0.0,2.0,-1.75,-1.567,-0.2,0.0,0.0,0.0,0.0,0.0,274.0,277.0,277.0,276.0,0.698,0.0,0.0,-0.102,-0.018,0.098,0.0,6000.0,403217.0,216.0,335.0,59.96,2.0,31.0,38.5,30.0,8.98,4.148,-0.038,0.0,0.2,0.2,60.0,59.5,75.6,1.0,276.0,276.0,275.0,-0.076,0.032,0.083,1915.0,415621.0,13168.0,1912.0,-0.924,0.818,0.791,0.836,0.0,-0.001,0.0,0.0,0.0,0.0,0.0,0.0,103.0,103.0,103.0,77.0,0.307,201.3,11.33,0.4,3.504,2.0,-1.0,13.58,-0.002,0.273,1.0,2.0,0.0,0.001,4.306,3.967,3.448,3.887,2.994,3.208,4.23,4.188,5.027,5.399,3.758,2.446,3.268,3.535,2.388,2.594,3.559,2.918,2.291
2017-05-04 01:59:00-05:00,-11.743473,-13.754032,-5.270139,-11.122734,-13.005407,-4.4574847,-10.287163,-11.433422,856592.0,9.06,0.0,-0.356,-0.102,0.407,8.85,1.92,0.0,0.0,0.0,0.0,0.0,0.0,0.0,0.0,2.0,-1.95,-1.533,-0.2,0.0,0.0,0.0,0.0,0.0,274.0,277.0,277.1,276.0,0.7,0.0,0.0,-0.103,-0.023,0.098,0.0,6000.0,403217.0,216.0,335.0,59.96,2.0,31.0,38.0,30.0,8.94,4.057,-0.038,0.0,0.2,0.2,60.0,59.5,75.6,1.0,276.0,276.0,275.0,-0.077,0.032,0.083,1915.0,415621.0,13168.0,1912.0,-0.924,0.818,0.791,0.836,0.0,-0.001,0.0,-0.001,0.0,0.0,0.0,0.0,103.0,103.0,103.0,77.0,0.237,208.6,18.99,0.3,3.504,2.0,-1.0,13.88,0.006,0.272,3.0,2.0,0.0,0.0,4.277,3.887,3.383,3.79,2.915,3.208,4.161,4.108,4.891,5.285,3.669,2.411,3.197,3.466,2.356,2.523,3.474,2.843,2.229
2017-05-04 02:00:00-05:00,-11.867088,-13.754032,-5.270139,-10.99032,-13.134174,-4.5703325,-10.16171,-11.669162,856593.0,9.06,0.0,-0.349,-0.102,0.407,8.78,1.894,0.0,0.0,0.0,0.0,0.0,0.0,0.0,0.0,2.0,-1.85,-1.583,-0.2,0.0,0.0,0.0,0.0,0.0,274.0,277.0,277.1,276.0,0.69,0.0,0.0,-0.102,-0.023,0.1,0.0,6000.0,403217.0,216.0,335.0,59.98,2.0,31.0,38.02,30.0,8.9,3.999,-0.038,0.0,0.2,0.2,60.0,59.5,75.6,1.0,276.0,276.0,275.0,-0.077,0.032,0.083,1915.0,415621.0,13168.0,1912.0,-0.924,0.818,0.791,0.836,0.001,-0.001,0.0,-0.001,0.0,0.0,0.0,0.0,103.0,103.0,103.0,77.0,0.26,274.2,25.68,0.4,3.504,2.0,-1.0,13.88,0.002,0.272,3.0,2.0,0.0,0.0,4.277,3.823,3.304,3.758,2.8,3.111,4.161,4.039,4.766,5.171,3.603,2.352,3.104,3.386,2.294,2.458,3.379,2.768,2.168
2017-05-04 02:01:00-05:00,-11.990705,-13.754032,-5.270139,-10.857907,-13.391707,-4.6831803,-10.16171,-11.787031,856594.0,9.06,0.0,-0.352,-0.102,0.407,8.73,1.898,0.0,0.0,0.0,0.0,0.0,0.0,0.0,0.0,2.0,-1.983,-1.65,-0.2,0.0,0.0,0.0,0.0,0.0,274.0,277.0,277.0,276.0,0.695,0.0,0.0,-0.103,-0.02,0.1,0.0,6000.0,403217.0,216.0,335.0,59.99,2.0,31.0,38.0,30.0,8.87,3.922,-0.043,0.0,0.2,0.2,60.0,59.5,75.6,1.0,276.0,276.0,275.0,-0.077,0.032,0.083,1915.0,415621.0,13168.0,1912.0,-0.924,0.818,0.791,0.836,0.001,-0.001,0.001,0.0,0.0,0.0,0.0,0.0,103.0,103.0,103.0,77.0,0.288,282.7,9.35,0.4,3.504,2.0,-1.0,13.88,0.002,0.272,3.0,2.0,0.0,0.0,4.194,3.74,3.239,3.693,2.688,3.029,4.114,3.973,4.664,5.093,3.541,2.273,3.056,3.307,2.218,2.401,3.289,2.681,2.115
2017-05-04 02:02:00-05:00,-11.990705,-13.91777,-5.270139,-10.99032,-13.391707,-4.5703325,-10.287163,-11.669162,856595.0,9.06,0.0,-0.318,-0.066,0.438,8.72,1.898,0.0,0.0,0.0,0.0,0.0,0.0,0.0,0.0,2.0,-1.967,-1.65,-0.2,0.0,0.0,0.0,0.0,0.0,274.0,277.0,277.1,276.0,0.673,0.0,0.0,-0.1,-0.012,0.105,0.0,6000.0,403217.0,216.0,335.0,59.99,2.0,31.0,38.0,30.0,8.85,3.839,-0.038,0.0,0.2,0.2,60.0,59.5,75.6,1.0,276.0,276.0,275.0,-0.077,0.032,0.083,1915.0,415621.0,13168.0,1912.0,-0.924,0.818,0.791,0.836,0.0,-0.001,0.0,-0.001,0.0,0.0,0.0,0.0,103.0,103.0,103.0,77.0,0.32,272.5,11.63,0.5,3.504,2.183,-1.0,13.88,0.002,0.362,3.0,1.0,0.0,0.0,4.096,3.693,3.142,3.693,2.559,2.916,4.082,3.917,4.546,4.953,3.465,2.222,2.952,3.242,2.162,2.376,3.209,2.643,2.1
2017-05-04 02:03:00-05:00,-11.867088,-14.245247,-5.270139,-11.122734,-13.520474,-4.5703325,-10.287163,-11.551291,856596.0,9.05,0.0,-0.282,-0.034,0.451,8.71,1.909,0.0,0.0,0.0,0.0,0.0,0.0,0.0,0.0,2.0,-1.967,-1.567,-0.2,0.0,0.0,0.0,0.0,0.0,274.0,277.0,277.2,276.0,0.703,0.0,0.0,-0.105,-0.023,0.108,0.0,6000.0,403217.0,216.0,335.0,59.96,2.0,31.0,38.0,30.0,8.9,3.774,-0.038,0.0,0.2,0.2,60.0,59.5,75.6,1.0,276.0,276.0,275.0,-0.077,0.032,0.083,1915.0,415621.0,13168.0,1912.0,-0.924,0.818,0.791,0.836,0.0,-0.001,0.0,-0.001,0.0,0.0,0.0,0.0,103.0,103.0,103.0,77.0,0.228,271.7,18.65,0.4,3.502,2.983,-1.0,13.88,0.002,0.712,3.0,1.0,0.0,0.0,3.999,3.594,3.077,3.693,2.429,2.848,4.05,3.861,4.475,4.88,3.428,2.149,2.873,3.158,2.101,2.336,3.113,2.622,2.083
2017-05-04 02:04:00-05:00,-11.867088,-14.245247,-5.270139,-10.857907,-13.391707,-4.5703325,-10.287163,-11.551291,856597.0,9.03,0.0,-0.352,-0.102,0.407,8.72,1.902,0.0,0.0,0.0,0.0,0.0,0.0,0.0,0.0,2.0,-1.9,-1.633,-0.2,0.0,0.0,0.0,0.0,0.0,274.0,277.0,277.0,276.0,0.692,0.0,0.0,-0.103,-0.013,0.102,0.0,6000.0,403217.0,216.0,335.0,59.96,2.0,31.0,38.0,30.0,8.88,3.699,-0.038,0.0,0.2,0.2,60.0,59.5,75.6,1.0,276.0,276.0,275.0,-0.077,0.032,0.083,1915.0,415621.0,13168.0,1912.0,-0.924,0.818,0.791,0.836,0.001,0.0,0.0,-0.001,0.0,0.0,0.0,0.0,103.0,103.0,103.0,77.0,0.193,207.8,22.04,0.3,3.504,2.0,-1.0,13.88,0.001,0.398,3.0,1.0,0.0,0.0,3.92,3.516,2.994,3.628,2.332,2.754,4.067,3.793,4.357,4.838,3.355,2.132,2.823,3.116,2.073,2.291,3.058,2.58,2.047
2017-05-04 02:05:00-05:00,-11.743473,-14.245247,-5.270139,-10.725493,-13.262941,-4.5703325,-10.287163,-11.551291,856598.0,9.03,0.0,-0.352,-0.102,0.407,8.74,1.918,0.0,0.0,0.0,0.0,0.0,0.0,0.0,0.0,2.0,-1.75,-1.65,-0.2,0.0,0.0,0.0,0.0,0.0,274.0,277.0,277.0,276.0,0.708,0.0,0.0,-0.102,-0.02,0.1,0.0,6000.0,403217.0,216.0,335.0,59.96,2.0,31.0,38.0,30.0,8.86,3.658,-0.038,0.0,0.2,0.2,60.0,59.5,75.6,1.0,276.0,276.0,275.0,-0.077,0.032,0.083,1915.0,415621.0,13168.0,1912.0,-0.924,0.818,0.791,0.836,0.001,-0.001,0.0,-0.001,0.0,0.0,0.0,0.0,103.0,103.0,103.0,77.0,0.337,156.4,11.6,0.5,3.503,2.0,-1.0,13.88,0.002,0.272,3.0,2.0,0.0,0.0,3.823,3.499,2.915,3.513,2.282,2.671,4.064,3.73,4.279,4.736,3.294,2.08,2.756,3.046,2.043,2.24,2.98,2.525,1.973
2017-05-04 02:06:00-05:00,-11.619857,-13.91777,-5.270139,-10.857907,-13.134174,-4.5703325,-10.287163,-11.551291,856599.0,9.03,0.0,-0.356,-0.102,0.407,8.72,1.892,0.0,0.0,0.0,0.0,0.0,0.0,0.0,0.0,2.0,-1.567,-1.533,-0.2,0.0,0.0,0.0,0.0,0.0,274.0,277.0,277.0,276.0,0.715,0.0,0.0,-0.102,-0.03,0.102,0.0,6000.0,403217.0,216.0,335.0,59.95,2.0,31.0,38.0,30.0,8.78,3.63,-0.038,0.0,0.2,0.2,60.0,59.5,75.6,1.0,276.0,276.0,275.0,-0.077,0.032,0.083,1915.0,415621.0,13168.0,1912.0,-0.924,0.818,0.791,0.836,0.001,-0.001,0.0,-0.001,0.0,0.0,0.0,0.0,103.0,103.0,103.0,77.0,0.438,158.4,6.754,0.8,3.503,2.0,-1.0,13.88,0.002,0.272,3.0,2.0,0.0,0.0,3.79,3.499,2.818,3.499,2.235,2.624,3.985,3.683,4.247,4.649,3.237,2.03,2.691,3.023,1.991,2.19,2.904,2.47,1.947
2017-05-04 02:07:00-05:00,-11.496242,-13.754032,-5.270139,-10.857907,-13.005407,-4.7960277,-10.412616,-11.787031,856600.0,9.03,0.0,-0.356,-0.102,0.407,8.66,1.892,0.0,0.0,0.0,0.0,0.0,0.0,0.0,0.0,2.0,-1.583,-1.517,-0.2,0.0,0.0,0.0,0.0,0.0,274.0,277.0,277.2,276.0,0.702,0.0,0.0,-0.102,-0.022,0.1,0.0,6000.0,403217.0,216.0,335.0,59.94,2.0,31.0,38.0,30.0,8.74,3.636,-0.038,0.0,0.2,0.2,60.0,59.5,75.6,1.0,276.0,276.0,275.0,-0.077,0.032,0.083,1915.0,415621.0,13168.0,1912.0,-0.925,0.818,0.791,0.836,0.001,-0.001,0.0,-0.001,0.0,0.0,0.0,0.0,103.0,103.0,103.0,77.0,0.722,139.3,13.57,0.8,3.504,2.0,-1.0,13.88,0.002,0.272,3.0,2.0,0.0,0.0,3.79,3.499,2.883,3.419,2.235,2.66,3.887,3.63,4.143,4.595,3.184,2.002,2.63,2.995,1.957,2.144,2.843,2.397,1.887
2017-05-04 02:08:00-05:00,-11.372626,-13.754032,-5.270139,-10.725493,-13.005407,-4.7960277,-10.538069,-11.551291,856601.0,9.01,0.0,-0.038,0.203,0.657,8.61,1.893,0.0,0.0,0.0,0.0,0.0,0.0,0.0,0.0,2.0,-1.817,-1.567,-0.2,0.0,0.0,0.0,0.0,0.0,274.0,277.0,277.6,276.0,0.72,0.0,0.0,-0.103,-0.015,0.1,0.0,6000.0,403217.0,216.0,335.0,59.95,2.0,31.0,38.0,30.0,8.72,3.624,-0.038,0.0,0.2,0.2,60.0,59.5,75.6,1.0,276.0,276.0,275.0,-0.077,0.032,0.083,1915.0,415621.0,13168.0,1912.0,-0.925,0.818,0.791,0.836,0.0,0.0,0.0,0.0,0.0,0.0,0.0,0.0,103.0,103.0,103.0,77.0,0.417,93.8,11.59,0.8,3.504,2.0,-1.0,13.7,0.013,0.271,1.0,2.0,0.0,0.001,3.776,3.482,2.897,3.451,2.235,2.639,3.887,3.633,4.356,4.639,3.196,2.008,2.591,3.045,1.973,2.101,2.793,2.341,1.836
2017-05-04 02:09:00-05:00,-11.249011,-13.754032,-5.270139,-10.725493,-13.005407,-4.5703325,-10.412616,-11.19768,856602.0,9.01,0.0,-0.318,-0.074,0.413,8.62,1.896,0.0,0.0,0.0,0.0,0.0,0.0,0.0,0.0,2.0,-1.633,-1.6,-0.2,0.0,0.0,0.0,0.0,0.0,273.1,276.1,276.8,275.1,0.693,0.0,0.0,-0.1,-0.03,0.088,0.0,6000.0,403217.0,216.0,335.0,59.96,2.0,31.0,38.0,30.0,8.65,3.542,-0.038,0.0,0.2,0.2,60.0,59.5,75.6,1.0,275.1,275.1,274.1,-0.076,0.031,0.083,1915.0,415621.0,13168.0,1912.0,-0.924,0.818,0.791,0.836,0.001,0.0,0.0,0.0,0.0,0.0,0.0,0.0,103.0,103.0,103.0,77.0,0.353,102.5,16.77,0.6,3.503,2.0,-1.0,13.57,-0.011,0.274,1.0,2.0,0.0,0.001,3.725,3.481,2.818,3.499,2.17,2.624,3.823,3.694,4.438,4.697,3.267,1.96,2.544,3.011,1.936,2.088,2.764,2.305,1.825
2017-05-04 02:10:00-05:00,-11.125395,-13.754032,-5.033279,-10.725493,-12.876641,-4.2317896,-10.412616,-11.07981,856603.0,9.01,0.0,-0.352,-0.102,0.407,8.6,1.893,0.0,0.0,0.0,0.0,0.0,0.0,0.0,0.0,2.0,-1.683,-1.567,-0.2,0.0,0.0,0.0,0.0,0.0,273.0,276.0,276.9,275.0,0.688,0.0,0.0,-0.102,-0.037,0.093,0.0,6000.0,403217.0,216.0,335.0,59.96,2.0,31.0,38.0,30.0,8.63,3.492,-0.038,0.0,0.2,0.2,60.0,59.5,75.6,1.0,275.0,275.0,274.0,-0.076,0.032,0.082,1915.0,415621.0,13168.0,1912.0,-0.924,0.818,0.791,0.836,0.001,0.0,0.0,-0.001,0.0,0.0,0.0,0.0,103.0,103.0,103.0,77.0,0.338,81.7,18.53,0.6,3.503,2.0,-1.0,13.88,0.002,0.272,3.0,2.0,0.0,0.0,3.693,3.499,2.735,3.401,2.087,2.607,3.772,3.709,4.5,4.691,3.284,1.904,2.486,2.94,1.876,2.075,2.755,2.297,1.842
2017-05-04 02:11:00-05:00,-11.125395,-13.754032,-5.033279,-10.857907,-12.747875,-4.2317896,-10.412616,-11.07981,856604.0,9.01,0.0,-0.343,-0.093,0.407,8.57,1.892,0.0,0.0,0.0,0.0,0.0,0.0,0.0,0.0,2.0,-1.883,-1.6,-0.2,0.0,0.0,0.0,0.0,0.0,273.0,276.0,276.9,275.0,0.687,0.0,0.0,-0.1,-0.03,0.077,0.0,6000.0,403217.0,216.0,335.0,59.98,2.0,31.0,38.0,30.0,8.65,3.436,-0.038,0.0,0.2,0.2,60.0,59.5,75.6,1.0,275.0,275.0,274.2,-0.076,0.032,0.082,1915.0,415621.0,13168.0,1912.0,-0.924,0.818,0.791,0.836,0.001,-0.001,0.0,-0.001,0.0,0.0,0.0,0.0,103.0,103.0,103.0,77.0,0.52,73.75,11.59,0.6,3.504,2.183,-1.0,13.88,0.002,0.348,3.0,1.0,0.0,0.0,3.596,3.434,2.721,3.401,2.022,2.509,3.725,3.767,4.516,4.686,3.337,1.892,2.444,2.948,1.854,2.09,2.693,2.315,1.875
2017-05-04 02:12:00-05:00,-11.125395,-13.754032,-5.270139,-10.857907,-12.619108,-4.2317896,-10.538069,-10.96194,856605.0,9.0,0.0,-0.33,-0.085,0.407,8.51,1.894,0.0,0.0,0.0,0.0,0.0,0.0,0.0,0.0,2.0,-1.817,-1.55,-0.2,0.0,0.0,0.0,0.0,0.0,273.0,276.0,276.7,275.0,0.685,0.0,0.0,-0.1,-0.045,0.083,0.0,6000.0,403217.0,216.0,335.0,59.97,2.0,31.0,38.0,30.0,8.62,3.427,-0.038,0.0,0.2,0.2,60.0,59.5,75.6,1.0,275.0,275.0,274.0,-0.076,0.032,0.083,1915.0,415621.0,13168.0,1912.0,-0.924,0.818,0.791,0.836,0.001,0.0,0.001,0.0,0.0,0.0,0.0,0.0,103.0,103.0,103.0,77.0,0.6,92.8,15.06,0.8,3.503,2.983,-1.0,13.88,0.002,0.706,3.0,1.0,0.0,0.0,3.513,3.419,2.721,3.401,2.04,2.462,3.693,3.859,4.656,4.755,3.424,1.951,2.568,3.042,1.914,2.14,2.743,2.381,1.934
2017-05-04 02:13:00-05:00,-11.125395,-13.754032,-5.270139,-10.725493,-12.361576,-4.006094,-10.663523,-10.726199,856606.0,8.99,0.0,-0.352,-0.102,0.407,8.43,1.898,0.0,0.0,0.0,0.0,0.0,0.0,0.0,0.0,2.0,-1.55,-1.517,-0.2,0.0,0.0,0.0,0.0,0.0,273.0,276.0,276.8,275.0,0.693,0.0,0.0,-0.1,-0.03,0.09,0.0,6000.0,403217.0,216.0,335.0,59.97,2.0,31.0,38.0,30.0,8.62,3.405,-0.038,0.0,0.2,0.2,60.0,59.5,75.6,1.0,275.0,275.0,274.0,-0.076,0.032,0.083,1915.0,415621.0,13168.0,1912.0,-0.924,0.818,0.791,0.836,0.0,-0.001,0.0,-0.001,0.0,0.0,0.0,0.0,103.0,103.0,103.0,77.0,0.423,128.8,34.47,0.6,3.503,2.0,-1.0,13.88,0.001,0.412,3.0,1.0,0.0,0.0,3.531,3.43,2.638,3.319,2.04,2.446,3.711,3.962,4.733,4.815,3.506,2.021,2.599,3.124,1.981,2.228,2.82,2.491,2.034
2017-05-04 02:14:00-05:00,-11.125395,-13.754032,-5.270139,-10.59308,-12.104043,-3.6675506,-10.538069,-10.372588,856607.0,8.98,0.0,-0.239,0.002,0.474,8.38,1.916,0.0,0.0,0.0,0.0,0.0,0.0,0.0,0.0,2.033,-1.45,-1.583,-0.2,0.0,0.0,0.0,0.0,0.0,273.0,276.0,276.5,275.0,0.677,0.0,0.0,-0.1,-0.022,0.078,0.0,6000.0,403217.0,216.0,335.0,59.96,2.0,31.0,38.0,30.0,8.62,3.367,-0.038,0.0,0.2,0.2,60.0,59.5,75.6,1.0,275.0,275.0,274.0,-0.076,0.032,0.082,1915.0,415621.0,13168.0,1912.0,-0.924,0.818,0.791,0.836,0.001,-0.001,0.001,-0.001,0.0,0.0,0.0,0.0,103.0,103.0,103.0,77.0,0.307,122.7,34.62,0.7,3.503,2.0,-1.0,13.59,-0.007,0.272,1.0,2.0,0.0,0.001,3.499,3.351,2.688,3.239,2.123,2.383,3.758,3.995,4.748,4.836,3.557,2.117,2.742,3.29,2.093,2.305,2.833,2.581,2.119
2017-05-04 02:15:00-05:00,-11.0017805,-13.754032,-5.270139,-10.59308,-11.846511,-3.4418554,-10.412616,-10.254718,856608.0,8.97,0.0,-0.343,-0.093,0.407,8.32,2.003,0.0,0.0,0.0,0.0,0.0,0.0,0.0,0.0,2.0,-1.75,-1.55,-0.2,0.0,0.0,0.0,0.0,0.0,273.0,276.0,276.6,275.0,0.68,0.0,0.0,-0.1,-0.035,0.077,0.0,6000.0,403217.0,216.0,335.0,59.95,2.0,31.0,38.0,30.0,8.59,3.347,-0.038,0.0,0.2,0.2,60.0,59.5,75.6,1.0,275.0,275.0,274.0,-0.076,0.032,0.082,1915.0,415621.0,13168.0,1912.0,-0.924,0.818,0.791,0.836,0.0,0.0,0.0,0.0,0.0,0.0,0.0,0.0,103.0,103.0,103.0,77.0,0.203,106.2,89.1,0.4,3.504,2.0,-1.0,13.66,0.011,0.273,3.0,2.0,0.0,0.001,3.499,3.304,2.706,3.207,2.188,2.398,3.79,4.02,4.737,4.851,3.597,2.194,2.871,3.391,2.161,2.38,3.026,2.686,2.189
2017-05-04 02:16:00-05:00,-10.878164,-13.754032,-5.270139,-10.725493,-11.460212,-3.4418554,-10.16171,-10.018977,856609.0,8.97,0.0,-0.356,-0.102,0.407,8.28,2.124,0.0,0.0,0.0,0.0,0.0,0.0,0.0,0.0,2.033,-1.617,-1.467,-0.2,0.0,0.0,0.0,0.0,0.0,272.1,275.1,275.2,274.1,0.672,0.0,0.0,-0.1,-0.057,0.082,0.0,6000.0,403217.0,216.0,335.0,59.97,2.0,31.0,38.0,30.0,8.57,3.349,-0.038,0.0,0.2,0.2,60.0,59.5,75.6,1.0,274.1,274.1,273.1,-0.076,0.031,0.082,1915.0,415621.0,13168.0,1912.0,-0.925,0.818,0.791,0.836,0.0,0.0,0.0,0.0,0.0,0.0,0.0,0.0,103.0,103.0,103.0,77.0,0.317,114.6,41.59,0.6,3.504,2.0,-1.0,13.88,0.002,0.272,3.0,2.0,0.0,0.0,3.499,3.304,2.706,3.207,2.17,2.448,3.79,4.038,4.754,4.904,3.609,2.193,2.882,3.412,2.156,2.395,3.06,2.711,2.205
2017-05-04 02:17:00-05:00,-10.754549,-13.754032,-5.151709,-10.725493,-11.331445,-3.4418554,-10.036256,-9.4296255,856610.0,8.97,0.0,-0.356,-0.102,0.407,8.24,2.162,0.0,0.0,0.0,0.0,0.0,0.0,0.0,0.0,2.333,-1.433,-1.483,-0.2,0.0,0.0,0.0,0.0,0.0,272.0,275.0,275.0,274.0,0.695,0.0,0.0,-0.1,-0.058,0.065,0.0,6000.0,403217.0,216.0,335.0,59.97,2.0,31.0,38.0,30.0,8.53,3.357,-0.038,0.0,0.2,0.2,60.0,59.5,75.6,1.0,274.0,274.0,273.0,-0.076,0.031,0.082,1915.0,415621.0,13168.0,1912.0,-0.924,0.818,0.791,0.836,0.001,-0.001,0.001,-0.001,0.0,0.0,0.0,0.0,103.0,103.0,103.0,77.0,0.418,112.3,14.74,0.7,3.504,2.0,-1.0,13.88,0.002,0.272,3.0,2.0,0.0,0.0,3.499,3.304,2.721,3.207,2.282,2.445,3.761,4.089,4.769,5.02,3.664,2.231,2.873,3.476,2.203,2.414,3.062,2.74,2.237
2017-05-04 02:18:00-05:00,-10.754549,-13.754032,-5.033279,-10.59308,-11.331445,-3.4418554,-9.910803,-9.193885,856611.0,8.95,0.0,-0.356,-0.102,0.407,8.23,2.206,0.0,0.0,0.0,0.0,0.0,0.0,0.0,0.0,2.817,-1.55,-1.533,-0.2,0.0,0.0,0.0,0.0,0.0,272.0,275.0,275.1,274.0,0.688,0.0,0.0,-0.102,-0.055,0.06,0.0,6000.0,403217.0,216.0,335.0,59.98,2.0,31.0,38.0,30.0,8.53,3.354,-0.038,0.0,0.2,0.2,60.0,59.5,75.6,1.0,274.0,274.0,273.0,-0.076,0.031,0.082,1915.0,415621.0,13168.0,1912.0,-0.924,0.818,0.791,0.836,0.0,-0.001,0.0,-0.001,0.0,0.0,0.0,0.0,103.0,103.0,103.0,77.0,0.537,123.5,12.23,0.9,3.504,2.0,-1.0,13.88,0.002,0.272,3.0,2.0,0.0,0.0,3.499,3.304,2.703,3.239,2.251,2.43,3.755,4.112,4.774,5.074,3.689,2.292,2.928,3.521,2.264,2.42,3.078,2.758,2.248
2017-05-04 02:19:00-05:00,-10.754549,-13.590293,-4.7964187,-10.460667,-11.331445,-3.4418554,-9.785349,-9.311755,856612.0,8.94,0.0,-0.356,-0.102,0.407,8.21,2.386,0.0,0.0,0.0,0.0,0.0,0.0,0.0,0.0,3.0,-1.3,-1.383,-0.2,0.0,0.0,0.0,0.0,0.0,272.0,275.0,275.2,274.0,0.668,0.0,0.0,-0.1,-0.058,0.083,0.0,6000.0,403217.0,216.0,335.0,59.98,2.0,31.0,38.0,30.0,8.54,3.365,-0.039,0.0,0.2,0.2,60.0,59.5,75.6,1.0,274.0,274.0,273.1,-0.076,0.031,0.082,1915.0,415621.0,13168.0,1912.0,-0.924,0.818,0.791,0.836,0.001,-0.001,0.0,-0.001,0.0,0.0,0.0,0.0,103.0,103.0,103.0,77.0,0.713,102.9,12.73,1.1,3.504,2.017,-1.0,13.88,0.002,0.272,3.0,2.0,0.0,0.0,3.499,3.388,2.656,3.257,2.317,2.43,3.693,4.108,4.771,5.057,3.687,2.306,2.869,3.515,2.284,2.432,3.095,2.828,2.248
2017-05-04 02:20:00-05:00,-10.630933,-13.099078,-4.6779885,-10.19584,-11.331445,-3.4418554,-9.659897,-9.4296255,856613.0,8.93,0.0,-0.335,-0.085,0.407,8.23,2.432,0.0,0.0,0.0,0.0,0.0,0.0,0.0,0.0,3.0,-1.433,-1.517,-0.2,0.0,0.0,0.0,0.0,0.0,272.0,275.0,275.3,274.0,0.672,0.0,0.0,-0.102,-0.062,0.075,0.0,6000.0,403217.0,216.0,335.0,59.99,2.0,31.0,38.0,30.0,8.55,3.332,-0.047,0.0,0.2,0.2,60.0,59.5,75.6,1.0,274.0,274.0,273.0,-0.076,0.031,0.082,1915.0,415621.0,13168.0,1912.0,-0.924,0.818,0.791,0.836,0.0,-0.001,0.0,-0.001,0.0,0.0,0.0,0.0,103.0,103.0,103.0,77.0,0.44,120.8,30.21,0.8,3.503,3.0,-1.0,13.88,0.002,0.706,3.0,1.0,0.0,0.0,3.499,3.401,2.821,3.304,2.544,2.495,3.711,4.14,4.744,5.03,3.722,2.329,2.903,3.558,2.302,2.469,3.07,2.86,2.302
2017-05-04 02:21:00-05:00,-10.383702,-12.7716,-4.4411287,-9.931012,-11.202678,-3.21616,-9.659897,-9.547496,856614.0,8.92,0.0,-0.347,-0.093,0.409,8.21,2.493,0.0,0.0,0.0,0.0,0.0,0.0,0.0,0.0,3.0,-1.367,-1.367,-0.2,0.0,0.0,0.0,0.0,0.0,272.0,275.0,275.1,274.0,0.698,0.0,0.0,-0.1,-0.055,0.053,0.0,6000.0,403217.0,216.0,335.0,59.98,2.0,31.0,38.0,30.0,8.59,3.412,-0.038,0.0,0.2,0.2,60.0,59.5,75.6,1.0,274.0,274.0,273.0,-0.076,0.031,0.082,1915.0,415621.0,13168.0,1912.0,-0.925,0.818,0.791,0.836,0.0,-0.001,0.0,-0.001,0.0,0.0,0.0,0.0,103.0,103.0,103.0,77.0,0.283,107.5,30.63,0.5,3.503,2.333,-1.0,13.88,0.002,0.488,3.0,1.0,0.0,0.0,3.581,3.419,2.85,3.383,2.656,2.542,3.79,4.136,4.716,5.074,3.723,2.431,2.953,3.636,2.407,2.569,3.234,2.986,2.387
2017-05-04 02:22:00-05:00,-10.136472,-12.607862,-4.4411287,-9.798599,-11.202678,-3.103312,-9.40899,-9.7832365,856615.0,8.92,0.0,-0.354,-0.102,0.407,8.19,2.666,0.0,0.0,0.0,0.0,0.0,0.0,0.0,0.0,3.0,-1.433,-1.533,-0.2,0.0,0.0,0.0,0.0,0.0,272.0,275.0,275.0,274.0,0.688,0.0,0.0,-0.1,-0.057,0.06,0.0,6000.0,403217.0,216.0,335.0,59.98,2.0,31.0,38.0,30.0,8.58,3.428,-0.038,0.0,0.2,0.2,60.0,59.5,75.6,1.0,274.0,274.0,273.0,-0.076,0.031,0.082,1915.0,415621.0,13168.0,1912.0,-0.925,0.818,0.791,0.836,0.0,-0.001,0.0,-0.001,0.0,0.0,0.0,0.0,103.0,103.0,103.0,77.0,0.377,104.9,60.98,0.7,3.503,2.0,-1.0,13.88,0.002,0.272,3.0,2.0,0.0,0.0,3.661,3.499,2.901,3.401,2.738,2.592,3.841,4.116,4.649,4.998,3.702,2.519,3.055,3.717,2.483,2.646,3.22,3.054,2.465
2017-05-04 02:23:00-05:00,-10.136472,-12.607862,-4.4411287,-9.666185,-11.073912,-3.103312,-9.283538,-10.018977,856616.0,8.92,0.0,-0.352,-0.102,0.407,8.17,2.787,0.0,0.0,0.0,0.0,0.0,0.0,0.0,0.0,3.0,-1.583,-1.55,-0.2,0.0,0.0,0.0,0.0,0.0,272.0,275.0,275.0,274.0,0.683,0.0,0.0,-0.1,-0.055,0.083,0.0,6000.0,403217.0,216.0,335.0,59.96,2.0,31.0,38.0,30.0,8.52,3.473,-0.038,0.0,0.2,0.2,60.0,59.5,75.6,1.0,274.0,274.0,273.0,-0.076,0.031,0.082,1915.0,415621.0,13168.0,1912.0,-0.925,0.818,0.791,0.836,0.0,-0.001,0.0,-0.001,0.0,0.0,0.0,0.0,103.0,103.0,103.0,77.0,0.347,70.52,84.6,1.0,3.504,2.0,-1.0,13.88,0.002,0.272,3.0,2.0,0.0,0.0,3.693,3.499,2.948,3.419,2.85,2.675,3.887,4.122,4.67,5.024,3.71,2.582,3.101,3.797,2.542,2.695,3.256,3.094,2.517
2017-05-04 02:24:00-05:00,-10.012856,-12.280385,-4.4411287,-9.5337715,-11.202678,-2.764769,-9.032631,-9.665367,856617.0,8.9,0.0,-0.356,-0.102,0.407,8.18,3.118,0.0,0.0,0.0,0.0,0.0,0.0,0.0,0.0,3.067,-1.4,-1.45,-0.2,0.0,0.0,0.0,0.0,0.0,272.0,275.0,275.0,274.0,0.675,0.0,0.0,-0.1,-0.047,0.06,0.0,6000.0,403217.0,216.0,335.0,59.96,2.0,31.0,38.0,30.0,8.55,3.533,-0.038,0.0,0.2,0.2,60.0,59.5,75.6,1.0,274.0,274.0,273.0,-0.076,0.031,0.082,1915.0,415621.0,13168.0,1912.0,-0.925,0.818,0.791,0.836,0.0,-0.001,0.0,0.0,0.0,0.0,0.0,0.0,103.0,103.0,103.0,77.0,0.402,193.9,67.94,0.8,3.503,2.0,-1.0,13.88,0.002,0.272,3.0,2.0,0.0,0.0,3.758,3.531,3.062,3.531,2.965,2.774,3.99,4.251,4.995,5.238,3.837,2.709,3.246,3.923,2.661,2.745,3.371,3.162,2.55
2017-05-04 02:25:00-05:00,-9.88924,-12.116648,-4.085839,-9.004118,-11.073912,-2.6519215,-8.405365,-9.193885,856618.0,8.89,0.0,-0.148,0.097,0.542,8.17,3.449,0.0,0.0,0.0,0.0,0.0,0.0,0.0,0.0,3.867,-1.6,-1.483,-0.2,0.0,0.0,0.0,0.0,0.0,271.8,274.9,275.0,273.8,0.67,0.0,0.0,-0.1,-0.052,0.073,0.0,6000.0,403217.0,216.0,335.0,59.97,2.0,31.0,38.0,30.0,8.61,3.612,-0.038,0.0,0.2,0.2,60.0,59.5,75.6,1.0,273.9,274.0,273.0,-0.076,0.031,0.082,1915.0,415621.0,13168.0,1912.0,-0.925,0.818,0.791,0.836,0.001,-0.001,0.001,-0.001,0.0,0.0,0.0,0.0,103.0,103.0,103.0,77.0,0.528,134.0,63.84,1.0,3.504,2.0,-1.0,13.67,-0.004,0.272,1.0,2.0,0.0,0.0,3.891,3.661,3.21,3.599,3.113,2.902,4.114,4.425,5.3,5.511,4.022,2.896,3.509,4.111,2.836,2.893,3.544,3.351,2.696
2017-05-04 02:26:00-05:00,-9.5183935,-11.461694,-3.8489778,-8.739291,-10.687613,-2.0876827,-7.652645,-8.015182,856619.0,8.88,0.0,-0.356,-0.102,0.402,8.2,3.514,0.0,0.0,0.0,0.0,0.0,0.0,0.0,0.0,4.0,-1.45,-1.533,-0.2,0.0,0.0,0.0,0.0,0.0,271.7,274.9,275.0,273.6,0.687,0.0,0.0,-0.102,-0.042,0.087,0.0,6000.0,403217.0,216.0,335.0,59.97,2.0,31.0,38.0,30.0,8.73,3.725,-0.038,0.0,0.2,0.2,60.0,59.5,75.6,1.0,274.0,274.0,273.0,-0.076,0.031,0.082,1915.0,415621.0,13168.0,1912.0,-0.925,0.818,0.791,0.836,0.0,-0.001,0.0,-0.001,0.0,0.0,0.0,0.0,103.0,103.0,103.0,77.0,1.037,92.6,80.4,2.5,3.503,2.0,-1.0,13.75,0.007,0.272,3.0,2.0,0.0,0.0,4.003,3.823,3.401,3.725,3.357,3.078,4.357,4.675,5.761,5.869,4.29,3.126,3.68,4.287,3.062,3.165,3.91,3.629,2.965
2017-05-04 02:27:00-05:00,-9.147548,-11.461694,-3.612118,-7.94481,-9.915014,-1.6362919,-6.7744727,-6.8364787,856620.0,8.88,0.0,-0.354,-0.102,0.407,8.54,3.495,0.0,0.0,0.0,0.0,0.0,0.0,0.0,0.0,3.967,-1.4,-1.5,-0.2,0.0,0.0,0.0,0.0,0.0,271.8,274.8,275.0,273.6,0.692,0.0,0.0,-0.1,-0.063,0.055,0.0,6000.0,403217.0,216.0,335.0,59.96,2.0,31.0,38.0,30.0,8.91,3.875,-0.038,0.0,0.2,0.2,60.0,59.5,75.6,1.0,274.0,274.0,273.0,-0.076,0.031,0.082,1915.0,415621.0,13168.0,1912.0,-0.925,0.818,0.791,0.836,0.0,-0.001,0.0,-0.001,0.0,0.0,0.0,0.0,103.0,103.0,103.0,77.0,0.582,100.3,79.15,1.2,3.503,2.0,-1.0,13.88,0.002,0.272,3.0,2.0,0.0,0.0,4.114,3.92,3.516,3.855,3.516,3.208,4.667,4.915,6.227,6.258,4.533,3.393,3.967,4.499,3.339,3.491,4.309,3.961,3.279
2017-05-04 02:28:00-05:00,-9.147548,-11.134215,-3.612118,-7.1503286,-9.142415,-1.1849011,-6.147207,-5.8935156,856621.0,8.88,0.0,-0.337,-0.085,0.407,8.79,3.17,0.0,0.0,0.0,0.0,0.0,0.0,0.0,0.0,3.233,-1.517,-1.533,-0.2,0.0,0.0,0.0,0.0,0.0,271.7,274.9,275.0,273.6,0.688,0.0,0.0,-0.1,-0.055,0.062,0.0,6000.0,403217.0,216.0,335.0,59.96,2.0,31.0,38.0,30.0,9.01,3.99,-0.038,0.0,0.2,0.2,60.0,59.5,75.6,1.0,274.0,274.0,273.0,-0.076,0.031,0.082,1915.0,415621.0,13168.0,1912.0,-0.925,0.818,0.791,0.836,0.0,-0.001,0.0,-0.001,0.0,0.0,0.0,0.0,103.0,103.0,103.0,77.0,1.492,41.73,22.88,2.5,3.504,2.667,-1.0,13.88,0.002,0.572,3.0,1.0,0.0,0.0,4.28,4.05,3.614,3.887,3.596,3.305,4.832,5.118,6.571,6.566,4.781,3.655,4.23,4.66,3.586,3.761,4.624,4.21,3.545
2017-05-04 02:29:00-05:00,-9.0239315,-10.970478,-3.612118,-6.4882617,-8.369817,-1.1849011,-5.770847,-5.4220343,856622.0,8.86,0.0,-0.345,-0.093,0.407,9.56,2.777,0.0,0.0,0.0,0.0,0.0,0.0,0.0,0.0,3.0,-1.367,-1.4,-0.2,0.0,0.0,0.0,0.0,0.0,271.7,274.9,275.0,273.6,0.687,0.0,0.0,-0.1,-0.048,0.072,0.0,6000.0,403217.0,216.0,335.0,59.96,2.0,31.0,38.0,30.0,9.18,4.048,-0.038,0.0,0.2,0.2,60.0,59.5,75.6,1.0,274.0,274.0,273.0,-0.076,0.031,0.082,1915.0,415621.0,13168.0,1912.0,-0.925,0.818,0.791,0.836,0.0,-0.001,0.0,-0.001,0.0,0.0,0.0,0.0,103.0,103.0,103.0,77.0,1.443,44.11,24.21,2.7,3.504,2.483,-1.0,13.88,0.001,0.609,3.0,1.0,0.0,0.0,4.338,4.184,3.711,4.003,3.708,3.37,5.076,5.365,6.883,6.842,5.044,3.857,4.416,4.786,3.775,3.991,4.919,4.405,3.755
2017-05-04 02:30:00-05:00,-9.0239315,-10.970478,-3.612118,-6.2234344,-7.9835176,-1.1849011,-5.770847,-5.3041644,856623.0,8.86,0.0,-0.356,-0.102,0.407,9.94,2.499,0.0,0.0,0.0,0.0,0.0,0.0,0.0,0.0,3.0,-1.567,-1.567,-0.2,0.0,0.0,0.0,0.0,0.0,271.6,274.9,275.0,273.5,0.675,0.0,0.0,-0.1,-0.052,0.075,0.0,6000.0,403217.0,216.0,335.0,59.97,2.0,31.0,38.0,30.0,9.43,4.163,-0.038,0.0,0.2,0.2,60.0,59.5,75.6,1.0,274.0,274.0,273.0,-0.076,0.031,0.082,1915.0,415621.0,13168.0,1912.0,-0.925,0.818,0.791,0.836,0.0,-0.001,0.0,-0.001,0.0,0.0,0.0,0.0,103.0,103.0,103.0,77.0,2.32,36.03,11.34,3.1,3.504,2.0,-1.0,13.88,0.002,0.272,3.0,2.0,0.0,0.0,4.345,4.277,3.808,4.165,3.855,3.5,5.219,5.573,7.015,7.002,5.245,3.999,4.543,4.882,3.918,4.159,5.062,4.537,3.923
2017-05-04 02:31:00-05:00,-8.653086,-10.970478,-3.612118,-6.2234344,-7.725985,-1.1849011,-5.770847,-5.4220343,856624.0,8.85,0.0,-0.148,0.085,0.551,10.21,2.399,0.0,0.0,0.0,0.0,0.0,0.0,0.0,0.0,2.967,-1.6,-1.467,-0.2,0.0,0.0,0.0,0.0,0.0,271.6,275.0,275.0,273.6,0.668,0.0,0.0,-0.102,-0.043,0.048,0.0,6000.0,403217.0,216.0,335.0,59.96,2.0,31.0,38.0,30.0,9.7,4.22,-0.038,0.0,0.2,0.2,60.0,59.5,75.6,1.0,273.9,274.0,273.0,-0.076,0.031,0.082,1915.0,415621.0,13168.0,1912.0,-0.925,0.818,0.791,0.836,0.0,-0.001,0.0,-0.001,0.0,0.0,0.0,0.0,103.0,103.0,103.0,77.0,2.412,32.56,14.32,3.2,3.504,2.0,-1.0,13.57,0.002,0.273,1.0,2.0,0.0,0.001,4.473,4.327,3.938,4.471,3.887,3.68,5.348,5.779,7.197,7.139,5.423,4.109,4.613,4.933,4.025,4.298,5.27,4.646,4.056
2017-05-04 02:32:00-05:00,-8.282239,-10.970478,-3.612118,-6.2234344,-7.725985,-1.2977488,-5.8963003,-5.6577754,856625.0,8.83,0.0,-0.356,-0.102,0.407,10.24,2.286,0.0,0.0,0.0,0.0,0.0,0.0,0.0,0.0,2.683,-1.933,-1.7,-0.2,0.0,0.0,0.0,0.0,0.0,271.1,274.2,275.0,273.0,0.653,0.0,0.0,-0.1,-0.048,0.08,0.0,6000.0,403217.0,216.0,335.0,59.94,2.0,31.0,38.0,30.0,9.93,4.309,-0.038,0.0,0.2,0.2,60.0,59.5,75.6,1.0,273.0,274.0,273.0,-0.076,0.031,0.082,1915.0,415621.0,13168.0,1912.0,-0.925,0.818,0.791,0.836,0.0,-0.001,0.0,0.0,0.0,0.0,0.0,0.0,103.0,103.0,103.0,77.0,1.995,39.0,11.4,2.7,3.504,2.0,-1.0,13.88,0.002,0.272,3.0,2.0,0.0,0.0,4.472,4.471,4.114,4.698,4.017,3.954,5.431,5.909,7.276,7.255,5.541,4.184,4.688,4.951,4.085,4.378,5.285,4.678,4.127
2017-05-04 02:33:00-05:00,-8.282239,-10.970478,-3.612118,-6.6206746,-7.854751,-1.5234442,-5.8963003,-6.1292562,856626.0,8.83,0.0,-0.356,-0.102,0.407,10.26,2.28,0.0,0.0,0.0,0.0,0.0,0.0,0.0,0.0,2.767,-1.767,-1.567,-0.2,0.0,0.0,0.0,0.0,0.0,271.4,274.4,275.0,273.1,0.653,0.0,0.0,-0.1,-0.043,0.072,0.0,6000.0,403217.0,216.0,335.0,59.94,2.0,31.0,38.0,30.0,9.91,4.344,-0.038,0.0,0.2,0.2,60.0,59.5,75.6,1.0,273.1,274.0,273.0,-0.076,0.031,0.082,1915.0,415621.0,13168.0,1912.0,-0.925,0.818,0.791,0.836,0.001,-0.001,0.0,-0.001,0.0,0.0,0.0,0.0,103.0,103.0,103.0,77.0,1.993,34.09,9.9,3.1,3.504,2.0,-1.0,13.88,0.002,0.272,3.0,2.0,0.0,0.0,4.537,4.568,4.23,4.86,4.082,4.084,5.511,6.039,7.407,7.329,5.667,4.229,4.705,5.007,4.122,4.425,5.363,4.71,4.187
2017-05-04 02:34:00-05:00,-8.282239,-10.970478,-3.612118,-6.7530885,-7.854751,-1.7491397,-6.27266,-6.247127,856627.0,8.83,0.0,-0.352,-0.102,0.407,10.32,2.302,0.0,0.0,0.0,0.0,0.0,0.0,0.0,0.0,2.967,-1.383,-1.4,-0.2,0.0,0.0,0.0,0.0,0.0,271.5,274.3,275.0,273.1,0.637,0.0,0.0,-0.1,-0.042,0.062,0.0,6000.0,403217.0,216.0,335.0,59.95,2.0,31.0,38.0,30.0,9.91,4.376,-0.038,0.0,0.2,0.2,60.0,59.5,75.6,1.0,273.3,274.0,273.0,-0.076,0.031,0.082,1915.0,415621.0,13168.0,1912.0,-0.926,0.818,0.791,0.836,0.0,-0.001,0.0,-0.001,0.0,0.0,0.0,0.0,103.0,103.0,103.0,77.0,2.017,36.53,11.9,2.7,3.504,2.0,-1.0,13.88,0.002,0.272,3.0,2.0,0.0,0.0,4.489,4.484,4.277,4.892,4.032,4.131,5.691,6.136,7.46,7.379,5.757,4.291,4.784,5.045,4.176,4.493,5.415,4.753,4.253
2017-05-04 02:35:00-05:00,-8.158624,-11.297955,-3.612118,-7.0179157,-8.112285,-1.974835,-6.6490197,-6.364997,856628.0,8.83,0.0,-0.356,-0.102,0.407,10.33,2.302,0.0,0.0,0.0,0.0,0.0,0.0,0.0,0.0,2.983,-1.467,-1.417,-0.2,0.0,0.0,0.0,0.0,0.0,271.5,274.6,275.0,273.2,0.633,0.0,0.0,-0.1,-0.055,0.077,0.0,6000.0,403217.0,216.0,335.0,59.97,2.0,31.0,38.0,30.0,9.9,4.448,-0.038,0.0,0.2,0.2,60.0,59.5,75.6,1.0,273.7,274.0,273.0,-0.076,0.031,0.082,1915.0,415621.0,13168.0,1912.0,-0.925,0.818,0.791,0.836,0.0,-0.001,0.0,-0.001,0.0,0.0,0.0,0.0,103.0,103.0,103.0,77.0,2.167,30.88,11.59,3.0,3.504,2.0,-1.0,13.88,0.002,0.272,3.0,2.0,0.0,0.0,4.555,4.503,4.309,5.087,4.035,4.181,5.77,6.228,7.521,7.412,5.839,4.319,4.804,5.08,4.209,4.534,5.477,4.771,4.301
2017-05-04 02:36:00-05:00,-8.158624,-11.461694,-3.612118,-7.1503286,-8.369817,-1.974835,-6.6490197,-6.600738,856629.0,8.83,0.0,-0.121,0.125,0.591,10.29,2.278,0.0,0.0,0.0,0.0,0.0,0.0,0.0,0.0,2.95,-1.383,-1.417,-0.2,0.0,0.0,0.0,0.0,0.0,271.6,274.7,275.0,273.3,0.648,0.0,0.0,-0.102,-0.043,0.08,0.0,6000.0,403217.0,216.0,335.0,59.98,2.0,31.0,38.0,30.0,9.96,4.515,-0.038,0.0,0.2,0.2,60.0,59.5,75.6,1.0,273.8,274.0,273.0,-0.076,0.031,0.082,1915.0,415621.0,13168.0,1912.0,-0.925,0.818,0.791,0.836,0.0,-0.001,0.0,-0.001,0.0,0.0,0.0,0.0,103.0,103.0,103.0,77.0,1.88,27.78,9.1,2.2,3.503,2.0,-1.0,13.57,0.005,0.271,1.0,2.0,0.0,0.001,4.552,4.601,4.424,5.235,4.082,4.278,5.868,6.297,7.551,7.462,5.899,4.337,4.84,5.089,4.227,4.575,5.5,4.804,4.347
2017-05-04 02:37:00-05:00,-8.158624,-11.461694,-3.612118,-7.415156,-8.62735,-2.0876827,-6.7744727,-6.954349,856630.0,8.83,0.0,-0.339,-0.093,0.409,10.24,2.231,0.0,0.0,0.0,0.0,0.0,0.0,0.0,0.0,2.917,-1.367,-1.5,-0.2,0.0,0.0,0.0,0.0,0.0,271.3,274.4,275.0,273.1,0.63,0.0,0.0,-0.103,-0.047,0.047,0.0,6000.0,403217.0,216.0,335.0,59.97,2.0,31.0,38.0,30.0,9.89,4.518,-0.041,0.0,0.2,0.2,60.0,59.5,75.6,1.0,273.2,274.0,273.0,-0.076,0.031,0.082,1915.0,415621.0,13168.0,1912.0,-0.925,0.818,0.791,0.836,0.0,-0.001,0.0,0.0,0.0,0.0,0.0,0.0,103.0,103.0,103.0,77.0,1.668,36.6,11.81,2.2,3.504,2.0,-1.0,13.57,-0.001,0.275,1.0,2.0,0.0,0.001,4.555,4.665,4.471,5.299,4.082,4.358,5.933,6.317,7.535,7.462,5.911,4.346,4.849,5.068,4.233,4.597,5.517,4.816,4.374
2017-05-04 02:38:00-05:00,-8.282239,-11.461694,-3.612118,-7.5475698,-8.62735,-2.313378,-6.899926,-7.0722194,856631.0,8.83,0.0,-0.354,-0.102,0.407,10.25,2.198,0.0,0.0,0.0,0.0,0.0,0.0,0.0,0.0,2.667,-1.617,-1.533,-0.2,0.0,0.0,0.0,0.0,0.0,271.0,274.0,275.0,273.0,0.657,0.0,0.0,-0.1,-0.047,0.073,0.0,6000.0,403217.0,216.0,335.0,59.95,2.0,31.0,38.0,30.0,9.82,4.499,-0.037,0.0,0.2,0.2,60.0,59.5,75.6,1.0,273.0,274.0,273.0,-0.076,0.031,0.082,1915.0,415621.0,13168.0,1912.0,-0.926,0.818,0.791,0.836,0.0,-0.001,0.0,-0.001,0.0,0.0,0.0,0.0,103.0,103.0,103.0,77.0,1.727,33.81,8.41,2.3,3.504,2.0,-1.0,13.88,0.002,0.272,3.0,2.0,0.0,0.0,4.537,4.665,4.471,5.282,4.082,4.372,5.947,6.345,7.519,7.464,5.934,4.358,4.849,5.072,4.229,4.608,5.533,4.815,4.394
2017-05-04 02:39:00-05:00,-8.405854,-11.461694,-3.612118,-7.8123965,-8.62735,-2.6519215,-6.899926,-7.0722194,856632.0,8.83,0.0,-0.356,-0.102,0.407,10.27,2.181,0.0,0.0,0.0,0.0,0.0,0.0,0.0,0.0,2.767,-1.433,-1.467,-0.2,0.0,0.0,0.0,0.0,0.0,270.8,273.8,274.3,272.8,0.643,0.0,0.0,-0.102,-0.04,0.083,0.0,6000.0,403217.0,216.0,335.0,59.96,2.0,31.0,38.0,30.0,9.87,4.485,-0.038,0.0,0.2,0.2,60.0,59.5,75.6,1.0,272.8,273.2,272.3,-0.076,0.031,0.082,1915.0,415621.0,13168.0,1912.0,-0.926,0.818,0.791,0.836,0.0,-0.001,-0.001,-0.001,0.0,0.0,0.0,0.0,103.0,103.0,103.0,77.0,1.533,38.32,8.31,2.0,3.502,2.0,-1.0,13.88,0.002,0.272,3.0,2.0,0.0,0.0,4.475,4.619,4.471,5.332,4.082,4.375,6.03,6.382,7.539,7.481,5.967,4.36,4.907,5.063,4.23,4.636,5.623,4.823,4.408
2017-05-04 02:40:00-05:00,-8.5294695,-11.461694,-3.612118,-7.8123965,-8.756116,-2.6519215,-7.025379,-7.190089,856633.0,8.83,0.0,-0.356,-0.102,0.407,10.19,2.206,0.0,0.0,0.0,0.0,0.0,0.0,0.0,0.0,2.933,-1.283,-1.45,-0.2,0.0,0.0,0.0,0.0,0.0,271.0,274.0,274.0,273.0,0.63,0.0,0.0,-0.1,-0.05,0.052,0.0,6000.0,403217.0,216.0,335.0,59.95,2.0,31.0,38.0,30.0,9.86,4.41,-0.038,0.0,0.2,0.2,60.0,59.5,75.6,1.0,273.0,273.0,272.0,-0.075,0.031,0.082,1915.0,415621.0,13168.0,1912.0,-0.925,0.818,0.791,0.836,0.0,-0.001,0.0,-0.001,0.0,0.0,0.0,0.0,103.0,103.0,103.0,77.0,1.633,33.56,11.94,2.1,3.504,2.017,-1.0,13.88,0.002,0.273,3.0,2.0,0.0,0.0,4.436,4.554,4.439,5.282,3.985,4.293,6.03,6.407,7.593,7.485,5.992,4.36,4.877,5.055,4.22,4.643,5.654,4.83,4.408
2017-05-04 02:41:00-05:00,-8.900316,-11.461694,-3.612118,-7.94481,-9.013649,-2.6519215,-7.025379,-7.30796,856634.0,8.83,0.0,-0.33,-0.085,0.409,10.11,2.322,0.0,0.0,0.0,0.0,0.0,0.0,0.0,0.0,2.983,-1.517,-1.533,-0.2,0.0,0.0,0.0,0.0,0.0,271.0,274.0,274.0,273.0,0.643,0.0,0.0,-0.103,-0.05,0.065,0.0,6000.0,403217.0,216.0,335.0,59.96,2.0,31.0,38.0,30.0,9.77,4.402,-0.038,0.0,0.2,0.2,60.0,59.5,75.6,1.0,273.0,273.0,272.0,-0.075,0.031,0.082,1915.0,415621.0,13168.0,1912.0,-0.925,0.818,0.791,0.836,0.0,-0.001,0.0,0.0,0.0,0.0,0.0,0.0,103.0,103.0,103.0,77.0,1.23,52.76,28.11,2.0,3.504,2.983,-1.0,13.88,0.002,0.705,3.0,1.0,0.0,0.0,4.418,4.486,4.406,5.217,3.952,4.25,6.113,6.439,7.557,7.503,6.045,4.373,4.905,5.038,4.236,4.665,5.701,4.85,4.435
2017-05-04 02:42:00-05:00,-9.147548,-11.461694,-3.730548,-8.077223,-9.013649,-2.6519215,-7.1508327,-7.5437,856635.0,8.83,0.0,-0.051,0.182,0.629,10.05,2.432,0.0,0.0,0.0,0.0,0.0,0.0,0.0,0.0,3.0,-1.567,-1.517,-0.2,0.0,0.0,0.0,0.0,0.0,271.0,274.0,274.0,273.0,0.645,0.0,0.0,-0.1,-0.038,0.065,0.0,6000.0,403217.0,216.0,335.0,59.98,2.0,31.0,38.0,30.0,9.74,4.331,-0.038,0.0,0.2,0.2,60.0,59.5,75.6,1.0,273.0,273.0,272.0,-0.076,0.031,0.082,1915.0,415621.0,13168.0,1912.0,-0.925,0.818,0.791,0.836,0.001,-0.001,0.0,-0.001,0.0,0.0,0.0,0.0,103.0,103.0,103.0,77.0,0.488,97.7,44.48,0.9,3.504,2.0,-1.0,13.57,-0.007,0.273,1.0,2.0,0.0,0.001,4.404,4.471,4.277,5.12,3.887,4.167,6.127,6.462,7.576,7.497,6.068,4.37,4.853,5.026,4.235,4.679,5.699,4.864,4.447
2017-05-04 02:43:00-05:00,-9.147548,-11.461694,-3.9674082,-8.209637,-9.142415,-2.8776166,-7.2762856,-7.6615705,856636.0,8.83,0.0,-0.352,-0.097,0.407,9.98,2.432,0.0,0.0,0.0,0.0,0.0,0.0,0.0,0.0,3.0,-1.433,-1.483,-0.2,0.0,0.0,0.0,0.0,0.0,271.0,274.0,274.1,273.0,0.635,0.0,0.0,-0.1,-0.052,0.05,0.0,6000.0,403217.0,216.0,335.0,59.99,2.0,31.0,38.0,30.0,9.7,4.348,-0.038,0.0,0.2,0.2,60.0,59.5,75.6,1.0,273.0,273.0,272.0,-0.076,0.031,0.082,1915.0,415621.0,13168.0,1912.0,-0.926,0.818,0.791,0.836,0.0,-0.001,0.0,0.0,0.0,0.0,0.0,0.0,103.0,103.0,103.0,77.0,0.365,80.1,60.46,1.0,3.503,2.0,-1.0,13.68,0.011,0.273,3.0,2.0,0.0,0.0,4.328,4.388,4.212,5.055,3.805,4.066,6.095,6.454,7.587,7.492,6.067,4.344,4.866,5.012,4.201,4.677,5.742,4.86,4.44
2017-05-04 02:44:00-05:00,-9.271162,-11.461694,-4.085839,-8.342051,-9.271182,-3.103312,-7.401739,-7.7794414,856637.0,8.83,0.0,-0.354,-0.102,0.407,9.91,2.521,0.0,0.0,0.0,0.0,0.0,0.0,0.0,0.0,3.0,-1.383,-1.5,-0.2,0.0,0.0,0.0,0.0,0.0,271.0,274.0,274.3,273.0,0.655,0.0,0.0,-0.1,-0.05,0.068,0.0,6000.0,403217.0,216.0,335.0,59.99,2.0,31.0,38.0,30.0,9.68,4.345,-0.038,0.0,0.2,0.2,60.0,59.5,75.6,1.0,273.0,273.0,272.1,-0.076,0.031,0.082,1915.0,415621.0,13168.0,1912.0,-0.926,0.818,0.791,0.836,0.0,-0.001,0.0,-0.001,0.0,0.0,0.0,0.0,103.0,103.0,103.0,77.0,0.42,115.5,52.17,0.9,3.502,2.0,-1.0,13.88,0.002,0.272,3.0,2.0,0.0,0.0,4.291,4.306,4.147,4.957,3.708,3.969,6.127,6.485,7.569,7.506,6.113,4.342,4.951,4.994,4.195,4.675,5.783,4.866,4.436
2017-05-04 02:45:00-05:00,-9.5183935,-11.461694,-4.085839,-8.342051,-9.399948,-3.103312,-7.527192,-7.7794414,856638.0,8.83,0.0,-0.356,-0.102,0.407,9.8,2.703,0.0,0.0,0.0,0.0,0.0,0.0,0.0,0.0,3.0,-1.467,-1.517,-0.2,0.0,0.0,0.0,0.0,0.0,271.0,274.0,274.3,273.0,0.663,0.0,0.0,-0.1,-0.047,0.083,0.0,6000.0,403217.0,216.0,335.0,59.99,2.0,31.0,38.0,30.0,9.68,4.304,-0.038,0.0,0.2,0.2,60.0,59.5,75.6,1.0,273.0,273.0,272.2,-0.076,0.031,0.082,1915.0,415621.0,13168.0,1912.0,-0.926,0.818,0.791,0.836,0.001,-0.001,0.0,-0.001,0.0,0.0,0.0,0.0,103.0,103.0,103.0,77.0,0.245,138.1,41.22,0.5,3.503,2.0,-1.0,13.88,0.002,0.272,3.0,2.0,0.0,0.0,4.306,4.277,4.067,4.86,3.596,3.889,6.127,6.511,7.547,7.551,6.143,4.35,4.944,4.967,4.209,4.683,5.84,4.864,4.437
2017-05-04 02:46:00-05:00,-9.765624,-11.461694,-4.085839,-8.342051,-9.528715,-3.103312,-7.527192,-7.7794414,856639.0,8.83,0.0,-0.356,-0.102,0.407,9.71,2.767,0.0,0.0,0.0,0.0,0.0,0.0,0.0,0.0,3.0,-1.55,-1.5,-0.2,0.0,0.0,0.0,0.0,0.0,271.0,274.0,274.4,273.0,0.665,0.0,0.0,-0.1,-0.045,0.068,0.0,6000.0,403217.0,216.0,335.0,59.98,2.0,31.0,38.0,30.0,9.58,4.285,-0.038,0.0,0.2,0.2,60.0,59.5,75.6,1.0,273.0,273.0,272.1,-0.076,0.031,0.082,1915.0,415621.0,13168.0,1912.0,-0.926,0.818,0.791,0.836,0.001,-0.001,0.0,-0.001,0.0,0.0,0.0,0.0,103.0,103.0,103.0,77.0,0.285,181.6,38.34,0.6,3.504,2.0,-1.0,13.88,0.002,0.272,3.0,2.0,0.0,0.0,4.324,4.277,4.035,4.86,3.661,3.861,6.077,6.532,7.537,7.553,6.164,4.382,4.996,4.983,4.25,4.7,5.895,4.88,4.462
2017-05-04 02:47:00-05:00,-9.642009,-11.461694,-4.085839,-8.739291,-9.915014,-3.103312,-7.527192,-7.7794414,856640.0,8.83,0.0,-0.356,-0.102,0.407,9.59,2.925,0.0,0.0,0.0,0.0,0.0,0.0,0.0,0.0,3.0,-1.45,-1.483,-0.2,0.0,0.0,0.0,0.0,0.0,271.0,274.0,274.6,273.0,0.673,0.0,0.0,-0.1,-0.037,0.047,0.0,6000.0,403217.0,216.0,335.0,59.97,2.0,31.0,38.0,30.0,9.52,4.309,-0.038,0.0,0.2,0.2,60.0,59.5,75.6,1.0,273.0,273.0,272.1,-0.076,0.031,0.082,1915.0,415621.0,13168.0,1912.0,-0.926,0.818,0.791,0.836,0.0,-0.001,0.0,-0.001,0.0,0.0,0.0,0.0,103.0,103.0,103.0,77.0,0.217,124.8,50.03,0.5,3.504,2.0,-1.0,13.88,0.002,0.272,3.0,2.0,0.0,0.0,4.328,4.277,3.985,4.763,3.61,3.857,6.03,6.552,7.545,7.558,6.177,4.383,5.022,5.014,4.228,4.72,5.965,4.906,4.475
2017-05-04 02:48:00-05:00,-9.765624,-11.461694,-4.085839,-8.871705,-10.301313,-3.103312,-7.527192,-7.7794414,856641.0,8.85,0.0,-0.157,0.085,0.532,9.54,2.973,0.0,0.0,0.0,0.0,0.0,0.0,0.0,0.0,3.0,-1.45,-1.417,-0.2,0.0,0.0,0.0,0.0,0.0,271.0,274.0,274.1,273.0,0.668,0.0,0.0,-0.1,-0.043,0.082,0.0,6000.0,403217.0,216.0,335.0,59.96,2.0,31.0,38.0,30.0,9.49,4.34,-0.038,0.0,0.2,0.2,60.0,59.5,75.6,1.0,273.0,273.0,272.0,-0.076,0.031,0.082,1915.0,415621.0,13168.0,1912.0,-0.926,0.818,0.791,0.836,0.0,-0.001,0.0,-0.001,0.0,0.0,0.0,0.0,103.0,103.0,103.0,77.0,0.233,156.0,33.75,0.4,3.503,2.0,-1.0,13.71,0.002,0.272,1.0,2.0,0.0,0.001,4.291,4.277,3.985,4.763,3.628,3.81,6.03,6.582,7.574,7.566,6.207,4.374,5.033,5.036,4.227,4.754,6.019,4.932,4.506
2017-05-04 02:49:00-05:00,-9.765624,-11.461694,-4.085839,-8.871705,-10.301313,-3.21616,-7.527192,-7.7794414,856642.0,8.86,0.0,-0.356,-0.102,0.407,9.49,2.968,0.0,0.0,0.0,0.0,0.0,0.0,0.0,0.0,3.0,-1.5,-1.467,-0.2,0.0,0.0,0.0,0.0,0.0,271.0,274.0,274.1,273.0,0.66,0.0,0.0,-0.102,-0.055,0.068,0.0,6000.0,403217.0,216.0,335.0,59.95,2.0,31.0,38.0,30.0,9.46,4.397,-0.038,0.0,0.2,0.2,60.0,59.5,75.6,1.0,273.0,273.0,272.0,-0.076,0.031,0.082,1915.0,415621.0,13168.0,1912.0,-0.926,0.818,0.791,0.836,0.0,-0.001,0.001,-0.001,0.0,0.0,0.0,0.0,103.0,103.0,103.0,77.0,0.208,137.4,61.24,0.4,3.503,2.0,-1.0,13.88,0.002,0.272,3.0,2.0,0.0,0.0,4.293,4.277,3.97,4.73,3.529,3.777,5.947,6.602,7.577,7.58,6.218,4.324,4.95,4.989,4.184,4.75,6.0,4.958,4.506
2017-05-04 02:50:00-05:00,-9.642009,-11.461694,-4.085839,-9.004118,-10.430079,-3.4418554,-7.527192,-7.7794414,856643.0,8.86,0.0,-0.341,-0.093,0.407,9.45,2.891,0.0,0.0,0.0,0.0,0.0,0.0,0.0,0.0,3.0,-1.317,-1.367,-0.2,0.0,0.0,0.0,0.0,0.0,271.0,274.0,274.1,273.0,0.667,0.0,0.0,-0.103,-0.045,0.055,0.0,6000.0,403217.0,216.0,335.0,59.95,2.0,31.0,38.0,30.0,9.4,4.405,-0.038,0.0,0.2,0.2,60.0,59.5,75.6,1.0,273.0,273.0,272.0,-0.076,0.031,0.082,1915.0,415621.0,13168.0,1912.0,-0.926,0.818,0.791,0.836,0.0,-0.001,0.0,-0.001,0.0,0.0,0.0,0.0,103.0,103.0,103.0,77.0,0.212,99.0,35.33,0.4,3.504,2.517,-1.0,13.88,0.002,0.489,3.0,1.0,0.0,0.0,4.324,4.277,3.887,4.698,3.499,3.724,5.933,6.59,7.506,7.575,6.205,4.266,4.873,4.931,4.135,4.7,5.928,4.941,4.454
2017-05-04 02:51:00-05:00,-9.642009,-11.461694,-4.085839,-9.136532,-10.558846,-3.4418554,-7.652645,-7.8973117,856644.0,8.86,0.0,-0.341,-0.093,0.405,9.42,2.841,0.0,0.0,0.0,0.0,0.0,0.0,0.0,0.0,3.0,-1.55,-1.483,-0.2,0.0,0.0,0.0,0.0,0.0,271.0,274.0,274.3,273.0,0.655,0.0,0.0,-0.1,-0.04,0.062,0.0,6000.0,403217.0,216.0,335.0,59.95,2.0,31.0,38.0,30.0,9.39,4.434,-0.038,0.0,0.2,0.2,60.0,59.5,75.6,1.0,273.0,273.0,272.1,-0.076,0.031,0.082,1915.0,415621.0,13168.0,1912.0,-0.926,0.818,0.791,0.836,0.0,-0.001,0.001,-0.001,0.0,0.0,0.0,0.0,103.0,103.0,103.0,77.0,0.137,70.34,89.1,0.3,3.504,2.483,-1.0,13.88,0.002,0.489,3.0,1.0,0.0,0.0,4.294,4.259,3.887,4.698,3.448,3.662,5.886,6.602,7.492,7.576,6.213,4.223,4.868,4.898,4.09,4.664,5.923,4.915,4.425
2017-05-04 02:52:00-05:00,-9.642009,-11.461694,-4.085839,-9.136532,-10.816379,-3.4418554,-7.652645,-7.8973117,856645.0,8.86,0.0,-0.356,-0.102,0.407,9.38,2.816,0.0,0.0,0.0,0.0,0.0,0.0,0.0,0.0,3.0,-1.467,-1.483,-0.2,0.0,0.0,0.0,0.0,0.0,271.0,274.0,274.3,273.0,0.658,0.0,0.0,-0.103,-0.042,0.085,0.0,6000.0,403217.0,216.0,335.0,59.94,2.0,31.0,38.0,30.0,9.45,4.407,-0.038,0.0,0.2,0.2,60.0,59.5,75.6,1.0,273.0,273.0,272.0,-0.076,0.031,0.082,1915.0,415621.0,13168.0,1912.0,-0.926,0.818,0.791,0.836,0.0,-0.001,0.0,-0.001,0.0,0.0,0.0,0.0,103.0,103.0,103.0,77.0,0.197,54.65,46.91,0.4,3.504,2.0,-1.0,13.88,0.002,0.272,3.0,2.0,0.0,0.0,4.342,4.277,3.887,4.713,3.401,3.659,5.9,6.631,7.575,7.63,6.241,4.181,4.87,4.895,4.046,4.63,5.902,4.901,4.399
2017-05-04 02:53:00-05:00,-9.5183935,-11.461694,-4.085839,-9.136532,-10.945146,-3.4418554,-7.652645,-7.7794414,856646.0,8.86,0.0,-0.138,0.119,0.585,9.34,2.742,0.0,0.0,0.0,0.0,0.0,0.0,0.0,0.0,3.0,-1.717,-1.5,-0.2,0.0,0.0,0.0,0.0,0.0,271.0,274.0,274.3,273.0,0.667,0.0,0.0,-0.1,-0.038,0.055,0.0,6000.0,403217.0,216.0,335.0,59.94,2.0,31.0,38.0,30.0,9.42,4.398,-0.038,0.0,0.2,0.2,60.0,59.5,75.6,1.0,273.0,273.0,272.0,-0.076,0.031,0.082,1915.0,415621.0,13168.0,1912.0,-0.925,0.818,0.791,0.836,0.0,-0.001,0.0,-0.001,0.0,0.0,0.0,0.0,103.0,103.0,103.0,77.0,0.347,57.71,56.06,0.6,3.504,2.0,-1.0,13.65,0.013,0.271,1.0,2.0,0.0,0.001,4.36,4.212,3.887,4.665,3.401,3.597,5.933,6.665,7.626,7.62,6.27,4.168,4.95,4.929,4.02,4.656,5.957,4.928,4.412
2017-05-04 02:54:00-05:00,-9.5183935,-11.461694,-4.085839,-9.004118,-10.945146,-3.4418554,-7.652645,-7.8973117,856647.0,8.87,0.0,-0.335,-0.093,0.407,9.31,2.716,0.0,0.0,0.0,0.0,0.0,0.0,0.0,0.0,3.0,-1.633,-1.5,-0.2,0.0,0.0,0.0,0.0,0.0,271.0,274.0,274.5,273.0,0.672,0.0,0.0,-0.1,-0.058,0.065,0.0,6000.0,403217.0,216.0,335.0,59.95,2.0,31.0,38.0,30.0,9.43,4.419,-0.038,0.0,0.2,0.2,60.0,59.5,75.6,1.0,273.0,273.0,272.2,-0.076,0.031,0.082,1915.0,415621.0,13168.0,1912.0,-0.925,0.818,0.791,0.836,0.0,-0.001,0.0,-0.001,0.0,0.0,0.0,0.0,103.0,103.0,103.0,77.0,0.385,61.07,54.74,0.9,3.504,2.0,-1.0,13.58,-0.008,0.274,1.0,2.0,0.0,0.001,4.427,4.243,3.887,4.665,3.499,3.694,5.933,6.685,7.6,7.643,6.287,4.177,4.914,4.913,4.035,4.672,5.945,4.948,4.429
2017-05-04 02:55:00-05:00,-9.642009,-11.461694,-3.9674082,-9.004118,-10.945146,-3.4418554,-7.652645,-7.8973117,856648.0,8.88,0.0,-0.356,-0.102,0.407,9.3,2.713,0.0,0.0,0.0,0.0,0.0,0.0,0.0,0.0,3.0,-1.433,-1.433,-0.2,0.0,0.0,0.0,0.0,0.0,271.0,274.0,275.0,273.0,0.67,0.0,0.0,-0.102,-0.033,0.082,0.0,6000.0,403217.0,216.0,335.0,59.97,2.0,31.0,38.0,30.0,9.39,4.387,-0.038,0.0,0.2,0.2,60.0,59.5,75.6,1.0,273.0,273.0,273.0,-0.076,0.031,0.082,1915.0,415621.0,13168.0,1912.0,-0.925,0.818,0.791,0.836,0.0,0.0,0.0,-0.001,0.0,0.0,0.0,0.0,103.0,103.0,103.0,77.0,0.382,112.4,54.32,0.6,3.502,2.0,-1.0,13.88,0.002,0.272,3.0,2.0,0.0,0.0,4.389,4.241,3.887,4.665,3.499,3.644,5.933,6.694,7.671,7.638,6.3,4.167,4.868,4.922,4.03,4.698,6.027,4.983,4.455
2017-05-04 02:56:00-05:00,-9.642009,-11.461694,-3.612118,-8.871705,-10.816379,-3.4418554,-7.652645,-7.8973117,856649.0,8.88,0.0,-0.356,-0.102,0.407,9.26,2.756,0.0,0.0,0.0,0.0,0.0,0.0,0.0,0.0,3.0,-1.5,-1.417,-0.2,0.0,0.0,0.0,0.0,0.0,271.0,274.0,275.0,273.0,0.658,0.0,0.0,-0.1,-0.052,0.062,0.0,6000.0,403217.0,216.0,335.0,59.98,2.0,31.0,38.0,30.0,9.36,4.427,-0.038,0.0,0.2,0.2,60.0,59.5,75.6,1.0,273.0,273.0,273.0,-0.076,0.031,0.082,1915.0,415621.0,13168.0,1912.0,-0.926,0.818,0.791,0.836,0.0,-0.001,0.0,0.0,0.0,0.0,0.0,0.0,103.0,103.0,103.0,77.0,0.857,85.3,33.33,1.7,3.504,2.0,-1.0,13.88,0.002,0.272,3.0,2.0,0.0,0.0,4.406,4.277,3.887,4.665,3.499,3.612,5.918,6.732,7.711,7.673,6.336,4.188,4.907,4.957,4.058,4.744,6.111,5.036,4.502
2017-05-04 02:57:00-05:00,-9.5183935,-11.461694,-3.612118,-8.871705,-10.430079,-3.21616,-7.652645,-7.8973117,856650.0,8.88,0.0,-0.356,-0.102,0.407,9.3,2.73,0.0,0.0,0.0,0.0,0.0,0.0,0.0,0.0,3.0,-1.433,-1.433,-0.2,0.0,0.0,0.0,0.0,0.0,271.0,274.0,274.8,273.0,0.657,0.0,0.0,-0.102,-0.043,0.048,0.0,6000.0,403217.0,216.0,335.0,59.98,2.0,31.0,38.0,30.0,9.42,4.413,-0.038,0.0,0.2,0.2,60.0,59.5,75.6,1.0,273.0,273.0,272.8,-0.076,0.031,0.082,1915.0,415621.0,13168.0,1912.0,-0.925,0.818,0.791,0.836,0.0,-0.001,0.0,0.0,0.0,0.0,0.0,0.0,103.0,103.0,103.0,77.0,0.742,52.85,24.67,1.2,3.502,2.0,-1.0,13.88,0.002,0.272,3.0,2.0,0.0,0.0,4.523,4.277,3.887,4.665,3.499,3.63,5.933,6.784,7.758,7.701,6.391,4.242,4.927,5.041,4.114,4.8,6.247,5.107,4.545
2017-05-04 02:58:00-05:00,-9.394778,-11.461694,-3.612118,-8.739291,-10.301313,-3.103312,-7.527192,-7.8973117,856651.0,8.88,0.0,-0.356,-0.102,0.407,9.37,2.703,0.0,0.0,0.0,0.0,0.0,0.0,0.0,0.0,3.0,-1.267,-1.417,-0.2,0.0,0.0,0.0,0.0,0.0,271.0,274.0,274.4,273.0,0.64,0.0,0.0,-0.102,-0.052,0.075,0.0,6000.0,403217.0,216.0,335.0,59.96,2.0,31.0,38.0,30.0,9.48,4.441,-0.038,0.0,0.2,0.2,60.0,59.5,75.6,1.0,273.0,273.0,272.3,-0.076,0.031,0.082,1915.0,415621.0,13168.0,1912.0,-0.925,0.818,0.791,0.836,0.0,-0.001,0.0,-0.001,0.0,0.0,0.0,0.0,103.0,103.0,103.0,77.0,0.785,69.79,37.78,1.8,3.502,2.0,-1.0,13.88,0.002,0.272,3.0,2.0,0.0,0.0,4.537,4.277,3.952,4.716,3.563,3.694,6.03,6.817,7.744,7.744,6.424,4.308,4.978,5.099,4.177,4.852,6.357,5.147,4.587
2017-05-04 02:59:00-05:00,-9.394778,-11.461694,-3.612118,-8.606877,-9.915014,-2.8776166,-7.527192,-7.8973117,856652.0,8.88,0.0,-0.061,0.169,0.614,9.61,2.707,0.0,0.0,0.0,0.0,0.0,0.0,0.0,0.0,3.0,-1.367,-1.45,-0.2,0.0,0.0,0.0,0.0,0.0,271.0,274.0,274.6,273.0,0.632,0.0,0.0,-0.1,-0.048,0.065,0.0,6000.0,403217.0,216.0,335.0,59.96,2.0,31.0,38.0,30.0,9.4,4.454,-0.038,0.0,0.2,0.2,60.0,59.5,75.6,1.0,273.0,273.0,272.6,-0.076,0.031,0.082,1915.0,415621.0,13168.0,1912.0,-0.925,0.818,0.791,0.836,0.0,-0.001,0.0,-0.001,0.0,0.0,0.0,0.0,103.0,103.0,103.0,77.0,1.263,47.6,15.39,2.3,3.504,2.0,-1.0,13.56,-0.005,0.273,1.0,2.0,0.0,0.001,4.522,4.343,4.003,4.86,3.646,3.694,6.048,6.851,7.829,7.77,6.464,4.372,5.034,5.173,4.239,4.901,6.471,5.227,4.641
2017-05-04 03:00:00-05:00,-9.394778,-11.461694,-3.612118,-8.209637,-9.528715,-2.764769,-7.527192,-7.8973117,856653.0,8.88,0.0,-0.339,-0.08,0.415,9.8,2.721,0.0,0.0,0.0,0.0,0.0,0.0,0.0,0.0,3.0,-1.333,-1.467,-0.2,0.0,0.0,0.0,0.0,0.0,271.0,274.0,274.4,273.0,0.645,0.0,0.0,-0.1,-0.032,0.052,0.0,6000.0,403217.0,216.0,335.0,59.96,2.0,31.0,38.0,30.0,9.41,4.501,-0.038,0.0,0.2,0.2,60.0,59.5,75.6,1.0,273.0,273.0,272.2,-0.076,0.031,0.082,1915.0,415621.0,13168.0,1912.0,-0.926,0.818,0.791,0.836,0.0,0.0,0.0,-0.001,0.0,0.0,0.0,0.0,103.0,103.0,103.0,77.0,1.965,36.9,11.15,2.7,3.504,2.183,-1.0,13.73,0.009,0.361,3.0,1.0,0.0,0.0,4.623,4.294,4.067,4.86,3.643,3.745,6.178,6.915,7.876,7.829,6.527,4.462,5.102,5.267,4.333,4.976,6.581,5.305,4.707
2017-05-04 03:01:00-05:00,-9.394778,-11.461694,-3.612118,-8.077223,-9.399948,-2.6519215,-7.527192,-7.8973117,856654.0,8.88,0.0,-0.333,-0.085,0.407,9.82,2.707,0.0,0.0,0.0,0.0,0.0,0.0,0.0,0.0,3.0,-1.367,-1.567,-0.2,0.0,0.0,0.0,0.0,0.0,271.0,274.0,274.0,273.0,0.645,0.0,0.0,-0.1,-0.045,0.08,0.0,6000.0,403217.0,216.0,335.0,59.96,2.0,31.0,38.0,30.0,9.35,4.509,-0.038,0.0,0.2,0.2,60.0,59.5,75.6,1.0,273.0,273.0,272.0,-0.075,0.031,0.082,1915.0,415621.0,13168.0,1912.0,-0.926,0.818,0.791,0.836,0.0,-0.001,0.0,-0.001,0.0,0.0,0.0,0.0,103.0,103.0,103.0,77.0,1.092,57.76,36.42,2.0,3.504,2.983,-1.0,13.88,0.002,0.692,3.0,1.0,0.0,0.0,4.598,4.277,4.082,4.943,3.678,3.81,6.275,6.964,7.898,7.861,6.573,4.537,5.235,5.368,4.397,5.037,6.665,5.376,4.762
2017-05-04 03:02:00-05:00,-9.271162,-11.461694,-3.612118,-7.94481,-9.013649,-2.6519215,-7.527192,-7.8973117,856655.0,8.88,0.0,-0.354,-0.102,0.407,9.78,2.703,0.0,0.0,0.0,0.0,0.0,0.0,0.0,0.0,3.0,-1.483,-1.483,-0.2,0.0,0.0,0.0,0.0,0.0,271.0,274.0,274.0,273.0,0.648,0.0,0.0,-0.1,-0.045,0.08,0.0,6000.0,403217.0,216.0,335.0,59.94,2.0,31.0,38.0,30.0,9.52,4.587,-0.038,0.0,0.2,0.2,60.0,59.5,75.6,1.0,273.0,273.0,272.0,-0.075,0.031,0.081,1915.0,415621.0,13168.0,1912.0,-0.926,0.818,0.791,0.836,0.0,-0.001,0.0,-0.001,0.0,0.0,0.0,0.0,103.0,103.0,103.0,77.0,1.27,44.16,15.3,2.0,3.503,2.0,-1.0,13.88,0.001,0.415,3.0,1.0,0.0,0.0,4.684,4.291,4.082,4.91,3.758,3.792,6.337,7.019,8.0,7.91,6.622,4.604,5.364,5.483,4.469,5.095,6.718,5.458,4.84
2017-05-04 03:03:00-05:00,-9.147548,-11.461694,-3.612118,-7.94481,-8.756116,-2.6519215,-7.527192,-7.8973117,856656.0,8.88,0.0,-0.356,-0.102,0.407,9.82,2.703,0.0,0.0,0.0,0.0,0.0,0.0,0.0,0.0,3.0,-1.467,-1.533,-0.2,0.0,0.0,0.0,0.0,0.0,271.0,274.0,274.0,273.0,0.647,0.0,0.0,-0.102,-0.055,0.052,0.0,6000.0,403217.0,216.0,335.0,59.93,2.0,31.0,38.0,30.0,9.48,4.627,-0.038,0.0,0.2,0.2,60.0,59.5,75.6,1.0,273.0,273.0,272.0,-0.075,0.031,0.081,1915.0,415621.0,13168.0,1912.0,-0.926,0.818,0.791,0.836,0.001,-0.001,0.0,0.0,0.0,0.0,0.0,0.0,103.0,103.0,103.0,77.0,1.953,33.69,10.31,2.7,3.504,2.0,-1.0,13.88,0.002,0.272,3.0,2.0,0.0,0.0,4.746,4.341,4.132,4.99,3.826,3.792,6.437,7.065,7.985,7.922,6.658,4.671,5.405,5.571,4.53,5.147,6.786,5.536,4.888
2017-05-04 03:04:00-05:00,-9.0239315,-11.461694,-3.612118,-7.94481,-8.756116,-2.6519215,-7.652645,-8.015182,856657.0,8.88,0.0,-0.354,-0.102,0.407,9.84,2.703,0.0,0.0,0.0,0.0,0.0,0.0,0.0,0.0,3.0,-1.583,-1.483,-0.2,0.0,0.0,0.0,0.0,0.0,271.0,274.0,274.0,273.0,0.647,0.0,0.0,-0.103,-0.038,0.062,0.0,6000.0,403217.0,216.0,335.0,59.93,2.0,31.0,38.0,30.0,9.48,4.653,-0.038,0.0,0.2,0.2,60.0,59.5,75.6,1.0,273.0,273.0,272.0,-0.075,0.031,0.082,1915.0,415621.0,13168.0,1912.0,-0.926,0.818,0.791,0.836,0.0,-0.001,0.0,-0.001,0.0,0.0,0.0,0.0,103.0,103.0,103.0,77.0,1.658,36.69,14.68,2.3,3.504,2.0,-1.0,13.88,0.002,0.272,3.0,2.0,0.0,0.0,4.779,4.439,4.244,5.188,3.938,3.889,6.517,7.099,8.04,7.937,6.687,4.719,5.463,5.674,4.586,5.183,6.829,5.577,4.937
2017-05-04 03:05:00-05:00,-8.900316,-11.461694,-3.612118,-7.94481,-8.756116,-2.764769,-7.7780986,-8.015182,856658.0,8.88,0.0,-0.015,0.246,0.695,9.84,2.703,0.0,0.0,0.0,0.0,0.0,0.0,0.0,0.0,3.0,-1.433,-1.583,-0.2,0.0,0.0,0.0,0.0,0.0,271.0,274.0,274.0,273.0,0.66,0.0,0.0,-0.1,-0.045,0.077,0.0,6000.0,403217.0,216.0,335.0,59.93,2.0,31.0,38.0,30.0,9.47,4.738,-0.038,0.0,0.2,0.2,60.0,59.5,75.6,1.0,273.0,273.0,272.0,-0.075,0.031,0.082,1915.0,415621.0,13168.0,1912.0,-0.926,0.818,0.791,0.836,0.0,-0.001,0.0,-0.001,0.0,0.0,0.0,0.0,103.0,103.0,103.0,77.0,1.408,42.7,15.04,2.0,3.503,2.0,-1.0,13.68,0.002,0.273,3.0,2.0,0.0,0.001,4.847,4.471,4.377,5.447,4.067,4.087,6.564,7.129,8.05,7.96,6.719,4.789,5.55,5.741,4.647,5.227,6.9,5.634,4.97
2017-05-04 03:06:00-05:00,-8.900316,-11.461694,-3.612118,-7.94481,-8.884883,-2.9904647,-7.7780986,-8.015182,856659.0,8.89,0.0,-0.356,-0.102,0.407,9.81,2.703,0.0,0.0,0.0,0.0,0.0,0.0,0.0,0.0,3.0,-1.55,-1.517,-0.2,0.0,0.0,0.0,0.0,0.0,271.0,274.0,274.0,272.9,0.665,0.0,0.0,-0.1,-0.053,0.055,0.0,6000.0,403217.0,216.0,335.0,59.94,2.0,31.0,38.0,30.0,9.5,4.808,-0.038,0.0,0.2,0.2,60.0,59.5,75.6,1.0,272.9,273.0,272.0,-0.075,0.031,0.082,1915.0,415621.0,13168.0,1912.0,-0.926,0.818,0.791,0.836,0.0,-0.001,0.0,-0.001,0.0,0.0,0.0,0.0,103.0,103.0,103.0,77.0,1.723,38.9,15.36,2.5,3.504,2.0,-1.0,13.88,0.002,0.272,3.0,2.0,0.0,0.0,4.796,4.536,4.471,5.556,4.082,4.181,6.614,7.152,8.03,7.968,6.742,4.829,5.641,5.804,4.676,5.256,6.932,5.724,4.99
2017-05-04 03:07:00-05:00,-8.900316,-11.461694,-3.612118,-8.077223,-9.013649,-3.103312,-7.903552,-8.250922,856660.0,8.89,0.0,-0.356,-0.102,0.407,9.79,2.729,0.0,0.0,0.0,0.0,0.0,0.0,0.0,0.0,3.0,-1.433,-1.383,-0.2,0.0,0.0,0.0,0.0,0.0,271.0,274.0,274.0,273.0,0.64,0.0,0.0,-0.102,-0.035,0.062,0.0,6000.0,403217.0,216.0,335.0,59.96,2.0,31.0,38.0,30.0,9.5,4.783,-0.038,0.0,0.2,0.2,60.0,59.5,75.6,1.0,273.0,273.0,272.0,-0.076,0.031,0.082,1915.0,415621.0,13168.0,1912.0,-0.926,0.818,0.791,0.836,0.0,-0.001,0.0,-0.001,0.0,0.0,0.0,0.0,103.0,103.0,103.0,77.0,1.577,42.83,16.98,2.4,3.504,2.0,-1.0,13.88,0.002,0.272,3.0,2.0,0.0,0.0,4.828,4.568,4.518,5.591,4.1,4.195,6.679,7.167,8.1,8.01,6.769,4.854,5.704,5.877,4.714,5.276,6.997,5.837,5.012
2017-05-04 03:08:00-05:00,-9.0239315,-11.461694,-3.612118,-8.077223,-9.142415,-3.103312,-8.029005,-8.250922,856661.0,8.9,0.0,-0.356,-0.102,0.407,9.76,2.909,0.0,0.0,0.0,0.0,0.0,0.0,0.0,0.0,3.0,-1.35,-1.467,-0.2,0.0,0.0,0.0,0.0,0.0,271.0,274.0,274.0,273.0,0.667,0.0,0.0,-0.1,-0.043,0.08,0.0,6000.0,403217.0,216.0,335.0,59.97,2.0,31.0,38.0,30.0,9.43,4.773,-0.038,0.0,0.2,0.2,60.0,59.5,75.6,1.0,273.0,273.0,272.0,-0.076,0.031,0.082,1915.0,415621.0,13168.0,1912.0,-0.926,0.818,0.791,0.836,0.0,-0.001,0.0,-0.001,0.0,0.0,0.0,0.0,103.0,103.0,103.0,77.0,1.948,45.25,10.4,2.3,3.504,2.0,-1.0,13.88,0.002,0.272,3.0,2.0,0.0,0.0,4.905,4.568,4.633,5.721,4.179,4.264,6.711,7.197,8.05,8.02,6.802,4.898,5.746,5.93,4.758,5.311,7.076,5.958,5.036
2017-05-04 03:09:00-05:00,-9.0239315,-11.461694,-3.612118,-8.209637,-9.142415,-3.103312,-8.154458,-8.133052,856662.0,8.9,0.0,-0.356,-0.102,0.407,9.77,3.002,0.0,0.0,0.0,0.0,0.0,0.0,0.0,0.0,3.0,-1.117,-1.483,-0.2,0.0,0.0,0.0,0.0,0.0,270.5,273.4,273.8,272.4,0.638,0.0,0.0,-0.102,-0.043,0.065,0.0,6000.0,403217.0,216.0,335.0,59.98,2.0,31.0,38.0,30.0,9.46,4.888,-0.038,0.0,0.2,0.2,60.0,59.5,75.6,1.0,272.4,272.6,271.9,-0.075,0.031,0.081,1915.0,415621.0,13168.0,1912.0,-0.926,0.818,0.791,0.836,0.001,-0.001,0.0,0.0,0.0,0.0,0.0,0.0,103.0,103.0,103.0,77.0,1.647,38.46,14.12,2.3,3.504,2.0,-1.0,13.88,0.002,0.272,3.0,2.0,0.0,0.0,4.928,4.651,4.698,5.866,4.262,4.361,6.711,7.218,8.08,8.01,6.822,4.928,5.83,5.959,4.78,5.337,7.094,6.04,5.049
2017-05-04 03:10:00-05:00,-9.147548,-11.461694,-3.612118,-8.209637,-9.013649,-3.103312,-8.154458,-8.133052,856663.0,8.9,0.0,-0.233,0.008,0.477,9.81,3.217,0.0,0.0,0.0,0.0,0.0,0.0,0.0,0.0,3.183,-1.3,-1.45,-0.2,0.0,0.0,0.0,0.0,0.0,270.5,273.0,274.0,272.0,0.625,0.0,0.0,-0.1,-0.05,0.057,0.0,6000.0,403217.0,216.0,335.0,59.98,2.0,31.0,38.0,30.0,9.52,4.963,-0.038,0.0,0.2,0.2,60.0,59.5,75.6,1.0,272.0,272.3,272.0,-0.075,0.031,0.081,1915.0,415621.0,13168.0,1912.0,-0.927,0.818,0.791,0.836,0.001,-0.001,0.0,-0.001,0.0,0.0,0.0,0.0,103.0,103.0,103.0,77.0,1.332,43.68,15.31,2.0,3.504,2.0,-1.0,13.56,-0.003,0.271,1.0,2.0,0.0,0.001,4.943,4.734,4.795,5.93,4.309,4.491,6.809,7.252,8.11,8.05,6.854,4.974,5.976,6.009,4.814,5.37,7.142,6.149,5.085
2017-05-04 03:11:00-05:00,-9.147548,-11.297955,-3.612118,-8.077223,-8.884883,-3.103312,-7.903552,-8.015182,856664.0,8.91,0.0,-0.345,-0.102,0.405,9.85,3.287,0.0,0.0,0.0,0.0,0.0,0.0,0.0,0.0,3.633,-1.533,-1.483,-0.2,0.0,0.0,0.0,0.0,0.0,270.5,273.0,274.0,272.0,0.635,0.0,0.0,-0.1,-0.038,0.078,0.0,6000.0,403217.0,216.0,335.0,59.98,2.0,31.0,38.0,30.0,9.42,5.018,-0.038,0.0,0.2,0.2,60.0,59.5,75.6,1.0,272.0,272.4,272.0,-0.075,0.03,0.081,1915.0,415621.0,13168.0,1912.0,-0.927,0.818,0.791,0.836,0.001,-0.001,0.0,-0.001,0.0,0.0,0.0,0.0,103.0,103.0,103.0,77.0,1.663,40.94,16.62,2.8,3.503,2.0,-1.0,13.56,0.007,0.274,1.0,2.0,0.0,0.001,4.994,4.763,4.86,5.93,4.341,4.473,6.906,7.324,8.2,8.12,6.932,5.033,6.047,6.108,4.87,5.422,7.232,6.276,5.139
2017-05-04 03:12:00-05:00,-9.147548,-10.970478,-3.612118,-7.94481,-8.756116,-2.9904647,-7.652645,-7.8973117,856665.0,8.92,0.0,-0.354,-0.102,0.407,9.85,3.467,0.0,0.0,0.0,0.0,0.0,0.0,0.0,0.0,3.95,-1.433,-1.517,-0.2,0.0,0.0,0.0,0.0,0.0,270.1,273.0,273.9,272.0,0.63,0.0,0.0,-0.1,-0.043,0.063,0.0,6000.0,403217.0,216.0,335.0,59.98,2.0,31.0,38.0,30.0,9.43,5.054,-0.038,0.0,0.2,0.2,60.0,59.5,75.6,1.0,272.0,272.0,271.7,-0.075,0.031,0.081,1915.0,415621.0,13168.0,1912.0,-0.927,0.818,0.791,0.836,0.0,-0.001,0.0,-0.001,0.0,0.0,0.0,0.0,103.0,103.0,103.0,77.0,1.283,51.46,16.55,2.5,3.503,2.0,-1.0,13.88,0.002,0.272,3.0,2.0,0.0,0.0,5.038,4.86,4.86,5.93,4.439,4.556,6.957,7.395,8.27,8.18,7.018,5.1,6.132,6.189,4.945,5.477,7.307,6.387,5.202
2017-05-04 03:13:00-05:00,-9.0239315,-10.970478,-3.612118,-7.94481,-8.62735,-2.764769,-7.652645,-7.8973117,856666.0,8.92,0.0,-0.347,-0.093,0.407,9.84,3.514,0.0,0.0,0.0,0.0,0.0,0.0,0.0,0.0,3.983,-1.467,-1.483,-0.2,0.0,0.0,0.0,0.0,0.0,270.1,273.0,274.0,272.0,0.623,0.0,0.0,-0.1,-0.047,0.067,0.0,6000.0,403217.0,216.0,335.0,59.97,2.0,31.0,38.0,30.0,9.42,5.096,-0.038,0.0,0.2,0.2,60.0,59.5,75.6,1.0,272.0,272.2,271.8,-0.075,0.03,0.081,1915.0,415621.0,13168.0,1912.0,-0.927,0.818,0.791,0.836,0.0,0.0,0.0,-0.001,0.0,0.0,0.0,0.0,103.0,103.0,103.0,77.0,1.347,48.16,17.57,2.2,3.504,2.183,-1.0,13.88,0.002,0.351,3.0,1.0,0.0,0.0,5.136,4.86,4.878,5.93,4.406,4.57,7.004,7.441,8.31,8.23,7.076,5.174,6.237,6.259,5.011,5.523,7.377,6.477,5.27
2017-05-04 03:14:00-05:00,-9.147548,-10.970478,-3.612118,-7.94481,-8.62735,-2.6519215,-7.527192,-7.7794414,856667.0,8.92,0.0,-0.33,-0.085,0.407,9.86,3.514,0.0,0.0,0.0,0.0,0.0,0.0,0.0,0.0,4.0,-1.767,-1.483,-0.2,0.0,0.0,0.0,0.0,0.0,270.1,273.0,274.0,272.0,0.635,0.0,0.0,-0.1,-0.043,0.073,0.0,6000.0,403217.0,216.0,335.0,59.97,2.0,31.0,38.0,30.0,9.42,5.175,-0.038,0.0,0.2,0.2,60.0,59.5,75.6,1.0,272.0,272.0,271.9,-0.075,0.031,0.081,1915.0,415621.0,13168.0,1912.0,-0.927,0.818,0.791,0.836,0.0,-0.001,0.0,-0.001,0.0,0.0,0.0,0.0,103.0,103.0,103.0,77.0,1.678,43.39,13.34,2.6,3.504,2.983,-1.0,13.88,0.002,0.714,3.0,1.0,0.0,0.0,5.088,4.86,4.86,5.916,4.471,4.552,7.101,7.514,8.4,8.31,7.146,5.232,6.371,6.35,5.064,5.581,7.487,6.593,5.378
2017-05-04 03:15:00-05:00,-9.0239315,-10.970478,-3.612118,-7.94481,-8.62735,-2.6519215,-7.527192,-7.6615705,856668.0,8.92,0.0,-0.356,-0.102,0.407,9.91,3.671,0.0,0.0,0.0,0.0,0.0,0.0,0.0,0.0,4.0,-1.2,-1.4,-0.2,0.0,0.0,0.0,0.0,0.0,270.4,273.1,274.0,272.1,0.632,0.0,0.0,-0.102,-0.05,0.072,0.0,6000.0,403217.0,216.0,335.0,59.98,2.0,31.0,38.0,30.0,9.43,5.234,-0.038,0.0,0.2,0.2,60.0,59.5,75.6,1.0,272.0,272.5,272.0,-0.075,0.031,0.081,1915.0,415621.0,13168.0,1912.0,-0.927,0.818,0.791,0.836,0.001,-0.001,0.0,-0.001,0.0,0.0,0.0,0.0,103.0,103.0,103.0,77.0,1.478,36.54,10.23,2.0,3.504,2.0,-1.0,13.88,0.001,0.409,3.0,1.0,0.0,0.0,5.174,4.91,4.91,5.963,4.471,4.57,7.119,7.57,8.39,8.32,7.207,5.285,6.434,6.407,5.117,5.619,7.509,6.659,5.514
2017-05-04 03:16:00-05:00,-9.0239315,-10.970478,-3.612118,-7.8123965,-8.498584,-2.6519215,-7.527192,-7.5437,856669.0,8.94,0.0,-0.356,-0.102,0.407,9.98,3.821,0.0,0.0,0.0,0.0,0.0,0.0,0.0,0.0,4.0,-1.333,-1.433,-0.2,0.0,0.0,0.0,0.0,0.0,270.3,273.1,274.0,272.0,0.63,0.0,0.0,-0.102,-0.045,0.048,0.0,6000.0,403217.0,216.0,335.0,59.98,2.0,31.0,38.0,30.0,9.51,5.276,-0.038,0.0,0.2,0.2,60.0,59.5,75.6,1.0,272.0,272.5,272.0,-0.075,0.031,0.081,1915.0,415621.0,13168.0,1912.0,-0.926,0.818,0.791,0.836,0.0,-0.001,0.0,-0.001,0.0,0.0,0.0,0.0,103.0,103.0,103.0,77.0,0.832,54.15,61.1,1.6,3.503,2.0,-1.0,13.88,0.002,0.272,3.0,2.0,0.0,0.0,5.188,5.008,5.04,6.093,4.55,4.667,7.184,7.624,8.51,8.38,7.266,5.334,6.492,6.462,5.165,5.659,7.621,6.722,5.646
2017-05-04 03:17:00-05:00,-8.653086,-10.479261,-3.612118,-7.8123965,-8.498584,-2.6519215,-7.527192,-7.4258304,856670.0,8.94,0.0,-0.356,-0.102,0.407,9.94,4.045,0.0,0.0,0.0,0.0,0.0,0.0,0.0,0.0,4.05,-1.383,-1.55,-0.2,0.0,0.0,0.0,0.0,0.0,270.4,273.4,274.0,272.2,0.653,0.0,0.0,-0.1,-0.033,0.075,0.0,6000.0,403217.0,216.0,335.0,59.97,2.0,31.0,38.0,30.0,9.45,5.331,-0.038,0.0,0.2,0.2,60.0,59.5,75.6,1.0,272.0,272.8,272.0,-0.076,0.031,0.082,1915.0,415621.0,13168.0,1912.0,-0.926,0.818,0.791,0.836,0.0,-0.001,0.0,-0.001,0.0,0.0,0.0,0.0,103.0,103.0,103.0,77.0,0.44,56.2,72.01,1.0,3.504,2.0,-1.0,13.88,0.002,0.272,3.0,2.0,0.0,0.0,5.249,5.12,5.055,6.125,4.651,4.75,7.249,7.692,8.51,8.44,7.342,5.377,6.598,6.52,5.202,5.742,7.654,6.789,5.796
2017-05-04 03:18:00-05:00,-8.5294695,-10.315524,-3.2568276,-7.94481,-8.498584,-2.6519215,-7.527192,-7.5437,856671.0,8.95,0.0,-0.354,-0.102,0.407,9.87,4.16,0.0,0.0,0.0,0.0,0.0,0.0,0.0,0.0,4.717,-1.4,-1.517,-0.2,0.0,0.0,0.0,0.0,0.0,270.0,273.0,274.0,272.0,0.652,0.0,0.0,-0.1,-0.047,0.068,0.0,6000.0,403217.0,216.0,335.0,59.97,2.0,31.0,38.0,30.0,9.47,5.423,-0.038,0.0,0.2,0.2,60.0,59.5,75.6,1.0,272.0,272.1,272.0,-0.075,0.031,0.081,1915.0,415621.0,13168.0,1912.0,-0.927,0.818,0.791,0.836,0.0,-0.001,0.0,-0.001,0.0,0.0,0.0,0.0,103.0,103.0,103.0,77.0,0.752,57.18,57.33,2.0,3.503,2.0,-1.0,13.88,0.002,0.272,3.0,2.0,0.0,0.0,5.332,5.217,5.073,6.125,4.665,4.765,7.296,7.734,8.56,8.49,7.387,5.43,6.653,6.566,5.229,5.864,7.679,6.842,5.912
2017-05-04 03:19:00-05:00,-8.5294695,-10.315524,-3.2568276,-7.94481,-8.498584,-2.6519215,-7.527192,-7.30796,856672.0,8.97,0.0,-0.191,0.055,0.525,9.87,4.324,0.0,0.0,0.0,0.0,0.0,0.0,0.0,0.0,4.683,-1.783,-1.533,-0.2,0.0,0.0,0.0,0.0,0.0,270.0,273.0,274.0,272.0,0.625,0.0,0.0,-0.1,-0.043,0.058,0.0,6000.0,403217.0,216.0,335.0,59.97,2.0,31.0,38.0,30.0,9.59,5.574,-0.038,0.0,0.2,0.2,60.0,59.5,75.6,1.0,272.0,272.0,272.0,-0.075,0.031,0.081,1915.0,415621.0,13168.0,1912.0,-0.927,0.818,0.791,0.836,0.0,-0.001,0.0,-0.001,0.0,0.0,0.0,0.0,103.0,103.0,103.0,77.0,0.925,73.3,31.24,1.9,3.504,2.0,-1.0,13.77,0.017,0.271,1.0,2.0,0.0,0.001,5.491,5.379,5.184,6.179,4.748,4.83,7.296,7.801,8.64,8.54,7.454,5.465,6.71,6.607,5.267,6.005,7.736,6.891,6.023
2017-05-04 03:20:00-05:00,-8.282239,-10.315524,-2.9015374,-7.8123965,-8.369817,-2.6519215,-7.527192,-7.30796,856673.0,8.97,0.0,-0.352,-0.102,0.407,9.9,4.375,0.0,0.0,0.0,0.0,0.0,0.0,0.0,0.0,4.967,-1.733,-1.533,-0.2,0.0,0.0,0.0,0.0,0.0,270.0,273.0,274.0,272.0,0.643,0.0,0.0,-0.1,-0.055,0.06,0.0,6000.0,403217.0,216.0,335.0,59.97,2.0,31.0,38.0,30.0,9.72,5.648,-0.038,0.0,0.2,0.2,60.0,59.5,75.6,1.0,272.0,272.0,271.9,-0.075,0.031,0.081,1915.0,415621.0,13168.0,1912.0,-0.926,0.818,0.791,0.836,0.0,-0.001,0.0,-0.001,0.0,0.0,0.0,0.0,103.0,103.0,103.0,77.0,1.067,42.76,25.65,1.7,3.504,2.0,-1.0,13.69,-0.013,0.273,1.0,2.0,0.0,0.001,5.642,5.509,5.249,6.24,4.86,4.959,7.328,7.875,8.69,8.6,7.529,5.524,6.833,6.667,5.318,6.176,7.797,6.965,6.152
2017-05-04 03:21:00-05:00,-8.282239,-9.824308,-2.7831073,-7.679983,-8.24105,-2.6519215,-7.527192,-7.190089,856674.0,8.97,0.0,-0.352,-0.102,0.407,9.94,4.563,0.0,0.0,0.0,0.0,0.0,0.0,0.0,0.0,5.0,-1.7,-1.583,-0.2,0.0,0.0,0.0,0.0,0.0,270.0,273.0,274.0,272.0,0.643,0.0,0.0,-0.103,-0.052,0.078,0.0,6000.0,403217.0,216.0,335.0,59.97,2.0,31.0,38.0,30.0,9.72,5.76,-0.038,0.0,0.2,0.2,60.0,59.5,75.6,1.0,272.0,272.0,271.6,-0.075,0.031,0.081,1915.0,415621.0,13168.0,1912.0,-0.926,0.818,0.791,0.836,0.0,-0.001,0.0,-0.001,0.0,0.0,0.0,0.0,103.0,103.0,103.0,77.0,1.018,68.62,39.81,1.7,3.504,2.0,-1.0,13.88,0.002,0.272,3.0,2.0,0.0,0.0,5.754,5.624,5.299,6.32,4.878,5.009,7.393,7.942,8.74,8.66,7.589,5.582,6.913,6.729,5.382,6.337,7.875,7.051,6.281
2017-05-04 03:22:00-05:00,-8.158624,-9.824308,-2.7831073,-7.5475698,-8.112285,-2.6519215,-7.527192,-7.190089,856675.0,8.98,0.0,-0.349,-0.102,0.407,9.9,4.595,0.0,0.0,0.0,0.0,0.0,0.0,0.0,0.0,5.0,-1.667,-1.533,-0.2,0.0,0.0,0.0,0.0,0.0,270.0,273.0,273.8,272.0,0.637,0.0,0.0,-0.102,-0.047,0.06,0.0,6000.0,403217.0,216.0,335.0,59.96,2.0,31.0,38.0,30.0,9.89,5.927,-0.038,0.0,0.2,0.2,60.0,59.5,75.6,1.0,272.0,272.0,271.3,-0.075,0.031,0.081,1915.0,415621.0,13168.0,1912.0,-0.926,0.818,0.791,0.836,0.0,-0.001,0.0,0.0,0.0,0.0,0.0,0.0,103.0,103.0,103.0,77.0,0.942,78.23,36.97,1.8,3.503,2.0,-1.0,13.88,0.002,0.272,3.0,2.0,0.0,0.0,5.902,5.75,5.397,6.417,5.022,5.107,7.426,7.985,8.73,8.69,7.629,5.617,6.955,6.771,5.408,6.437,7.861,7.092,6.366
2017-05-04 03:23:00-05:00,-7.787777,-9.496831,-2.7831073,-7.5475698,-8.24105,-2.6519215,-7.527192,-7.190089,856676.0,8.99,0.0,-0.352,-0.102,0.407,9.84,4.697,0.0,0.0,0.0,0.0,0.0,0.0,0.0,0.0,5.0,-1.7,-1.483,-0.2,0.0,0.0,0.0,0.0,0.0,270.0,273.0,273.6,272.0,0.62,0.0,0.0,-0.1,-0.052,0.057,0.0,6000.0,403217.0,216.0,335.0,59.94,2.0,31.0,38.0,30.0,9.97,5.993,-0.038,0.0,0.2,0.2,60.0,59.5,75.6,1.0,272.0,272.0,271.0,-0.075,0.031,0.081,1915.0,415621.0,13168.0,1912.0,-0.926,0.818,0.791,0.836,0.0,-0.001,0.0,-0.001,0.0,0.0,0.0,0.0,103.0,103.0,103.0,77.0,0.58,53.67,36.84,1.3,3.503,2.0,-1.0,13.88,0.002,0.272,3.0,2.0,0.0,0.0,5.985,5.898,5.491,6.467,5.055,5.204,7.49,8.06,8.83,8.75,7.697,5.659,7.045,6.827,5.452,6.558,7.936,7.156,6.461
2017-05-04 03:24:00-05:00,-7.41693,-9.333093,-2.7831073,-7.5475698,-8.112285,-2.6519215,-7.401739,-7.0722194,856677.0,9.0,0.0,-0.356,-0.102,0.407,9.83,4.861,0.0,0.0,0.0,0.0,0.0,0.0,0.0,0.0,5.0,-1.767,-1.533,-0.2,0.0,0.0,0.0,0.0,0.0,270.0,273.0,273.3,272.0,0.623,0.0,0.0,-0.105,-0.047,0.077,0.0,6000.0,403217.0,216.0,335.0,59.94,2.0,31.0,38.0,30.0,10.06,6.118,-0.038,0.0,0.2,0.2,60.0,59.5,75.6,1.0,272.0,272.0,271.0,-0.075,0.031,0.081,1915.0,415621.0,13168.0,1912.0,-0.926,0.818,0.791,0.836,0.0,-0.001,0.0,-0.001,0.0,0.0,0.0,0.0,103.0,103.0,103.0,77.0,0.783,88.2,31.59,1.3,3.504,2.0,-1.0,13.88,0.002,0.272,3.0,2.0,0.0,0.0,6.159,5.998,5.574,6.514,5.152,5.301,7.49,8.12,8.89,8.79,7.757,5.707,7.059,6.9,5.492,6.672,7.98,7.218,6.567
2017-05-04 03:25:00-05:00,-7.293315,-9.333093,-2.7831073,-7.415156,-7.9835176,-2.6519215,-7.401739,-7.0722194,856678.0,9.01,0.0,-0.153,0.087,0.544,9.81,4.887,0.0,0.0,0.0,0.0,0.0,0.0,0.0,0.0,5.0,-1.967,-1.667,-0.2,0.0,0.0,0.0,0.0,0.0,270.0,273.0,273.5,272.0,0.623,0.0,0.0,-0.1,-0.045,0.068,0.0,6000.0,403217.0,216.0,335.0,59.93,2.0,31.0,38.0,30.0,10.18,6.24,-0.038,0.0,0.2,0.2,60.0,59.5,75.6,1.0,272.0,272.0,271.0,-0.075,0.031,0.081,1915.0,415621.0,13168.0,1912.0,-0.926,0.818,0.791,0.836,0.0,-0.001,0.0,0.0,0.0,0.0,0.0,0.0,103.0,103.0,103.0,77.0,0.795,93.4,34.8,1.6,3.504,2.0,-1.0,13.68,-0.001,0.273,1.0,2.0,0.0,0.001,6.354,6.125,5.638,6.626,5.249,5.363,7.555,8.19,8.97,8.85,7.816,5.744,7.138,6.937,5.537,6.799,8.02,7.309,6.677
2017-05-04 03:26:00-05:00,-7.169699,-9.333093,-2.6646771,-7.2827425,-7.9835176,-2.6519215,-7.2762856,-7.0722194,856679.0,9.01,0.0,-0.356,-0.102,0.407,9.93,5.097,0.0,0.0,0.0,0.0,0.0,0.0,0.0,0.0,5.0,-1.917,-1.683,-0.2,0.0,0.0,0.0,0.0,0.0,270.0,273.0,273.7,272.0,0.613,0.0,0.0,-0.102,-0.042,0.072,0.0,6000.0,403217.0,216.0,335.0,59.95,2.0,31.0,38.0,30.0,10.27,6.368,-0.038,0.0,0.2,0.2,60.0,59.5,75.6,1.0,272.0,272.0,271.0,-0.075,0.03,0.081,1915.0,415621.0,13168.0,1912.0,-0.927,0.818,0.791,0.836,0.0,-0.001,0.0,-0.001,0.0,0.0,0.0,0.0,103.0,103.0,103.0,77.0,0.918,77.17,29.57,2.3,3.503,2.0,-1.0,13.85,0.005,0.273,3.0,2.0,0.0,0.0,6.513,6.255,5.718,6.759,5.282,5.478,7.588,8.25,9.02,8.88,7.884,5.782,7.176,7.017,5.577,6.894,8.07,7.374,6.764
2017-05-04 03:27:00-05:00,-7.046084,-9.333093,-2.4278169,-7.2827425,-7.854751,-2.6519215,-7.2762856,-6.954349,856680.0,9.03,0.0,-0.352,-0.102,0.407,10.08,5.151,0.0,0.0,0.0,0.0,0.0,0.0,0.0,0.0,5.0,-1.8,-1.6,-0.2,0.0,0.0,0.0,0.0,0.0,270.0,273.0,273.9,272.0,0.632,0.0,0.0,-0.103,-0.05,0.085,0.0,6000.0,403217.0,216.0,335.0,59.95,2.0,31.0,38.0,30.0,10.38,6.514,-0.038,0.0,0.2,0.2,60.0,59.5,75.6,1.0,272.0,272.0,271.0,-0.075,0.03,0.081,1915.0,415621.0,13168.0,1912.0,-0.927,0.818,0.791,0.836,0.0,-0.001,0.0,-0.001,0.0,0.0,0.0,0.0,103.0,103.0,103.0,77.0,1.25,75.47,22.42,2.7,3.503,2.0,-1.0,13.88,0.002,0.273,3.0,2.0,0.0,0.0,6.634,6.402,5.818,6.839,5.397,5.561,7.588,8.3,9.04,8.95,7.927,5.815,7.19,7.068,5.607,6.961,8.1,7.409,6.82
2017-05-04 03:28:00-05:00,-6.922468,-9.333093,-2.4278169,-7.2827425,-7.725985,-2.6519215,-7.2762856,-6.954349,856681.0,9.03,0.0,-0.354,-0.102,0.407,10.25,5.324,0.0,0.0,0.0,0.0,0.0,0.0,0.0,0.0,5.267,-1.817,-1.533,-0.2,0.0,0.0,0.0,0.0,0.0,270.0,273.0,273.7,272.0,0.633,0.0,0.0,-0.1,-0.043,0.068,0.0,6000.0,403217.0,216.0,335.0,59.94,2.0,31.0,38.0,30.0,10.46,6.611,-0.038,0.0,0.2,0.2,60.0,59.5,75.6,1.0,272.0,272.0,271.0,-0.075,0.03,0.081,1915.0,415621.0,13168.0,1912.0,-0.927,0.818,0.791,0.836,0.0,-0.001,0.001,-0.001,0.0,0.0,0.0,0.0,103.0,103.0,103.0,77.0,1.267,105.6,24.99,2.5,3.503,2.0,-1.0,13.88,0.002,0.272,3.0,2.0,0.0,0.0,6.726,6.547,5.898,6.954,5.462,5.691,7.638,8.35,9.1,8.98,7.975,5.87,7.314,7.127,5.659,7.042,8.11,7.464,6.891
2017-05-04 03:29:00-05:00,-6.675237,-9.169354,-2.4278169,-7.1503286,-7.725985,-2.313378,-7.025379,-6.8364787,856682.0,9.05,0.0,-0.349,-0.102,0.407,10.29,5.403,0.0,0.0,0.0,0.0,0.0,0.0,0.0,0.0,5.65,-1.6,-1.583,-0.2,0.0,0.0,0.0,0.0,0.0,270.0,273.0,273.4,272.0,0.625,0.0,0.0,-0.1,-0.042,0.055,0.0,6000.0,403217.0,216.0,335.0,59.94,2.0,31.0,38.0,30.0,10.55,6.728,-0.038,0.0,0.2,0.2,60.0,59.5,75.6,1.0,272.0,272.0,271.0,-0.075,0.031,0.081,1915.0,415621.0,13168.0,1912.0,-0.926,0.818,0.791,0.836,0.0,-0.001,0.0,-0.001,0.0,0.0,0.0,0.0,103.0,103.0,103.0,77.0,0.922,92.6,29.47,1.6,3.504,2.0,-1.0,13.88,0.002,0.272,3.0,2.0,0.0,0.0,6.861,6.676,5.964,7.016,5.559,5.756,7.685,8.41,9.17,9.03,8.03,5.938,7.38,7.221,5.728,7.154,8.22,7.566,6.988
2017-05-04 03:30:00-05:00,-6.675237,-8.841877,-2.4278169,-7.1503286,-7.5972185,-2.313378,-6.899926,-6.600738,856683.0,9.06,0.0,-0.131,0.119,0.585,10.28,5.405,0.0,0.0,0.0,0.0,0.0,0.0,0.0,0.0,5.5,-1.867,-1.717,-0.2,0.0,0.0,0.0,0.0,0.0,270.0,273.0,273.8,272.0,0.632,0.0,0.0,-0.102,-0.032,0.065,0.0,6000.0,403217.0,216.0,335.0,59.95,2.0,31.0,38.0,30.0,10.64,6.862,-0.038,0.0,0.2,0.2,60.0,59.5,75.6,1.0,272.0,272.0,271.0,-0.075,0.031,0.081,1915.0,415621.0,13168.0,1912.0,-0.926,0.818,0.791,0.836,0.0,-0.001,0.0,-0.001,0.0,0.0,0.0,0.0,103.0,103.0,103.0,77.0,0.95,69.43,43.76,1.9,3.504,2.0,-1.0,13.88,0.004,0.272,3.0,2.0,0.0,0.0,7.003,6.821,6.045,7.134,5.621,5.853,7.736,8.49,9.27,9.1,8.11,5.992,7.451,7.295,5.779,7.268,8.29,7.668,7.094
2017-05-04 03:31:00-05:00,-6.5516214,-8.678139,-2.309387,-7.0179157,-7.339686,-2.0876827,-6.7744727,-6.4828677,856684.0,9.06,0.0,-0.339,-0.1,0.405,10.46,5.398,0.0,0.0,0.0,0.0,0.0,0.0,0.0,0.0,5.467,-1.933,-1.6,-0.2,0.0,0.0,0.0,0.0,0.0,270.0,273.0,273.4,272.0,0.63,0.0,0.0,-0.102,-0.042,0.078,0.0,6000.0,403217.0,216.0,335.0,59.96,2.0,31.0,38.0,30.0,10.82,7.012,-0.038,0.0,0.2,0.2,60.0,59.5,75.6,1.0,272.0,272.0,271.0,-0.075,0.031,0.081,1915.0,415621.0,13168.0,1912.0,-0.927,0.818,0.791,0.836,0.001,0.0,0.0,-0.001,0.0,0.0,0.0,0.0,103.0,103.0,103.0,77.0,2.145,100.4,26.52,3.5,3.504,2.0,-1.0,13.68,0.0,0.273,1.0,2.0,0.0,0.001,7.147,6.954,6.175,7.246,5.786,5.95,7.866,8.58,9.33,9.18,8.19,6.079,7.625,7.431,5.855,7.408,8.34,7.824,7.246
2017-05-04 03:32:00-05:00,-6.5516214,-8.678139,-2.4278169,-6.7530885,-7.210919,-1.974835,-6.6490197,-6.364997,856685.0,9.08,0.0,-0.345,-0.093,0.407,10.63,5.289,0.0,0.0,0.0,0.0,0.0,0.0,0.0,0.0,5.117,-1.917,-1.583,-0.2,0.0,0.0,0.0,0.0,0.0,270.0,273.0,273.2,272.0,0.633,0.0,0.0,-0.102,-0.06,0.057,0.0,6000.0,403217.0,216.0,335.0,59.96,2.0,31.0,38.0,30.0,10.93,7.142,-0.038,0.0,0.2,0.2,60.0,59.5,75.6,1.0,272.0,272.0,271.0,-0.075,0.031,0.081,1915.0,415621.0,13168.0,1912.0,-0.927,0.818,0.791,0.836,0.0,-0.001,0.0,-0.001,0.0,0.0,0.0,0.0,103.0,103.0,103.0,77.0,1.072,79.77,15.81,1.7,3.503,2.183,-1.0,13.88,0.002,0.359,3.0,1.0,0.0,0.0,7.346,7.131,6.24,7.39,5.848,6.048,7.93,8.64,9.4,9.22,8.26,6.132,7.652,7.528,5.907,7.498,8.41,7.909,7.334
2017-05-04 03:33:00-05:00,-6.5516214,-8.678139,-2.4278169,-6.6206746,-7.082153,-1.974835,-6.6490197,-6.364997,856686.0,9.09,0.0,-0.347,-0.093,0.409,10.64,5.144,0.0,0.0,0.0,0.0,0.0,0.0,0.0,0.0,5.0,-1.967,-1.583,-0.2,0.0,0.0,0.0,0.0,0.0,270.0,273.0,273.4,272.0,0.638,0.0,0.0,-0.1,-0.045,0.077,0.0,6000.0,403217.0,216.0,335.0,59.96,2.0,31.0,38.0,30.0,10.98,7.269,-0.038,0.0,0.2,0.2,60.0,59.5,75.6,1.0,272.0,272.0,271.0,-0.075,0.031,0.081,1915.0,415621.0,13168.0,1912.0,-0.926,0.818,0.791,0.836,0.0,-0.001,0.0,0.0,0.0,0.0,0.0,0.0,103.0,103.0,103.0,77.0,0.575,88.8,44.85,1.2,3.503,2.817,-1.0,13.88,0.001,0.62,3.0,1.0,0.0,0.0,7.46,7.228,6.32,7.473,5.93,6.127,7.978,8.72,9.49,9.27,8.33,6.182,7.73,7.593,5.959,7.584,8.5,7.987,7.416
2017-05-04 03:34:00-05:00,-6.5516214,-8.678139,-2.4278169,-6.4882617,-6.9533863,-1.974835,-6.6490197,-6.364997,856687.0,9.1,0.0,-0.335,-0.102,0.407,10.66,5.135,0.0,0.0,0.0,0.0,0.0,0.0,0.0,0.0,5.0,-1.85,-1.6,-0.2,0.0,0.0,0.0,0.0,0.0,270.0,273.0,273.2,272.0,0.645,0.0,0.0,-0.1,-0.048,0.065,0.0,6000.0,403217.0,216.0,335.0,59.96,2.0,31.0,38.0,30.0,10.95,7.37,-0.038,0.0,0.2,0.2,60.0,59.5,75.6,1.0,272.0,272.0,271.0,-0.075,0.031,0.081,1915.0,415621.0,13168.0,1912.0,-0.927,0.818,0.791,0.836,0.001,-0.001,0.0,0.0,0.0,0.0,0.0,0.0,103.0,103.0,103.0,77.0,1.913,92.7,25.56,3.4,3.504,2.0,-1.0,13.88,0.002,0.273,3.0,2.0,0.0,0.0,7.587,7.376,6.384,7.52,5.995,6.174,8.06,8.77,9.52,9.33,8.38,6.22,7.853,7.652,6.009,7.7,8.58,8.08,7.519
2017-05-04 03:35:00-05:00,-6.5516214,-9.005616,-2.4278169,-6.4882617,-6.9533863,-1.974835,-6.6490197,-6.364997,856688.0,9.1,0.0,-0.341,-0.102,0.407,10.82,5.086,0.0,0.0,0.0,0.0,0.0,0.0,0.0,0.0,5.0,-1.867,-1.617,-0.2,0.0,0.0,0.0,0.0,0.0,270.0,273.0,273.4,272.0,0.628,0.0,0.0,-0.102,-0.047,0.058,0.0,6000.0,403217.0,216.0,335.0,59.96,2.0,31.0,38.0,30.0,10.93,7.472,-0.038,0.0,0.2,0.2,60.0,59.5,75.6,1.0,272.0,272.0,271.0,-0.075,0.031,0.081,1915.0,415621.0,13168.0,1912.0,-0.926,0.818,0.791,0.836,0.001,-0.001,0.0,-0.001,0.0,0.0,0.0,0.0,103.0,103.0,103.0,77.0,1.122,95.7,39.59,2.2,3.503,2.0,-1.0,13.88,0.002,0.273,3.0,2.0,0.0,0.0,7.637,7.441,6.417,7.668,6.028,6.243,8.14,8.8,9.55,9.38,8.41,6.253,7.945,7.759,6.084,7.776,8.62,8.17,7.597
2017-05-04 03:36:00-05:00,-6.675237,-9.333093,-2.546247,-6.6206746,-6.9533863,-1.974835,-6.7744727,-6.4828677,856689.0,9.12,0.0,-0.087,0.167,0.618,10.84,4.892,0.0,0.0,0.0,0.0,0.0,0.0,0.0,0.0,5.0,-1.75,-1.567,-0.2,0.0,0.0,0.0,0.0,0.0,270.0,273.0,273.0,272.0,0.618,0.0,0.0,-0.102,-0.048,0.063,0.0,6000.0,403217.0,216.0,335.0,59.95,2.0,31.0,38.0,30.0,10.89,7.508,-0.038,0.0,0.2,0.2,60.0,59.5,75.6,1.0,272.0,272.0,271.0,-0.075,0.03,0.081,1915.0,415621.0,13168.0,1912.0,-0.927,0.818,0.791,0.836,0.0,-0.001,0.0,-0.001,0.0,0.0,0.0,0.0,103.0,103.0,103.0,77.0,1.49,62.62,30.76,2.7,3.504,2.0,-1.0,13.69,-0.004,0.272,3.0,2.0,0.0,0.001,7.685,7.553,6.496,7.765,6.107,6.322,8.22,8.86,9.6,9.4,8.46,6.3,7.98,7.822,6.221,7.849,8.69,8.22,7.667
2017-05-04 03:37:00-05:00,-6.798853,-9.333093,-2.7831073,-6.6206746,-6.8246202,-2.0876827,-6.7744727,-6.4828677,856690.0,9.14,0.0,-0.345,-0.093,0.411,10.91,4.865,0.0,0.0,0.0,0.0,0.0,0.0,0.0,0.0,5.0,-1.767,-1.617,-0.2,0.0,0.0,0.0,0.0,0.0,270.0,273.0,273.1,272.0,0.633,0.0,0.0,-0.102,-0.04,0.077,0.0,6000.0,403217.0,216.0,335.0,59.95,2.0,31.0,38.0,30.0,10.89,7.542,-0.038,0.0,0.2,0.2,60.0,59.5,75.6,1.0,272.0,272.0,271.0,-0.075,0.03,0.081,1915.0,415621.0,13168.0,1912.0,-0.927,0.818,0.791,0.836,0.0,-0.001,0.0,-0.001,0.0,0.0,0.0,0.0,103.0,103.0,103.0,77.0,1.837,86.0,15.16,2.8,3.504,2.0,-1.0,13.69,0.008,0.274,3.0,2.0,0.0,0.001,7.705,7.6,6.514,7.798,6.143,6.322,8.27,8.89,9.61,9.42,8.48,6.33,8.08,7.877,6.353,7.923,8.73,8.3,7.742
2017-05-04 03:38:00-05:00,-7.046084,-9.333093,-2.7831073,-6.7530885,-6.9533863,-2.313378,-7.025379,-6.7186084,856691.0,9.15,0.0,-0.349,-0.102,0.407,10.95,4.805,0.0,0.0,0.0,0.0,0.0,0.0,0.0,0.0,5.0,-1.667,-1.6,-0.2,0.0,0.0,0.0,0.0,0.0,270.0,273.0,273.0,272.0,0.627,0.0,0.0,-0.1,-0.038,0.063,0.0,6000.0,403217.0,216.0,335.0,59.97,2.0,31.0,38.0,30.0,10.88,7.583,-0.038,0.0,0.2,0.2,60.0,59.5,75.6,1.0,272.0,272.0,271.0,-0.075,0.03,0.081,1915.0,415621.0,13168.0,1912.0,-0.927,0.818,0.791,0.836,0.0,-0.001,0.0,-0.001,0.0,0.0,0.0,0.0,103.0,103.0,103.0,77.0,1.877,86.4,16.18,3.2,3.503,2.0,-1.0,13.88,0.002,0.273,3.0,2.0,0.0,0.0,7.749,7.715,6.594,7.91,6.222,6.387,8.27,8.9,9.64,9.43,8.49,6.342,8.1,7.919,6.444,7.928,8.71,8.3,7.743
2017-05-04 03:39:00-05:00,-7.169699,-9.333093,-2.7831073,-7.0179157,-6.9533863,-2.313378,-7.025379,-6.8364787,856692.0,9.16,0.0,-0.354,-0.102,0.407,10.95,4.732,0.0,0.0,0.0,0.0,0.0,0.0,0.0,0.0,5.0,-1.717,-1.633,-0.2,0.0,0.0,0.0,0.0,0.0,270.0,273.0,273.0,272.0,0.61,0.0,0.0,-0.103,-0.05,0.063,0.0,6000.0,403217.0,216.0,335.0,59.95,2.0,31.0,38.0,30.0,10.88,7.626,-0.038,0.0,0.2,0.2,60.0,59.5,75.6,1.0,272.0,272.0,271.0,-0.075,0.031,0.081,1915.0,415621.0,13168.0,1912.0,-0.927,0.818,0.791,0.836,0.0,-0.001,0.0,0.0,0.0,0.0,0.0,0.0,103.0,103.0,103.0,77.0,1.675,79.05,25.04,3.3,3.502,2.0,-1.0,13.88,0.002,0.273,3.0,2.0,0.0,0.0,7.782,7.83,6.612,7.975,6.256,6.419,8.3,8.93,9.71,9.46,8.53,6.353,8.11,7.957,6.544,7.972,8.76,8.34,7.782
2017-05-04 03:40:00-05:00,-7.293315,-9.824308,-2.7831073,-7.0179157,-7.210919,-2.313378,-7.1508327,-6.8364787,856693.0,9.18,0.0,-0.343,-0.102,0.407,10.95,4.736,0.0,0.0,0.0,0.0,0.0,0.0,0.0,0.0,5.0,-1.733,-1.633,-0.2,0.0,0.0,0.0,0.0,0.0,270.0,273.0,273.0,272.0,0.607,0.0,0.0,-0.103,-0.033,0.068,0.0,6000.0,403217.0,216.0,335.0,59.96,2.0,31.0,38.0,30.0,10.88,7.678,-0.037,0.0,0.2,0.2,60.0,59.5,75.6,1.0,272.0,272.0,271.0,-0.075,0.03,0.081,1915.0,415621.0,13168.0,1912.0,-0.927,0.818,0.791,0.836,0.001,-0.001,0.0,-0.001,0.0,0.0,0.0,0.0,103.0,103.0,103.0,77.0,1.49,76.99,17.56,2.4,3.503,2.0,-1.0,13.88,0.002,0.273,3.0,2.0,0.0,0.0,7.847,7.877,6.662,8.04,6.32,6.502,8.37,8.98,9.73,9.5,8.58,6.361,8.13,7.987,6.641,8.03,8.81,8.37,7.838
2017-05-04 03:41:00-05:00,-7.41693,-9.824308,-2.7831073,-7.0179157,-7.339686,-2.426226,-7.1508327,-6.954349,856694.0,9.19,0.0,-0.341,-0.102,0.407,10.96,4.856,0.0,0.0,0.0,0.0,0.0,0.0,0.0,0.0,5.0,-1.65,-1.55,-0.2,0.0,0.0,0.0,0.0,0.0,270.0,272.7,273.0,271.7,0.618,0.0,0.0,-0.1,-0.053,0.073,0.0,6000.0,403217.0,216.0,335.0,59.98,2.0,31.0,38.0,30.0,10.87,7.717,-0.038,0.0,0.2,0.2,60.0,59.5,75.6,1.0,272.0,272.0,271.0,-0.075,0.03,0.081,1915.0,415621.0,13168.0,1912.0,-0.927,0.818,0.791,0.836,0.0,-0.001,0.0,-0.001,0.0,0.0,0.0,0.0,103.0,103.0,103.0,77.0,1.512,97.1,25.46,3.3,3.504,2.0,-1.0,13.88,0.002,0.273,3.0,2.0,0.0,0.0,7.832,7.895,6.727,8.04,6.37,6.502,8.37,9.0,9.73,9.52,8.6,6.427,8.14,8.01,6.738,8.06,8.84,8.39,7.861
2017-05-04 03:42:00-05:00,-7.5405455,-9.824308,-2.7831073,-7.0179157,-7.339686,-2.6519215,-7.401739,-7.0722194,856695.0,9.2,0.0,-0.066,0.241,0.693,10.99,4.983,0.0,0.0,0.0,0.0,0.0,0.0,0.0,0.0,5.0,-1.833,-1.583,-0.2,0.0,0.0,0.0,0.0,0.0,270.0,272.6,273.0,271.6,0.613,0.0,0.0,-0.102,-0.038,0.065,0.0,6000.0,403217.0,216.0,335.0,59.99,2.0,31.0,38.0,30.0,10.79,7.752,-0.038,0.0,0.2,0.2,60.0,59.5,75.6,1.0,272.0,272.0,271.0,-0.075,0.03,0.081,1915.0,415621.0,13168.0,1912.0,-0.927,0.818,0.791,0.836,0.0,-0.001,0.0,0.0,0.0,0.0,0.0,0.0,103.0,103.0,103.0,77.0,2.562,61.01,24.56,4.7,3.503,2.0,-1.0,13.68,0.001,0.273,3.0,2.0,0.0,0.001,7.845,8.01,6.839,8.15,6.417,6.596,8.35,9.0,9.71,9.5,8.58,6.538,8.17,8.05,6.823,8.08,8.83,8.42,7.892
2017-05-04 03:43:00-05:00,-7.5405455,-9.824308,-2.7831073,-7.1503286,-7.468452,-2.6519215,-7.401739,-7.0722194,856696.0,9.22,0.0,-0.337,-0.102,0.407,11.02,5.186,0.0,0.0,0.0,0.0,0.0,0.0,0.0,0.0,5.05,-1.717,-1.583,-0.2,0.0,0.0,0.0,0.0,0.0,270.0,272.8,273.0,271.8,0.608,0.0,0.0,-0.102,-0.04,0.063,0.0,6000.0,403217.0,216.0,335.0,59.99,2.0,31.0,38.0,30.0,10.84,7.81,-0.038,0.0,0.2,0.2,60.0,59.5,75.6,1.0,272.0,272.0,271.0,-0.075,0.03,0.081,1915.0,415621.0,13168.0,1912.0,-0.927,0.818,0.791,0.836,0.0,-0.001,0.0,-0.001,0.0,0.0,0.0,0.0,103.0,103.0,103.0,77.0,1.447,94.9,35.54,2.6,3.503,2.0,-1.0,13.87,0.003,0.273,3.0,2.0,0.0,0.0,7.895,8.09,7.051,8.27,6.482,6.649,8.43,9.03,9.77,9.54,8.61,6.708,8.2,8.11,6.942,8.15,8.88,8.49,7.947
2017-05-04 03:44:00-05:00,-7.5405455,-9.824308,-2.7831073,-7.1503286,-7.468452,-2.6519215,-7.401739,-7.0722194,856697.0,9.24,0.0,-0.341,-0.102,0.407,10.96,5.389,0.0,0.0,0.0,0.0,0.0,0.0,0.0,0.0,5.717,-1.633,-1.5,-0.2,0.0,0.0,0.0,0.0,0.0,269.9,272.3,273.0,271.3,0.607,0.0,0.0,-0.102,-0.045,0.067,0.0,6000.0,403217.0,216.0,335.0,59.98,2.0,31.0,38.0,30.0,10.82,7.86,-0.038,0.0,0.2,0.2,60.0,59.5,75.6,1.0,272.0,272.0,271.0,-0.075,0.03,0.081,1915.0,415621.0,13168.0,1912.0,-0.927,0.818,0.791,0.836,0.001,-0.002,0.0,-0.001,0.0,0.0,0.0,0.0,103.0,103.0,103.0,77.0,1.22,85.1,35.68,2.4,3.504,2.0,-1.0,13.88,0.002,0.273,3.0,2.0,0.0,0.0,7.99,8.17,7.228,8.27,6.547,6.774,8.46,9.08,9.8,9.56,8.66,6.856,8.27,8.16,7.038,8.19,8.93,8.53,7.994
2017-05-04 03:45:00-05:00,-7.5405455,-9.988047,-2.7831073,-7.1503286,-7.468452,-2.6519215,-7.401739,-7.0722194,856698.0,9.25,0.0,-0.345,-0.102,0.407,10.9,5.436,0.0,0.0,0.0,0.0,0.0,0.0,0.0,0.0,5.917,-1.683,-1.55,-0.2,0.0,0.0,0.0,0.0,0.0,269.6,272.0,273.0,271.0,0.598,0.0,0.0,-0.1,-0.04,0.06,0.0,6000.0,403217.0,216.0,335.0,59.96,2.0,31.0,38.0,30.0,10.81,7.926,-0.038,0.0,0.2,0.2,60.0,59.5,75.6,1.0,271.9,271.9,271.0,-0.075,0.03,0.081,1915.0,415621.0,13168.0,1912.0,-0.927,0.818,0.791,0.836,0.0,-0.001,0.0,-0.001,0.0,0.0,0.0,0.0,103.0,103.0,103.0,77.0,1.685,66.45,21.2,2.8,3.503,2.0,-1.0,13.88,0.002,0.273,3.0,2.0,0.0,0.0,7.989,8.19,7.376,8.35,6.612,6.954,8.43,9.11,9.87,9.58,8.69,7.008,8.3,8.24,7.129,8.26,8.96,8.59,8.05
2017-05-04 03:46:00-05:00,-7.5405455,-10.315524,-2.7831073,-7.1503286,-7.339686,-2.6519215,-7.401739,-7.0722194,856699.0,9.27,0.0,-0.349,-0.102,0.407,10.89,5.608,0.0,0.0,0.0,0.0,0.0,0.0,0.0,0.0,6.0,-1.767,-1.583,-0.2,0.0,0.0,0.0,0.0,0.0,269.5,272.0,273.0,271.0,0.605,0.0,0.0,-0.102,-0.042,0.07,0.0,6000.0,403217.0,216.0,335.0,59.97,2.0,31.0,38.0,30.0,10.8,7.977,-0.038,0.0,0.2,0.2,60.0,59.5,75.6,1.0,272.0,272.0,271.0,-0.075,0.03,0.081,1915.0,415621.0,13168.0,1912.0,-0.927,0.818,0.791,0.836,0.0,-0.001,0.0,-0.001,0.0,0.0,0.0,0.0,103.0,103.0,103.0,77.0,2.16,85.1,14.77,3.2,3.504,2.0,-1.0,13.88,0.002,0.273,3.0,2.0,0.0,0.0,8.07,8.33,7.52,8.38,6.612,7.181,8.49,9.17,9.89,9.62,8.74,7.174,8.38,8.31,7.248,8.33,9.05,8.65,8.12
2017-05-04 03:47:00-05:00,-7.5405455,-10.315524,-2.9015374,-7.1503286,-7.468452,-2.6519215,-7.401739,-7.0722194,856700.0,9.28,0.0,-0.218,0.011,0.489,10.9,5.676,0.0,0.0,0.0,0.0,0.0,0.0,0.0,0.0,6.0,-1.467,-1.467,-0.2,0.0,0.0,0.0,0.0,0.0,269.5,272.1,273.0,271.0,0.615,0.0,0.0,-0.102,-0.052,0.088,0.0,6000.0,403217.0,216.0,335.0,59.97,2.0,31.0,38.0,30.0,10.8,8.03,-0.038,0.0,0.2,0.2,60.0,59.5,75.6,1.0,272.0,272.0,271.0,-0.075,0.03,0.081,1915.0,415621.0,13168.0,1912.0,-0.927,0.818,0.791,0.836,0.001,-0.001,0.001,-0.001,0.0,0.0,0.0,0.0,103.0,103.0,103.0,77.0,1.302,75.01,23.47,2.4,3.503,2.0,-1.0,13.88,0.003,0.273,3.0,2.0,0.0,0.0,8.15,8.36,7.635,8.46,6.644,7.41,8.54,9.22,9.91,9.71,8.79,7.311,8.43,8.38,7.342,8.37,9.07,8.69,8.16
2017-05-04 03:48:00-05:00,-7.5405455,-10.315524,-2.9015374,-7.1503286,-7.5972185,-2.6519215,-7.527192,-7.0722194,856701.0,9.3,0.0,-0.335,-0.1,0.398,10.85,5.608,0.0,0.0,0.0,0.0,0.0,0.0,0.0,0.0,6.0,-1.717,-1.6,-0.2,0.0,0.0,0.0,0.0,0.0,269.6,272.1,273.0,271.0,0.637,0.0,0.0,-0.1,-0.042,0.048,0.0,6000.0,403217.0,216.0,335.0,59.98,2.0,31.0,38.0,30.0,10.75,8.07,-0.038,0.0,0.2,0.2,60.0,59.5,75.6,1.0,272.0,272.0,271.0,-0.075,0.03,0.081,1915.0,415621.0,13168.0,1912.0,-0.927,0.818,0.791,0.836,0.001,0.0,0.0,-0.001,0.0,0.0,0.0,0.0,103.0,103.0,103.0,77.0,1.865,98.9,14.75,3.1,3.503,2.0,-1.0,13.69,0.0,0.273,1.0,2.0,0.0,0.001,8.17,8.43,7.747,8.51,6.741,7.522,8.61,9.25,9.9,9.71,8.82,7.422,8.48,8.42,7.421,8.42,9.07,8.73,8.21
2017-05-04 03:49:00-05:00,-7.664161,-10.315524,-3.1383977,-7.1503286,-7.5972185,-2.6519215,-7.527192,-7.190089,856702.0,9.32,0.0,-0.349,-0.102,0.407,10.82,5.477,0.0,0.0,0.0,0.0,0.0,0.0,0.0,0.0,6.0,-1.8,-1.583,-0.2,0.0,0.0,0.0,0.0,0.0,269.6,272.0,273.0,271.0,0.615,0.0,0.0,-0.102,-0.045,0.048,0.0,6000.0,403217.0,216.0,335.0,59.98,2.0,31.0,38.0,30.0,10.77,8.11,-0.038,0.0,0.2,0.2,60.0,59.5,75.6,1.0,272.0,272.0,271.0,-0.075,0.03,0.081,1915.0,415621.0,13168.0,1912.0,-0.927,0.818,0.791,0.836,0.001,-0.001,0.0,-0.001,0.0,0.0,0.0,0.0,103.0,103.0,103.0,77.0,1.583,90.7,18.35,2.8,3.503,2.0,-1.0,13.88,0.002,0.273,3.0,2.0,0.0,0.0,8.17,8.46,7.83,8.56,6.806,7.685,8.56,9.25,9.89,9.69,8.83,7.531,8.48,8.47,7.505,8.44,9.11,8.76,8.23
2017-05-04 03:50:00-05:00,-7.664161,-10.315524,-3.2568276,-7.2827425,-7.5972185,-2.6519215,-7.527192,-7.190089,856703.0,9.33,0.0,-0.339,-0.102,0.407,10.79,5.405,0.0,0.0,0.0,0.0,0.0,0.0,0.0,0.0,5.867,-1.833,-1.6,-0.2,0.0,0.0,0.0,0.0,0.0,269.3,272.0,272.9,271.0,0.612,0.0,0.0,-0.1,-0.058,0.082,0.0,6000.0,403217.0,216.0,335.0,59.98,2.0,31.0,38.0,30.0,10.73,8.13,-0.038,0.0,0.2,0.2,60.0,59.5,75.6,1.0,271.5,271.8,271.0,-0.075,0.03,0.081,1915.0,415621.0,13168.0,1912.0,-0.927,0.818,0.791,0.836,0.001,-0.001,0.0,0.0,0.0,0.0,0.0,0.0,103.0,103.0,103.0,77.0,1.1,86.1,31.64,2.2,3.504,2.0,-1.0,13.88,0.002,0.272,3.0,2.0,0.0,0.0,8.28,8.48,7.91,8.56,6.903,7.768,8.59,9.26,9.88,9.71,8.84,7.607,8.52,8.5,7.559,8.46,9.1,8.77,8.25
2017-05-04 03:51:00-05:00,-7.787777,-10.315524,-3.2568276,-7.2827425,-7.725985,-2.6519215,-7.652645,-7.30796,856704.0,9.35,0.0,-0.33,-0.102,0.407,10.77,5.402,0.0,0.0,0.0,0.0,0.0,0.0,0.0,0.0,5.4,-1.917,-1.6,-0.2,0.0,0.0,0.0,0.0,0.0,269.2,272.0,273.0,271.0,0.622,0.0,0.0,-0.1,-0.03,0.047,0.0,6000.0,403217.0,216.0,335.0,59.97,2.0,31.0,38.0,30.0,10.72,8.16,-0.038,0.0,0.2,0.2,60.0,59.5,75.6,1.0,271.3,271.8,271.0,-0.075,0.03,0.081,1915.0,415621.0,13168.0,1912.0,-0.928,0.818,0.791,0.836,0.0,-0.001,0.001,-0.001,0.0,0.0,0.0,0.0,103.0,103.0,103.0,77.0,2.37,77.47,18.05,4.3,3.504,2.0,-1.0,13.88,0.002,0.273,3.0,2.0,0.0,0.0,8.27,8.56,7.992,8.56,7.001,7.88,8.59,9.27,9.89,9.71,8.84,7.699,8.58,8.54,7.621,8.48,9.1,8.79,8.27
2017-05-04 03:52:00-05:00,-8.035007,-10.315524,-3.2568276,-7.2827425,-7.725985,-2.6519215,-7.652645,-7.4258304,856705.0,9.37,0.0,-0.337,-0.102,0.407,10.79,5.27,0.0,0.0,0.0,0.0,0.0,0.0,0.0,0.0,5.15,-1.917,-1.55,-0.2,0.0,0.0,0.0,0.0,0.0,269.0,272.0,272.3,271.0,0.612,0.0,0.0,-0.102,-0.043,0.05,0.0,6000.0,403217.0,216.0,335.0,59.97,2.0,31.0,38.0,30.0,10.66,8.18,-0.038,0.0,0.2,0.2,60.0,59.5,75.6,1.0,271.0,271.1,270.5,-0.075,0.03,0.081,1915.0,415621.0,13168.0,1912.0,-0.927,0.818,0.791,0.836,0.0,-0.001,0.0,-0.001,0.0,0.0,0.0,0.0,103.0,103.0,103.0,77.0,1.17,90.6,29.81,2.7,3.504,2.0,-1.0,13.88,0.002,0.273,3.0,2.0,0.0,0.0,8.33,8.56,8.04,8.57,7.131,7.948,8.66,9.27,9.9,9.7,8.84,7.784,8.6,8.58,7.692,8.51,9.13,8.82,8.3
2017-05-04 03:53:00-05:00,-8.035007,-10.315524,-3.2568276,-7.5475698,-7.725985,-2.6519215,-7.652645,-7.4258304,856706.0,9.39,0.0,-0.189,0.044,0.504,10.74,5.136,0.0,0.0,0.0,0.0,0.0,0.0,0.0,0.0,5.0,-1.933,-1.667,-0.2,0.0,0.0,0.0,0.0,0.0,269.0,272.0,272.0,271.0,0.628,0.0,0.0,-0.1,-0.042,0.078,0.0,6000.0,403217.0,216.0,335.0,59.95,2.0,31.0,38.0,30.0,10.65,8.19,-0.038,0.0,0.2,0.2,60.0,59.5,75.6,1.0,271.0,271.0,270.1,-0.075,0.03,0.081,1915.0,415621.0,13168.0,1912.0,-0.927,0.818,0.791,0.836,0.0,-0.001,0.0,0.0,0.0,0.0,0.0,0.0,103.0,103.0,103.0,77.0,1.222,73.36,25.42,2.3,3.504,2.0,-1.0,13.69,-0.004,0.272,1.0,2.0,0.0,0.001,8.36,8.56,8.07,8.56,7.21,7.978,8.66,9.29,9.87,9.71,8.86,7.857,8.61,8.61,7.748,8.54,9.13,8.83,8.32
2017-05-04 03:54:00-05:00,-8.158624,-10.315524,-3.2568276,-7.679983,-7.854751,-2.6519215,-7.7780986,-7.6615705,856707.0,9.41,0.0,-0.337,-0.1,0.407,10.71,5.135,0.0,0.0,0.0,0.0,0.0,0.0,0.0,0.0,5.0,-1.333,-1.517,-0.2,0.0,0.0,0.0,0.0,0.0,269.0,272.0,272.2,271.0,0.618,0.0,0.0,-0.102,-0.048,0.077,0.0,6000.0,403217.0,216.0,335.0,59.95,2.0,31.0,38.0,30.0,10.6,8.2,-0.038,0.0,0.2,0.2,60.0,59.5,75.6,1.0,271.0,271.0,270.4,-0.075,0.03,0.081,1915.0,415621.0,13168.0,1912.0,-0.927,0.818,0.791,0.836,0.0,-0.001,0.0,-0.001,0.0,0.0,0.0,0.0,103.0,103.0,103.0,77.0,1.803,77.52,13.49,2.6,3.504,2.0,-1.0,13.69,0.008,0.273,3.0,2.0,0.0,0.0,8.36,8.56,8.1,8.56,7.298,7.978,8.66,9.27,9.84,9.67,8.83,7.912,8.64,8.63,7.785,8.55,9.12,8.83,8.33
2017-05-04 03:55:00-05:00,-8.282239,-10.643001,-3.2568276,-7.8123965,-7.854751,-2.6519215,-8.029005,-7.7794414,856708.0,9.42,0.0,-0.32,-0.102,0.407,10.68,5.135,0.0,0.0,0.0,0.0,0.0,0.0,0.0,0.0,5.05,-1.483,-1.533,-0.2,0.0,0.0,0.0,0.0,0.0,269.1,272.0,272.5,271.0,0.608,0.0,0.0,-0.102,-0.048,0.05,0.0,6000.0,403217.0,216.0,335.0,59.96,2.0,31.0,38.0,30.0,10.5,8.19,-0.038,0.0,0.2,0.2,60.0,59.5,75.6,1.0,271.1,271.4,270.8,-0.075,0.03,0.081,1915.0,415621.0,13168.0,1912.0,-0.927,0.818,0.791,0.836,0.0,-0.001,0.0,-0.001,0.0,0.0,0.0,0.0,103.0,103.0,103.0,77.0,1.563,86.7,31.64,2.5,3.503,2.0,-1.0,13.88,0.002,0.273,3.0,2.0,0.0,0.0,8.36,8.56,8.12,8.56,7.376,8.04,8.62,9.25,9.81,9.65,8.81,7.933,8.63,8.63,7.8,8.56,9.13,8.84,8.33
2017-05-04 03:56:00-05:00,-8.282239,-10.970478,-3.375258,-7.94481,-8.112285,-2.6519215,-8.154458,-7.8973117,856709.0,9.44,0.0,-0.313,-0.102,0.407,10.64,5.142,0.0,0.0,0.0,0.0,0.0,0.0,0.0,0.0,5.2,-1.25,-1.417,-0.2,0.0,0.0,0.0,0.0,0.0,269.8,272.8,273.0,271.8,0.62,0.0,0.0,-0.103,-0.052,0.07,0.0,6000.0,403217.0,216.0,335.0,59.97,2.0,31.0,38.0,30.0,10.44,8.2,-0.038,0.0,0.2,0.2,60.0,59.5,75.6,1.0,271.9,271.9,271.0,-0.075,0.031,0.081,1915.0,415621.0,13168.0,1912.0,-0.926,0.818,0.791,0.836,0.0,-0.001,0.0,-0.001,0.0,0.0,0.0,0.0,103.0,103.0,103.0,77.0,1.31,77.21,33.6,2.2,3.504,2.0,-1.0,13.88,0.002,0.273,3.0,2.0,0.0,0.0,8.36,8.51,8.17,8.56,7.488,8.07,8.61,9.26,9.82,9.65,8.83,7.963,8.62,8.64,7.817,8.57,9.15,8.85,8.34
2017-05-04 03:57:00-05:00,-8.405854,-10.970478,-3.612118,-8.077223,-8.24105,-2.6519215,-8.154458,-7.8973117,856710.0,9.46,0.0,-0.32,-0.102,0.407,10.59,5.316,0.0,0.0,0.0,0.0,0.0,0.0,0.0,0.0,5.45,-1.45,-1.567,-0.2,0.0,0.0,0.0,0.0,0.0,270.0,273.0,273.1,272.0,0.638,0.0,0.0,-0.103,-0.055,0.063,0.0,6000.0,403217.0,216.0,335.0,59.98,2.0,31.0,38.0,30.0,10.45,8.19,-0.038,0.0,0.2,0.2,60.0,59.5,75.6,1.0,272.0,272.0,271.0,-0.075,0.031,0.081,1915.0,415621.0,13168.0,1912.0,-0.926,0.818,0.791,0.836,0.001,-0.001,0.0,0.0,0.0,0.0,0.0,0.0,103.0,103.0,103.0,77.0,1.85,78.69,20.64,3.1,3.504,2.0,-1.0,13.88,0.002,0.273,3.0,2.0,0.0,0.0,8.36,8.49,8.17,8.56,7.553,8.07,8.56,9.25,9.82,9.64,8.82,7.978,8.6,8.63,7.826,8.57,9.14,8.84,8.34
2017-05-04 03:58:00-05:00,-8.405854,-10.970478,-3.612118,-8.077223,-8.24105,-2.764769,-8.154458,-7.8973117,856711.0,9.48,0.0,-0.32,-0.102,0.407,10.58,5.408,0.0,0.0,0.0,0.0,0.0,0.0,0.0,0.0,5.95,-1.3,-1.617,-0.2,0.0,0.0,0.0,0.0,0.0,270.0,273.0,273.2,272.0,0.628,0.0,0.0,-0.102,-0.053,0.052,0.0,6000.0,403217.0,216.0,335.0,59.97,2.0,31.0,38.0,30.0,10.48,8.19,-0.038,0.0,0.2,0.2,60.0,59.5,75.6,1.0,272.0,272.0,271.0,-0.075,0.031,0.081,1915.0,415621.0,13168.0,1912.0,-0.926,0.818,0.791,0.836,0.0,-0.001,0.0,-0.001,0.0,0.0,0.0,0.0,103.0,103.0,103.0,77.0,2.373,78.0,11.94,3.2,3.503,2.0,-1.0,13.88,0.002,0.273,3.0,2.0,0.0,0.0,8.36,8.54,8.17,8.56,7.585,8.16,8.61,9.25,9.79,9.63,8.82,8.01,8.63,8.63,7.847,8.59,9.14,8.86,8.36
2017-05-04 03:59:00-05:00,-8.405854,-10.970478,-3.612118,-8.077223,-8.369817,-2.8776166,-8.154458,-7.8973117,856712.0,9.5,0.0,-0.006,0.235,0.693,10.56,5.437,0.0,0.0,0.0,0.0,0.0,0.0,0.0,0.0,6.0,-1.45,-1.483,-0.2,0.0,0.0,0.0,0.0,0.0,270.0,273.0,273.0,272.0,0.632,0.0,0.0,-0.103,-0.052,0.065,0.0,6000.0,403217.0,216.0,335.0,59.97,2.0,31.0,38.0,30.0,10.43,8.2,-0.038,0.0,0.2,0.2,60.0,59.5,75.6,1.0,272.0,272.0,271.0,-0.075,0.031,0.081,1915.0,415621.0,13168.0,1912.0,-0.927,0.818,0.791,0.836,0.0,-0.001,0.0,-0.001,0.0,0.0,0.0,0.0,103.0,103.0,103.0,77.0,2.24,77.09,17.99,3.4,3.502,2.0,-1.0,13.68,0.001,0.273,3.0,2.0,0.0,0.001,8.36,8.5,8.19,8.56,7.635,8.11,8.61,9.26,9.83,9.65,8.84,8.05,8.63,8.65,7.877,8.6,9.18,8.88,8.37
2017-05-04 04:00:00-05:00,-8.5294695,-11.297955,-3.612118,-8.209637,-8.498584,-2.764769,-8.279912,-7.8973117,856713.0,9.51,0.0,-0.32,-0.102,0.407,10.53,5.511,0.0,0.0,0.0,0.0,0.0,0.0,0.0,0.0,6.0,-1.333,-1.367,-0.2,0.0,0.0,0.0,0.0,0.0,270.0,273.0,273.0,272.0,0.627,0.0,0.0,-0.1,-0.048,0.075,0.0,6000.0,403217.0,216.0,335.0,59.99,2.0,31.0,38.0,30.0,10.41,8.18,-0.038,0.0,0.2,0.2,60.0,59.5,75.6,1.0,272.0,272.0,271.0,-0.075,0.03,0.081,1915.0,415621.0,13168.0,1912.0,-0.927,0.818,0.791,0.836,0.0,-0.001,0.0,-0.001,0.0,0.0,0.0,0.0,103.0,103.0,103.0,77.0,1.89,86.1,21.26,3.5,3.502,2.0,-1.0,13.86,0.003,0.273,3.0,2.0,0.0,0.0,8.36,8.49,8.27,8.56,7.682,8.17,8.62,9.27,9.78,9.64,8.84,8.08,8.65,8.65,7.893,8.61,9.17,8.88,8.37
2017-05-04 04:01:00-05:00,-8.5294695,-11.461694,-3.612118,-8.209637,-8.498584,-2.8776166,-8.279912,-7.8973117,856714.0,9.53,0.0,-0.309,-0.102,0.407,10.52,5.649,0.0,0.0,0.0,0.0,0.0,0.0,0.0,0.0,6.0,-1.483,-1.517,-0.2,0.0,0.0,0.0,0.0,0.0,270.0,273.0,273.0,272.0,0.613,0.0,0.0,-0.1,-0.05,0.058,0.0,6000.0,403217.0,216.0,335.0,59.97,2.0,31.0,38.0,30.0,10.38,8.18,-0.038,0.0,0.2,0.2,60.0,59.5,75.6,1.0,272.0,272.0,271.0,-0.075,0.03,0.081,1915.0,415621.0,13168.0,1912.0,-0.927,0.818,0.791,0.836,0.0,-0.001,0.0,-0.001,0.0,0.0,0.0,0.0,103.0,103.0,103.0,77.0,2.045,95.6,22.66,2.6,3.503,2.0,-1.0,13.88,0.002,0.273,3.0,2.0,0.0,0.0,8.36,8.56,8.27,8.64,7.78,8.19,8.64,9.25,9.76,9.61,8.81,8.08,8.64,8.65,7.902,8.62,9.14,8.9,8.4
2017-05-04 04:02:00-05:00,-8.653086,-11.461694,-3.612118,-8.209637,-8.62735,-3.103312,-8.405365,-8.015182,856715.0,9.55,0.0,-0.33,-0.102,0.407,10.53,5.676,0.0,0.0,0.0,0.0,0.0,0.0,0.0,0.0,6.0,-1.367,-1.45,-0.2,0.0,0.0,0.0,0.0,0.0,270.0,272.9,273.0,271.9,0.598,0.0,0.0,-0.103,-0.042,0.062,0.0,6000.0,403217.0,216.0,335.0,59.93,2.0,31.0,38.0,30.0,10.42,8.18,-0.038,0.0,0.2,0.2,60.0,59.5,75.6,1.0,272.0,272.0,271.0,-0.075,0.03,0.081,1915.0,415621.0,13168.0,1912.0,-0.927,0.818,0.791,0.836,0.0,-0.001,0.0,-0.001,0.0,0.0,0.0,0.0,103.0,103.0,103.0,77.0,2.277,82.0,19.34,3.8,3.504,2.0,-1.0,13.88,0.002,0.273,3.0,2.0,0.0,0.0,8.36,8.56,8.28,8.66,7.78,8.17,8.59,9.24,9.74,9.59,8.8,8.09,8.64,8.63,7.91,8.61,9.14,8.88,8.38
2017-05-04 04:03:00-05:00,-8.5294695,-11.461694,-3.612118,-8.342051,-8.62735,-3.103312,-8.405365,-7.8973117,856716.0,9.57,0.0,-0.324,-0.102,0.407,10.49,5.676,0.0,0.0,0.0,0.0,0.0,0.0,0.0,0.0,6.0,-1.517,-1.6,-0.2,0.0,0.0,0.0,0.0,0.0,270.0,272.6,273.0,271.6,0.597,0.0,0.0,-0.102,-0.045,0.073,0.0,6000.0,403217.0,216.0,335.0,59.92,2.0,31.0,38.0,30.0,10.4,8.19,-0.038,0.0,0.2,0.2,60.0,59.5,75.6,1.0,272.0,272.0,271.0,-0.075,0.03,0.081,1915.0,415621.0,13168.0,1912.0,-0.927,0.818,0.791,0.836,0.0,-0.001,0.0,-0.001,0.0,0.0,0.0,0.0,103.0,103.0,103.0,77.0,1.855,87.6,12.1,3.0,3.504,2.0,-1.0,13.88,0.002,0.273,3.0,2.0,0.0,0.0,8.36,8.56,8.35,8.66,7.845,8.17,8.56,9.24,9.74,9.59,8.81,8.09,8.63,8.62,7.91,8.62,9.13,8.88,8.38
2017-05-04 04:04:00-05:00,-8.653086,-11.461694,-3.612118,-8.474463,-8.62735,-3.103312,-8.405365,-7.8973117,856717.0,9.59,0.0,-0.21,0.008,0.483,10.46,5.62,0.0,0.0,0.0,0.0,0.0,0.0,0.0,0.0,6.0,-1.683,-1.5,-0.2,0.0,0.0,0.0,0.0,0.0,269.8,272.3,273.0,271.2,0.595,0.0,0.0,-0.1,-0.038,0.06,0.0,6000.0,403217.0,216.0,335.0,59.91,2.0,31.0,38.0,30.0,10.33,8.18,-0.039,0.0,0.2,0.2,59.97,59.5,75.6,1.0,272.0,272.0,271.0,-0.075,0.03,0.081,1915.0,415621.0,13168.0,1912.0,-0.927,0.818,0.791,0.836,0.001,-0.001,0.0,0.0,0.0,0.0,0.0,0.0,103.0,103.0,103.0,77.0,2.127,70.4,22.98,3.1,3.504,2.0,-1.0,13.88,0.005,0.272,3.0,2.0,0.0,0.0,8.36,8.56,8.36,8.65,7.877,8.17,8.56,9.23,9.74,9.57,8.81,8.08,8.6,8.6,7.894,8.62,9.14,8.88,8.38
2017-05-04 04:05:00-05:00,-8.7767,-11.461694,-3.612118,-8.474463,-8.62735,-3.103312,-8.405365,-7.8973117,856718.0,9.6,0.0,-0.311,-0.102,0.407,10.4,5.402,0.0,0.0,0.0,0.0,0.0,0.0,0.0,0.0,5.633,-1.783,-1.567,-0.2,0.0,0.0,0.0,0.0,0.0,270.0,272.6,273.0,271.6,0.603,0.0,0.0,-0.1,-0.043,0.057,0.0,6000.0,403217.0,216.0,335.0,59.92,2.0,31.0,38.0,30.0,10.29,8.16,-0.041,0.0,0.2,0.2,60.0,59.5,75.6,1.0,272.0,272.0,271.0,-0.075,0.031,0.081,1915.0,415621.0,13168.0,1912.0,-0.927,0.818,0.791,0.836,0.0,-0.001,0.0,0.0,0.0,0.0,0.0,0.0,103.0,103.0,103.0,77.0,1.982,82.1,15.47,3.2,3.503,2.0,-1.0,13.69,-0.004,0.273,1.0,2.0,0.0,0.001,8.36,8.56,8.35,8.59,7.877,8.17,8.56,9.21,9.71,9.55,8.78,8.09,8.59,8.58,7.901,8.61,9.12,8.86,8.38
2017-05-04 04:06:00-05:00,-8.900316,-11.461694,-3.612118,-8.606877,-8.756116,-3.103312,-8.405365,-8.015182,856719.0,9.63,0.0,-0.335,-0.102,0.407,10.39,5.162,0.0,0.0,0.0,0.0,0.0,0.0,0.0,0.0,5.05,-1.883,-1.717,-0.2,0.0,0.0,0.0,0.0,0.0,269.9,272.5,273.0,271.5,0.617,0.0,0.0,-0.1,-0.048,0.063,0.0,6000.0,403217.0,216.0,335.0,59.92,2.0,31.0,38.0,30.0,10.25,8.13,-0.038,0.0,0.2,0.2,60.0,59.5,75.6,1.0,272.0,272.0,271.0,-0.075,0.031,0.081,1915.0,415621.0,13168.0,1912.0,-0.927,0.818,0.791,0.836,0.001,-0.001,0.0,0.0,0.0,0.0,0.0,0.0,103.0,103.0,103.0,77.0,2.198,87.2,33.48,4.0,3.503,2.0,-1.0,13.88,0.002,0.273,3.0,2.0,0.0,0.0,8.35,8.53,8.35,8.64,7.877,8.17,8.56,9.2,9.68,9.54,8.77,8.08,8.57,8.56,7.895,8.59,9.1,8.84,8.36
2017-05-04 04:07:00-05:00,-9.0239315,-11.461694,-3.612118,-8.739291,-8.756116,-3.21616,-8.405365,-8.250922,856720.0,9.64,0.0,-0.313,-0.102,0.407,10.34,4.902,0.0,0.0,0.0,0.0,0.0,0.0,0.0,0.0,5.0,-1.517,-1.55,-0.2,0.0,0.0,0.0,0.0,0.0,269.9,272.6,273.0,271.6,0.605,0.0,0.0,-0.102,-0.032,0.058,0.0,6000.0,403217.0,216.0,335.0,59.93,2.0,31.0,38.0,30.0,10.28,8.1,-0.038,0.0,0.2,0.2,60.0,59.5,75.6,1.0,272.0,272.0,271.0,-0.075,0.03,0.081,1915.0,415621.0,13168.0,1912.0,-0.927,0.818,0.791,0.836,0.0,-0.001,0.001,-0.001,0.0,0.0,0.0,0.0,103.0,103.0,103.0,77.0,1.187,88.9,20.44,2.0,3.504,2.0,-1.0,13.88,0.002,0.273,3.0,2.0,0.0,0.0,8.27,8.44,8.31,8.56,7.859,8.18,8.49,9.17,9.65,9.5,8.74,8.06,8.53,8.53,7.876,8.55,9.06,8.81,8.32
2017-05-04 04:08:00-05:00,-9.147548,-11.461694,-3.612118,-8.871705,-9.013649,-3.4418554,-8.530818,-8.250922,856721.0,9.66,0.0,-0.328,-0.102,0.407,10.32,4.508,0.0,0.0,0.0,0.0,0.0,0.0,0.0,0.0,4.983,-1.467,-1.517,-0.2,0.0,0.0,0.0,0.0,0.0,270.0,272.9,273.0,271.9,0.613,0.0,0.0,-0.103,-0.045,0.055,0.0,6000.0,403217.0,216.0,335.0,59.94,2.0,31.0,38.0,30.0,10.27,8.04,-0.038,0.0,0.2,0.2,60.0,59.5,75.6,1.0,272.0,272.0,271.0,-0.075,0.031,0.081,1915.0,415621.0,13168.0,1912.0,-0.926,0.818,0.791,0.836,0.001,-0.001,0.0,-0.001,0.0,0.0,0.0,0.0,103.0,103.0,103.0,77.0,2.0,93.0,17.1,4.0,3.504,2.0,-1.0,13.88,0.002,0.273,3.0,2.0,0.0,0.0,8.18,8.38,8.25,8.48,7.78,8.16,8.45,9.11,9.58,9.42,8.67,8.0,8.47,8.46,7.808,8.5,8.99,8.74,8.27
2017-05-04 04:09:00-05:00,-9.147548,-11.625431,-3.612118,-8.871705,-9.271182,-3.4418554,-8.907177,-8.604533,856722.0,9.68,0.0,-0.309,-0.102,0.407,10.32,4.206,0.0,0.0,0.0,0.0,0.0,0.0,0.0,0.0,4.8,-1.283,-1.383,-0.2,0.0,0.0,0.0,0.0,0.0,270.0,273.0,273.2,272.0,0.608,0.0,0.0,-0.105,-0.058,0.073,0.0,6000.0,403217.0,216.0,335.0,59.97,2.0,31.0,38.0,30.0,10.25,7.971,-0.038,0.0,0.2,0.2,60.0,59.5,75.6,1.0,272.0,272.0,271.0,-0.075,0.031,0.081,1915.0,415621.0,13168.0,1912.0,-0.926,0.818,0.791,0.836,0.001,-0.001,0.0,-0.001,0.0,0.0,0.0,0.0,103.0,103.0,103.0,77.0,1.738,68.02,25.07,2.9,3.504,2.0,-1.0,13.88,0.002,0.273,3.0,2.0,0.0,0.0,8.15,8.39,8.17,8.44,7.747,8.07,8.36,9.03,9.5,9.35,8.59,7.928,8.39,8.38,7.733,8.42,8.91,8.66,8.18
2017-05-04 04:10:00-05:00,-9.394778,-12.116648,-3.9674082,-9.268946,-9.528715,-3.4418554,-9.158084,-8.722404,856723.0,9.69,0.0,-0.155,0.038,0.51,10.29,3.94,0.0,0.0,0.0,0.0,0.0,0.0,0.0,0.0,4.167,-1.55,-1.567,-0.2,0.0,0.0,0.0,0.0,0.0,270.0,273.0,273.1,272.0,0.617,0.0,0.0,-0.1,-0.035,0.067,0.0,6000.0,403217.0,216.0,335.0,59.96,2.0,31.0,38.0,30.0,10.2,7.857,-0.038,0.0,0.2,0.2,60.0,59.5,75.6,1.0,272.0,272.0,271.0,-0.075,0.031,0.081,1915.0,415621.0,13168.0,1912.0,-0.926,0.818,0.791,0.836,0.0,-0.001,0.0,-0.001,0.0,0.0,0.0,0.0,103.0,103.0,103.0,77.0,1.967,72.78,17.71,2.8,3.504,2.0,-1.0,13.7,-0.006,0.272,1.0,2.0,0.0,0.001,8.01,8.22,8.1,8.33,7.632,8.01,8.3,8.96,9.46,9.3,8.53,7.856,8.31,8.29,7.663,8.33,8.84,8.58,8.1
2017-05-04 04:11:00-05:00,-9.765624,-12.607862,-4.2042685,-9.666185,-9.657481,-3.554703,-9.283538,-8.722404,856724.0,9.71,0.0,-0.318,-0.1,0.407,10.24,3.668,0.0,0.0,0.0,0.0,0.0,0.0,0.0,0.0,4.0,-1.583,-1.567,-0.2,0.0,0.0,0.0,0.0,0.0,270.0,273.0,273.0,272.0,0.603,0.0,0.0,-0.1,-0.047,0.053,0.0,6000.0,403217.0,216.0,335.0,59.97,2.0,31.0,38.0,30.0,10.16,7.714,-0.038,0.0,0.2,0.2,60.0,59.5,75.6,1.0,272.0,272.0,271.0,-0.075,0.031,0.081,1915.0,415621.0,13168.0,1912.0,-0.926,0.818,0.791,0.836,0.0,-0.001,0.001,-0.001,0.0,0.0,0.0,0.0,103.0,103.0,103.0,77.0,1.868,70.91,11.07,2.9,3.504,2.0,-1.0,13.7,0.009,0.273,3.0,2.0,0.0,0.0,7.924,8.1,7.975,8.18,7.535,7.876,8.15,8.87,9.37,9.2,8.43,7.747,8.21,8.17,7.558,8.23,8.72,8.47,7.994
2017-05-04 04:12:00-05:00,-10.012856,-12.607862,-4.4411287,-9.798599,-10.043779,-3.8932464,-9.40899,-9.0760145,856725.0,9.73,0.0,-0.318,-0.102,0.407,10.22,3.538,0.0,0.0,0.0,0.0,0.0,0.0,0.0,0.0,4.0,-1.833,-1.617,-0.2,0.0,0.0,0.0,0.0,0.0,270.0,272.6,273.0,271.6,0.605,0.0,0.0,-0.1,-0.053,0.065,0.0,6000.0,403217.0,216.0,335.0,59.95,2.0,31.0,38.0,30.0,10.11,7.586,-0.038,0.0,0.2,0.2,60.0,59.5,75.6,1.0,272.0,272.0,271.0,-0.075,0.031,0.081,1915.0,415621.0,13168.0,1912.0,-0.926,0.818,0.791,0.836,0.0,-0.001,0.0,-0.001,0.0,0.0,0.0,0.0,103.0,103.0,103.0,77.0,1.21,77.96,33.59,2.3,3.504,2.0,-1.0,13.88,0.002,0.273,3.0,2.0,0.0,0.0,7.762,7.989,7.812,8.07,7.39,7.75,8.04,8.76,9.27,9.09,8.32,7.602,8.07,8.05,7.419,8.11,8.63,8.35,7.878
2017-05-04 04:13:00-05:00,-10.260086,-12.607862,-4.4411287,-9.931012,-10.430079,-4.006094,-9.659897,-9.4296255,856726.0,9.75,0.0,-0.299,-0.102,0.407,10.18,3.766,0.0,0.0,0.0,0.0,0.0,0.0,0.0,0.0,4.0,-1.367,-1.45,-0.2,0.0,0.0,0.0,0.0,0.0,270.0,272.4,273.0,271.4,0.602,0.0,0.0,-0.1,-0.052,0.075,0.0,6000.0,403217.0,216.0,335.0,59.96,2.0,31.0,38.0,30.0,10.14,7.472,-0.038,0.0,0.2,0.2,60.0,59.5,75.6,1.0,272.0,272.0,271.0,-0.075,0.031,0.081,1915.0,415621.0,13168.0,1912.0,-0.926,0.818,0.791,0.836,0.001,-0.001,0.0,-0.001,0.0,0.0,0.0,0.0,103.0,103.0,103.0,77.0,1.897,97.6,21.81,3.3,3.503,2.0,-1.0,13.88,0.002,0.273,3.0,2.0,0.0,0.0,7.632,7.877,7.715,7.942,7.293,7.603,7.924,8.65,9.17,8.98,8.21,7.478,7.939,7.897,7.291,8.02,8.55,8.26,7.783
2017-05-04 04:14:00-05:00,-10.383702,-12.7716,-4.4411287,-10.328253,-10.558846,-4.2317896,-9.910803,-9.4296255,856727.0,9.76,0.0,-0.307,-0.093,0.407,10.17,3.98,0.0,0.0,0.0,0.0,0.0,0.0,0.0,0.0,4.1,-1.4,-1.5,-0.2,0.0,0.0,0.0,0.0,0.0,270.0,272.2,273.0,271.2,0.592,0.0,0.0,-0.103,-0.045,0.047,0.0,6000.0,403217.0,216.0,335.0,59.96,2.0,31.0,38.0,30.0,10.1,7.345,-0.038,0.0,0.2,0.2,60.0,59.5,75.6,1.0,272.0,272.0,271.0,-0.075,0.031,0.081,1915.0,415621.0,13168.0,1912.0,-0.926,0.818,0.791,0.836,0.0,0.0,0.0,-0.001,0.0,0.0,0.0,0.0,103.0,103.0,103.0,77.0,1.265,92.7,46.61,3.2,3.504,2.517,-1.0,13.88,0.002,0.482,3.0,1.0,0.0,0.0,7.553,7.845,7.619,7.845,7.198,7.502,7.78,8.54,9.08,8.88,8.1,7.342,7.833,7.77,7.162,7.909,8.46,8.14,7.674
2017-05-04 04:15:00-05:00,-10.507318,-13.099078,-4.4411287,-10.59308,-10.816379,-4.2317896,-10.036256,-9.547496,856728.0,9.77,0.0,-0.299,-0.093,0.407,10.14,4.303,0.0,0.0,0.0,0.0,0.0,0.0,0.0,0.0,4.933,-1.483,-1.417,-0.2,0.0,0.0,0.0,0.0,0.0,270.0,272.2,273.0,271.2,0.598,0.0,0.0,-0.102,-0.038,0.063,0.0,6000.0,403217.0,216.0,335.0,59.95,2.0,31.0,38.0,30.0,10.07,7.234,-0.043,0.0,0.2,0.2,60.0,59.5,75.6,1.0,272.0,272.0,271.0,-0.075,0.031,0.081,1915.0,415621.0,13168.0,1912.0,-0.926,0.818,0.791,0.836,0.0,0.0,0.0,-0.001,0.0,0.0,0.0,0.0,103.0,103.0,103.0,77.0,1.118,83.8,18.72,2.3,3.504,2.483,-1.0,13.88,0.002,0.503,3.0,1.0,0.0,0.0,7.423,7.729,7.473,7.699,7.027,7.39,7.695,8.44,8.99,8.77,7.996,7.217,7.701,7.653,7.046,7.794,8.33,8.02,7.566
2017-05-04 04:16:00-05:00,-10.507318,-13.099078,-4.4411287,-10.59308,-11.202678,-4.2317896,-10.036256,-9.665367,856729.0,9.79,0.0,-0.129,0.059,0.525,10.11,4.703,0.0,0.0,0.0,0.0,0.0,0.0,0.0,0.0,5.0,-1.483,-1.567,-0.2,0.0,0.0,0.0,0.0,0.0,270.0,272.3,273.0,271.3,0.595,0.0,0.0,-0.1,-0.05,0.072,0.0,6000.0,403217.0,216.0,335.0,59.96,2.0,31.0,38.0,30.0,10.1,7.136,-0.036,0.0,0.2,0.2,60.0,59.5,75.6,1.0,272.0,272.0,271.0,-0.075,0.03,0.081,1915.0,415621.0,13168.0,1912.0,-0.927,0.818,0.791,0.836,0.0,-0.001,0.0,0.0,0.0,0.0,0.0,0.0,103.0,103.0,103.0,77.0,2.04,93.0,11.74,3.3,3.504,2.0,-1.0,13.67,0.002,0.273,1.0,2.0,0.0,0.001,7.372,7.585,7.338,7.569,6.938,7.275,7.567,8.35,8.92,8.69,7.909,7.089,7.567,7.522,6.916,7.666,8.21,7.878,7.441
2017-05-04 04:17:00-05:00,-10.383702,-13.099078,-4.4411287,-10.725493,-11.202678,-4.2317896,-10.16171,-9.547496,856730.0,9.81,0.0,-0.294,-0.102,0.407,10.07,5.198,0.0,0.0,0.0,0.0,0.0,0.0,0.0,0.0,5.383,-1.217,-1.5,-0.2,0.0,0.0,0.0,0.0,0.0,269.8,272.1,272.9,271.1,0.6,0.0,0.0,-0.103,-0.048,0.052,0.0,6000.0,403217.0,216.0,335.0,59.96,2.0,31.0,38.0,30.0,10.02,7.043,-0.038,0.0,0.2,0.2,60.0,59.5,75.6,1.0,272.0,272.0,271.0,-0.075,0.03,0.081,1915.0,415621.0,13168.0,1912.0,-0.927,0.818,0.791,0.836,0.001,-0.001,0.0,-0.001,0.0,0.0,0.0,0.0,103.0,103.0,103.0,77.0,1.575,92.8,49.36,3.6,3.504,2.0,-1.0,13.88,0.002,0.273,3.0,2.0,0.0,0.0,7.26,7.52,7.244,7.453,6.804,7.196,7.488,8.29,8.91,8.68,7.867,6.986,7.485,7.445,6.833,7.591,8.18,7.808,7.361
2017-05-04 04:18:00-05:00,-10.630933,-13.099078,-4.6779885,-10.725493,-11.202678,-4.2317896,-10.036256,-9.547496,856731.0,9.82,0.0,-0.297,-0.102,0.407,10.07,5.831,0.0,0.0,0.0,0.0,0.0,0.0,0.0,0.0,6.033,-1.417,-1.467,-0.2,0.0,0.0,0.0,0.0,0.0,269.6,272.0,272.9,271.0,0.593,0.0,0.0,-0.1,-0.043,0.05,0.0,6000.0,403217.0,216.0,335.0,59.97,2.0,31.0,38.0,30.0,10.02,6.952,-0.038,0.0,0.2,0.2,60.0,59.5,75.6,1.0,271.9,271.9,271.0,-0.075,0.03,0.081,1915.0,415621.0,13168.0,1912.0,-0.927,0.818,0.791,0.836,0.001,-0.001,0.0,-0.001,0.0,0.0,0.0,0.0,103.0,103.0,103.0,77.0,1.715,88.8,26.46,4.0,3.503,2.0,-1.0,13.88,0.002,0.273,3.0,2.0,0.0,0.0,7.196,7.47,7.175,7.353,6.742,7.178,7.405,8.22,8.84,8.61,7.791,6.896,7.374,7.364,6.736,7.507,8.07,7.718,7.271
2017-05-04 04:19:00-05:00,-10.754549,-13.262816,-4.7964187,-10.725493,-11.202678,-4.2317896,-10.16171,-9.665367,856732.0,9.83,0.0,-0.305,-0.102,0.407,10.11,6.556,0.0,0.0,0.0,0.0,0.0,0.0,0.0,0.0,6.983,-1.533,-1.583,-0.2,0.0,0.0,0.0,0.0,0.0,269.5,272.0,272.7,271.0,0.597,0.0,0.0,-0.1,-0.038,0.075,0.0,6000.0,403217.0,216.0,335.0,59.96,2.0,31.0,38.0,30.0,10.0,6.835,-0.038,0.0,0.2,0.2,60.0,59.5,75.6,1.0,271.9,271.6,271.0,-0.075,0.03,0.081,1915.0,415621.0,13168.0,1912.0,-0.927,0.818,0.791,0.836,0.0,-0.001,0.0,0.0,0.0,0.0,0.0,0.0,103.0,103.0,103.0,77.0,2.883,71.64,19.69,3.8,3.504,2.0,-1.0,13.88,0.002,0.273,3.0,2.0,0.0,0.0,7.08,7.39,7.096,7.308,6.674,7.048,7.34,8.15,8.75,8.54,7.719,6.806,7.325,7.293,6.656,7.401,7.975,7.614,7.169
2017-05-04 04:20:00-05:00,-10.754549,-13.754032,-4.7964187,-10.725493,-11.073912,-4.344637,-10.16171,-9.7832365,856733.0,9.85,0.0,-0.299,-0.102,0.407,10.12,7.409,0.0,0.0,0.0,0.0,0.0,0.0,0.0,0.0,7.617,-1.4,-1.5,-0.2,0.0,0.0,0.0,0.0,0.0,269.3,272.0,272.5,271.0,0.593,0.0,0.0,-0.1,-0.038,0.065,0.0,6000.0,403217.0,216.0,335.0,59.98,2.0,31.0,38.0,30.0,10.0,6.705,-0.038,0.0,0.2,0.2,60.0,59.5,75.6,1.0,271.6,271.6,271.0,-0.075,0.03,0.081,1915.0,415621.0,13168.0,1912.0,-0.927,0.818,0.791,0.836,0.001,-0.001,0.001,-0.001,0.0,0.0,0.0,0.0,103.0,103.0,103.0,77.0,2.208,82.7,14.16,3.1,3.503,2.0,-1.0,13.88,0.002,0.273,3.0,2.0,0.0,0.0,6.983,7.321,7.031,7.29,6.544,7.001,7.293,8.08,8.74,8.49,7.661,6.744,7.262,7.238,6.601,7.322,7.913,7.559,7.099
2017-05-04 04:21:00-05:00,-10.754549,-13.754032,-4.7964187,-10.725493,-11.073912,-4.344637,-10.16171,-9.7832365,856734.0,9.86,0.0,-0.087,0.093,0.549,10.09,8.38,0.0,0.0,0.0,0.0,0.0,0.0,0.0,0.0,8.68,-1.633,-1.6,-0.2,0.0,0.0,0.0,0.0,0.0,269.2,272.0,272.5,271.0,0.597,0.0,0.0,-0.1,-0.042,0.053,0.0,6000.0,403217.0,216.0,335.0,59.99,2.0,31.0,38.0,30.0,9.98,6.595,-0.038,0.0,0.2,0.2,60.0,59.5,75.6,1.0,271.6,271.6,270.8,-0.075,0.03,0.081,1915.0,415621.0,13168.0,1912.0,-0.927,0.818,0.791,0.836,0.0,-0.001,0.001,0.0,0.0,0.0,0.0,0.0,103.0,103.0,103.0,77.0,1.93,85.1,21.92,3.6,3.504,2.0,-1.0,13.56,-0.008,0.273,1.0,2.0,0.0,0.001,6.871,7.293,6.901,7.143,6.444,6.918,7.21,8.01,8.62,8.4,7.583,6.659,7.179,7.161,6.513,7.251,7.842,7.513,7.029
2017-05-04 04:22:00-05:00,-10.754549,-13.754032,-4.7964187,-10.725493,-11.202678,-4.4574847,-10.16171,-10.018977,856735.0,9.86,0.0,-0.286,-0.102,0.402,10.09,9.47,0.0,0.0,0.0,0.0,0.0,0.0,0.0,0.0,9.62,-1.717,-1.6,-0.2,0.0,0.0,0.0,0.0,0.0,269.0,272.0,272.0,271.0,0.61,0.0,0.0,-0.102,-0.043,0.06,0.0,6000.0,403217.0,216.0,335.0,59.98,2.0,31.0,38.0,30.0,10.05,6.52,-0.038,0.0,0.2,0.2,60.0,59.5,75.6,1.0,271.0,271.0,270.1,-0.075,0.03,0.081,1915.0,415621.0,13168.0,1912.0,-0.927,0.818,0.791,0.836,0.0,-0.001,0.0,0.0,0.0,0.0,0.0,0.0,103.0,103.0,103.0,77.0,1.975,88.0,17.56,2.9,3.504,2.0,-1.0,13.61,0.012,0.274,1.0,2.0,0.0,0.001,6.806,7.21,6.868,7.096,6.414,6.853,7.131,7.915,8.55,8.31,7.491,6.561,7.09,7.063,6.423,7.163,7.756,7.412,6.937
2017-05-04 04:23:00-05:00,-10.754549,-13.754032,-4.7964187,-10.725493,-11.202678,-4.5703325,-10.412616,-10.1368475,856736.0,9.88,0.0,-0.282,-0.102,0.407,10.06,10.74,0.0,0.0,0.0,0.0,0.0,0.0,0.0,0.0,11.1,-1.217,-1.417,-0.2,0.0,0.0,0.0,0.0,0.0,269.0,272.0,272.0,271.0,0.613,0.0,0.0,-0.102,-0.05,0.062,0.0,6000.0,403217.0,216.0,335.0,59.97,2.0,31.0,38.0,30.0,10.08,6.485,-0.038,0.0,0.2,0.2,60.0,59.5,75.6,1.0,271.0,271.0,270.2,-0.075,0.03,0.081,1915.0,415621.0,13168.0,1912.0,-0.927,0.818,0.791,0.836,0.0,-0.001,0.0,-0.001,0.0,0.0,0.0,0.0,103.0,103.0,103.0,77.0,1.627,75.46,24.87,2.9,3.503,2.0,-1.0,13.88,0.002,0.273,3.0,2.0,0.0,0.0,6.756,7.196,6.804,7.045,6.397,6.809,7.033,7.821,8.46,8.2,7.396,6.469,6.98,6.976,6.335,7.071,7.678,7.317,6.852
2017-05-04 04:24:00-05:00,-10.878164,-13.754032,-4.7964187,-10.857907,-11.331445,-4.5703325,-10.412616,-10.254718,856737.0,9.88,0.0,-0.29,-0.102,0.407,10.01,12.23,0.0,0.0,0.0,0.0,0.0,0.0,0.0,0.0,12.48,-1.45,-1.6,-0.2,0.0,0.0,0.0,0.0,0.0,269.0,272.0,272.0,271.0,0.607,0.0,0.0,-0.1,-0.048,0.062,0.0,6000.0,403217.0,216.0,335.0,59.98,2.0,31.0,38.0,30.0,10.06,6.378,-0.038,0.0,0.2,0.2,60.0,59.5,75.6,1.0,271.0,271.0,270.1,-0.075,0.03,0.081,1915.0,415621.0,13168.0,1912.0,-0.927,0.818,0.791,0.836,0.001,-0.001,0.0,-0.001,0.0,0.0,0.0,0.0,103.0,103.0,103.0,77.0,1.115,78.92,25.18,1.8,3.504,2.0,-1.0,13.88,0.002,0.273,3.0,2.0,0.0,0.0,6.644,7.048,6.689,6.898,6.317,6.663,6.969,7.736,8.41,8.14,7.308,6.359,6.877,6.866,6.226,6.987,7.612,7.214,6.77
2017-05-04 04:25:00-05:00,-10.878164,-13.754032,-4.7964187,-11.122734,-11.460212,-4.5703325,-10.412616,-10.254718,856738.0,9.9,0.0,-0.301,-0.102,0.407,10.01,14.07,0.0,0.0,0.0,0.0,0.0,0.0,0.0,0.0,14.2,-1.333,-1.467,-0.2,0.0,0.0,0.0,0.0,0.0,269.0,272.0,272.0,271.0,0.608,0.0,0.0,-0.102,-0.048,0.065,0.0,6000.0,403217.0,216.0,335.0,59.98,2.0,31.0,38.0,30.0,10.01,6.287,-0.038,0.0,0.2,0.2,60.0,59.5,75.6,1.0,271.0,271.0,270.0,-0.075,0.03,0.081,1915.0,415621.0,13168.0,1912.0,-0.927,0.818,0.791,0.836,0.0,-0.001,0.0,-0.001,0.0,0.0,0.0,0.0,103.0,103.0,103.0,77.0,1.818,82.1,26.73,2.9,3.504,2.0,-1.0,13.88,0.002,0.272,3.0,2.0,0.0,0.0,6.612,6.983,6.577,6.771,6.22,6.613,6.886,7.654,8.34,8.1,7.222,6.268,6.804,6.818,6.15,6.904,7.559,7.137,6.678
2017-05-04 04:26:00-05:00,-10.878164,-13.754032,-4.9148493,-11.122734,-11.588977,-4.5703325,-10.412616,-10.254718,856739.0,9.91,0.0,-0.303,-0.102,0.407,10.02,16.27,0.0,0.0,0.0,0.0,0.0,0.0,0.0,0.0,16.5,-1.15,-1.433,-0.2,0.0,0.0,0.0,0.0,0.0,269.0,272.0,272.0,271.0,0.612,0.0,0.0,-0.1,-0.033,0.067,0.0,6000.0,403217.0,216.0,335.0,59.97,2.0,31.0,38.0,30.0,9.96,6.229,-0.038,0.0,0.2,0.2,60.0,59.5,75.6,1.0,271.0,271.0,270.0,-0.075,0.03,0.081,1915.0,415621.0,13168.0,1912.0,-0.927,0.818,0.791,0.836,0.0,-0.001,0.0,0.0,0.0,0.0,0.0,0.0,103.0,103.0,103.0,77.0,1.585,100.0,16.67,2.6,3.504,2.0,-1.0,13.88,0.002,0.273,3.0,2.0,0.0,0.0,6.5,6.936,6.512,6.706,6.155,6.498,6.835,7.591,8.27,8.05,7.153,6.228,6.797,6.78,6.12,6.853,7.515,7.089,6.631
2017-05-04 04:27:00-05:00,-10.878164,-13.754032,-5.151709,-11.122734,-11.460212,-4.5703325,-10.538069,-10.372588,856740.0,9.91,0.0,-0.015,0.15,0.614,10.02,18.94,0.0,0.0,0.0,0.0,0.0,0.0,0.0,0.0,19.12,-1.117,-1.483,-0.2,0.0,0.0,0.0,0.0,0.0,269.0,272.0,272.0,271.0,0.618,0.0,0.0,-0.1,-0.048,0.067,0.0,6000.0,403217.0,216.0,335.0,59.97,2.0,31.0,38.0,30.0,9.93,6.16,-0.038,0.0,0.2,0.2,60.0,59.5,75.6,1.0,271.0,271.0,270.0,-0.075,0.03,0.081,1915.0,415621.0,13168.0,1912.0,-0.927,0.818,0.791,0.836,0.0,-0.001,0.0,-0.001,0.0,0.0,0.0,0.0,103.0,103.0,103.0,77.0,1.592,79.62,13.89,2.3,3.503,2.667,-1.0,13.78,0.001,0.574,3.0,1.0,0.0,0.0,6.446,6.871,6.479,6.706,6.123,6.502,6.774,7.522,8.21,7.947,7.086,6.152,6.708,6.707,6.044,6.769,7.409,6.999,6.538
2017-05-04 04:28:00-05:00,-10.878164,-13.754032,-5.270139,-11.122734,-11.460212,-4.5703325,-10.412616,-10.372588,856741.0,9.95,0.0,-0.294,-0.102,0.407,9.95,22.16,0.0,0.0,0.0,0.0,0.0,0.0,0.0,0.0,22.38,-1.283,-1.5,-0.2,0.0,0.0,0.0,0.0,0.0,269.0,272.0,272.0,271.0,0.598,0.0,0.0,-0.1,-0.042,0.063,0.0,6000.0,403217.0,216.0,335.0,59.97,2.0,31.0,38.0,30.0,9.89,6.071,-0.038,0.0,0.2,0.2,60.0,59.5,75.6,1.0,271.0,271.0,270.0,-0.075,0.03,0.081,1915.0,415621.0,13168.0,1912.0,-0.927,0.818,0.791,0.836,0.0,-0.001,0.0,-0.001,0.0,0.0,0.0,0.0,103.0,103.0,103.0,77.0,1.452,84.5,22.7,2.4,3.503,2.333,-1.0,13.84,0.002,0.403,3.0,1.0,0.0,0.0,6.367,6.777,6.382,6.642,6.022,6.387,6.676,7.459,8.17,7.89,7.023,6.054,6.647,6.631,5.959,6.692,7.342,6.919,6.456
2017-05-04 04:29:00-05:00,-10.878164,-13.754032,-5.270139,-11.255148,-11.588977,-4.9088755,-10.538069,-10.372588,856742.0,9.95,0.0,-0.303,-0.102,0.407,9.96,25.92,0.0,0.0,0.0,0.0,0.0,0.0,0.0,0.0,26.08,-1.2,-1.633,-0.2,0.0,0.0,0.0,0.0,0.0,269.0,272.0,272.0,271.0,0.61,0.0,0.0,-0.103,-0.052,0.067,0.0,6000.0,403217.0,216.0,335.0,59.97,2.0,31.0,38.0,30.0,9.89,5.999,-0.038,0.0,0.2,0.2,60.0,59.5,75.6,1.0,271.0,271.0,270.0,-0.075,0.03,0.081,1915.0,415621.0,13168.0,1912.0,-0.927,0.818,0.791,0.836,0.001,0.0,0.0,0.0,0.0,0.0,0.0,0.0,103.0,103.0,103.0,77.0,1.78,86.7,25.11,3.6,3.504,2.0,-1.0,13.84,0.002,0.273,3.0,2.0,0.0,0.0,6.32,6.723,6.317,6.577,5.975,6.289,6.612,7.372,8.06,7.788,6.941,5.974,6.569,6.56,5.879,6.584,7.227,6.811,6.359
2017-05-04 04:30:00-05:00,-10.878164,-13.754032,-5.270139,-11.122734,-11.460212,-5.0217233,-10.663523,-10.4904585,856743.0,9.97,0.0,-0.286,-0.102,0.407,9.92,30.23,0.0,0.0,0.0,0.0,0.0,0.0,0.0,0.0,30.3,-1.167,-1.55,-0.2,0.0,0.0,0.0,0.0,0.0,269.0,272.0,272.0,271.0,0.595,0.0,0.0,-0.1,-0.047,0.068,0.0,6000.0,403217.0,216.0,335.0,59.96,2.0,31.0,38.0,30.0,9.86,5.949,-0.038,0.0,0.2,0.2,60.0,59.5,75.6,1.0,271.0,271.0,270.0,-0.075,0.03,0.081,1915.0,415621.0,13168.0,1912.0,-0.927,0.818,0.791,0.836,0.001,0.0,0.0,-0.001,0.0,0.0,0.0,0.0,103.0,103.0,103.0,77.0,2.197,82.8,21.31,3.1,3.498,2.0,-1.0,13.84,0.002,0.273,3.0,2.0,0.0,0.0,6.235,6.657,6.233,6.512,5.928,6.287,6.612,7.301,8.05,7.758,6.86,5.957,6.567,6.546,5.856,6.523,7.193,6.756,6.296
2017-05-04 04:31:00-05:00,-10.754549,-13.754032,-5.270139,-11.122734,-11.460212,-4.9088755,-10.663523,-10.372588,856744.0,9.97,0.0,-0.286,-0.102,0.407,9.94,35.27,0.0,0.0,0.0,0.0,0.0,0.0,0.0,0.0,35.32,-1.083,-1.567,-0.2,0.0,0.0,0.0,0.0,0.0,269.0,271.5,272.0,270.5,0.587,0.0,0.0,-0.103,-0.05,0.07,0.0,6000.0,403217.0,216.0,335.0,59.95,2.0,31.0,38.0,30.0,9.87,5.929,-0.038,0.0,0.2,0.2,60.0,59.5,75.6,1.0,271.0,271.0,270.0,-0.075,0.03,0.08,1915.0,415621.0,13168.0,1912.0,-0.927,0.818,0.791,0.836,0.0,-0.001,0.0,-0.001,0.0,0.0,0.0,0.0,103.0,103.0,103.0,77.0,1.627,88.4,18.41,3.1,3.504,2.0,-1.0,13.84,0.002,0.273,3.0,2.0,0.0,0.0,6.222,6.659,6.22,6.512,5.863,6.222,6.561,7.252,7.999,7.718,6.817,5.924,6.554,6.508,5.821,6.49,7.155,6.734,6.261
2017-05-04 04:32:00-05:00,-10.878164,-13.754032,-5.270139,-11.255148,-11.588977,-4.5703325,-10.788975,-10.4904585,856745.0,9.97,0.0,-0.161,0.008,0.483,9.91,41.25,0.0,0.0,0.0,0.0,0.0,0.0,0.0,0.0,41.32,-1.167,-1.633,-0.2,0.0,0.0,0.0,0.0,0.0,269.0,271.2,272.0,270.2,0.577,0.0,0.0,-0.1,-0.048,0.075,0.0,6000.0,403217.0,216.0,335.0,59.94,2.0,31.0,38.0,30.0,9.81,5.868,-0.038,0.0,0.2,0.2,60.0,59.5,75.6,1.0,271.0,270.9,270.0,-0.075,0.03,0.08,1915.0,415621.0,13168.0,1912.0,-0.927,0.818,0.791,0.836,0.001,-0.001,0.0,-0.001,0.0,0.0,0.0,0.0,103.0,103.0,103.0,77.0,1.452,81.9,32.1,2.8,3.504,2.0,-1.0,13.84,0.002,0.273,1.0,2.0,0.0,0.0,6.157,6.597,6.123,6.512,5.831,6.155,6.496,7.209,7.977,7.677,6.763,5.838,6.444,6.419,5.741,6.463,7.131,6.699,6.24
2017-05-04 04:33:00-05:00,-10.754549,-13.754032,-5.270139,-11.255148,-11.846511,-4.6831803,-10.788975,-10.372588,856746.0,9.97,0.0,-0.265,-0.078,0.417,9.89,48.28,0.0,0.0,0.0,0.0,0.0,0.0,0.0,0.0,48.28,-1.1,-1.6,-0.2,0.0,0.0,0.0,0.0,0.0,268.9,271.0,271.8,270.0,0.58,0.0,0.0,-0.1,-0.048,0.068,0.0,6000.0,403217.0,216.0,335.0,59.94,2.0,31.0,38.0,30.0,9.86,5.863,-0.038,0.0,0.2,0.2,60.0,59.5,75.6,1.0,270.9,270.4,269.9,-0.075,0.03,0.08,1915.0,415621.0,13168.0,1912.0,-0.928,0.818,0.791,0.836,0.0,-0.001,0.0,0.0,0.0,0.0,0.0,0.0,103.0,103.0,103.0,77.0,1.558,105.4,27.7,2.5,3.504,2.0,-1.0,13.63,0.002,0.274,1.0,2.0,0.0,0.0,6.125,6.528,6.123,6.382,5.831,6.125,6.431,7.178,7.966,7.655,6.743,5.773,6.384,6.361,5.664,6.39,7.048,6.626,6.158
2017-05-04 04:34:00-05:00,-10.754549,-13.754032,-5.270139,-11.255148,-11.846511,-4.5703325,-10.663523,-10.372588,856747.0,9.98,0.0,-0.294,-0.102,0.407,9.85,56.5,0.0,0.0,0.0,0.0,0.0,0.0,0.0,0.0,56.53,-1.033,-1.583,-0.2,0.0,0.0,0.0,0.0,0.0,269.0,271.5,272.0,270.5,0.58,0.0,0.0,-0.1,-0.053,0.05,0.0,6000.0,403217.0,216.0,335.0,59.94,2.0,31.0,38.0,30.0,9.82,5.858,-0.038,0.0,0.2,0.2,60.0,59.5,75.6,1.0,271.0,271.0,270.0,-0.075,0.03,0.081,1915.0,415621.0,13168.0,1912.0,-0.927,0.818,0.791,0.836,0.001,-0.001,0.0,0.0,0.0,0.0,0.0,0.0,103.0,103.0,103.0,77.0,1.625,76.87,13.78,2.4,3.503,2.0,-1.0,13.84,0.002,0.273,3.0,2.0,0.0,0.0,6.093,6.511,6.04,6.317,5.831,6.077,6.399,7.143,7.895,7.642,6.713,5.711,6.29,6.299,5.608,6.368,7.083,6.599,6.143
2017-05-04 04:35:00-05:00,-10.754549,-13.754032,-5.270139,-11.255148,-11.846511,-4.5703325,-10.663523,-10.372588,856748.0,9.98,0.0,-0.299,-0.102,0.407,9.86,65.78,0.0,0.0,0.0,0.0,0.0,0.0,0.0,0.0,65.7,-1.0,-1.633,-0.2,0.0,0.0,0.0,0.0,0.0,268.9,271.5,272.0,270.5,0.59,0.0,0.0,-0.1,-0.043,0.07,0.0,6000.0,403217.0,216.0,335.0,59.96,2.0,31.0,38.0,29.98,9.74,5.769,-0.038,0.0,0.2,0.2,60.0,59.5,75.6,1.0,271.0,270.9,270.0,-0.075,0.03,0.081,1915.0,415621.0,13168.0,1912.0,-0.927,0.818,0.791,0.836,0.0,-0.001,0.0,-0.001,0.0,0.0,0.0,0.0,103.0,103.0,103.0,77.0,2.265,82.9,19.27,4.1,3.503,2.0,-1.0,13.84,0.002,0.273,3.0,2.0,0.0,0.0,6.01,6.463,6.025,6.317,5.733,5.979,6.333,7.1,7.895,7.604,6.658,5.661,6.315,6.269,5.563,6.345,7.065,6.571,6.115
2017-05-04 04:36:00-05:00,-10.878164,-13.754032,-5.270139,-11.255148,-11.588977,-4.5703325,-10.412616,-10.372588,856749.0,10.0,0.0,-0.288,-0.102,0.407,9.84,75.86,0.0,0.0,0.0,0.0,0.0,0.0,0.0,0.0,75.75,-1.0,-1.633,-0.2,0.0,0.0,0.0,0.0,0.0,268.9,271.9,272.0,270.9,0.592,0.0,0.0,-0.1,-0.042,0.075,0.0,6000.0,403217.0,216.0,335.0,59.98,2.0,31.0,38.0,30.0,9.72,5.743,-0.038,0.0,0.2,0.2,60.0,59.5,75.6,1.0,270.9,270.9,270.2,-0.075,0.03,0.081,1915.0,415621.0,13168.0,1912.0,-0.927,0.818,0.791,0.836,0.0,-0.001,0.0,-0.001,0.0,0.0,0.0,0.0,103.0,103.0,103.0,77.0,1.387,79.53,19.7,2.2,3.504,2.0,-1.0,13.84,0.002,0.273,3.0,2.0,0.0,0.0,5.93,6.412,5.961,6.235,5.733,5.949,6.32,7.078,7.866,7.579,6.645,5.656,6.295,6.248,5.545,6.306,7.04,6.533,6.081
2017-05-04 04:37:00-05:00,-10.878164,-13.754032,-5.270139,-11.255148,-11.717744,-4.5703325,-10.412616,-10.372588,856750.0,10.0,0.0,-0.305,-0.102,0.407,9.77,86.8,0.0,0.0,0.0,0.0,0.0,0.0,0.0,0.0,86.7,-1.0,-1.517,-0.2,0.0,0.0,0.0,0.0,0.0,269.0,272.0,272.0,271.0,0.587,0.0,0.0,-0.1,-0.042,0.05,0.0,6000.0,403217.0,216.0,335.0,59.98,2.0,31.0,38.0,30.0,9.79,5.731,-0.038,0.0,0.2,0.2,60.0,59.5,75.6,1.0,271.0,271.0,270.1,-0.075,0.03,0.081,1915.0,415621.0,13168.0,1912.0,-0.927,0.818,0.791,0.836,0.001,-0.001,0.0,0.0,0.0,0.0,0.0,0.0,103.0,103.0,103.0,77.0,1.772,98.7,28.73,2.9,3.503,2.0,-1.0,13.84,0.002,0.273,3.0,2.0,0.0,0.0,5.93,6.452,5.928,6.184,5.733,5.93,6.287,7.057,7.842,7.573,6.62,5.6,6.247,6.194,5.503,6.27,7.006,6.494,6.041
2017-05-04 04:38:00-05:00,-10.754549,-13.754032,-5.270139,-11.387561,-11.717744,-4.5703325,-10.412616,-10.254718,856751.0,10.0,0.0,-0.216,-0.017,0.546,9.8,98.9,0.0,0.0,0.0,0.0,0.0,0.0,0.0,0.0,98.7,-1.0,-1.5,-0.2,0.0,0.0,0.0,0.0,0.0,269.0,272.0,272.0,271.0,0.573,0.0,0.0,-0.1,-0.042,0.073,0.0,6000.0,403217.0,216.0,335.0,59.98,2.0,31.0,38.0,30.0,9.73,5.705,-0.038,0.0,0.2,0.2,60.0,59.5,75.6,1.0,271.0,271.0,270.0,-0.075,0.03,0.081,1915.0,415621.0,13168.0,1912.0,-0.927,0.818,0.791,0.836,0.001,0.0,0.0,0.0,0.0,0.0,0.0,0.0,103.0,103.0,103.0,77.0,1.457,77.56,20.72,2.3,3.504,2.667,-1.0,13.84,0.002,0.567,3.0,1.0,0.0,0.0,5.93,6.395,5.928,6.22,5.733,5.93,6.222,7.025,7.827,7.554,6.593,5.566,6.238,6.15,5.468,6.238,6.99,6.484,6.021
2017-05-04 04:39:00-05:00,-10.754549,-13.754032,-5.270139,-11.255148,-11.588977,-4.5703325,-10.287163,-10.254718,856752.0,10.0,0.0,-0.282,-0.093,0.407,9.7,112.2,0.0,0.0,0.0,0.0,0.0,0.0,0.0,0.0,111.9,-1.0,-1.55,-0.2,0.0,0.0,0.0,0.0,0.0,269.0,272.0,272.0,271.0,0.558,0.0,0.0,-0.102,-0.05,0.068,0.0,6000.0,403217.0,216.0,335.0,59.98,2.0,30.93,38.0,29.95,9.71,5.673,-0.038,0.0,0.2,0.2,60.0,59.5,75.6,1.0,271.0,271.0,270.0,-0.075,0.03,0.081,1915.0,415621.0,13168.0,1912.0,-0.927,0.818,0.791,0.836,0.001,-0.001,0.0,0.0,0.0,0.0,0.0,0.0,103.0,103.0,103.0,77.0,1.597,87.4,29.67,2.5,3.504,2.483,-1.0,13.84,0.001,0.628,3.0,1.0,0.0,0.0,5.866,6.35,5.896,6.123,5.733,5.93,6.222,7.007,7.852,7.54,6.592,5.545,6.235,6.121,5.443,6.213,6.932,6.441,5.995
2017-05-04 04:40:00-05:00,-10.754549,-13.754032,-5.151709,-11.122734,-11.460212,-4.5703325,-10.287163,-10.372588,856753.0,10.0,0.0,-0.29,-0.102,0.407,9.69,126.5,0.0,0.0,0.0,0.0,0.0,0.0,0.0,0.0,126.2,-1.0,-1.55,-0.2,0.0,0.0,0.0,0.0,0.0,269.0,272.0,272.0,271.0,0.555,0.0,0.0,-0.1,-0.037,0.068,0.0,6000.0,403217.0,216.0,335.0,59.97,2.0,30.97,38.0,29.97,9.7,5.651,-0.038,0.0,0.2,0.2,60.0,59.5,75.6,1.0,271.0,271.0,270.0,-0.075,0.03,0.081,1915.0,415621.0,13168.0,1912.0,-0.927,0.818,0.791,0.836,0.0,0.0,0.0,0.0,0.0,0.0,0.0,0.0,103.0,103.0,103.0,77.0,1.378,75.35,28.54,3.0,3.503,2.0,-1.0,13.84,0.002,0.273,3.0,2.0,0.0,0.0,5.833,6.499,5.831,6.123,5.716,5.916,6.222,6.978,7.823,7.5,6.563,5.564,6.282,6.145,5.46,6.201,6.893,6.463,5.985
2017-05-04 04:41:00-05:00,-10.754549,-13.754032,-4.9148493,-10.857907,-11.331445,-4.2317896,-10.16171,-10.254718,856754.0,10.02,0.0,-0.269,-0.102,0.407,9.7,141.4,0.0,0.0,0.0,0.0,0.0,0.0,0.0,0.0,141.1,-1.0,-1.467,-0.2,0.0,0.0,0.0,0.0,0.0,269.0,272.0,272.0,271.0,0.56,0.0,0.0,-0.1,-0.048,0.045,0.0,6000.0,403217.0,216.0,335.0,59.96,2.0,31.0,38.0,30.0,9.69,5.625,-0.034,0.0,0.2,0.2,60.0,59.5,75.6,1.0,271.0,271.0,270.0,-0.075,0.03,0.081,1915.0,415621.0,13168.0,1912.0,-0.927,0.818,0.791,0.836,0.001,0.0,0.001,-0.001,0.0,0.0,0.0,0.0,103.0,103.0,103.0,77.0,1.813,85.4,46.42,3.5,3.504,2.0,-1.0,13.84,0.002,0.273,3.0,2.0,0.0,0.0,5.833,6.365,5.831,6.137,5.636,5.833,6.222,6.994,7.849,7.555,6.589,5.588,6.307,6.18,5.478,6.215,6.963,6.49,5.998
2017-05-04 04:42:00-05:00,-10.754549,-13.754032,-4.7964187,-10.857907,-11.331445,-4.2317896,-10.287163,-10.1368475,856755.0,10.02,0.0,-0.233,-0.102,0.407,9.72,156.7,0.0,0.0,0.0,0.0,0.0,0.0,0.0,0.0,156.3,-1.0,-1.517,-0.2,0.0,0.0,0.0,0.0,0.0,269.0,271.9,272.0,270.9,0.545,0.0,0.0,-0.1,-0.05,0.075,0.0,6000.0,403217.0,216.0,335.0,59.96,2.0,30.83,38.0,30.0,9.63,5.637,-0.02,0.0,0.2,0.2,60.0,59.5,75.6,1.0,271.0,271.0,270.0,-0.075,0.03,0.081,1915.0,415621.0,13168.0,1912.0,-0.927,0.818,0.791,0.836,0.0,-0.001,0.0,0.0,0.0,0.0,0.0,0.0,103.0,103.0,103.0,77.0,1.91,69.18,23.56,2.9,3.504,2.0,-1.0,13.84,0.002,0.273,3.0,2.0,0.0,0.0,5.833,6.347,5.831,6.123,5.636,5.833,6.222,6.978,7.788,7.527,6.566,5.55,6.277,6.118,5.437,6.218,6.996,6.482,5.995
2017-05-04 04:43:00-05:00,-10.754549,-13.754032,-4.7964187,-10.857907,-11.331445,-4.2317896,-10.16171,-10.254718,856756.0,10.02,0.0,-0.011,0.11,0.57,9.75,172.2,0.0,0.0,0.0,0.0,0.0,0.0,0.0,0.0,171.8,-1.0,-1.483,-0.2,0.0,0.0,0.0,0.0,0.0,269.0,271.9,272.0,270.9,0.558,0.0,0.0,-0.102,-0.035,0.06,0.0,6000.0,403217.0,216.0,335.0,59.95,2.0,30.92,38.0,30.0,9.71,5.594,0.009,0.0,0.2,0.2,60.0,59.5,75.6,1.0,271.0,271.0,270.0,-0.075,0.03,0.081,1915.0,415621.0,13168.0,1912.0,-0.927,0.818,0.791,0.836,0.001,-0.001,0.001,-0.001,0.0,0.0,0.0,0.0,103.0,103.0,103.0,77.0,1.635,77.75,21.54,2.9,3.504,2.0,-1.0,13.79,0.002,0.273,3.0,2.0,0.0,0.0,5.833,6.369,5.831,6.123,5.636,5.818,6.222,6.942,7.774,7.458,6.522,5.566,6.303,6.134,5.448,6.206,6.948,6.479,5.992
2017-05-04 04:44:00-05:00,-10.630933,-13.754032,-4.7964187,-10.725493,-11.202678,-4.2317896,-10.287163,-10.254718,856757.0,10.02,0.0,-0.15,-0.097,0.407,9.77,187.5,0.0,0.0,0.0,0.0,0.0,0.0,0.0,0.0,187.1,-1.0,-1.583,-0.2,0.0,0.0,0.0,0.0,0.0,269.0,271.7,272.0,270.7,0.555,0.0,0.0,-0.103,-0.042,0.058,0.0,6000.0,403217.0,216.0,335.0,59.96,2.0,30.65,38.0,30.0,9.71,5.529,0.029,0.0,0.2,0.2,60.0,59.5,75.6,1.0,271.0,271.0,270.0,-0.075,0.03,0.08,1915.0,415621.0,13168.0,1912.0,-0.927,0.818,0.791,0.836,0.001,-0.001,0.001,0.0,0.0,0.0,0.0,0.0,103.0,103.0,103.0,77.0,1.717,86.3,18.73,4.6,3.504,2.0,-1.0,13.84,0.002,0.273,3.0,2.0,0.0,0.0,5.768,6.387,5.798,6.072,5.636,5.801,6.222,6.912,7.763,7.459,6.488,5.566,6.286,6.153,5.446,6.162,6.91,6.434,5.938
2017-05-04 04:45:00-05:00,-10.630933,-13.754032,-4.7964187,-10.725493,-11.202678,-4.2317896,-10.287163,-10.254718,856758.0,10.02,0.0,-0.11,-0.095,0.407,9.76,202.5,0.0,0.0,0.0,0.0,0.0,0.0,0.0,0.0,202.1,-1.0,-1.483,-0.2,0.0,0.0,0.0,0.0,0.0,269.0,271.8,272.0,270.8,0.555,0.0,0.0,-0.1,-0.052,0.068,0.0,6000.0,403217.0,216.0,335.0,59.96,2.0,30.82,38.0,29.98,9.75,5.534,0.038,0.0,0.2,0.2,60.0,59.5,75.6,1.0,271.0,271.0,270.0,-0.075,0.03,0.08,1915.0,415621.0,13168.0,1912.0,-0.927,0.818,0.791,0.836,0.001,-0.001,0.0,0.0,0.0,0.0,0.0,0.0,103.0,103.0,103.0,77.0,1.428,85.5,28.05,3.3,3.504,2.0,-1.0,13.84,0.002,0.273,3.0,2.0,0.0,0.0,5.818,6.363,5.831,6.123,5.622,5.833,6.222,6.9,7.79,7.465,6.48,5.551,6.269,6.127,5.428,6.162,6.938,6.438,5.93
2017-05-04 04:46:00-05:00,-10.383702,-13.754032,-4.7964187,-10.725493,-11.202678,-4.2317896,-10.16171,-10.1368475,856759.0,10.02,0.0,-0.102,0.019,0.407,9.73,217.0,0.0,0.0,0.0,0.0,0.0,0.0,0.0,0.0,216.4,-0.883,-1.567,-0.2,0.0,0.0,0.0,0.0,0.0,269.0,271.6,271.9,270.6,0.555,0.0,0.0,-0.103,-0.047,0.067,0.0,6000.0,403217.0,216.0,335.0,59.95,2.0,30.75,38.0,29.97,9.78,5.52,0.038,0.0,0.2,0.2,60.0,59.5,75.6,1.0,271.0,271.0,269.9,-0.075,0.03,0.081,1915.0,415621.0,13168.0,1912.0,-0.927,0.818,0.791,0.836,0.001,0.0,0.0,0.0,0.0,0.0,0.0,0.0,103.0,103.0,103.0,77.0,1.175,83.7,27.79,2.4,3.504,2.0,-1.0,13.84,0.002,0.273,3.0,2.0,0.0,0.0,5.797,6.369,5.798,6.123,5.618,5.833,6.204,6.908,7.777,7.476,6.501,5.52,6.28,6.097,5.392,6.155,6.926,6.437,5.929
2017-05-04 04:47:00-05:00,-10.507318,-13.426556,-4.7964187,-10.725493,-11.202678,-4.2317896,-10.036256,-10.018977,856760.0,10.02,0.0,-0.102,0.119,0.407,9.75,231.1,0.0,0.0,0.0,0.0,0.0,0.0,0.0,0.0,230.6,-0.617,-1.5,-0.2,0.0,0.0,0.0,0.0,0.0,269.0,271.8,272.0,270.8,0.57,0.0,0.0,-0.1,-0.052,0.057,0.0,6000.0,403217.0,216.0,335.0,59.96,2.0,30.83,38.0,30.0,9.77,5.497,0.052,0.0,0.2,0.2,60.0,59.5,75.6,1.0,271.0,271.0,270.0,-0.075,0.03,0.081,1915.0,415621.0,13168.0,1912.0,-0.928,0.818,0.791,0.836,0.001,-0.001,0.0,-0.001,0.0,0.0,0.0,0.0,103.0,103.0,103.0,77.0,1.435,69.93,29.97,3.0,3.504,2.0,-1.0,13.84,0.002,0.273,3.0,2.0,0.0,0.0,5.75,6.384,5.733,6.04,5.604,5.783,6.204,6.905,7.8,7.484,6.493,5.505,6.279,6.074,5.373,6.17,6.919,6.466,5.941
2017-05-04 04:48:00-05:00,-10.383702,-13.099078,-4.4411287,-10.725493,-11.202678,-4.2317896,-10.036256,-9.901107,856761.0,10.02,0.0,0.04,0.288,0.563,9.8,244.9,0.0,0.0,0.0,0.0,0.0,0.0,0.0,0.0,244.3,-0.5,-1.517,-0.2,0.0,0.0,0.0,0.0,0.0,269.0,271.6,271.9,270.6,0.56,0.0,0.0,-0.102,-0.047,0.075,0.0,6000.0,403217.0,216.0,335.0,59.95,2.0,30.7,38.0,29.93,9.85,5.501,0.114,0.0,0.2,0.2,60.0,59.5,75.6,1.0,271.0,271.0,270.0,-0.075,0.03,0.08,1915.0,415621.0,13168.0,1912.0,-0.928,0.818,0.791,0.836,0.001,-0.001,0.0,-0.001,0.0,0.0,0.0,0.0,103.0,103.0,103.0,77.0,1.827,91.6,25.98,3.3,3.504,2.0,-1.0,13.84,0.023,0.273,1.0,2.0,0.0,0.001,5.801,6.387,5.733,5.996,5.622,5.754,6.19,6.878,7.781,7.464,6.461,5.502,6.26,6.078,5.362,6.152,6.906,6.478,5.927
2017-05-04 04:49:00-05:00,-10.383702,-12.607862,-4.4411287,-10.725493,-11.202678,-4.2317896,-10.036256,-9.665367,856762.0,10.02,0.0,-0.087,0.216,0.633,9.78,258.5,0.0,0.0,0.0,0.0,0.0,0.0,0.0,0.0,257.8,-0.233,-1.483,-0.2,0.0,0.0,0.0,0.0,0.0,269.0,271.6,271.8,270.6,0.553,0.0,-0.007,-0.1,-0.052,0.06,0.0,6000.0,403217.0,216.0,335.0,59.96,2.0,30.7,38.0,29.87,9.84,5.512,0.145,0.0,0.2,0.2,60.0,59.5,75.6,1.0,271.0,271.0,269.9,-0.075,0.03,0.08,1915.0,415621.0,13168.0,1912.0,-0.928,0.818,0.791,0.836,0.0,-0.001,0.001,0.0,0.0,0.0,0.0,0.0,103.0,103.0,103.0,77.0,2.222,74.7,21.81,3.8,3.504,2.667,-1.0,13.65,-0.019,0.571,1.0,1.0,0.0,0.001,5.833,6.336,5.733,6.011,5.636,5.768,6.125,6.871,7.749,7.438,6.463,5.44,6.18,6.025,5.328,6.157,6.93,6.47,5.934
2017-05-04 04:50:00-05:00,-10.383702,-12.607862,-4.4411287,-10.725493,-11.073912,-4.006094,-10.036256,-9.547496,856763.0,10.02,0.0,-0.102,0.375,0.748,9.85,271.6,0.0,0.0,0.0,0.0,0.0,0.0,0.0,0.0,270.9,-0.067,-1.567,-0.2,0.0,0.0,0.0,0.0,0.0,268.9,271.3,271.6,270.3,0.56,0.0,-0.002,-0.1,-0.048,0.06,0.0,6000.0,403217.0,216.0,335.0,59.97,2.0,30.68,38.0,30.0,9.79,5.51,0.267,0.0,0.2,0.2,60.0,59.5,75.6,1.0,271.0,271.0,269.6,-0.075,0.03,0.08,1915.0,415621.0,13168.0,1912.0,-0.928,0.818,0.791,0.836,0.0,-0.001,0.001,0.0,0.0,0.0,0.0,0.0,103.0,103.0,103.0,77.0,2.26,107.5,22.34,3.8,3.503,2.3,-1.0,13.84,0.002,0.407,3.0,1.0,0.0,0.0,5.815,6.385,5.733,6.025,5.588,5.736,6.157,6.852,7.771,7.408,6.442,5.476,6.266,6.075,5.356,6.135,6.896,6.453,5.918
2017-05-04 04:51:00-05:00,-10.260086,-12.607862,-4.4411287,-10.460667,-10.816379,-3.8932464,-9.910803,-9.547496,856764.0,10.02,0.0,-0.102,0.407,0.9,9.88,283.1,0.0,0.0,0.0,0.0,0.0,0.0,0.0,0.0,282.3,-0.017,-1.583,-0.2,0.0,0.0,0.0,0.0,0.0,268.7,271.1,271.2,270.0,0.575,0.0,-0.012,-0.102,-0.05,0.065,0.0,6000.0,403217.0,216.0,335.0,59.96,2.0,30.4,38.0,29.98,9.9,5.54,0.327,0.0,0.2,0.2,60.0,59.5,75.6,1.0,270.7,270.7,269.4,-0.075,0.03,0.08,1915.0,415621.0,13168.0,1912.0,-0.928,0.818,0.791,0.836,0.001,-0.001,0.0,0.0,0.0,0.0,0.0,0.0,103.0,103.0,103.0,77.0,2.577,76.24,23.2,3.7,3.504,2.0,-1.0,13.84,0.002,0.273,3.0,2.0,0.0,0.0,5.833,6.398,5.733,6.058,5.604,5.833,6.222,6.838,7.786,7.403,6.428,5.477,6.213,6.075,5.355,6.129,6.898,6.446,5.905
2017-05-04 04:52:00-05:00,-10.012856,-12.607862,-4.4411287,-10.328253,-10.558846,-3.7803986,-9.659897,-9.4296255,856765.0,10.02,0.0,0.036,0.407,0.915,9.89,292.9,0.0,0.0,0.0,0.0,0.0,0.0,0.0,0.0,292.1,-0.033,-1.567,-0.2,0.0,0.0,0.0,0.0,0.0,268.9,271.5,271.7,270.5,0.572,0.0,-0.012,-0.102,-0.053,0.075,0.0,6000.0,403217.0,216.0,335.0,59.96,2.0,30.43,38.0,29.8,9.89,5.567,0.399,0.0,0.2,0.2,60.0,59.5,75.6,1.0,270.8,270.8,269.8,-0.075,0.03,0.08,1915.0,415621.0,13168.0,1912.0,-0.928,0.818,0.791,0.836,0.001,0.0,0.0,0.0,0.0,0.0,0.0,0.0,103.0,103.0,103.0,77.0,1.357,87.7,33.11,3.5,3.504,2.0,-1.0,13.84,0.002,0.273,3.0,2.0,0.0,0.0,5.815,6.402,5.733,6.025,5.601,5.804,6.222,6.871,7.847,7.455,6.467,5.49,6.212,6.1,5.379,6.142,6.908,6.448,5.912
2017-05-04 04:53:00-05:00,-9.88924,-12.607862,-4.4411287,-10.063426,-10.430079,-3.4418554,-9.283538,-9.193885,856766.0,10.02,0.0,0.195,0.407,0.915,9.9,301.4,0.0,0.0,0.0,0.0,0.0,0.0,0.0,0.0,300.7,-0.017,-1.6,-0.2,0.0,0.0,0.0,0.0,0.0,268.9,271.3,271.7,270.3,0.575,0.0,-0.02,-0.1,-0.058,0.043,0.0,6000.0,403217.0,216.0,335.0,59.97,2.0,30.07,38.0,29.78,9.95,5.595,0.467,0.0,0.2,0.2,60.0,59.5,75.6,1.0,270.9,270.8,269.8,-0.075,0.03,0.08,1915.0,415621.0,13168.0,1912.0,-0.928,0.818,0.791,0.836,0.001,0.0,0.0,-0.001,0.0,0.0,0.0,0.0,103.0,103.0,103.0,77.0,2.163,93.0,35.47,3.9,3.504,2.0,-1.0,13.84,0.002,0.274,3.0,2.0,0.0,0.0,5.833,6.416,5.733,6.04,5.654,5.786,6.222,6.9,7.868,7.524,6.504,5.508,6.251,6.097,5.395,6.172,7.007,6.477,5.934
2017-05-04 04:54:00-05:00,-9.5183935,-12.607862,-4.085839,-9.931012,-10.301313,-3.4418554,-9.283538,-8.840274,856767.0,10.02,0.0,0.565,0.671,1.048,9.99,309.1,0.0,0.0,0.0,0.0,0.0,0.0,0.0,0.0,308.3,0.0,-1.517,-0.2,0.0,0.0,0.0,0.0,0.0,269.0,271.9,272.0,270.9,0.567,0.0,-0.035,-0.1,-0.05,0.072,0.0,6000.0,403217.0,216.0,335.0,59.98,2.0,30.07,38.0,29.78,10.01,5.646,0.605,0.0,0.2,0.2,60.0,59.5,75.6,1.0,271.0,271.0,270.0,-0.075,0.03,0.081,1915.0,415621.0,13168.0,1912.0,-0.927,0.818,0.791,0.836,0.001,-0.001,0.001,0.0,0.0,0.0,0.0,0.0,103.0,103.0,103.0,77.0,2.415,83.4,10.67,4.2,3.504,2.0,-1.0,13.74,0.018,0.273,3.0,2.0,0.0,0.001,5.833,6.528,5.798,6.076,5.733,5.866,6.222,6.901,7.872,7.505,6.496,5.515,6.271,6.124,5.405,6.183,6.989,6.487,5.948
2017-05-04 04:55:00-05:00,-9.394778,-12.280385,-3.730548,-9.798599,-10.301313,-3.21616,-9.158084,-8.722404,856768.0,10.01,0.0,0.402,0.794,1.158,9.96,317.2,0.0,0.0,0.0,0.0,0.0,0.0,0.0,0.0,316.4,0.0,-1.55,-0.2,0.0,0.0,0.0,0.0,0.0,269.0,271.6,272.0,270.6,0.563,0.0,-0.043,-0.1,-0.027,0.08,0.0,6000.0,403217.0,216.0,335.0,59.97,2.0,30.07,38.0,29.7,10.0,5.668,0.754,0.0,0.2,0.2,60.0,59.5,75.6,1.0,271.0,271.0,270.0,-0.075,0.03,0.081,1915.0,415621.0,13168.0,1912.0,-0.927,0.818,0.791,0.836,0.0,-0.001,0.001,-0.001,0.0,0.0,0.0,0.0,103.0,103.0,103.0,77.0,1.675,89.1,21.36,2.6,3.504,2.0,-1.0,13.65,-0.015,0.274,1.0,2.0,0.0,0.001,5.9,6.595,5.831,6.123,5.733,5.93,6.222,6.905,7.849,7.529,6.507,5.537,6.292,6.16,5.43,6.182,6.965,6.477,5.946
2017-05-04 04:56:00-05:00,-9.0239315,-11.461694,-3.612118,-9.666185,-9.915014,-2.8776166,-9.158084,-8.604533,856769.0,10.0,0.0,0.688,0.915,1.421,9.94,326.6,0.0,0.0,0.0,0.0,0.0,0.0,0.0,0.0,325.6,0.0,-1.583,-0.2,0.0,0.0,0.0,0.0,0.0,269.1,271.9,272.0,270.9,0.58,0.0,-0.063,-0.1,-0.048,0.05,0.0,6000.0,403217.0,216.0,335.0,59.97,2.0,30.0,38.0,29.53,9.97,5.657,1.003,0.0,0.2,0.2,60.0,59.5,75.6,1.0,271.6,271.2,270.2,-0.075,0.03,0.081,1915.0,415621.0,13168.0,1912.0,-0.927,0.818,0.791,0.836,0.001,-0.001,0.001,-0.001,0.0,0.0,0.0,0.0,103.0,103.0,103.0,77.0,1.765,62.26,20.97,3.1,3.504,2.0,-1.0,13.84,0.002,0.274,3.0,2.0,0.0,0.0,5.866,6.612,5.831,6.123,5.733,5.93,6.222,6.91,7.902,7.536,6.52,5.534,6.281,6.161,5.431,6.186,6.966,6.487,5.953
2017-05-04 04:57:00-05:00,-8.7767,-11.461694,-3.4936879,-9.268946,-9.657481,-2.6519215,-8.656271,-8.133052,856770.0,10.0,0.0,0.915,1.222,1.663,9.96,334.9,0.0,0.0,0.0,0.0,0.0,0.0,0.0,0.0,334.1,0.0,-1.583,-0.2,0.0,0.0,0.0,0.0,0.0,269.2,272.0,272.1,271.0,0.58,0.0,-0.06,-0.102,-0.045,0.057,0.0,6000.0,403217.0,216.0,335.0,59.97,2.0,30.0,38.0,29.35,9.98,5.607,1.311,0.0,0.2,0.2,60.0,59.5,75.6,1.0,271.7,271.5,270.5,-0.075,0.03,0.081,1915.0,415621.0,13168.0,1912.0,-0.927,0.818,0.791,0.836,0.0,-0.001,0.0,0.0,0.0,0.0,0.0,0.0,103.0,103.0,103.0,77.0,2.327,76.77,21.24,3.8,3.504,2.0,-1.0,13.84,0.002,0.274,3.0,2.0,0.0,0.0,5.866,6.612,5.831,6.123,5.716,5.93,6.208,6.947,7.928,7.599,6.562,5.505,6.256,6.111,5.397,6.205,7.008,6.513,5.965
2017-05-04 04:58:00-05:00,-8.653086,-11.461694,-3.1383977,-9.136532,-9.528715,-2.313378,-8.405365,-7.8973117,856771.0,10.0,0.0,1.08,1.423,1.932,10.05,340.1,0.0,0.0,0.0,0.0,0.0,0.0,0.0,0.0,339.1,0.0,-1.6,-0.2,0.0,0.0,0.0,0.0,0.0,269.4,272.0,272.2,271.0,0.595,0.0,-0.078,-0.1,-0.045,0.077,0.0,6000.0,403217.0,216.0,335.0,59.94,2.0,30.0,38.0,29.38,9.96,5.588,1.547,0.0,0.2,0.2,60.0,59.5,75.6,1.0,271.7,271.7,270.7,-0.075,0.03,0.081,1915.0,415621.0,13168.0,1912.0,-0.927,0.818,0.791,0.836,0.001,-0.001,0.0,-0.001,0.0,0.0,0.0,0.0,103.0,103.0,103.0,77.0,1.932,76.87,19.68,2.7,3.504,2.0,-1.0,13.84,0.002,0.274,3.0,2.0,0.0,0.0,5.833,6.548,5.831,6.22,5.636,5.93,6.125,7.0,8.0,7.652,6.61,5.481,6.234,6.085,5.376,6.24,7.054,6.538,5.995
2017-05-04 04:59:00-05:00,-8.653086,-11.461694,-2.7831073,-9.004118,-9.399948,-1.974835,-8.405365,-7.7794414,856772.0,10.0,0.0,1.328,1.544,1.94,10.05,342.9,0.0,0.0,0.0,0.0,0.0,0.0,0.0,0.0,341.9,0.0,-1.533,-0.2,0.0,0.0,0.0,0.0,0.0,269.1,272.0,272.1,271.0,0.593,0.0,-0.09,-0.102,-0.052,0.055,0.0,6000.0,403217.0,216.0,335.0,59.96,2.0,30.0,38.0,29.12,9.95,5.611,1.689,0.0,0.2,0.2,60.0,59.5,75.6,1.0,271.4,271.7,270.5,-0.075,0.03,0.081,1915.0,415621.0,13168.0,1912.0,-0.927,0.818,0.791,0.836,0.0,-0.001,0.0,-0.001,0.0,0.0,0.0,0.0,103.0,103.0,103.0,77.0,2.033,96.9,20.03,4.3,3.503,2.517,-1.0,13.84,0.002,0.49,3.0,1.0,0.0,0.0,5.833,6.579,5.831,6.22,5.687,5.93,6.125,7.037,8.07,7.678,6.647,5.49,6.213,6.107,5.388,6.269,7.134,6.571,6.015
2017-05-04 05:00:00-05:00,-8.5294695,-11.461694,-2.7831073,-8.871705,-9.142415,-1.974835,-8.154458,-7.30796,856773.0,10.0,0.0,1.637,1.934,2.256,10.08,345.4,0.0,0.0,0.0,0.0,0.0,0.0,0.0,0.0,344.4,0.0,-1.6,-0.2,0.0,0.0,0.0,0.0,0.0,269.2,272.0,272.2,271.0,0.605,0.0,-0.062,-0.102,-0.043,0.052,0.0,6000.0,403217.0,216.0,335.0,59.95,2.0,30.0,38.0,29.08,10.03,5.608,1.858,0.0,0.2,0.2,60.0,59.5,75.6,1.0,271.5,271.8,270.6,-0.075,0.03,0.081,1915.0,415621.0,13168.0,1912.0,-0.927,0.818,0.791,0.836,0.0,-0.001,0.001,-0.001,0.0,0.0,0.0,0.0,103.0,103.0,103.0,77.0,2.417,72.7,21.18,3.8,3.503,2.467,-1.0,13.64,-0.005,0.482,1.0,1.0,0.0,0.001,5.833,6.612,5.831,6.22,5.716,5.93,6.125,7.063,8.05,7.675,6.682,5.488,6.239,6.115,5.384,6.275,7.16,6.564,6.028
2017-05-04 05:01:00-05:00,-8.282239,-10.479261,-2.6646771,-8.739291,-8.756116,-1.8619872,-7.903552,-7.0722194,856774.0,10.0,0.0,1.622,1.932,2.419,10.1,348.3,0.0,0.0,0.0,0.0,0.0,0.0,0.0,0.0,347.5,0.0,-1.533,-0.2,0.0,0.0,0.0,0.0,0.0,269.1,272.0,272.2,271.0,0.608,0.0,-0.088,-0.102,-0.038,0.07,0.0,6000.0,403217.0,216.0,335.0,59.96,2.0,30.0,38.0,29.38,10.06,5.617,2.043,0.0,0.2,0.2,60.0,59.5,75.6,1.0,271.3,271.7,270.5,-0.075,0.03,0.081,1915.0,415621.0,13168.0,1912.0,-0.927,0.818,0.791,0.836,0.0,-0.001,0.0,0.0,0.0,0.0,0.0,0.0,103.0,103.0,103.0,77.0,1.515,82.4,37.31,3.4,3.504,2.0,-1.0,13.81,0.005,0.274,3.0,2.0,0.0,0.0,5.883,6.612,5.863,6.256,5.733,5.963,6.157,7.092,8.12,7.735,6.705,5.519,6.285,6.142,5.413,6.299,7.185,6.579,6.04
2017-05-04 05:02:00-05:00,-7.9113917,-10.315524,-2.1909568,-8.209637,-8.498584,-1.5234442,-7.527192,-7.0722194,856775.0,10.0,0.0,1.923,2.095,2.503,10.12,351.0,0.0,0.0,0.0,0.0,0.0,0.0,0.0,0.0,350.1,0.0,-1.667,-0.2,0.0,0.0,0.0,0.0,0.0,269.0,272.0,272.0,271.0,0.597,0.0,-0.058,-0.1,-0.043,0.062,0.0,6000.0,403217.0,216.0,335.0,59.92,2.0,30.0,38.0,29.13,10.1,5.646,2.267,0.0,0.2,0.2,60.0,59.5,75.6,1.0,271.0,271.0,270.0,-0.075,0.03,0.081,1915.0,415621.0,13168.0,1912.0,-0.928,0.818,0.791,0.836,0.001,-0.001,0.0,0.0,0.0,0.0,0.0,0.0,103.0,103.0,103.0,77.0,1.705,79.33,30.11,3.3,3.504,2.0,-1.0,13.84,0.002,0.274,3.0,2.0,0.0,0.0,5.93,6.661,5.928,6.317,5.751,5.995,6.24,7.117,8.12,7.774,6.718,5.602,6.431,6.246,5.482,6.33,7.219,6.632,6.089
2017-05-04 05:03:00-05:00,-7.664161,-10.315524,-2.0725267,-7.94481,-8.24105,-1.1849011,-7.527192,-6.8364787,856776.0,10.0,0.0,2.016,2.421,2.895,10.14,353.6,0.0,0.0,0.0,0.0,0.0,0.0,0.0,0.0,352.6,46.8,-1.633,-0.208,0.117,0.117,0.0,0.0,0.0,269.0,272.0,272.0,271.0,0.588,0.0,-0.097,-0.143,0.02,0.14,0.0,6000.0,403217.0,216.0,335.0,59.92,2.35,30.0,38.0,29.03,10.1,5.713,2.49,0.217,0.393,0.313,60.0,59.5,75.6,1.0,271.0,271.0,270.0,-0.121,-0.055,0.179,1915.0,415621.0,13168.0,1912.0,-0.771,0.818,0.791,0.836,0.001,0.0,0.0,-0.001,0.0,0.0,0.0,0.0,103.0,103.0,103.0,77.0,2.573,86.6,24.59,4.1,3.503,2.0,-1.0,13.84,0.002,0.274,3.0,2.0,0.0,0.0,5.93,6.723,5.993,6.367,5.831,6.06,6.32,7.129,8.15,7.772,6.735,5.646,6.401,6.267,5.522,6.35,7.25,6.657,6.117
2017-05-04 05:04:00-05:00,-7.169699,-9.824308,-1.8356665,-7.679983,-7.9835176,-1.0720533,-7.401739,-6.4828677,856777.0,10.0,0.0,2.389,2.66,3.024,10.16,284.9,0.0,0.0,0.0,0.0,0.0,0.0,0.0,0.0,284.8,285.1,-1.017,-0.303,1.0,1.0,0.083,0.083,0.0,269.0,272.0,272.0,271.0,0.595,0.0,-0.198,-0.318,-0.017,0.758,0.0,6000.0,403217.0,216.0,335.0,59.93,6.916667,30.0,38.0,29.38,10.17,5.722,2.741,1.278,1.193,1.095,60.0,59.5,75.6,1.0,271.0,271.0,270.0,-0.322,0.13,0.348,1915.0,415621.0,13168.0,1912.0,-0.925,0.818,0.791,0.836,0.13,0.128,0.129,0.096,0.037,0.036,0.036,0.027,103.0,103.0,103.0,77.0,1.773,97.0,23.13,2.4,3.502,2.0,-1.0,13.84,0.002,0.274,3.0,2.0,0.0,0.0,5.963,6.806,6.025,6.432,5.831,6.157,6.32,7.14,8.15,7.793,6.747,5.623,6.335,6.242,5.508,6.366,7.248,6.66,6.121
2017-05-04 05:05:00-05:00,-6.922468,-9.333093,-1.3619462,-7.2827425,-7.725985,-0.6206625,-7.025379,-6.247127,856778.0,9.99,0.0,2.882,3.192,3.581,10.13,282.3,0.0,0.0,0.0,0.0,0.0,0.0,0.0,0.0,281.4,282.0,-1.0,-0.3,1.0,1.0,0.0,0.0,0.0,269.0,272.0,272.0,271.0,0.597,0.0,-0.193,-0.3,-0.002,0.735,0.0,6000.0,403217.0,216.0,335.0,59.92,7.0,30.0,38.0,30.0,10.17,5.714,3.038,1.2,1.2,1.037,60.0,59.5,75.6,1.0,271.0,271.0,270.0,-0.295,0.094,0.31,1915.0,415621.0,13168.0,1912.0,-0.952,0.818,0.791,0.836,0.147,0.146,0.147,0.109,0.042,0.041,0.042,0.031,103.0,103.0,103.0,77.0,1.392,99.3,43.34,2.6,3.504,2.0,-1.0,13.84,0.004,0.273,3.0,2.0,0.0,0.0,6.028,6.793,6.025,6.414,5.863,6.222,6.305,7.16,8.16,7.798,6.76,5.617,6.35,6.238,5.495,6.388,7.247,6.674,6.144
2017-05-04 05:06:00-05:00,-6.675237,-9.333093,-1.2435161,-7.0179157,-7.339686,-0.39496696,-6.7744727,-6.0113864,856779.0,9.98,0.0,2.935,3.247,3.617,10.1,284.5,0.0,0.0,0.0,0.0,0.0,0.0,0.0,0.0,283.6,283.8,-1.0,-0.3,1.0,1.0,0.017,0.017,0.0,270.7,273.7,273.7,272.7,0.622,0.0,-0.225,-0.3,-0.007,0.735,0.0,6000.0,403217.0,216.0,335.0,59.93,7.0,30.0,38.0,30.0,10.14,5.746,3.349,1.203,1.2,1.087,60.0,59.5,75.6,1.0,272.7,272.8,271.7,-0.286,0.122,0.312,1915.0,415621.0,13168.0,1912.0,-0.919,0.818,0.791,0.836,0.163,0.161,0.163,0.121,0.046,0.046,0.046,0.034,103.0,103.0,103.0,77.0,1.247,72.96,29.59,2.5,3.504,2.0,-1.0,13.65,0.0,0.274,1.0,2.0,0.0,0.001,6.028,6.758,6.025,6.364,5.91,6.172,6.32,7.16,8.14,7.783,6.762,5.642,6.37,6.282,5.507,6.382,7.263,6.675,6.138
2017-05-04 05:07:00-05:00,-6.1807747,-8.841877,-0.65136564,-6.6206746,-6.8246202,0.05642376,-6.5235662,-5.539905,856780.0,9.98,0.0,3.348,3.586,3.977,10.14,284.9,0.0,0.0,0.0,0.0,0.0,0.0,0.0,0.0,284.0,284.2,-0.983,-0.3,1.0,1.0,0.0,0.0,0.0,271.0,274.0,274.0,273.0,0.62,0.0,-0.183,-0.3,-0.003,0.728,0.0,6000.0,403217.0,216.0,335.0,59.92,7.0,30.0,38.0,30.0,10.15,5.755,3.733,1.2,1.2,1.073,60.0,59.5,75.6,1.0,273.0,273.0,272.0,-0.267,0.1,0.285,1915.0,415621.0,13168.0,1912.0,-0.936,0.818,0.791,0.836,0.181,0.179,0.181,0.134,0.051,0.051,0.051,0.038,103.0,103.0,103.0,77.0,1.812,104.6,21.86,2.8,3.504,2.183,-1.0,13.84,0.002,0.361,3.0,1.0,0.0,0.0,6.028,6.788,6.025,6.317,5.893,6.125,6.32,7.185,8.17,7.798,6.795,5.66,6.408,6.283,5.522,6.37,7.212,6.648,6.142
2017-05-04 05:08:00-05:00,-5.8099284,-8.186923,-0.2960754,-6.2234344,-6.4383206,0.39496696,-6.021754,-5.0684237,856781.0,9.98,0.0,3.738,4.016,4.407,10.13,285.0,0.0,0.0,0.0,0.0,0.0,0.0,0.0,0.0,284.0,284.6,-0.767,-0.3,1.0,1.0,0.083,0.083,0.0,271.0,274.0,274.0,273.0,0.648,0.0,-0.13,-0.3,-0.018,0.725,0.0,6000.0,403217.0,216.0,335.0,59.93,7.0,30.0,38.0,30.0,10.18,5.753,4.154,1.2,1.2,1.093,60.0,59.5,75.6,1.0,273.0,273.1,272.0,-0.246,0.13,0.279,1915.0,415621.0,13168.0,1912.0,-0.882,0.818,0.791,0.836,0.202,0.201,0.202,0.151,0.058,0.057,0.058,0.043,103.0,103.0,103.0,77.0,2.025,88.7,25.83,3.8,3.504,2.817,-1.0,13.84,0.001,0.618,3.0,1.0,0.0,0.0,6.028,6.809,6.043,6.317,5.896,6.157,6.338,7.164,8.08,7.761,6.771,5.675,6.408,6.3,5.548,6.373,7.174,6.641,6.127
2017-05-04 05:09:00-05:00,-5.3154664,-8.186923,0.29607517,-5.6937804,-5.923255,0.9592054,-5.8963003,-4.7148128,856782.0,9.98,0.0,4.096,4.441,4.878,10.16,285.3,0.0,0.0,0.0,0.0,0.0,0.0,0.0,0.0,284.2,285.0,-0.7,-0.3,1.0,0.617,0.667,0.283,0.0,271.0,274.1,274.5,273.0,0.628,0.0,-0.107,-0.3,-0.16,0.752,0.0,6000.0,403217.0,216.0,335.0,59.96,7.0,30.0,38.0,30.0,10.15,5.741,4.555,1.242,1.135,1.177,60.0,59.5,75.6,1.0,273.3,273.8,272.7,-0.231,0.246,0.343,1915.0,415621.0,13168.0,1912.0,-0.697,0.818,0.791,0.836,0.222,0.221,0.222,0.165,0.063,0.063,0.063,0.047,103.0,103.0,103.0,77.0,1.778,96.1,28.48,3.6,3.504,2.0,-1.0,13.84,0.002,0.274,3.0,2.0,0.0,0.0,6.028,6.842,6.09,6.397,5.928,6.19,6.417,7.16,8.19,7.777,6.776,5.737,6.472,6.369,5.611,6.384,7.208,6.683,6.15
2017-05-04 05:10:00-05:00,-5.191851,-7.3682313,0.5329354,-5.29654,-5.4081893,1.2977488,-5.519941,-4.2433314,856783.0,9.98,0.0,4.532,4.867,5.191,10.13,285.3,0.0,0.0,0.0,0.0,0.0,0.0,0.0,0.0,284.1,285.0,-0.283,-0.3,1.0,0.083,1.0,0.083,0.0,271.0,274.1,274.3,273.0,0.637,0.0,-0.07,-0.3,-0.32,0.8,0.0,6000.0,403217.0,216.0,335.0,59.99,7.0,30.0,38.0,30.9,10.19,5.752,4.943,1.355,1.1,1.333,60.0,59.5,75.6,1.0,273.1,274.0,272.9,-0.218,0.41,0.465,1915.0,415621.0,13168.0,1912.0,-0.473,0.818,0.791,0.836,0.242,0.24,0.242,0.18,0.069,0.068,0.069,0.051,103.0,103.0,103.0,77.0,1.222,72.21,29.67,3.0,3.503,2.0,-1.0,13.84,0.002,0.274,3.0,2.0,0.0,0.0,6.028,6.834,6.056,6.317,5.928,6.188,6.417,7.184,8.14,7.821,6.793,5.775,6.521,6.368,5.635,6.411,7.246,6.709,6.178
2017-05-04 05:11:00-05:00,-4.573774,-7.040754,1.0066556,-5.031713,-4.8931236,1.8619872,-5.018128,-3.77185,856784.0,9.97,0.0,5.2,5.39,5.809,10.1,285.3,0.0,0.0,0.0,0.0,0.0,0.0,0.0,0.0,284.1,285.0,-0.033,-0.3,1.0,0.0,1.0,0.0,0.0,271.0,274.0,274.2,273.0,0.637,0.0,-0.02,-0.298,-0.343,0.8,0.0,6000.0,403217.0,216.0,335.0,60.0,7.0,30.0,38.0,31.0,10.18,5.866,5.413,1.363,1.1,1.357,60.0,59.5,75.6,1.0,273.1,274.0,272.9,-0.195,0.453,0.493,1915.0,415621.0,13168.0,1912.0,-0.396,0.818,0.791,0.836,0.265,0.264,0.265,0.198,0.076,0.075,0.076,0.056,103.0,103.0,103.0,77.0,1.877,89.7,21.98,3.7,3.503,2.0,-1.0,13.76,0.001,0.273,3.0,2.0,0.0,0.0,6.028,6.856,6.076,6.285,5.993,6.175,6.417,7.186,8.17,7.794,6.791,5.792,6.507,6.382,5.655,6.429,7.325,6.746,6.199
2017-05-04 05:12:00-05:00,-3.9556959,-6.2220616,1.5988064,-4.502059,-4.378058,2.4262257,-4.641769,-3.3003688,856785.0,9.97,0.0,5.623,5.797,6.193,10.07,285.6,0.0,0.0,0.0,0.0,0.0,0.0,0.0,0.0,284.7,285.2,0.0,-0.3,1.0,0.0,1.0,0.0,0.0,271.3,274.4,274.7,273.3,0.628,0.0,-0.005,-0.228,-0.31,0.8,0.0,6000.0,403217.0,216.0,335.0,59.99,7.0,30.0,38.0,31.0,10.17,5.832,5.996,1.3,1.1,1.315,60.0,59.5,75.6,1.0,273.6,274.0,273.0,-0.164,0.419,0.45,1915.0,415621.0,13168.0,1912.0,-0.365,0.818,0.791,0.836,0.293,0.293,0.293,0.219,0.084,0.084,0.084,0.063,103.0,103.0,103.0,77.0,1.295,94.7,40.9,3.0,3.503,2.0,-1.0,13.82,0.003,0.274,3.0,2.0,0.0,0.0,6.075,6.871,6.123,6.317,6.025,6.222,6.417,7.151,8.05,7.749,6.747,5.782,6.514,6.354,5.637,6.455,7.314,6.762,6.227
2017-05-04 05:13:00-05:00,-3.3376186,-5.8945847,2.1909568,-3.972405,-3.8629925,2.9904642,-4.139956,-2.8288877,856786.0,9.97,0.0,6.114,6.32,6.765,10.09,286.0,0.0,0.0,0.0,0.0,0.0,0.0,0.0,0.0,285.0,285.9,0.0,-0.3,1.0,0.017,1.0,0.017,0.0,271.7,274.9,275.0,273.7,0.623,0.0,0.0,-0.2,-0.302,0.798,0.0,6000.0,403217.0,216.0,335.0,59.98,7.0,30.0,38.0,31.0,10.21,5.839,6.584,1.248,1.1,1.302,60.0,59.5,75.6,1.0,274.0,274.0,273.0,-0.133,0.382,0.404,1915.0,415621.0,13168.0,1912.0,-0.328,0.818,0.791,0.836,0.321,0.32,0.322,0.24,0.092,0.092,0.092,0.069,103.0,103.0,103.0,77.0,1.485,91.9,25.77,2.6,3.503,2.0,-1.0,13.84,0.002,0.274,3.0,2.0,0.0,0.0,6.11,6.921,6.123,6.35,6.04,6.222,6.417,7.146,8.12,7.732,6.738,5.765,6.509,6.347,5.623,6.468,7.305,6.776,6.23
2017-05-04 05:14:00-05:00,-2.5959253,-4.912154,2.9015374,-3.4427507,-3.3479264,3.6675506,-3.5126894,-2.1216657,856787.0,9.97,0.0,6.716,6.951,7.317,10.12,372.5,0.0,0.0,0.0,0.0,0.0,0.0,0.0,0.0,370.7,172.1,-1.567,-0.207,0.067,0.0,0.067,0.0,0.0,272.0,275.0,275.0,274.0,0.632,0.0,-0.238,-0.108,-0.055,0.122,0.0,6000.0,403217.0,216.0,335.0,59.97,2.333333,30.02,38.0,31.0,10.21,5.883,7.219,0.098,0.273,0.288,60.0,59.5,75.6,1.0,274.0,274.0,273.0,-0.079,0.058,0.105,1915.0,415621.0,13168.0,1912.0,-0.868,0.818,0.791,0.836,0.016,0.015,0.017,0.011,0.005,0.004,0.005,0.003,103.0,103.0,103.0,77.0,1.147,71.33,23.49,3.3,3.504,2.0,-1.0,13.84,0.002,0.274,3.0,2.0,0.0,0.0,6.125,6.903,6.123,6.4,6.076,6.222,6.417,7.167,8.16,7.744,6.776,5.756,6.478,6.316,5.61,6.49,7.335,6.787,6.25
2017-05-04 05:15:00-05:00,-1.9778479,-4.4209385,3.6121178,-2.7806833,-2.5753284,4.231789,-2.8854234,-1.2965735,856788.0,9.97,0.0,7.383,7.663,8.01,10.16,380.7,0.0,0.0,0.0,0.0,0.0,0.0,0.0,0.0,379.6,40.58,-1.45,-0.2,0.0,0.0,0.0,0.0,0.0,272.0,275.0,275.0,274.0,0.635,0.0,-0.122,-0.1,-0.042,0.072,0.0,6000.0,403217.0,216.0,335.0,59.96,2.0,30.32,38.0,31.0,10.18,5.875,7.96,0.0,0.2,0.2,60.0,59.5,75.6,1.0,274.0,274.1,273.0,-0.076,0.033,0.083,1915.0,415621.0,13168.0,1912.0,-0.919,0.818,0.791,0.836,0.0,-0.001,0.0,-0.001,0.0,0.0,0.0,-0.001,103.0,103.0,103.0,77.0,2.433,82.4,12.45,4.7,3.504,2.0,-1.0,13.84,0.002,0.274,3.0,2.0,0.0,0.0,6.125,6.903,6.173,6.465,6.123,6.222,6.417,7.204,8.18,7.79,6.807,5.782,6.505,6.352,5.632,6.523,7.381,6.832,6.289
2017-05-04 05:16:00-05:00,-1.1125395,-3.6022465,4.322698,-1.8537889,-1.6739634,4.7960277,-2.1327043,-0.5893515,856789.0,9.97,0.0,8.24,8.41,8.8,10.19,382.6,0.0,0.0,0.0,0.0,0.0,0.0,0.0,0.0,381.6,9.33,-1.317,-0.2,0.0,0.0,0.0,0.0,0.0,272.0,275.0,275.0,274.0,0.633,0.0,-0.1,-0.102,-0.06,0.058,0.0,6000.0,403217.0,216.0,335.0,59.96,2.0,30.77,38.0,31.0,10.26,5.885,8.78,0.0,0.2,0.2,60.0,59.5,75.6,1.0,274.0,274.6,273.2,-0.076,0.033,0.083,1915.0,415621.0,13168.0,1912.0,-0.919,0.818,0.791,0.836,0.0,-0.001,0.0,-0.001,0.0,0.0,0.0,0.0,103.0,103.0,103.0,77.0,2.002,107.6,19.11,3.7,3.504,2.0,-1.0,13.84,0.004,0.274,3.0,2.0,0.0,0.0,6.143,6.957,6.22,6.479,6.123,6.287,6.479,7.218,8.19,7.817,6.823,5.824,6.56,6.419,5.679,6.53,7.326,6.816,6.294
2017-05-04 05:17:00-05:00,-0.24723105,-2.6198153,4.914849,-0.9268944,-0.77259815,5.6988096,-1.3799852,0.0,856790.0,9.97,0.0,8.99,9.25,9.54,10.21,384.5,0.0,0.0,0.0,0.0,0.0,0.0,0.0,0.0,383.4,1.917,-1.5,-0.2,0.0,0.0,0.0,0.0,0.0,272.0,275.0,275.0,274.0,0.638,0.0,-0.1,-0.1,-0.052,0.082,0.0,6000.0,403217.0,216.0,335.0,59.96,2.0,30.92,38.0,31.0,10.23,5.925,9.65,0.0,0.2,0.2,60.0,59.5,75.6,1.0,274.0,274.7,273.7,-0.076,0.033,0.083,1915.0,415621.0,13168.0,1912.0,-0.919,0.818,0.791,0.836,0.0,-0.001,0.0,-0.001,0.0,-0.001,0.0,-0.001,103.0,103.0,103.0,77.0,2.585,87.4,19.66,4.2,3.503,2.0,-1.0,13.69,0.0,0.274,3.0,2.0,0.0,0.001,6.222,7.001,6.238,6.512,6.123,6.32,6.548,7.245,8.22,7.845,6.845,5.869,6.593,6.456,5.722,6.531,7.33,6.832,6.29
2017-05-04 05:18:00-05:00,0.24723105,-1.8011233,5.8622894,-0.5296536,-0.25753286,6.488744,-0.75271887,0.8250926,856791.0,9.97,0.0,9.82,10.05,10.34,10.19,386.2,0.0,0.0,0.0,0.0,0.0,0.0,0.0,0.0,385.0,0.217,-1.6,-0.2,0.0,0.0,0.0,0.0,0.0,272.0,275.0,275.1,274.0,0.635,0.0,-0.1,-0.1,-0.052,0.082,0.0,6000.0,403217.0,216.0,335.0,59.96,2.0,30.95,38.0,31.0,10.3,5.986,10.51,0.0,0.2,0.2,60.0,59.5,75.6,1.0,274.0,274.7,273.7,-0.076,0.033,0.083,1915.0,415621.0,13168.0,1912.0,-0.919,0.818,0.791,0.836,-0.001,-0.002,-0.001,-0.001,0.0,-0.001,0.0,0.0,103.0,103.0,103.0,77.0,1.413,92.4,23.15,2.6,3.504,2.0,-1.0,13.84,0.002,0.274,3.0,2.0,0.0,0.0,6.287,7.001,6.317,6.609,6.173,6.388,6.612,7.267,8.27,7.879,6.87,5.92,6.654,6.512,5.774,6.529,7.37,6.832,6.284
2017-05-04 05:19:00-05:00,1.1125395,-0.8186922,6.6913004,0.26482704,0.64383197,7.504372,-0.25090647,1.7680553,856792.0,9.97,0.0,10.67,10.88,11.21,10.21,387.8,0.0,0.0,0.0,0.0,0.0,0.0,0.0,0.0,386.8,0.0,-1.333,-0.2,0.0,0.0,0.0,0.0,0.0,272.0,275.0,275.0,274.0,0.657,0.0,-0.1,-0.1,-0.06,0.06,0.0,6000.0,403217.0,216.0,335.0,59.95,2.0,31.0,38.0,31.0,10.3,5.986,11.42,0.0,0.2,0.2,60.0,59.5,75.6,1.0,274.0,274.2,273.2,-0.076,0.033,0.083,1915.0,415621.0,13168.0,1912.0,-0.919,0.818,0.791,0.836,-0.001,-0.002,-0.001,-0.001,0.0,-0.001,0.0,0.0,103.0,103.0,103.0,77.0,1.382,82.5,34.94,2.5,3.504,2.0,-1.0,13.84,0.002,0.274,3.0,2.0,0.0,0.0,6.32,7.001,6.317,6.609,6.188,6.404,6.615,7.342,8.35,7.954,6.945,5.942,6.683,6.53,5.804,6.577,7.418,6.884,6.338
2017-05-04 05:20:00-05:00,1.9778479,-0.327477,7.6387415,1.1917214,1.5451968,8.520002,0.50181335,2.5931475,856793.0,9.97,0.0,11.45,11.75,12.02,10.22,389.3,0.0,0.0,0.0,0.0,0.0,0.0,0.0,0.0,388.3,0.0,-1.567,-0.2,0.0,0.0,0.0,0.0,0.0,272.0,275.0,275.0,274.0,0.655,0.0,-0.1,-0.1,-0.045,0.08,0.0,6000.0,403217.0,216.0,335.0,59.96,2.0,31.0,38.0,31.0,10.24,6.021,12.3,0.0,0.2,0.2,60.0,59.5,75.6,1.0,274.0,274.5,273.6,-0.076,0.033,0.083,1915.0,415621.0,13168.0,1912.0,-0.92,0.818,0.791,0.836,-0.001,-0.002,-0.001,-0.001,0.0,-0.001,0.0,-0.001,103.0,103.0,103.0,77.0,1.84,91.5,31.31,3.2,3.504,2.0,-1.0,13.84,0.002,0.274,3.0,2.0,0.0,0.0,6.32,7.001,6.333,6.609,6.238,6.417,6.709,7.394,8.41,7.988,6.995,6.006,6.765,6.599,5.868,6.627,7.425,6.935,6.399
2017-05-04 05:21:00-05:00,2.7195415,0.1637388,8.467752,1.9862031,2.5753284,9.422784,1.2545322,3.4182396,856794.0,9.97,0.0,12.24,12.45,12.81,10.25,390.5,0.0,0.0,0.0,0.0,0.0,0.0,0.0,0.0,389.4,0.0,-1.367,-0.2,0.0,0.0,0.0,0.0,0.0,272.0,275.0,275.0,274.0,0.638,0.0,-0.1,-0.1,-0.06,0.08,0.0,6000.0,403217.0,216.0,335.0,59.95,2.0,31.0,38.0,31.0,10.27,6.092,13.12,0.0,0.2,0.2,60.0,59.5,75.6,1.0,274.0,274.0,273.1,-0.076,0.033,0.083,1915.0,415621.0,13168.0,1912.0,-0.919,0.818,0.791,0.836,-0.001,-0.002,-0.001,-0.001,0.0,-0.001,0.0,0.0,103.0,103.0,103.0,77.0,2.162,87.8,18.32,3.7,3.504,2.667,-1.0,13.84,0.002,0.57,3.0,1.0,0.0,0.0,6.402,7.149,6.414,6.71,6.317,6.5,6.806,7.409,8.35,7.997,7.004,6.085,6.8,6.69,5.944,6.645,7.42,6.959,6.434
2017-05-04 05:22:00-05:00,3.58485,1.1461698,9.296762,2.9130976,3.4766932,10.212718,1.8817986,4.125461,856795.0,9.97,0.0,12.98,13.2,13.5,10.3,391.5,0.0,0.0,0.0,0.0,0.0,0.0,0.0,0.0,390.6,0.0,-1.383,-0.2,0.0,0.0,0.0,0.0,0.0,272.0,275.0,275.2,274.0,0.642,0.0,-0.1,-0.1,-0.052,0.062,0.0,6000.0,403217.0,216.0,335.0,59.97,2.0,31.0,38.0,31.0,10.32,6.172,13.89,0.0,0.2,0.2,60.0,59.5,75.6,1.0,274.1,274.3,273.6,-0.076,0.033,0.083,1915.0,415621.0,13168.0,1912.0,-0.919,0.818,0.791,0.836,-0.001,-0.002,-0.001,-0.002,0.0,-0.001,0.0,-0.001,103.0,103.0,103.0,77.0,2.443,95.5,20.63,4.4,3.504,2.333,-1.0,13.84,0.001,0.411,3.0,1.0,0.0,0.0,6.435,7.181,6.465,6.771,6.35,6.547,6.806,7.404,8.28,7.982,6.988,6.123,6.838,6.731,5.985,6.671,7.412,6.99,6.461
2017-05-04 05:23:00-05:00,4.5737743,2.1286001,10.125773,3.7075782,4.2492924,11.1154995,2.3836114,4.714813,856796.0,9.97,0.0,13.78,13.91,14.25,10.37,392.5,0.0,0.0,0.0,0.0,0.0,0.0,0.0,0.0,391.3,0.0,-1.483,-0.2,0.0,0.0,0.0,0.0,0.0,272.0,275.0,275.0,274.0,0.645,0.0,-0.1,-0.1,-0.05,0.065,0.0,6000.0,403217.0,216.0,335.0,59.96,2.0,31.0,38.0,31.0,10.39,6.267,14.65,0.0,0.2,0.2,60.0,59.5,75.6,1.0,274.0,274.1,273.8,-0.076,0.033,0.083,1915.0,415621.0,13168.0,1912.0,-0.92,0.818,0.791,0.836,-0.001,-0.002,-0.001,-0.001,0.0,-0.001,0.0,-0.001,103.0,103.0,103.0,77.0,2.123,90.2,26.98,3.8,3.503,2.0,-1.0,13.84,0.002,0.274,3.0,2.0,0.0,0.0,6.482,7.293,6.577,6.851,6.414,6.612,6.903,7.429,8.4,8.02,7.019,6.183,6.891,6.805,6.047,6.707,7.491,7.034,6.494
2017-05-04 05:24:00-05:00,5.4390826,2.947293,10.954783,4.502059,5.2794237,11.792585,3.010877,5.5399055,856797.0,9.97,0.0,14.45,14.59,14.94,10.41,331.5,0.0,0.0,0.0,0.0,0.0,0.0,0.0,0.0,330.7,284.2,0.3,-0.307,0.183,0.867,0.717,0.0,0.0,272.0,275.0,275.0,274.0,0.637,0.0,0.23,0.05,-0.175,0.71,0.0,6000.0,403217.0,216.0,335.0,59.97,6.1,30.77,38.0,31.0,10.37,6.284,15.41,0.942,1.175,1.268,60.0,59.5,75.6,1.0,274.0,274.1,273.3,0.138,0.175,0.47,1915.0,415621.0,13168.0,1912.0,0.442,0.818,0.791,0.836,0.534,0.532,0.533,0.399,0.164,0.164,0.164,0.123,103.0,103.0,103.0,77.0,2.3,101.0,15.67,3.7,3.503,2.0,-1.0,13.84,0.002,0.274,3.0,2.0,0.0,0.0,6.612,7.293,6.609,6.901,6.512,6.612,6.921,7.458,8.4,8.02,7.04,6.204,6.892,6.825,6.07,6.749,7.491,7.07,6.534
2017-05-04 05:25:00-05:00,6.180775,3.4385083,11.783794,5.164127,6.438321,12.58252,3.6381433,6.247127,856798.0,9.97,0.0,15.17,15.29,15.57,10.43,320.2,0.0,0.0,0.0,0.0,0.0,0.0,0.0,0.0,319.2,319.9,1.117,-0.4,0.0,1.0,1.0,0.0,0.0,272.0,275.0,275.0,274.0,0.632,0.0,0.5,0.285,-0.063,0.8,0.0,6000.0,403217.0,216.0,335.0,59.94,7.0,30.75,38.0,31.0,10.33,6.318,16.11,0.768,1.32,1.428,60.0,59.5,75.6,1.0,274.0,274.0,273.2,0.401,0.151,0.432,1915.0,415621.0,13168.0,1912.0,0.928,0.818,0.791,0.836,0.756,0.755,0.756,0.566,0.242,0.242,0.242,0.181,103.0,103.0,103.0,77.0,1.978,82.2,11.15,2.8,3.504,2.0,-1.0,13.84,0.002,0.274,3.0,2.0,0.0,0.0,6.612,7.277,6.609,6.901,6.512,6.612,7.001,7.477,8.44,8.02,7.065,6.25,6.916,6.866,6.12,6.755,7.495,7.07,6.549
2017-05-04 05:26:00-05:00,6.7988534,4.584677,12.375944,5.826195,8.756117,13.146757,4.3908625,6.9543495,856799.0,9.97,0.0,15.82,15.89,16.19,10.37,319.2,0.0,0.0,0.0,0.0,0.0,0.0,0.0,0.0,318.2,318.9,1.35,-0.4,0.0,1.0,1.0,0.0,0.0,272.0,275.0,275.0,274.0,0.628,0.0,0.5,0.323,-0.06,0.8,0.0,6000.0,403217.0,216.0,335.0,59.94,7.0,30.95,38.0,31.0,10.28,6.335,16.74,0.773,1.4,1.45,60.0,59.5,75.6,1.0,274.0,274.0,273.0,0.436,0.138,0.459,1915.0,415621.0,13168.0,1912.0,0.952,0.818,0.791,0.836,0.787,0.785,0.786,0.589,0.251,0.251,0.251,0.188,103.0,103.0,103.0,77.0,1.833,114.1,27.69,3.3,3.504,2.0,-1.0,13.65,0.0,0.275,1.0,2.0,0.0,0.001,6.612,7.275,6.609,6.901,6.512,6.612,6.918,7.522,8.47,8.04,7.115,6.257,6.928,6.862,6.121,6.772,7.488,7.091,6.566
2017-05-04 05:27:00-05:00,7.540546,4.912155,13.086525,6.4882617,10.945145,13.823845,5.0181284,7.6615705,856800.0,9.97,0.0,16.38,16.45,16.79,10.38,317.0,0.0,0.0,0.0,0.0,0.0,0.0,0.0,0.0,315.8,316.8,1.6,-0.4,0.0,1.0,1.0,0.0,0.0,272.0,275.0,275.0,274.0,0.642,0.0,0.515,0.348,-0.297,0.812,0.0,6000.0,403217.0,216.0,335.0,59.98,7.0,30.87,38.0,31.03,10.25,6.369,17.32,0.9,1.317,1.593,60.0,59.5,75.6,1.0,274.0,274.0,273.0,0.458,0.348,0.575,1915.0,415621.0,13168.0,1912.0,0.796,0.818,0.791,0.836,0.816,0.814,0.816,0.611,0.259,0.258,0.259,0.194,103.0,103.0,103.0,77.0,2.242,71.79,14.41,3.7,3.504,2.0,-1.0,13.83,0.004,0.274,3.0,2.0,0.0,0.0,6.612,7.311,6.659,6.98,6.53,6.662,6.903,7.545,8.51,8.1,7.134,6.248,6.916,6.847,6.112,6.767,7.492,7.077,6.563
2017-05-04 05:28:00-05:00,7.9113917,5.730847,13.678677,7.0179157,9.786248,14.613779,5.7708473,8.486663,856801.0,9.97,0.0,16.97,17.07,17.38,10.4,315.7,0.0,0.0,0.0,0.0,0.0,0.0,0.0,0.0,314.8,315.3,2.0,-0.4,0.0,1.0,1.0,0.0,0.0,272.0,275.0,275.0,274.0,0.622,0.0,0.572,0.393,-0.29,0.832,0.0,6000.0,403217.0,216.0,335.0,59.98,7.0,30.93,38.0,31.8,10.21,6.349,17.9,0.9,1.4,1.6,60.0,59.5,75.6,1.0,274.0,274.0,273.0,0.49,0.318,0.585,1915.0,415621.0,13168.0,1912.0,0.839,0.818,0.791,0.836,0.844,0.843,0.845,0.633,0.267,0.266,0.267,0.2,103.0,103.0,103.0,77.0,1.812,62.84,16.48,3.0,3.504,2.0,-1.0,13.84,0.002,0.274,3.0,2.0,0.0,0.0,6.612,7.293,6.706,6.998,6.562,6.676,6.921,7.609,8.62,8.21,7.209,6.274,6.937,6.865,6.164,6.834,7.634,7.157,6.628
2017-05-04 05:29:00-05:00,8.529469,6.2220616,14.3892565,7.5475698,9.271182,15.290865,6.523567,9.193885,856802.0,9.97,0.0,17.56,17.74,17.97,10.38,314.6,0.0,0.0,0.0,0.0,0.0,0.0,0.0,0.0,313.6,314.1,2.0,-0.4,0.0,1.0,1.0,0.0,0.0,272.0,275.0,275.0,274.0,0.63,0.0,0.605,0.437,-0.24,0.823,0.0,6000.0,403217.0,216.0,335.0,59.97,7.0,30.93,38.0,32.0,10.19,6.32,18.47,0.892,1.4,1.6,60.0,59.5,75.6,1.0,274.0,274.0,273.0,0.523,0.279,0.594,1915.0,415621.0,13168.0,1912.0,0.881,0.818,0.791,0.836,0.874,0.873,0.874,0.654,0.275,0.275,0.275,0.206,103.0,103.0,103.0,77.0,2.012,95.1,30.25,4.4,3.503,2.0,-1.0,13.84,0.002,0.274,3.0,2.0,0.0,0.0,6.612,7.325,6.674,6.998,6.609,6.694,7.001,7.676,8.63,8.23,7.267,6.288,7.021,6.898,6.217,6.91,7.658,7.238,6.717
2017-05-04 05:30:00-05:00,8.900316,6.7132783,14.981406,8.077224,9.786248,15.967951,6.8999267,9.783237,856803.0,9.97,0.0,18.07,18.2,18.38,10.39,314.8,0.0,0.0,0.0,0.0,0.0,0.0,0.0,0.0,313.9,314.4,2.0,-0.4,0.0,1.0,1.0,0.0,0.0,272.0,275.0,275.0,274.0,0.633,0.0,0.655,0.488,-0.228,0.857,0.0,6000.0,403217.0,216.0,335.0,59.97,7.0,31.0,38.0,32.0,10.31,6.335,18.89,0.887,1.4,1.597,60.0,59.5,75.6,1.0,274.0,274.0,273.0,0.548,0.272,0.613,1915.0,415621.0,13168.0,1912.0,0.895,0.818,0.791,0.836,0.894,0.893,0.894,0.67,0.282,0.281,0.282,0.211,103.0,103.0,103.0,77.0,1.772,86.1,20.05,2.7,3.504,2.517,-1.0,13.84,0.002,0.499,3.0,1.0,0.0,0.0,6.612,7.39,6.706,7.032,6.627,6.727,7.001,7.717,8.68,8.28,7.305,6.347,7.065,6.953,6.27,6.947,7.69,7.274,6.738
2017-05-04 05:31:00-05:00,9.394779,6.877016,15.218267,8.606877,10.172546,16.193647,7.1508327,10.1368475,856804.0,9.97,0.0,18.39,18.79,18.96,10.38,314.1,0.0,0.0,0.0,0.0,0.0,0.0,0.0,0.0,313.2,313.7,2.0,-0.4,0.0,1.0,1.0,0.0,0.0,271.7,274.7,275.0,273.4,0.627,0.0,0.668,0.498,-0.133,0.845,0.0,6000.0,403217.0,216.0,335.0,59.95,7.0,31.0,38.0,32.0,10.33,6.377,19.1,0.838,1.425,1.593,60.0,59.5,75.6,1.0,274.0,274.0,273.0,0.564,0.201,0.601,1915.0,415621.0,13168.0,1912.0,0.939,0.818,0.791,0.836,0.907,0.905,0.906,0.679,0.285,0.284,0.285,0.213,103.0,103.0,103.0,77.0,1.668,70.27,24.88,3.4,3.504,2.333,-1.0,13.84,0.004,0.49,3.0,1.0,0.0,0.0,6.612,7.39,6.706,7.113,6.706,6.777,7.001,7.735,8.66,8.29,7.33,6.372,7.102,6.969,6.297,6.982,7.748,7.301,6.767
2017-05-04 05:32:00-05:00,9.88924,7.8594475,15.691986,8.871705,11.202678,16.757885,7.4017396,10.372588,856805.0,9.97,0.0,18.67,18.83,19.08,10.4,311.7,0.0,0.0,0.0,0.0,0.0,0.0,0.0,0.0,310.6,311.3,2.0,-0.397,0.0,1.0,1.0,0.0,0.0,271.7,274.6,275.0,273.4,0.623,0.0,0.663,0.5,-0.063,0.838,0.0,6000.0,403217.0,216.0,335.0,59.94,7.0,31.0,38.0,32.0,10.35,6.388,19.4,0.8,1.46,1.547,60.0,59.5,75.6,1.0,274.0,274.0,273.0,0.579,0.139,0.596,1915.0,415621.0,13168.0,1912.0,0.972,0.818,0.791,0.836,0.923,0.922,0.923,0.691,0.288,0.287,0.288,0.216,103.0,103.0,103.0,77.0,2.495,86.3,14.25,4.2,3.504,2.0,-1.0,13.64,0.0,0.275,1.0,2.0,0.0,0.001,6.644,7.39,6.804,7.225,6.706,6.842,7.069,7.74,8.63,8.28,7.328,6.394,7.154,6.98,6.336,7.019,7.767,7.334,6.804
2017-05-04 05:33:00-05:00,10.383701,7.8594475,16.047277,9.401358,11.460212,17.43497,7.6526456,10.96194,856806.0,9.98,0.0,19.04,19.18,19.4,10.45,310.1,0.0,0.0,0.0,0.0,0.0,0.0,0.0,0.0,309.0,309.6,2.0,-0.352,0.0,1.0,1.0,0.0,0.0,271.3,274.6,275.0,273.1,0.642,0.0,0.678,0.5,-0.155,0.865,0.0,6000.0,403217.0,216.0,335.0,59.95,7.0,31.0,38.0,32.83,10.32,6.429,19.74,0.813,1.437,1.607,60.0,59.5,75.6,1.0,273.8,274.0,273.0,0.594,0.207,0.629,1915.0,415621.0,13168.0,1912.0,0.944,0.818,0.791,0.836,0.942,0.941,0.942,0.705,0.292,0.292,0.292,0.219,103.0,103.0,103.0,77.0,1.5,79.34,23.47,3.0,3.503,2.0,-1.0,13.84,0.002,0.274,3.0,2.0,0.0,0.0,6.691,7.408,6.804,7.208,6.706,6.889,7.098,7.753,8.63,8.28,7.337,6.4,7.125,6.968,6.32,7.023,7.76,7.315,6.8
2017-05-04 05:34:00-05:00,11.0017805,8.841878,16.757858,9.5337715,11.073912,18.112057,8.154458,11.433422,856807.0,9.98,0.0,19.46,19.52,19.88,10.47,342.3,0.0,0.0,0.0,0.0,0.0,0.0,0.0,0.0,341.0,341.9,2.0,-0.4,0.0,1.0,1.0,0.0,0.0,271.1,274.1,274.5,273.1,0.627,0.0,0.792,0.535,-0.193,0.905,0.0,6000.0,403217.0,216.0,335.0,59.96,7.0,31.0,38.0,33.0,10.32,6.429,20.16,0.81,1.5,1.7,60.0,59.5,75.6,1.0,273.5,273.8,272.8,0.68,0.245,0.724,1915.0,415621.0,13168.0,1912.0,0.938,0.818,0.791,0.836,0.944,0.943,0.944,0.706,0.323,0.323,0.323,0.242,103.0,103.0,103.0,77.0,2.127,77.84,21.36,4.9,3.502,2.0,-1.0,13.84,0.002,0.275,3.0,2.0,0.0,0.0,6.709,7.488,6.804,7.193,6.706,6.857,7.051,7.742,8.59,8.28,7.327,6.435,7.137,6.98,6.309,7.062,7.775,7.371,6.847
2017-05-04 05:35:00-05:00,11.619857,9.333093,17.350008,10.195839,11.460212,18.789145,8.781724,12.258513,856808.0,9.98,0.0,20.05,20.15,20.45,10.52,351.9,0.0,0.0,0.0,0.0,0.0,0.0,0.0,0.0,350.8,351.7,2.0,-0.4,0.0,1.0,1.0,0.0,0.0,271.1,274.0,274.2,273.0,0.613,0.0,0.812,0.605,-0.127,0.915,0.0,6000.0,403217.0,216.0,335.0,59.95,7.0,31.0,38.0,33.0,10.36,6.458,20.74,0.772,1.507,1.693,60.0,59.5,75.6,1.0,273.2,273.4,272.6,0.74,0.185,0.763,1915.0,415621.0,13168.0,1912.0,0.97,0.818,0.791,0.836,0.97,0.968,0.969,0.726,0.341,0.341,0.341,0.255,103.0,103.0,103.0,77.0,2.123,75.27,20.39,3.3,3.504,2.0,-1.0,13.84,0.002,0.275,3.0,2.0,0.0,0.0,6.709,7.488,6.804,7.193,6.706,6.876,7.098,7.771,8.72,8.29,7.362,6.48,7.229,7.034,6.347,7.119,7.878,7.432,6.907
2017-05-04 05:36:00-05:00,12.361549,10.151786,18.060589,10.857907,12.232809,19.353382,9.659896,13.437216,856809.0,10.0,0.0,20.76,20.88,21.16,10.53,354.4,0.0,0.0,0.0,0.0,0.0,0.0,0.0,0.0,353.1,354.1,2.0,-0.4,0.0,1.0,1.0,0.0,0.0,271.0,274.0,274.2,273.0,0.613,0.0,0.89,0.69,-0.097,0.973,0.0,6000.0,403217.0,216.0,335.0,59.94,7.0,31.0,38.0,33.0,10.28,6.423,21.4,0.8,1.6,1.7,60.0,59.5,75.6,1.0,273.0,273.3,272.6,0.801,0.154,0.816,1915.0,415621.0,13168.0,1912.0,0.981,0.818,0.791,0.836,1.009,1.007,1.009,0.755,0.357,0.357,0.357,0.268,103.0,103.0,103.0,77.0,1.837,116.3,36.17,3.3,3.503,2.0,-1.0,13.84,0.002,0.275,3.0,2.0,0.0,0.0,6.709,7.488,6.804,7.161,6.706,6.886,7.098,7.798,8.65,8.32,7.392,6.507,7.237,7.052,6.374,7.15,7.86,7.438,6.934
2017-05-04 05:37:00-05:00,13.350474,10.970478,19.008028,11.784802,13.262941,20.256165,10.914429,14.262308,856810.0,10.0,0.0,21.56,21.76,22.05,10.59,353.5,0.0,0.0,0.0,0.0,0.0,0.0,0.0,0.0,352.3,353.1,2.3,-0.4,0.0,1.0,1.0,0.0,0.0,271.0,274.0,274.1,273.0,0.618,0.0,0.978,0.778,-0.098,1.045,0.0,6000.0,403217.0,216.0,335.0,59.94,7.0,31.0,38.0,33.1,10.34,6.462,22.27,0.827,1.677,1.815,60.0,59.5,75.6,1.0,273.0,273.1,272.4,0.87,0.153,0.884,1915.0,415621.0,13168.0,1912.0,0.985,0.818,0.791,0.836,1.061,1.06,1.061,0.795,0.375,0.375,0.375,0.281,103.0,103.0,103.0,77.0,1.968,84.0,30.59,3.9,3.504,2.0,-1.0,13.66,-0.004,0.274,1.0,2.0,0.0,0.001,6.709,7.488,6.822,7.143,6.742,6.886,7.113,7.78,8.6,8.3,7.368,6.522,7.236,7.067,6.395,7.151,7.822,7.437,6.942
2017-05-04 05:38:00-05:00,14.092167,11.625431,19.83704,12.711697,14.293073,21.158947,14.176211,15.205271,856811.0,10.0,0.0,22.36,22.51,22.85,10.63,359.0,0.0,0.0,0.0,0.0,0.0,0.0,0.0,0.0,357.9,358.8,2.55,-0.4,0.0,1.0,1.0,0.0,0.0,271.0,274.0,274.0,273.0,0.608,0.0,1.033,0.8,-0.142,1.078,0.0,6000.0,403217.0,216.0,335.0,59.95,7.0,31.0,38.0,33.78,10.31,6.476,22.94,0.88,1.7,1.872,60.0,59.5,75.6,1.0,273.0,273.0,272.1,0.918,0.177,0.935,1915.0,415621.0,13168.0,1912.0,0.981,0.818,0.791,0.836,1.083,1.082,1.082,0.811,0.389,0.388,0.388,0.291,103.0,103.0,103.0,77.0,1.578,106.0,25.31,2.6,3.503,2.0,-1.0,13.66,0.008,0.275,3.0,2.0,0.0,0.001,6.709,7.488,6.804,7.11,6.706,6.889,7.181,7.779,8.6,8.31,7.358,6.547,7.265,7.101,6.427,7.185,7.854,7.475,6.98
2017-05-04 05:39:00-05:00,15.081091,12.935339,20.90291,13.771005,17.2547,22.96451,23.334297,16.973326,856812.0,10.02,0.0,23.27,23.56,23.9,10.67,328.7,0.0,0.0,0.0,0.0,0.0,0.0,0.0,0.0,327.9,328.6,3.0,-0.373,0.0,1.0,1.0,0.0,0.0,271.0,274.0,274.0,273.0,0.615,0.0,1.075,0.807,-0.103,1.1,0.0,6000.0,403217.0,216.0,335.0,59.94,7.0,31.0,38.0,34.0,10.34,6.529,23.99,0.955,1.798,1.918,60.0,59.5,75.6,1.0,273.1,273.1,272.4,0.956,0.148,0.968,1915.0,415621.0,13168.0,1912.0,0.988,0.818,0.791,0.836,1.193,1.191,1.193,0.894,0.391,0.391,0.391,0.293,103.0,103.0,103.0,77.0,1.618,95.1,21.51,2.9,3.504,2.0,-1.0,13.84,0.002,0.275,3.0,2.0,0.0,0.0,6.806,7.488,6.901,7.196,6.786,6.903,7.181,7.753,8.57,8.25,7.328,6.507,7.225,7.076,6.448,7.178,7.78,7.47,6.979
2017-05-04 05:40:00-05:00,15.9464,13.426556,21.613491,14.962725,28.457376,23.641596,29.4815,17.56268,856813.0,10.02,0.0,23.82,24.26,24.55,10.7,335.3,0.0,0.0,0.0,0.0,0.0,0.0,0.0,0.0,334.0,334.8,3.0,-0.393,0.05,1.0,1.833,0.833,0.0,271.0,274.0,274.0,273.0,0.622,0.0,1.125,0.872,-0.24,1.143,0.0,6000.0,403217.0,216.0,335.0,59.96,7.0,31.0,38.0,34.0,10.37,6.533,24.61,1.06,1.857,2.037,60.0,59.5,75.6,1.0,273.1,273.2,272.2,1.023,0.248,1.053,1915.0,415621.0,13168.0,1912.0,0.972,0.818,0.791,0.836,1.227,1.225,1.225,0.919,0.411,0.411,0.411,0.308,103.0,103.0,103.0,77.0,1.477,96.5,26.21,2.8,3.504,2.0,-1.0,13.84,0.002,0.275,3.0,2.0,0.0,0.0,6.806,7.473,6.901,7.24,6.886,6.921,7.196,7.743,8.58,8.23,7.319,6.487,7.22,7.065,6.45,7.181,7.797,7.481,6.985
2017-05-04 05:41:00-05:00,16.317247,14.081508,22.087212,21.18616,40.046356,23.641596,33.997818,18.74138,856814.0,10.02,0.0,24.21,24.49,24.81,10.75,346.5,0.0,0.0,0.0,0.0,0.0,0.0,0.0,0.0,345.4,346.3,3.0,-0.4,0.067,1.0,2.0,1.0,0.0,271.0,274.0,274.0,273.0,0.615,0.0,1.172,0.968,-0.177,1.19,0.0,6000.0,403217.0,216.0,335.0,59.96,7.0,31.0,38.0,34.0,10.34,6.564,25.08,1.1,1.9,2.1,60.0,59.5,75.6,1.0,273.0,273.0,272.1,1.083,0.223,1.106,1915.0,415621.0,13168.0,1912.0,0.979,0.818,0.791,0.836,1.237,1.235,1.237,0.926,0.428,0.428,0.428,0.321,103.0,103.0,103.0,77.0,1.358,92.2,35.36,2.4,3.504,2.0,-1.0,13.84,0.002,0.275,3.0,2.0,0.0,0.0,6.889,7.57,6.901,7.29,6.901,7.001,7.196,7.767,8.59,8.28,7.347,6.47,7.21,7.055,6.44,7.171,7.773,7.473,6.988
2017-05-04 05:42:00-05:00,17.182554,14.572724,22.442501,32.838547,42.235386,23.754444,35.879616,27.228045,856815.0,10.04,0.0,24.3,24.72,24.96,10.7,354.9,0.0,0.0,0.0,0.0,0.0,0.0,0.0,0.0,353.8,354.7,3.0,-0.4,0.4,1.0,2.0,1.0,0.0,271.0,274.0,274.1,273.0,0.628,0.0,1.213,0.998,-0.255,1.217,0.0,6000.0,403217.0,216.0,335.0,59.97,7.0,31.0,38.0,34.0,10.28,6.571,25.49,1.157,1.908,2.143,60.0,59.5,75.6,1.0,273.0,273.0,272.5,1.118,0.271,1.151,1915.0,415621.0,13168.0,1912.0,0.971,0.818,0.791,0.836,1.24,1.238,1.239,0.929,0.44,0.439,0.44,0.33,103.0,103.0,103.0,77.0,1.2,78.2,40.22,2.3,3.503,2.0,-1.0,13.84,0.002,0.275,3.0,2.0,0.0,0.0,6.903,7.469,6.901,7.29,6.901,7.001,7.196,7.809,8.68,8.33,7.397,6.497,7.185,7.092,6.499,7.187,7.829,7.488,6.994
2017-05-04 05:43:00-05:00,17.429787,14.572724,22.560932,39.591637,43.780582,24.544378,37.635963,41.961834,856816.0,10.04,0.0,24.64,25.01,25.35,10.69,353.4,0.0,0.0,0.0,0.0,0.0,0.0,0.0,0.0,352.3,353.3,3.0,-0.4,0.883,1.0,2.0,1.0,0.0,271.0,274.0,274.1,273.0,0.628,0.0,1.255,1.023,-0.258,1.26,0.0,6000.0,403217.0,216.0,335.0,59.97,7.0,31.0,38.0,34.35,10.3,6.578,25.7,1.2,1.99,2.195,60.0,59.5,75.6,1.0,273.0,273.0,272.3,1.146,0.275,1.179,1915.0,415621.0,13168.0,1912.0,0.972,0.818,0.791,0.836,1.265,1.264,1.265,0.948,0.447,0.447,0.447,0.335,103.0,103.0,103.0,77.0,2.513,72.62,32.21,4.1,3.504,2.0,-1.0,13.68,0.002,0.275,1.0,2.0,0.0,0.001,6.903,7.52,6.901,7.29,6.901,7.001,7.213,7.894,8.74,8.43,7.474,6.623,7.316,7.199,6.606,7.248,7.868,7.535,7.053
2017-05-04 05:44:00-05:00,17.677015,15.063938,23.271511,42.107494,45.969612,29.171135,39.768665,50.212757,856817.0,10.06,0.0,25.07,26.66,27.15,10.74,353.3,0.0,0.0,0.0,0.0,0.0,0.0,0.0,0.0,352.1,353.1,3.0,-0.4,1.0,1.35,2.0,1.0,0.0,271.0,274.0,274.0,273.0,0.633,0.0,1.302,1.085,-0.19,1.288,0.0,6000.0,403217.0,216.0,335.0,59.96,7.0,31.0,38.0,35.0,10.36,6.608,26.27,1.2,2.0,2.2,60.0,59.5,75.6,1.0,273.0,273.0,272.0,1.187,0.221,1.208,1915.0,415621.0,13168.0,1912.0,0.983,0.818,0.791,0.836,1.296,1.294,1.295,0.97,0.458,0.457,0.457,0.343,103.0,103.0,103.0,77.0,1.468,92.1,28.83,2.5,3.504,2.0,-1.0,13.84,0.002,0.275,3.0,2.0,0.0,0.0,6.983,7.585,6.998,7.29,6.966,7.001,7.293,7.989,8.9,8.54,7.569,6.878,7.492,7.416,6.771,7.304,7.967,7.581,7.109
2017-05-04 05:45:00-05:00,18.665941,15.555155,23.863663,44.358524,48.416172,42.035774,42.152275,53.041645,856818.0,10.07,0.0,25.55,31.26,31.96,10.74,350.8,0.0,0.0,0.0,0.0,0.0,0.0,0.0,0.0,349.7,350.7,3.367,-0.4,1.0,1.483,2.0,1.0,0.0,271.0,274.0,274.0,273.0,0.622,0.0,1.352,1.1,-0.227,1.328,0.0,6000.0,403217.0,216.0,335.0,59.96,7.0,31.0,38.0,35.0,10.31,6.631,27.14,1.28,2.023,2.218,60.0,59.5,75.6,1.0,273.0,273.0,272.0,1.224,0.243,1.248,1915.0,415621.0,13168.0,1912.0,0.981,0.818,0.791,0.836,1.331,1.33,1.331,0.998,0.467,0.466,0.467,0.35,103.0,103.0,103.0,77.0,1.195,76.86,42.12,2.1,3.504,2.0,-1.0,13.84,0.002,0.275,3.0,2.0,0.0,0.0,7.001,7.57,6.998,7.29,6.901,7.001,7.358,8.13,9.06,8.72,7.713,7.02,7.641,7.551,6.925,7.411,8.1,7.684,7.212
2017-05-04 05:46:00-05:00,20.520172,16.373846,24.455814,46.477142,50.476433,57.38306,44.159527,48.09109,856819.0,10.09,0.0,26.04,37.4,38.05,10.78,355.0,0.0,0.0,0.0,0.0,0.0,0.0,0.0,0.0,353.9,354.7,3.6,-0.4,1.0,2.0,2.0,1.0,0.0,271.0,274.0,274.0,273.0,0.627,0.0,1.398,1.117,-0.107,1.382,0.0,6000.0,403217.0,216.0,335.0,59.95,7.0,31.0,38.0,35.0,10.34,6.626,28.11,1.297,2.102,2.23,60.0,59.5,75.6,1.0,273.0,273.0,272.0,1.281,0.145,1.29,1915.0,415622.0,13168.0,1912.0,0.993,0.818,0.791,0.836,1.358,1.356,1.357,1.017,0.482,0.481,0.482,0.361,103.0,103.0,103.0,77.0,1.48,97.1,24.76,2.8,3.504,2.0,-1.0,13.84,0.002,0.275,3.0,2.0,0.0,0.0,7.098,7.518,6.998,7.305,6.954,7.001,7.408,8.27,9.21,8.88,7.859,7.191,7.823,7.71,7.096,7.568,8.24,7.834,7.368
2017-05-04 05:47:00-05:00,25.588408,16.701324,25.047964,48.46334,52.536697,66.072334,45.915874,39.132946,856820.0,10.11,0.0,26.52,41.16,41.85,10.9,355.4,0.0,0.0,0.0,0.0,0.0,0.0,0.0,0.0,354.5,355.5,3.75,-0.4,0.983,2.0,2.0,1.0,0.0,271.0,274.0,274.0,273.0,0.642,0.0,1.402,1.157,-0.055,1.388,0.0,6000.0,403217.0,216.0,335.0,59.94,7.0,31.0,38.0,35.0,10.41,6.669,29.75,1.258,2.122,2.242,60.0,59.5,75.6,1.0,273.0,273.0,272.4,1.308,0.105,1.313,1915.0,415622.0,13168.0,1912.0,0.996,0.818,0.791,0.836,1.38,1.379,1.379,1.033,0.49,0.489,0.489,0.366,103.0,103.0,103.0,77.0,1.197,110.6,29.39,2.0,3.504,2.0,-1.0,13.84,0.002,0.275,3.0,2.0,0.0,0.0,7.181,7.566,7.049,7.305,7.049,7.098,7.488,8.39,9.27,8.99,7.979,7.365,7.99,7.874,7.268,7.679,8.33,7.944,7.484
2017-05-04 05:48:00-05:00,36.961037,17.847494,25.758545,50.58196,54.596962,68.66783,47.923126,40.07591,856821.0,10.12,0.0,27.33,43.23,43.98,10.93,336.0,0.0,0.0,0.0,0.0,0.0,0.0,0.0,0.0,335.0,335.8,4.0,-0.388,1.0,2.0,2.0,1.0,0.0,271.0,274.0,274.3,273.0,0.662,0.0,1.412,1.172,-0.137,1.4,0.0,6000.0,403217.0,216.0,335.0,59.95,7.0,31.0,38.0,35.0,10.43,6.736,42.54,1.33,2.138,2.297,60.0,59.5,75.6,1.0,273.0,273.3,272.6,1.325,0.171,1.34,1915.0,415622.0,13168.0,1912.0,0.989,0.818,0.791,0.836,1.46,1.458,1.459,1.094,0.49,0.489,0.49,0.367,103.0,103.0,103.0,77.0,1.638,72.89,30.11,3.2,3.503,2.0,-1.0,13.68,-0.003,0.275,1.0,2.0,0.0,0.001,7.196,7.518,7.096,7.323,7.081,7.098,7.52,8.51,9.36,9.11,8.1,7.499,8.11,7.986,7.399,7.798,8.47,8.06,7.615
2017-05-04 05:49:00-05:00,51.300434,18.17497,26.469126,52.832985,56.914753,71.376175,50.05583,52.805904,856822.0,10.14,0.0,27.62,44.86,45.85,10.87,334.4,0.0,0.0,0.0,0.0,0.0,0.0,0.0,0.0,333.5,334.3,4.05,-0.403,1.0,1.933,2.0,1.0,0.0,271.0,274.0,274.6,273.0,0.648,0.0,1.452,1.223,-0.305,1.422,0.0,6000.0,403217.0,216.0,335.0,59.99,7.0,31.0,38.02,35.1,10.52,6.841,60.87,1.432,2.108,2.395,60.0,59.5,75.6,1.0,273.0,273.8,273.0,1.372,0.36,1.418,1915.0,415622.0,13168.0,1912.0,0.967,0.818,0.791,0.836,1.507,1.506,1.506,1.129,0.504,0.503,0.503,0.377,103.0,103.0,103.0,77.0,2.197,82.2,29.89,3.1,3.502,2.0,-1.0,13.68,0.007,0.276,1.0,2.0,0.0,0.001,7.275,7.517,7.096,7.387,7.096,7.116,7.585,8.62,9.38,9.25,8.2,7.537,8.18,8.02,7.519,7.919,8.56,8.18,7.751
2017-05-04 05:50:00-05:00,56.98675,18.993662,27.179707,53.75988,57.944885,72.504654,50.808548,63.060627,856823.0,10.16,0.0,28.81,46.1,47.12,10.87,315.0,0.0,0.0,0.0,0.0,0.0,0.0,0.0,0.0,313.9,314.4,4.55,-0.36,1.0,2.0,2.0,1.0,0.0,271.0,274.0,274.0,273.0,0.655,0.0,1.437,1.225,-0.3,1.433,0.0,6000.0,403217.0,216.0,335.0,59.98,7.0,31.0,38.72,36.0,10.62,6.962,68.22,1.408,2.187,2.432,60.0,59.5,75.6,1.0,273.0,273.0,272.0,1.364,0.307,1.398,1915.0,415622.0,13168.0,1912.0,0.975,0.818,0.791,0.836,1.579,1.577,1.578,1.183,0.497,0.497,0.497,0.373,103.0,103.0,103.0,77.0,1.803,70.3,14.73,2.6,3.503,2.0,-1.0,13.84,0.002,0.276,3.0,2.0,0.0,0.0,7.39,7.616,7.146,7.485,7.193,7.196,7.682,8.67,9.45,9.35,8.26,7.651,8.32,8.12,7.629,8.0,8.62,8.26,7.839
2017-05-04 05:51:00-05:00,59.335445,20.46731,31.561619,56.010914,60.39145,75.32585,52.941254,66.47887,856824.0,10.19,0.0,32.08,48.09,49.14,10.88,325.7,0.0,0.0,0.0,0.0,0.0,0.0,0.0,0.0,324.7,325.4,5.0,-0.4,1.0,2.0,2.0,1.0,0.0,271.0,274.0,274.0,273.0,0.655,0.0,1.602,1.375,-0.3,1.567,0.0,6000.0,403217.0,216.0,335.0,59.98,7.0,31.0,39.0,36.0,10.65,7.019,71.18,1.527,2.315,2.543,60.0,59.5,75.6,1.0,273.0,273.0,272.1,1.489,0.309,1.521,1915.0,415622.0,13168.0,1912.0,0.979,0.818,0.791,0.836,1.64,1.638,1.639,1.228,0.534,0.534,0.534,0.4,103.0,103.0,103.0,77.0,1.502,100.7,45.22,3.6,3.504,2.0,-1.0,13.84,0.002,0.276,3.0,2.0,0.0,0.0,7.423,7.615,7.193,7.485,7.157,7.181,7.733,8.72,9.56,9.44,8.32,7.756,8.39,8.22,7.735,8.11,8.74,8.36,7.948
2017-05-04 05:52:00-05:00,61.189674,25.215725,36.890972,57.599873,62.194176,77.13141,54.44669,68.24692,856825.0,10.21,0.0,34.35,49.69,50.69,10.97,350.0,0.0,0.0,0.0,0.0,0.0,0.0,0.0,0.0,348.7,349.6,5.0,-0.402,1.0,2.0,2.0,1.0,0.0,271.0,274.0,274.0,273.0,0.657,0.0,1.762,1.488,-0.3,1.678,0.0,6000.0,403217.0,216.0,335.0,59.98,7.0,31.0,39.0,36.0,10.7,7.103,73.01,1.697,2.45,2.728,60.0,59.5,75.6,1.0,273.0,273.1,272.3,1.648,0.321,1.679,1915.0,415622.0,13168.0,1912.0,0.982,0.818,0.791,0.836,1.663,1.661,1.661,1.246,0.581,0.581,0.581,0.436,103.0,103.0,103.0,77.0,1.84,96.9,27.49,4.2,3.504,2.0,-1.0,13.84,0.002,0.276,3.0,2.0,0.0,0.0,7.538,7.695,7.225,7.517,7.178,7.228,7.78,8.76,9.68,9.47,8.36,7.865,8.5,8.31,7.837,8.21,8.8,8.46,8.05
2017-05-04 05:53:00-05:00,61.68414,27.016848,39.378002,57.997112,62.451714,77.5828,54.948505,68.48265,856826.0,10.23,0.0,35.42,50.84,51.82,11.0,367.4,0.0,0.0,0.0,0.0,0.0,0.0,0.0,0.0,366.2,367.2,5.0,-0.4,1.0,2.0,2.0,1.0,0.0,271.0,274.0,274.0,273.0,0.657,0.0,1.913,1.647,-0.293,1.787,0.0,6000.0,403217.0,216.0,335.0,59.98,7.0,31.0,39.0,36.0,10.71,7.238,73.62,1.828,2.588,2.843,60.0,59.5,75.6,1.0,273.0,273.1,272.1,1.783,0.279,1.805,1915.0,415622.0,13168.0,1912.0,0.988,0.818,0.791,0.836,1.691,1.69,1.691,1.267,0.621,0.621,0.621,0.465,103.0,103.0,103.0,77.0,1.81,89.2,29.09,3.3,3.504,2.0,-1.0,13.84,0.002,0.276,3.0,2.0,0.0,0.0,7.603,7.712,7.308,7.582,7.225,7.31,7.845,8.87,9.82,9.49,8.42,7.961,8.61,8.38,7.939,8.3,8.91,8.54,8.14
2017-05-04 05:54:00-05:00,65.3926,40.443405,52.050026,61.83711,66.57224,82.32241,59.088463,72.96173,856827.0,10.25,0.0,39.12,53.79,54.81,11.03,368.8,0.0,0.0,0.0,0.0,0.0,0.0,0.0,0.0,367.5,368.5,5.15,-0.4,1.0,2.0,2.567,1.567,0.0,271.0,274.0,274.0,273.0,0.662,0.0,2.022,1.742,-0.29,1.943,0.0,6000.0,403217.0,216.0,335.0,59.98,7.0,31.0,39.0,36.0,10.77,7.291,77.61,1.957,2.743,2.983,60.0,59.5,75.6,1.0,273.0,273.0,272.1,1.921,0.266,1.939,1915.0,415622.0,13168.0,1912.0,0.991,0.818,0.791,0.836,1.788,1.787,1.788,1.339,0.659,0.659,0.659,0.494,103.0,103.0,103.0,77.0,1.287,92.3,36.48,2.8,3.504,2.0,-1.0,13.68,0.002,0.276,1.0,2.0,0.0,0.001,7.682,7.777,7.42,7.582,7.323,7.418,7.96,8.98,9.89,9.54,8.51,8.09,8.72,8.52,8.07,8.4,9.02,8.64,8.25
2017-05-04 05:55:00-05:00,69.3483,61.565666,66.85378,65.80951,70.692764,86.949165,63.35387,77.4408,856828.0,10.28,0.0,43.04,56.81,57.88,11.02,369.1,0.0,0.0,0.0,0.0,0.0,0.0,0.0,0.0,367.9,368.9,5.8,-0.403,1.2,2.0,3.0,2.0,0.0,271.0,274.0,274.0,273.0,0.635,0.0,2.153,1.895,-0.3,2.022,0.0,6000.0,403217.0,216.0,335.0,59.98,7.0,31.0,39.0,36.2,10.79,7.334,81.9,2.077,2.877,3.148,60.0,59.5,75.6,1.0,273.0,273.0,272.0,2.045,0.3,2.067,1915.0,415622.0,13168.0,1912.0,0.989,0.818,0.791,0.836,1.877,1.875,1.876,1.406,0.692,0.692,0.692,0.519,103.0,103.0,103.0,77.0,1.538,87.7,19.53,2.7,3.502,2.0,-1.0,13.84,0.002,0.276,3.0,2.0,0.0,0.0,7.765,7.777,7.55,7.712,7.452,7.504,7.975,9.11,9.99,9.64,8.64,8.19,8.82,8.6,8.19,8.51,9.1,8.73,8.35
2017-05-04 05:56:00-05:00,71.94423,71.226234,72.30157,68.590195,73.52562,89.996056,66.364746,80.38756,856829.0,10.3,0.0,45.22,59.16,60.28,11.02,375.2,0.0,0.0,0.0,0.0,0.0,0.0,0.0,0.0,374.0,375.1,6.0,-0.4,1.933,2.433,3.0,2.0,0.0,271.0,274.0,274.0,273.0,0.645,0.0,2.287,2.0,-0.287,2.115,0.0,6000.0,403217.0,216.0,335.0,59.97,7.0,31.0,39.0,37.0,10.85,7.411,84.6,2.2,3.023,3.227,60.0,59.5,75.6,1.0,273.0,273.0,272.0,2.151,0.247,2.166,1915.0,415622.0,13168.0,1912.0,0.993,0.818,0.791,0.836,1.924,1.922,1.925,1.443,0.722,0.721,0.722,0.541,103.0,103.0,103.0,77.0,1.307,87.1,25.88,2.7,3.504,2.0,-1.0,13.84,0.002,0.276,3.0,2.0,0.0,0.0,7.812,7.777,7.633,7.827,7.55,7.601,8.04,9.24,10.09,9.79,8.76,8.3,8.93,8.7,8.29,8.62,9.18,8.84,8.47
2017-05-04 05:57:00-05:00,74.663765,74.50101,75.26233,71.37087,76.48725,93.26864,69.501076,83.45219,856830.0,10.33,0.0,47.47,61.64,62.79,11.06,372.9,0.0,0.0,0.0,0.0,0.0,0.0,0.0,0.0,371.8,372.8,6.133,-0.402,2.0,3.0,3.0,2.0,0.0,271.0,274.0,274.0,273.0,0.63,0.0,2.37,2.09,-0.288,2.253,0.0,6000.0,403217.0,216.0,335.0,59.98,7.0,31.0,39.0,37.0,10.88,7.491,87.5,2.335,3.155,3.393,60.0,59.5,75.6,1.0,273.0,273.0,272.0,2.269,0.262,2.285,1915.0,415622.0,13168.0,1912.0,0.993,0.818,0.791,0.836,2.021,2.019,2.021,1.514,0.753,0.752,0.753,0.564,103.0,103.0,103.0,77.0,1.207,79.16,25.74,2.2,3.504,2.0,-1.0,13.84,0.002,0.276,3.0,2.0,0.0,0.0,7.891,7.824,7.712,7.924,7.647,7.648,8.12,9.37,10.19,9.92,8.9,8.43,9.05,8.81,8.42,8.73,9.28,8.95,8.58
2017-05-04 05:58:00-05:00,77.50692,77.61203,78.45994,74.41638,79.83518,96.87976,72.762856,86.752556,856831.0,10.36,0.0,49.86,64.28,65.44,11.1,340.9,0.0,0.0,0.0,0.0,0.0,0.0,0.0,0.0,339.8,340.7,7.0,-0.41,2.0,3.0,3.0,2.0,0.0,271.0,274.0,274.0,273.0,0.635,0.0,2.542,2.262,-0.3,2.405,0.0,6000.0,403217.0,216.0,335.0,59.99,7.0,31.0,39.0,37.0,10.94,7.56,90.6,2.537,3.37,3.643,60.0,59.5,75.6,1.0,273.0,273.0,272.0,2.42,0.301,2.439,1915.0,415622.0,13168.0,1912.0,0.992,0.818,0.791,0.836,2.312,2.311,2.312,1.733,0.788,0.787,0.788,0.59,103.0,103.0,103.0,77.0,1.175,60.42,21.65,1.9,3.504,2.0,-1.0,13.84,0.002,0.277,3.0,2.0,0.0,0.0,7.926,7.809,7.809,8.05,7.744,7.698,8.17,9.5,10.29,10.07,9.02,8.54,9.17,8.92,8.54,8.83,9.37,9.04,8.68
2017-05-04 05:59:00-05:00,79.97923,79.90437,81.18382,76.93224,82.41051,99.70095,75.39738,89.46358,856832.0,10.39,0.0,52.18,66.68,67.82,11.14,350.2,0.0,0.0,0.0,0.0,0.0,0.0,0.0,0.0,348.8,349.8,7.417,-0.428,2.0,3.0,3.033,2.033,0.0,271.0,274.0,274.0,273.0,0.657,0.0,2.743,2.458,-0.315,2.6,0.0,6000.0,403217.0,216.0,335.0,59.99,7.0,31.0,39.0,37.0,10.93,7.633,93.3,2.787,3.608,3.895,60.0,59.5,75.6,1.0,273.0,273.0,272.0,2.628,0.314,2.647,1915.0,415622.0,13168.0,1912.0,0.993,0.818,0.791,0.836,2.412,2.411,2.411,1.807,0.844,0.844,0.844,0.633,103.0,103.0,103.0,77.0,1.133,85.0,51.96,2.6,3.504,2.0,-1.0,13.63,0.002,0.276,3.0,2.0,0.0,0.001,7.955,7.892,7.907,8.2,7.924,7.762,8.28,9.62,10.38,10.21,9.14,8.68,9.3,9.04,8.67,8.94,9.5,9.14,8.8
2017-05-04 06:00:00-05:00,82.57516,82.68793,84.144585,79.448105,85.1146,102.634995,77.90644,92.056725,856833.0,10.42,0.0,54.57,69.14,70.23,11.08,379.2,0.0,0.0,0.0,0.0,0.0,0.0,0.0,0.0,377.9,379.0,7.017,-0.4,2.0,3.0,3.567,2.567,0.0,271.0,274.0,274.0,273.0,0.657,0.0,2.885,2.577,-0.31,2.7,0.0,6000.0,403217.0,216.0,335.0,59.99,7.0,31.0,39.0,37.22,10.92,7.754,96.0,2.93,3.762,4.03,60.0,59.5,75.6,1.0,273.0,273.0,272.0,2.764,0.316,2.782,1915.0,415622.0,13168.0,1912.0,0.993,0.818,0.791,0.836,2.331,2.331,2.332,1.749,0.884,0.884,0.884,0.663,103.0,103.0,103.0,77.0,2.282,71.63,9.9,3.7,3.503,2.0,-1.0,13.63,0.003,0.277,3.0,2.0,0.0,0.001,8.07,8.07,8.06,8.41,8.04,7.907,8.35,9.75,10.5,10.32,9.27,8.8,9.42,9.15,8.8,9.05,9.59,9.25,8.91
2017-05-04 06:01:00-05:00,85.04747,85.30774,86.9869,81.83154,87.561165,105.34334,80.29005,94.649864,856834.0,10.45,0.0,56.91,71.51,72.61,10.98,385.8,0.0,0.0,0.0,0.0,0.0,0.0,0.0,0.0,384.5,385.7,7.367,-0.4,2.233,3.2,4.0,3.0,0.0,270.9,274.0,274.0,272.9,0.658,0.0,3.033,2.713,-0.322,2.863,0.0,6000.0,403217.0,216.0,335.0,59.99,7.0,31.0,39.0,38.0,10.98,7.861,98.4,3.125,3.93,4.21,60.0,59.5,75.6,1.0,273.0,273.0,272.0,2.915,0.318,2.932,1915.0,415622.0,13168.0,1912.0,0.994,0.818,0.791,0.836,2.412,2.411,2.412,1.806,0.93,0.93,0.93,0.697,103.0,103.0,103.0,77.0,1.603,58.39,16.25,2.7,3.503,2.0,-1.0,13.88,0.002,0.276,3.0,2.0,0.0,0.0,8.1,8.23,8.22,8.62,8.23,8.04,8.41,9.9,10.61,10.44,9.42,8.93,9.53,9.28,8.93,9.16,9.71,9.35,9.03
2017-05-04 06:02:00-05:00,87.643394,87.763824,89.82922,84.21499,90.26526,108.27738,82.92457,97.360886,856835.0,10.48,0.0,59.41,73.98,75.15,11.05,379.1,0.0,0.0,0.0,0.0,0.0,0.0,0.0,0.0,377.9,379.0,8.12,-0.4,3.0,4.0,4.0,3.0,0.0,270.9,274.0,274.0,272.8,0.65,0.0,3.303,2.967,-0.3,3.125,0.0,6000.0,403217.0,216.0,335.0,59.98,7.0,31.0,39.0,38.0,10.99,7.964,100.9,3.432,4.255,4.525,60.0,59.5,75.6,1.0,272.9,273.0,272.0,3.182,0.245,3.192,1915.0,415622.0,13168.0,1912.0,0.997,0.818,0.791,0.836,2.631,2.628,2.628,1.971,0.997,0.996,0.996,0.747,103.0,103.0,103.0,77.0,1.613,76.79,24.48,3.0,3.503,2.0,-1.0,13.88,0.002,0.276,3.0,2.0,0.0,0.0,8.22,8.41,8.33,8.77,8.31,8.12,8.47,10.04,10.7,10.56,9.55,9.06,9.65,9.4,9.07,9.29,9.79,9.47,9.16
2017-05-04 06:03:00-05:00,90.1157,90.54737,92.90841,86.995674,93.09812,111.43712,85.68453,100.30765,856836.0,10.52,0.0,62.06,76.61,77.85,11.02,375.0,0.0,0.0,0.0,0.0,0.0,0.0,0.0,0.0,374.0,375.1,8.87,-0.4,3.0,4.0,4.0,3.0,0.0,270.8,273.9,273.9,272.8,0.642,0.0,3.463,3.158,-0.267,3.245,0.352,6000.0,403217.0,216.0,335.0,59.97,7.0,31.0,39.0,38.0,11.08,8.08,103.6,3.603,4.433,4.703,60.0,59.5,75.6,1.0,272.8,273.0,272.0,3.337,0.18,3.342,1915.0,415622.0,13168.0,1912.0,0.999,0.818,0.791,0.836,2.766,2.766,2.767,2.073,1.037,1.037,1.037,0.777,103.0,103.0,103.0,77.0,1.597,71.8,15.15,2.5,3.503,2.0,-1.0,13.88,0.002,0.276,3.0,2.0,0.0,0.0,8.26,8.57,8.46,8.91,8.46,8.25,8.52,10.17,10.82,10.7,9.68,9.19,9.75,9.53,9.22,9.42,9.89,9.6,9.29
2017-05-04 06:04:00-05:00,92.958855,93.49467,96.106026,89.77635,96.188515,114.822556,88.82087,103.49014,856837.0,10.55,0.0,64.84,79.43,80.7,11.1,383.2,0.0,0.0,0.0,0.0,0.0,0.0,0.0,0.0,381.9,383.1,9.05,-0.4,3.0,4.0,4.0,3.0,0.0,270.4,273.8,273.6,272.4,0.642,0.0,3.637,3.335,-0.198,3.453,0.969,6000.0,403217.0,216.0,335.0,59.96,7.0,31.0,39.0,38.03,11.16,8.17,106.5,3.817,4.67,4.922,60.0,59.5,75.6,1.0,272.6,273.0,271.6,3.528,0.127,3.531,1915.0,415622.0,13168.0,1912.0,0.999,0.818,0.791,0.836,2.842,2.841,2.841,2.128,1.089,1.089,1.089,0.816,103.0,103.0,103.0,77.0,1.11,70.7,19.02,2.3,3.503,2.0,-1.0,13.88,0.002,0.276,3.0,2.0,0.0,0.0,8.35,8.67,8.54,9.05,8.61,8.3,8.67,10.31,10.92,10.83,9.83,9.31,9.81,9.67,9.37,9.55,10.03,9.72,9.43
2017-05-04 06:05:00-05:00,95.55479,96.11449,99.06677,92.29221,98.76385,117.86945,89.448135,105.84755,856838.0,10.59,0.0,67.48,82.0,83.3,11.18,378.3,0.0,0.0,0.0,0.0,0.0,0.0,0.0,0.0,377.2,378.3,9.88,-0.4,3.0,4.0,4.033,3.033,0.0,270.0,273.8,273.7,272.0,0.67,0.0,3.798,3.497,-0.012,3.557,0.975,6000.0,403218.0,217.0,335.0,59.93,7.0,31.0,39.0,39.0,11.12,8.29,108.9,3.98,4.84,5.065,60.0,59.5,75.6,1.0,272.2,273.0,271.7,3.674,-0.035,3.675,1915.0,415622.0,13168.0,1912.0,-0.9,0.818,0.791,0.836,2.977,2.976,2.978,2.232,1.126,1.125,1.126,0.844,103.0,103.0,103.0,77.0,1.187,81.2,20.83,1.9,3.504,2.0,-1.0,13.64,0.0,0.278,1.0,2.0,0.0,0.0,8.44,8.87,8.69,9.17,8.69,8.41,8.72,10.44,11.07,10.99,9.97,9.45,9.94,9.8,9.52,9.67,10.13,9.83,9.56
2017-05-04 06:06:00-05:00,98.39794,98.7343,102.26439,94.80807,101.5967,121.02918,92.08266,108.67644,856839.0,10.62,0.0,70.19,84.9,86.1,11.25,384.2,0.0,0.0,0.0,0.0,0.0,0.0,0.0,0.0,383.0,384.1,10.0,-0.4,3.0,4.0,4.917,3.917,0.0,270.0,273.1,273.0,272.0,0.66,0.0,3.938,3.63,-0.007,3.74,0.977,6000.0,403218.0,217.0,335.0,59.93,7.0,31.0,39.0,39.0,11.0,8.41,111.3,4.165,5.045,5.255,60.0,59.5,75.6,1.0,272.0,272.5,271.0,3.828,-0.048,3.828,1915.0,415622.0,13168.0,1912.0,-1.0,0.818,0.791,0.836,3.039,3.038,3.041,2.279,1.168,1.167,1.168,0.876,103.0,103.0,103.0,77.0,1.675,93.0,40.12,3.0,3.504,2.0,-1.0,13.88,0.003,0.277,3.0,2.0,0.0,0.0,8.54,9.01,8.82,9.29,8.88,8.52,8.77,10.58,11.19,11.13,10.11,9.6,10.06,9.94,9.66,9.8,10.25,9.95,9.69
2017-05-04 06:07:00-05:00,101.2411,101.51785,105.462,97.32393,104.172035,124.076065,96.72442,111.50533,856840.0,10.66,0.0,72.75,87.6,88.7,11.25,383.5,0.0,0.0,0.0,0.0,0.0,0.0,0.0,0.0,382.6,383.8,10.27,-0.4,3.8,4.85,5.0,4.0,0.0,270.0,273.2,273.0,272.0,0.65,0.0,4.098,3.783,-0.005,3.822,0.979,6000.0,403218.0,217.0,335.0,59.93,7.0,31.0,39.0,39.0,11.07,8.49,113.6,4.32,5.193,5.418,60.0,59.5,75.6,1.0,272.0,272.8,271.0,3.957,-0.071,3.958,1915.0,415622.0,13168.0,1912.0,-1.0,0.818,0.791,0.836,3.132,3.13,3.131,2.346,1.2,1.2,1.2,0.899,103.0,103.0,103.0,77.0,1.098,62.37,20.39,1.9,3.504,2.0,-1.0,13.88,0.002,0.277,3.0,2.0,0.0,0.0,8.63,9.2,8.91,9.46,9.0,8.65,8.87,10.73,11.3,11.25,10.26,9.75,10.2,10.06,9.79,9.92,10.36,10.07,9.83
2017-05-04 06:08:00-05:00,103.96064,104.137665,108.42275,99.70737,106.74736,127.01011,95.34444,114.21635,856841.0,10.7,0.0,75.27,90.2,91.3,11.34,378.8,0.0,0.0,0.0,0.0,0.0,0.0,0.0,0.0,377.6,378.7,11.0,-0.4,4.0,5.0,5.0,4.0,0.0,270.0,273.1,273.0,272.0,0.67,0.0,4.267,3.93,-0.028,4.028,0.981,6000.0,403218.0,217.0,335.0,59.93,7.0,31.0,39.0,39.4,11.11,8.61,116.0,4.53,5.382,5.622,60.0,59.5,75.6,1.0,272.0,272.4,271.0,4.13,-0.05,4.13,1915.0,415622.0,13168.0,1912.0,-0.933,0.818,0.791,0.836,3.296,3.296,3.296,2.471,1.249,1.248,1.248,0.936,104.0,104.0,104.0,77.0,1.39,93.1,16.64,2.3,3.504,2.0,-1.0,13.88,0.002,0.277,3.0,2.0,0.0,0.0,8.77,9.38,9.05,9.59,9.14,8.73,8.94,10.88,11.41,11.36,10.4,9.87,10.34,10.19,9.94,10.06,10.47,10.2,9.96
2017-05-04 06:09:00-05:00,106.556564,106.43001,111.38351,101.82598,109.322685,129.8313,92.08266,116.80949,856842.0,10.74,0.0,77.78,92.8,93.8,11.39,381.7,0.0,0.0,0.0,0.0,0.0,0.0,0.0,0.0,380.4,381.5,11.07,-0.4,4.0,5.0,5.0,4.0,0.0,270.0,273.1,273.1,272.0,0.66,0.0,4.41,4.095,-0.105,4.143,0.982,6000.0,403218.0,217.0,335.0,59.95,7.0,31.0,39.0,40.0,11.1,8.75,118.2,4.735,5.563,5.808,60.0,59.5,75.6,1.0,272.0,272.4,271.0,4.289,0.016,4.289,1915.0,415623.0,13168.0,1912.0,0.967,0.818,0.791,0.836,3.384,3.383,3.385,2.537,1.292,1.291,1.292,0.968,104.0,104.0,104.0,77.0,1.323,96.6,21.01,2.2,3.503,2.0,-1.0,13.88,0.002,0.277,3.0,2.0,0.0,0.0,8.88,9.53,9.17,9.74,9.27,8.87,9.04,11.02,11.53,11.5,10.54,10.02,10.47,10.33,10.09,10.2,10.59,10.31,10.11
2017-05-04 06:10:00-05:00,,,,,,,,,,,,,,,,,,,,,,,,,,,,,,,,,,,,,,,,,,,,,,,,,,,,,,,,,,,,,,,,,,,,,,,,,,,,,,,,,,,,,,,,,,,,,,,,,,,,,,,,,,,,,,,,,,,,,,,,,,
2017-05-04 06:11:00-05:00,112.11926,111.5059,117.778725,107.12253,114.73087,136.03792,88.44451,122.703,856843.0,10.82,0.0,83.2,98.4,99.5,11.42,383.8,0.0,0.0,0.0,0.0,0.0,0.0,0.0,0.0,383.0,384.1,12.0,-0.4,4.0,5.0,5.696,4.696,0.0,270.0,273.0,273.0,272.0,0.657,0.0,4.734,4.402,-0.113,4.45,0.986,6000.0,403218.0,217.0,335.0,59.94,7.0,31.0,39.0,40.27,11.13,9.02,123.2,5.121,5.964,6.216,60.0,59.5,75.6,1.0,272.0,272.2,271.0,4.621,0.001,4.621,1915.0,415623.0,13168.0,1912.0,0.393,0.818,0.791,0.836,3.594,3.593,3.595,2.695,1.379,1.379,1.38,1.034,104.0,104.0,104.0,78.0,2.532,84.0,17.74,3.8,3.504,2.0,-1.0,13.63,0.001,0.279,3.0,2.0,0.0,0.001,9.13,9.88,9.39,9.98,9.57,9.1,9.27,11.33,11.72,11.72,10.83,10.32,10.74,10.6,10.39,10.48,10.82,10.57,10.39
2017-05-04 06:12:00-05:00,114.838806,114.125725,120.73948,109.903206,117.692505,138.97197,64.984764,125.414024,856844.0,10.86,0.0,85.7,101.2,102.2,11.32,379.2,0.0,0.0,0.0,0.0,0.0,0.0,0.0,0.0,377.8,378.9,12.58,-0.4,4.15,5.0,6.0,5.0,0.0,270.0,273.0,273.0,272.0,0.653,0.0,4.9,4.538,-0.223,4.618,0.986,6000.0,403218.0,217.0,335.0,59.97,7.0,31.0,39.0,41.0,11.09,9.15,125.7,5.275,6.113,6.385,60.0,59.5,75.6,1.0,272.0,272.0,271.0,4.755,0.097,4.756,1915.0,415623.0,13168.0,1912.0,1.0,0.818,0.791,0.836,3.738,3.736,3.737,2.801,1.417,1.417,1.417,1.062,104.0,104.0,104.0,78.0,1.313,84.3,17.02,2.1,3.504,2.0,-1.0,13.84,0.002,0.278,3.0,2.0,0.0,0.0,9.27,10.05,9.51,10.18,9.71,9.27,9.4,11.46,11.81,11.84,10.97,10.43,10.96,10.74,10.54,10.63,10.94,10.72,10.54
2017-05-04 06:13:00-05:00,117.80558,117.073006,124.05553,112.948715,120.782906,142.1317,48.048576,128.59653,856845.0,10.91,0.0,88.6,104.2,105.2,11.42,380.9,0.0,0.0,0.0,0.0,0.0,0.0,0.0,0.0,379.5,380.7,13.0,-0.4,5.0,5.767,6.0,5.0,0.0,270.0,273.0,273.0,272.0,0.65,0.0,5.053,4.707,-0.293,4.76,0.987,6000.0,403218.0,217.0,335.0,59.98,7.0,31.38,39.0,41.0,11.14,9.29,128.4,5.498,6.32,6.598,60.0,59.5,75.6,1.0,272.0,272.0,271.0,4.93,0.157,4.933,1915.0,415623.0,13168.0,1912.0,0.999,0.818,0.791,0.836,3.845,3.842,3.843,2.881,1.465,1.464,1.464,1.097,104.0,104.0,104.0,78.0,0.893,78.36,50.98,1.7,3.503,2.0,-1.0,13.84,0.002,0.278,3.0,2.0,0.0,0.0,9.42,10.2,9.67,10.27,9.83,9.42,9.53,11.6,11.87,11.94,11.1,10.58,11.1,10.88,10.7,10.77,11.07,10.85,10.69
2017-05-04 06:14:00-05:00,120.648735,119.692825,127.25314,115.7294,123.74453,145.40428,64.85931,131.66116,856846.0,10.95,0.0,91.4,107.3,108.1,11.46,381.6,0.0,0.0,0.0,0.0,0.0,0.0,0.0,0.0,380.4,381.6,13.17,-0.4,5.0,6.0,6.0,5.0,0.0,269.9,273.0,273.0,271.9,0.642,0.0,5.255,4.872,-0.295,4.948,0.986,6000.0,403218.0,217.0,335.0,59.98,7.0,31.88,39.0,41.1,11.3,9.43,131.1,5.703,6.533,6.807,60.0,59.5,75.6,1.0,272.0,272.0,271.0,5.099,0.139,5.101,1915.0,415623.0,13168.0,1912.0,1.0,0.818,0.791,0.836,3.956,3.955,3.954,2.964,1.509,1.509,1.509,1.131,104.0,104.0,104.0,78.0,1.087,75.2,27.82,2.0,3.503,2.0,-1.0,13.84,0.002,0.278,3.0,2.0,0.0,0.0,9.56,10.33,9.77,10.37,9.98,9.54,9.64,11.77,12.06,12.11,11.26,10.73,11.25,11.05,10.87,10.93,11.22,10.99,10.85
2017-05-04 06:15:00-05:00,122.99742,122.1489,129.97704,118.11285,126.191086,148.11263,92.459015,134.13643,856847.0,11.0,0.0,94.0,110.1,110.7,11.65,380.9,0.0,0.0,0.0,0.0,0.0,0.0,0.0,0.0,379.6,380.7,14.0,-0.4,5.0,6.0,6.0,5.0,0.0,270.0,273.0,273.0,272.0,0.637,0.0,5.398,5.023,-0.3,5.063,0.989,6000.0,403218.0,217.0,335.0,59.98,7.0,31.07,39.0,41.93,11.33,9.55,133.4,5.877,6.715,6.997,60.0,59.5,75.6,1.0,272.0,272.1,271.0,5.253,0.149,5.255,1915.0,415623.0,13168.0,1912.0,1.0,0.818,0.791,0.836,4.069,4.067,4.069,3.05,1.55,1.549,1.55,1.162,104.0,104.0,104.0,78.0,0.663,124.0,51.29,1.4,3.503,2.0,-1.0,13.84,0.002,0.279,3.0,2.0,0.0,0.0,9.64,10.46,9.9,10.48,10.08,9.63,9.79,11.93,12.17,12.23,11.41,10.89,11.38,11.19,11.03,11.08,11.33,11.13,11.0
2017-05-04 06:16:00-05:00,125.59335,124.93246,133.05623,120.761116,129.15273,151.15952,103.24799,136.84744,856848.0,11.04,0.0,96.9,113.1,113.6,11.82,382.8,0.0,0.0,0.0,0.0,0.0,0.0,0.0,0.0,382.0,383.1,14.22,-0.4,5.0,6.0,6.533,5.533,0.0,270.0,273.0,273.0,272.0,0.635,0.0,5.583,5.212,-0.203,5.262,0.989,6000.0,403218.0,217.0,335.0,59.96,7.0,31.88,39.0,42.0,11.23,9.69,136.1,6.093,6.94,7.193,60.0,59.5,75.6,1.0,272.0,272.0,271.0,5.432,0.046,5.432,1915.0,415623.0,13168.0,1912.0,1.0,0.818,0.791,0.836,4.175,4.172,4.174,3.128,1.598,1.597,1.598,1.198,104.0,104.0,104.0,78.0,1.627,99.8,17.01,3.3,3.504,2.0,-1.0,13.66,-0.003,0.279,1.0,2.0,0.0,0.001,9.77,10.63,10.06,10.6,10.23,9.76,9.92,12.09,12.29,12.39,11.56,11.05,11.54,11.35,11.21,11.23,11.46,11.27,11.15
2017-05-04 06:17:00-05:00,128.80736,128.04349,136.49069,123.67422,132.24312,154.43211,100.61347,139.91208,856849.0,11.09,0.0,100.0,116.3,116.6,11.94,383.1,0.0,0.0,0.0,0.0,0.0,0.0,0.0,0.0,381.9,383.0,14.87,-0.4,5.267,6.017,7.0,6.0,0.0,270.0,273.0,273.0,272.0,0.632,0.0,5.763,5.368,-0.207,5.405,0.994,6000.0,403218.0,217.0,335.0,59.96,7.0,31.9,39.0,42.08,11.22,9.84,139.0,6.312,7.167,7.405,60.0,59.5,75.6,1.0,272.0,272.0,271.0,5.617,0.024,5.617,1915.0,415623.0,13168.0,1912.0,0.567,0.818,0.791,0.836,4.303,4.3,4.297,3.222,1.648,1.647,1.646,1.234,104.0,104.0,104.0,78.0,0.762,112.2,41.76,1.6,3.5,2.0,-1.0,13.73,0.007,0.279,3.0,2.0,0.0,0.0,9.95,10.81,10.21,10.74,10.39,9.87,10.05,12.24,12.44,12.51,11.71,11.24,11.7,11.47,11.37,11.39,11.59,11.41,11.32
2017-05-04 06:18:00-05:00,131.65051,130.99078,139.80673,126.32249,134.94722,157.2533,120.9369,142.74097,856850.0,11.13,0.0,103.0,119.2,119.3,12.05,383.8,0.0,0.0,0.0,0.0,0.0,0.0,0.0,0.0,382.5,383.7,15.02,-0.4,6.0,6.917,7.0,6.0,0.0,269.8,273.0,273.0,271.8,0.648,0.0,5.943,5.555,-0.117,5.602,0.991,6000.0,403219.0,218.0,335.0,59.95,7.0,32.0,39.0,43.0,11.3,9.96,141.7,6.545,7.38,7.623,60.0,59.5,75.6,1.0,272.0,272.0,271.0,5.792,-0.035,5.792,1915.0,415623.0,13168.0,1912.0,-0.767,0.818,0.791,0.836,4.41,4.407,4.409,3.306,1.693,1.692,1.692,1.269,104.0,104.0,104.0,78.0,1.355,75.34,32.99,2.9,3.504,2.0,-1.0,13.84,0.002,0.279,3.0,2.0,0.0,0.0,10.07,10.96,10.34,10.91,10.53,9.97,10.18,12.41,12.5,12.65,11.85,11.46,11.85,11.64,11.54,11.55,11.73,11.55,11.47
2017-05-04 06:19:00-05:00,134.6173,133.93808,143.12277,129.36798,138.16638,160.63873,131.22406,146.1592,856851.0,11.18,0.0,106.2,122.5,122.3,11.85,386.3,0.0,0.0,0.0,0.0,0.0,0.0,0.0,0.0,384.9,386.1,15.53,-0.4,6.0,7.0,7.0,6.0,0.0,270.0,273.0,273.0,272.0,0.645,0.0,6.152,5.727,-0.172,5.797,0.99,6000.0,403219.0,218.0,335.0,59.95,7.0,32.0,39.0,43.0,11.41,10.11,144.6,6.768,7.598,7.862,60.0,59.5,75.6,1.0,272.0,272.0,271.0,5.979,-0.012,5.979,1915.0,415623.0,13168.0,1912.0,-0.233,0.818,0.791,0.836,4.51,4.51,4.516,3.386,1.742,1.742,1.744,1.308,104.0,104.0,104.0,78.0,1.748,77.3,38.32,3.4,3.504,2.0,-1.0,13.84,0.002,0.279,3.0,2.0,0.0,0.0,10.21,11.12,10.5,11.04,10.68,10.11,10.34,12.55,12.58,12.67,11.97,11.62,11.97,11.79,11.71,11.7,11.86,11.69,11.63
2017-05-04 06:20:00-05:00,137.46045,136.88538,146.32039,132.14867,140.99924,163.91132,133.60767,148.9881,856852.0,11.23,0.0,109.3,125.6,125.1,11.69,387.2,0.0,0.0,0.0,0.0,0.0,0.0,0.0,0.0,385.9,387.1,16.0,-0.4,6.0,7.0,7.083,6.083,0.0,269.8,273.0,272.8,271.8,0.643,0.0,6.315,5.913,-0.283,5.947,0.992,6000.0,403219.0,218.0,335.0,59.97,7.0,32.0,39.0,43.52,11.36,10.26,147.3,6.983,7.818,8.08,60.0,59.5,75.6,1.0,272.0,272.1,271.0,6.161,0.079,6.162,1915.0,415623.0,13168.0,1912.0,0.867,0.818,0.791,0.836,4.629,4.627,4.63,3.47,1.792,1.791,1.792,1.344,104.0,104.0,104.0,78.0,1.428,64.47,15.39,2.4,3.502,2.0,-1.0,13.84,0.002,0.279,3.0,2.0,0.0,0.0,10.36,11.24,10.65,11.18,10.84,10.24,10.49,12.73,12.78,12.88,12.14,11.79,12.11,11.95,11.88,11.87,11.99,11.84,11.79
2017-05-04 06:21:00-05:00,140.42722,139.83266,149.518,134.92937,144.08963,167.1839,137.12036,151.93484,856853.0,11.28,0.0,112.4,128.8,128.0,11.63,386.9,0.0,0.0,0.0,0.0,0.0,0.0,0.0,0.0,385.6,386.8,16.3,-0.4,6.0,7.0,7.9,6.9,0.0,270.0,273.0,273.0,272.0,0.652,0.0,6.493,6.095,-0.302,6.137,0.993,6000.0,403219.0,218.0,335.0,59.99,7.0,32.0,39.0,44.0,11.37,10.41,150.1,7.2,8.01,8.29,60.0,59.5,75.6,1.0,272.0,272.0,271.0,6.336,0.14,6.337,1915.0,415624.0,13168.0,1912.0,1.0,0.818,0.791,0.836,4.753,4.753,4.754,3.563,1.839,1.839,1.839,1.378,104.0,104.0,104.0,78.0,1.867,94.4,34.55,3.3,3.503,2.0,-1.0,13.84,0.002,0.279,3.0,2.0,0.0,0.0,10.51,11.38,10.79,11.31,11.02,10.37,10.62,12.91,12.99,13.07,12.32,11.94,12.25,12.07,12.04,12.02,12.1,11.95,11.94
2017-05-04 06:22:00-05:00,143.394,142.77995,152.83405,137.84245,146.92249,170.45648,139.88033,154.64587,856854.0,11.33,0.0,115.5,132.1,130.9,11.61,387.8,0.0,0.0,0.0,0.0,0.0,0.0,0.0,0.0,386.6,387.8,17.0,-0.4,6.767,7.433,8.0,7.0,0.0,270.0,273.0,273.0,272.0,0.615,0.0,6.713,6.268,-0.297,6.312,0.993,6000.0,403219.0,218.0,335.0,59.98,7.0,32.0,39.0,44.15,11.38,10.54,153.0,7.422,8.27,8.53,60.0,59.5,75.6,1.0,272.0,272.0,271.0,6.534,0.082,6.534,1915.0,415624.0,13168.0,1912.0,1.0,0.818,0.791,0.836,4.88,4.88,4.88,3.656,1.893,1.893,1.893,1.418,104.0,104.0,104.0,78.0,2.232,107.0,13.51,3.1,3.503,2.0,-1.0,13.63,0.002,0.28,3.0,2.0,0.0,0.001,10.65,11.5,10.95,11.49,11.15,10.56,10.76,13.08,13.06,13.16,12.48,12.11,12.38,12.21,12.21,12.19,12.25,12.09,12.12
2017-05-04 06:23:00-05:00,146.608,146.21846,156.62381,141.02039,150.14165,173.95476,143.1421,158.06412,856855.0,11.38,0.0,118.9,135.5,134.0,11.7,389.3,0.0,0.0,0.0,0.0,0.0,0.0,0.0,0.0,388.1,389.2,17.08,-0.4,7.0,8.0,8.0,7.0,0.0,270.0,273.0,273.0,272.0,0.63,0.0,6.888,6.472,-0.207,6.492,0.993,6000.0,403219.0,218.0,335.0,59.96,7.0,32.0,39.0,45.0,11.42,10.67,156.2,7.63,8.49,8.75,60.0,59.5,75.6,1.0,272.0,272.0,271.0,6.709,-0.017,6.709,1915.0,415624.0,13168.0,1912.0,-0.333,0.818,0.791,0.836,4.97,4.978,4.982,3.731,1.935,1.938,1.94,1.452,104.0,104.0,104.0,78.0,1.547,63.89,30.15,2.7,3.503,2.0,-1.0,13.84,0.002,0.28,3.0,2.0,0.0,0.0,10.78,11.67,11.12,11.65,11.31,10.71,10.94,13.25,13.15,13.3,12.64,12.29,12.52,12.37,12.38,12.37,12.37,12.23,12.29
2017-05-04 06:24:00-05:00,149.57477,149.32948,159.93985,143.93349,153.10327,177.22734,146.27844,161.2466,856856.0,11.43,0.0,122.1,138.5,137.0,11.62,390.8,0.0,0.0,0.0,0.0,0.0,0.0,0.0,0.0,389.4,390.5,17.7,-0.4,7.0,8.0,8.0,7.0,0.0,269.8,272.9,272.9,271.8,0.613,0.0,7.083,6.643,-0.183,6.673,0.994,6000.0,403219.0,218.0,335.0,59.96,7.0,32.0,39.0,45.07,11.44,10.83,159.1,7.877,8.73,8.96,60.0,59.5,75.6,1.0,272.0,272.0,271.0,6.904,-0.041,6.904,1915.0,415624.0,13168.0,1912.0,-0.633,0.818,0.791,0.836,5.105,5.109,5.112,3.827,1.995,1.996,1.997,1.495,104.0,104.0,104.0,78.0,1.975,90.0,36.19,3.8,3.503,2.0,-1.0,13.84,0.002,0.28,3.0,2.0,0.0,0.0,10.96,11.72,11.28,11.78,11.48,10.87,11.1,13.4,13.23,13.42,12.78,12.45,12.64,12.53,12.55,12.53,12.51,12.35,12.45
2017-05-04 06:25:00-05:00,152.66515,152.60426,163.49275,146.97899,156.32245,180.72562,149.41478,164.31123,856857.0,11.48,0.0,125.4,141.7,140.1,11.6,390.7,0.0,0.0,0.0,0.0,0.0,0.0,0.0,0.0,389.3,390.5,18.27,-0.4,7.0,8.0,8.62,7.617,0.0,270.0,273.0,273.0,272.0,0.623,0.0,7.305,6.822,-0.255,6.852,0.995,6000.0,403219.0,218.0,335.0,59.97,7.0,32.0,39.0,45.82,11.44,10.95,162.2,8.14,8.97,9.22,60.0,59.5,75.6,1.0,272.0,272.0,271.0,7.108,0.017,7.108,1915.0,415624.0,13168.0,1912.0,0.633,0.818,0.791,0.836,5.237,5.24,5.242,3.927,2.046,2.047,2.048,1.534,104.0,104.0,104.0,78.0,1.723,75.39,19.06,2.8,3.503,2.0,-1.0,13.84,0.002,0.28,3.0,2.0,0.0,0.0,11.12,11.88,11.43,11.93,11.64,11.02,11.24,13.57,13.37,13.55,12.94,12.63,12.81,12.7,12.73,12.7,12.64,12.48,12.62
2017-05-04 06:26:00-05:00,155.87915,155.87903,167.1641,150.15692,159.67036,184.22389,152.67656,167.72948,856858.0,11.53,0.0,128.8,145.1,143.3,11.58,391.9,0.0,0.0,0.0,0.0,0.0,0.0,0.0,0.0,390.5,391.7,18.85,-0.4,7.6,8.43,9.0,8.0,0.0,270.0,273.0,273.0,272.0,0.627,0.0,7.528,7.042,-0.26,7.065,0.996,6000.0,403219.0,218.0,335.0,59.97,7.0,32.0,39.02,46.0,11.52,11.13,165.5,8.4,9.23,9.46,60.0,59.5,75.6,1.0,272.0,272.0,271.0,7.313,0.009,7.313,1915.0,415624.0,13168.0,1912.0,0.867,0.818,0.791,0.836,5.364,5.36,5.366,4.021,2.102,2.1,2.103,1.575,104.0,104.0,104.0,78.0,1.473,42.25,25.1,2.3,3.504,2.0,-1.0,13.84,0.002,0.28,3.0,2.0,0.0,0.0,11.22,12.01,11.61,12.08,11.78,11.18,11.39,13.73,13.48,13.76,13.1,12.81,12.98,12.86,12.92,12.89,12.8,12.61,12.81
2017-05-04 06:27:00-05:00,158.96954,159.1538,170.717,153.33485,162.88953,187.83502,156.0638,171.1477,856859.0,11.58,0.0,132.2,148.7,146.7,11.57,390.1,0.0,0.0,0.0,0.0,0.0,0.0,0.0,0.0,388.8,390.0,19.47,-0.4,7.983,8.85,9.0,8.0,0.0,270.0,273.0,273.0,272.0,0.643,0.0,7.763,7.26,-0.3,7.285,0.995,6000.0,403220.0,219.0,335.0,59.98,7.0,32.0,39.62,46.83,11.63,11.28,168.9,8.68,9.5,9.75,60.0,59.5,75.6,1.0,272.0,272.0,271.0,7.545,0.055,7.545,1915.0,415624.0,13168.0,1912.0,1.0,0.818,0.791,0.836,5.546,5.551,5.549,4.158,2.163,2.165,2.164,1.621,104.0,104.0,104.0,78.0,1.347,67.7,25.83,2.4,3.503,2.0,-1.0,13.67,-0.006,0.28,1.0,2.0,0.0,0.001,11.38,12.17,11.75,12.26,11.93,11.33,11.54,13.93,13.65,13.98,13.28,13.02,13.15,13.06,13.12,13.07,12.98,12.76,13.01
2017-05-04 06:28:00-05:00,162.18355,162.5923,174.38832,156.64519,166.10869,191.44615,159.45103,174.56595,856860.0,11.63,0.0,135.6,152.3,150.1,11.67,390.0,0.0,0.0,0.0,0.0,0.0,0.0,0.0,0.0,388.8,390.1,20.13,-0.4,8.0,9.0,9.0,8.0,0.0,270.0,273.0,273.0,271.9,0.632,0.0,8.04,7.525,-0.308,7.553,0.996,6000.0,403220.0,219.0,335.0,59.99,7.0,32.0,39.35,47.0,11.71,11.48,172.3,9.01,9.83,10.07,60.0,59.5,75.6,1.0,272.0,272.0,271.0,7.812,0.087,7.813,1915.0,415624.0,13168.0,1912.0,1.0,0.818,0.791,0.836,5.731,5.731,5.736,4.302,2.235,2.235,2.237,1.678,104.0,104.0,104.0,78.0,1.228,81.3,15.16,2.3,3.503,2.0,-1.0,13.67,0.009,0.281,3.0,2.0,0.0,0.0,11.52,12.35,11.95,12.46,12.13,11.51,11.66,14.13,13.81,14.12,13.47,13.22,13.34,13.26,13.32,13.28,13.15,12.92,13.21
2017-05-04 06:29:00-05:00,165.15033,165.70335,177.94122,159.42587,168.94154,194.94444,162.58736,177.9842,856861.0,11.69,0.0,139.0,155.8,153.3,11.79,386.5,0.0,0.0,0.0,0.0,0.0,0.0,0.0,0.0,385.1,386.4,21.0,-0.4,8.48,9.0,9.87,8.87,0.0,270.0,273.0,273.0,272.0,0.637,0.0,8.3,7.792,-0.3,7.835,0.995,6000.0,403220.0,219.0,335.0,59.98,7.0,32.0,39.0,47.9,11.64,11.61,175.5,9.34,10.16,10.39,60.0,59.5,75.6,1.0,272.0,272.0,271.0,8.09,0.042,8.09,1915.0,415625.0,13168.0,1912.0,1.0,0.818,0.791,0.836,5.982,5.98,5.984,4.487,2.312,2.311,2.313,1.734,104.0,104.0,104.0,78.0,1.04,78.44,30.43,2.0,3.503,2.0,-1.0,13.84,0.002,0.281,3.0,2.0,0.0,0.0,11.65,12.52,12.13,12.63,12.3,11.7,11.8,14.31,13.84,14.28,13.63,13.43,13.54,13.48,13.54,13.47,13.28,13.06,13.41
2017-05-04 06:30:00-05:00,168.36433,169.30559,181.73097,162.60379,172.1607,198.66841,165.9746,181.28456,856862.0,11.74,0.0,142.5,159.4,156.6,11.98,386.2,0.0,0.0,0.0,0.0,0.0,0.0,0.0,0.0,385.1,386.1,21.67,-0.4,9.0,9.65,10.0,9.0,0.0,269.8,272.9,273.0,271.8,0.65,0.0,8.54,8.03,-0.293,8.04,0.997,6000.0,403220.0,219.0,335.0,59.98,7.0,32.0,39.55,48.02,11.58,11.76,178.9,9.64,10.44,10.67,60.0,59.5,75.6,1.0,272.0,272.0,271.0,8.32,0.006,8.32,1915.0,415625.0,13168.0,1912.0,0.333,0.818,0.791,0.836,6.15,6.146,6.146,4.608,2.375,2.374,2.374,1.78,104.0,104.0,104.0,78.0,1.622,91.5,31.13,3.2,3.503,2.0,-1.0,13.84,0.002,0.281,3.0,2.0,0.0,0.0,11.82,12.67,12.3,12.8,12.46,11.82,11.93,14.51,14.06,14.46,13.82,13.65,13.74,13.68,13.75,13.66,13.46,13.21,13.6
2017-05-04 06:31:00-05:00,171.94917,172.90785,185.63919,166.04654,175.76616,202.50523,169.73819,184.93854,856863.0,11.8,0.0,146.1,163.1,160.2,11.9,385.2,0.0,0.0,0.0,0.0,0.0,0.0,0.0,0.0,383.9,385.0,22.13,-0.4,9.0,10.0,10.0,9.0,0.0,269.9,273.0,273.0,271.9,0.662,0.0,8.77,8.27,-0.3,8.28,0.998,6000.0,403220.0,219.0,335.0,59.98,7.0,32.0,39.68,49.18,11.65,11.9,182.5,9.93,10.73,10.96,60.0,59.5,75.6,1.0,272.0,272.0,271.0,8.56,0.004,8.56,1915.0,415625.0,13168.0,1912.0,0.533,0.818,0.791,0.836,6.331,6.331,6.332,4.747,2.439,2.439,2.439,1.829,104.0,104.0,104.0,78.0,1.22,73.86,30.95,3.0,3.502,2.0,-1.0,13.84,0.002,0.281,3.0,2.0,0.0,0.0,11.96,12.8,12.48,12.93,12.61,11.98,12.08,14.7,14.19,14.59,14.01,13.86,13.91,13.87,13.96,13.85,13.6,13.34,13.79
2017-05-04 06:32:00-05:00,175.4104,176.51009,189.6658,169.48929,179.37163,206.56773,173.50179,188.82826,856864.0,11.85,0.0,149.9,166.8,163.9,11.98,390.3,0.0,0.0,0.0,0.0,0.0,0.0,0.0,0.0,388.8,389.9,22.52,-0.4,9.0,10.0,10.08,9.08,0.0,269.5,272.9,273.0,271.5,0.65,0.0,8.94,8.46,-0.117,8.47,0.998,6000.0,403220.0,219.0,335.0,59.95,7.0,32.0,39.65,50.0,11.68,12.07,186.2,10.16,10.97,11.19,60.0,59.5,75.6,1.0,272.0,272.0,271.0,8.73,-0.155,8.74,1915.0,415625.0,13168.0,1912.0,-1.0,0.818,0.791,0.836,6.371,6.372,6.368,4.773,2.486,2.487,2.485,1.862,104.0,104.0,104.0,78.0,1.333,57.23,35.32,3.0,3.503,2.0,-1.0,13.84,0.002,0.281,3.0,2.0,0.0,0.0,12.14,12.97,12.66,13.13,12.82,12.15,12.24,14.87,14.27,14.69,14.17,14.06,14.08,14.06,14.14,14.01,13.73,13.45,13.96
2017-05-04 06:33:00-05:00,178.5008,179.78485,193.33713,172.79964,182.97708,210.29172,177.13994,192.36438,856865.0,11.9,0.0,153.6,170.4,167.4,11.97,385.8,0.0,0.0,0.0,0.0,0.0,0.0,0.0,0.0,384.5,385.7,23.7,-0.4,9.77,10.38,10.93,9.93,0.0,269.2,272.6,273.0,271.1,0.663,0.0,9.26,8.76,-0.092,8.76,0.998,6000.0,403220.0,219.0,335.0,59.94,7.0,32.0,39.97,50.53,11.77,12.27,189.8,10.54,11.32,11.53,60.0,59.5,75.6,1.0,271.8,272.0,271.0,9.03,-0.192,9.03,1915.0,415625.0,13168.0,1912.0,-1.0,0.818,0.791,0.836,6.662,6.656,6.662,4.994,2.569,2.567,2.569,1.926,104.0,104.0,104.0,78.0,1.263,84.4,38.35,2.5,3.503,2.0,-1.0,13.64,0.002,0.282,1.0,2.0,0.0,0.001,12.32,13.11,12.84,13.31,12.97,12.33,12.4,15.04,14.31,14.83,14.3,14.23,14.21,14.23,14.32,14.2,13.86,13.56,14.14
2017-05-04 06:34:00-05:00,182.33287,183.71458,197.83748,176.77203,186.96884,214.69278,181.27989,196.60771,856866.0,11.96,0.0,157.9,174.3,171.4,12.12,387.0,0.0,0.0,0.0,0.0,0.0,0.0,0.0,0.0,385.6,387.0,24.62,-0.4,10.0,11.0,11.0,10.0,0.0,269.9,273.0,273.0,271.9,0.66,0.0,9.66,9.09,-0.157,9.09,0.998,6000.0,403220.0,219.0,335.0,59.95,7.0,32.0,40.0,51.0,11.76,12.48,194.0,10.98,11.76,11.96,60.0,59.5,75.6,1.0,272.0,272.0,271.0,9.4,-0.159,9.4,1915.0,415625.0,13168.0,1912.0,-1.0,0.818,0.791,0.836,6.883,6.883,6.888,5.164,2.664,2.664,2.665,1.998,104.0,104.0,104.0,78.0,1.127,89.6,24.86,1.8,3.503,2.0,-1.0,13.84,0.002,0.281,3.0,2.0,0.0,0.0,12.53,13.29,13.05,13.45,13.19,12.52,12.59,15.22,14.53,15.0,14.48,14.44,14.39,14.43,14.52,14.4,14.04,13.72,14.34
2017-05-04 06:35:00-05:00,186.78304,188.29926,202.92996,180.87685,191.47568,219.65808,185.92166,201.20464,856867.0,12.01,0.0,162.6,178.8,176.0,12.27,392.2,0.0,0.0,0.0,0.0,0.0,0.0,0.0,0.0,390.7,392.0,24.83,-0.4,10.2,11.0,11.35,10.35,0.0,269.5,272.7,273.0,271.4,0.668,0.0,9.93,9.33,-0.217,9.34,0.998,6000.0,403221.0,220.0,335.0,59.96,7.0,32.0,40.0,51.02,11.79,12.63,198.8,11.3,12.06,12.25,60.0,59.5,75.6,1.0,272.0,272.0,271.0,9.64,-0.121,9.64,1915.0,415625.0,13168.0,1912.0,-1.0,0.818,0.791,0.836,6.969,6.976,6.968,5.223,2.733,2.736,2.733,2.048,104.0,104.0,104.0,78.0,1.012,78.23,28.71,1.9,3.503,2.0,-1.0,13.84,0.002,0.282,3.0,2.0,0.0,0.0,12.69,13.49,13.23,13.67,13.36,12.69,12.76,15.43,14.73,15.14,14.7,14.67,14.57,14.63,14.74,14.59,14.18,13.84,14.53
2017-05-04 06:36:00-05:00,191.48042,193.21141,208.25934,185.51132,196.24002,225.07478,191.06523,206.1552,856868.0,12.07,0.0,167.6,183.8,180.8,12.36,387.7,0.0,0.0,0.0,0.0,0.0,0.0,0.0,0.0,386.5,387.7,26.28,-0.4,11.0,11.85,12.0,11.0,0.0,269.5,272.7,273.0,271.3,0.657,0.0,10.38,9.81,-0.215,9.81,0.998,6000.0,403221.0,220.0,335.0,59.97,7.0,32.0,40.0,52.0,11.81,12.82,203.9,11.9,12.68,12.87,60.0,59.5,75.6,1.0,272.0,272.0,271.0,10.14,-0.124,10.14,1915.0,415626.0,13168.0,1912.0,-1.0,0.818,0.791,0.836,7.397,7.399,7.396,5.542,2.867,2.868,2.867,2.148,104.0,104.0,104.0,78.0,1.338,101.5,28.81,2.6,3.503,2.0,-1.0,13.84,0.002,0.282,3.0,2.0,0.0,0.0,12.9,13.67,13.44,13.86,13.54,12.89,12.93,15.68,15.07,15.4,14.94,14.9,14.79,14.84,14.97,14.81,14.39,13.98,14.75
2017-05-04 06:37:00-05:00,196.30142,198.45103,213.82553,190.27821,201.26192,230.49146,196.08337,211.10574,856869.0,12.13,0.0,172.8,188.9,185.8,12.46,386.9,0.0,0.0,0.0,0.0,0.0,0.0,0.0,0.0,385.5,386.7,27.48,-0.4,11.55,12.1,12.82,11.82,0.0,269.5,272.7,273.0,271.5,0.65,0.0,10.85,10.26,-0.3,10.26,0.999,6000.0,403221.0,220.0,335.0,59.98,7.0,32.0,40.0,52.0,11.83,13.0,209.1,12.43,13.21,13.42,60.0,59.5,75.6,1.0,272.0,272.0,271.0,10.58,-0.072,10.58,1915.0,415626.0,13168.0,1912.0,-1.0,0.818,0.791,0.836,7.718,7.717,7.716,5.784,2.986,2.986,2.986,2.238,104.0,104.0,104.0,78.0,1.518,87.2,31.77,3.9,3.504,2.0,-1.0,13.84,0.002,0.282,3.0,2.0,0.0,0.0,13.1,13.84,13.65,14.06,13.75,13.06,13.11,15.96,15.21,15.66,15.21,15.15,15.0,15.07,15.21,15.06,14.62,14.14,15.0
2017-05-04 06:38:00-05:00,201.86412,204.34563,219.9839,195.83958,207.05641,236.47238,201.72876,216.76353,856870.0,12.19,0.0,178.5,194.5,191.3,12.22,391.4,0.0,0.0,0.0,0.0,0.0,0.0,0.0,0.0,390.0,391.2,28.58,-0.4,12.0,12.95,13.0,12.0,0.0,269.9,273.0,273.0,271.9,0.647,0.0,11.29,10.65,-0.29,10.66,0.998,6000.0,403221.0,220.0,335.0,59.97,7.0,32.0,40.0,52.8,11.91,13.23,215.1,12.93,13.72,13.9,60.0,59.5,75.6,1.0,272.0,272.0,271.0,10.99,-0.128,10.99,1915.0,415626.0,13168.0,1912.0,-1.0,0.818,0.791,0.836,7.917,7.913,7.917,5.938,3.098,3.097,3.098,2.324,105.0,105.0,105.0,78.0,2.19,87.8,34.45,3.3,3.504,2.0,-1.0,13.68,0.013,0.282,3.0,2.0,0.0,0.001,13.31,14.01,13.85,14.25,13.93,13.26,13.31,16.16,15.28,15.81,15.39,15.37,15.13,15.28,15.43,15.28,14.68,14.26,15.2
2017-05-04 06:39:00-05:00,208.0449,210.89517,226.97128,202.063,213.49474,243.1304,207.75052,223.12852,856871.0,12.25,0.0,184.9,201.3,197.4,12.38,383.8,0.0,0.0,0.0,0.0,0.0,0.0,0.0,0.0,382.5,383.6,30.17,-0.4,12.75,13.27,13.77,12.77,0.0,269.6,272.7,272.9,271.6,0.645,0.0,11.74,11.14,-0.195,11.13,0.999,6000.0,403221.0,220.0,335.0,59.96,7.0,32.0,40.0,53.0,11.91,13.44,221.6,13.53,14.33,14.52,60.0,59.5,75.6,1.0,271.9,271.9,270.9,11.48,-0.214,11.48,1915.0,415626.0,13168.0,1912.0,-1.0,0.818,0.791,0.836,8.4,8.41,8.41,6.302,3.225,3.226,3.227,2.418,105.0,105.0,105.0,78.0,2.402,130.0,18.1,4.3,3.503,2.0,-1.0,13.68,-0.009,0.283,3.0,2.0,0.0,0.001,13.5,14.15,14.04,14.43,14.09,13.45,13.47,16.41,15.67,16.04,15.65,15.62,15.4,15.51,15.68,15.51,14.92,14.38,15.44
2017-05-04 06:40:00-05:00,215.9563,219.08209,235.61668,209.61058,221.34949,251.59398,215.52861,230.67223,856872.0,12.3,0.0,192.6,209.3,205.1,12.49,380.3,0.0,0.0,0.0,0.0,0.0,0.0,0.0,0.0,378.8,380.0,31.75,-0.4,13.05,14.0,14.38,13.38,0.0,269.4,272.4,272.9,271.2,0.627,0.0,12.27,11.67,-0.148,11.67,0.999,6000.0,403222.0,221.0,335.0,59.95,7.0,32.0,40.0,53.75,11.82,13.66,229.8,14.18,15.01,15.19,60.0,59.5,75.6,1.0,271.9,271.9,271.0,12.02,-0.285,12.03,1915.0,415626.0,13168.0,1912.0,-1.0,0.818,0.791,0.836,8.87,8.86,8.87,6.647,3.372,3.371,3.372,2.528,105.0,105.0,105.0,78.0,1.857,110.8,24.07,2.9,3.503,2.0,-1.0,13.84,0.002,0.283,3.0,2.0,0.0,0.0,13.73,14.36,14.24,14.66,14.28,13.62,13.7,16.76,16.16,16.43,15.98,15.91,15.66,15.76,15.97,15.82,15.2,14.52,15.74
2017-05-04 06:41:00-05:00,224.11491,227.43275,244.38052,217.29056,229.20424,259.9447,222.554,237.9802,856873.0,12.39,0.0,200.4,217.0,212.6,12.52,380.6,0.0,0.0,0.0,0.0,0.0,0.0,0.0,0.0,379.1,380.2,33.47,-0.4,14.0,14.97,15.0,14.0,0.0,269.6,272.4,273.0,271.3,0.632,0.0,12.88,12.29,-0.2,12.28,0.999,6000.0,403222.0,221.0,335.0,59.96,7.0,32.3,40.0,54.0,11.89,13.9,238.2,14.93,15.75,15.94,60.0,59.5,75.6,1.0,272.0,272.0,271.0,12.63,-0.259,12.63,1915.0,415627.0,13168.0,1912.0,-1.0,0.818,0.791,0.836,9.29,9.29,9.29,6.963,3.534,3.534,3.535,2.65,105.0,105.0,105.0,78.0,1.778,75.58,32.14,3.1,3.503,2.0,-1.0,13.84,0.002,0.283,3.0,2.0,0.0,0.0,13.96,14.53,14.46,14.87,14.53,13.88,13.91,17.13,16.43,16.74,16.35,16.2,15.95,16.01,16.27,16.15,15.52,14.71,16.08
2017-05-04 06:42:00-05:00,228.93591,232.01743,249.23615,222.98434,235.12749,265.81277,227.69757,243.8737,856874.0,12.45,0.0,205.4,222.9,218.2,12.31,386.8,0.0,0.0,0.0,0.0,0.0,0.0,0.0,0.0,385.2,386.4,33.87,-0.4,14.3,15.22,15.47,14.47,0.0,269.4,272.4,272.7,271.2,0.615,0.0,13.24,12.58,-0.183,12.59,0.999,6000.0,403222.0,221.0,335.0,59.95,7.0,32.85,40.0,54.87,12.06,14.22,242.6,15.33,16.15,16.35,60.0,59.5,75.6,1.0,271.8,272.0,270.9,12.95,-0.297,12.96,1915.0,415627.0,13168.0,1912.0,-1.0,0.818,0.791,0.836,9.35,9.36,9.35,7.004,3.614,3.619,3.614,2.707,105.0,105.0,105.0,78.0,1.628,88.1,27.92,2.7,3.503,2.0,-1.0,13.84,0.002,0.284,3.0,2.0,0.0,0.0,14.28,14.87,14.73,15.16,14.87,14.15,14.1,17.49,16.57,17.11,16.69,16.52,16.25,16.29,16.57,16.46,15.78,14.99,16.39
2017-05-04 06:43:00-05:00,184.55795,187.15308,202.21939,180.61203,191.60443,214.35423,181.90715,197.66853,856875.0,12.51,0.0,170.2,182.7,179.1,12.26,388.8,0.0,0.0,0.0,0.0,0.0,0.0,0.0,0.0,387.6,388.7,27.97,-0.4,11.63,12.52,12.85,11.85,0.0,269.2,272.2,272.3,271.0,0.628,0.0,11.07,10.44,-0.188,10.44,0.999,6000.0,403222.0,221.0,335.0,59.96,7.0,33.0,40.0,55.22,11.96,14.39,194.8,12.63,13.44,13.66,60.0,59.5,75.6,1.0,271.8,271.9,270.9,10.75,-0.196,10.75,1915.0,415627.0,13168.0,1912.0,-0.9,0.818,0.791,0.836,7.753,7.748,7.746,5.807,3.016,3.014,3.013,2.259,105.0,105.0,105.0,78.0,1.655,70.06,17.83,3.0,3.503,2.0,-1.0,13.84,0.002,0.283,3.0,2.0,0.0,0.0,14.46,15.03,15.0,15.34,15.05,14.39,14.32,17.74,16.88,17.27,16.94,16.79,16.45,16.53,16.82,16.68,15.98,15.16,16.6
2017-05-04 06:44:00-05:00,151.05815,153.75043,167.87466,143.40384,152.07315,168.19952,138.87671,152.9957,856876.0,12.57,0.0,147.1,149.2,146.7,12.1,378.9,0.0,0.0,0.0,0.0,0.0,0.0,0.0,0.0,377.6,378.8,24.2,-0.4,9.75,10.67,10.8,9.8,0.0,269.0,272.0,272.1,271.0,0.627,0.0,9.33,8.82,-0.195,8.83,0.998,6000.0,403222.0,221.0,335.0,59.96,7.0,33.0,40.0,56.0,12.02,14.42,162.9,10.63,11.44,11.66,60.0,59.5,75.6,1.0,271.3,271.8,270.9,9.11,-0.115,9.11,1915.0,415627.0,13168.0,1912.0,-0.767,0.818,0.791,0.836,6.847,6.848,6.848,5.134,2.593,2.593,2.593,1.944,105.0,105.0,105.0,78.0,2.182,80.8,15.32,3.1,3.503,2.0,-1.0,13.65,0.001,0.281,1.0,2.0,0.0,0.001,14.51,14.98,14.97,15.32,14.99,14.34,14.28,17.69,16.68,17.07,16.91,16.74,16.37,16.42,16.75,16.64,15.95,15.18,16.56
2017-05-04 06:45:00-05:00,132.02136,134.26555,147.97841,125.79282,133.27325,147.54839,120.435074,133.9007,856877.0,12.63,0.0,132.3,133.4,131.4,11.94,378.6,0.0,0.0,0.0,0.0,0.0,0.0,0.0,0.0,377.1,378.2,22.0,-0.4,8.77,9.57,9.83,8.83,0.0,269.3,272.2,272.7,271.1,0.623,0.0,8.46,7.98,-0.16,7.993,0.997,6000.0,403222.0,221.0,335.0,59.95,7.0,33.0,40.0,56.0,11.96,14.34,143.2,9.59,10.41,10.62,60.0,59.5,75.6,1.0,272.0,272.0,271.0,8.26,-0.11,8.27,1915.0,415627.0,13168.0,1912.0,-1.0,0.818,0.791,0.836,6.251,6.251,6.252,4.687,2.368,2.368,2.368,1.776,105.0,105.0,105.0,79.0,1.8,46.45,27.97,3.2,3.502,2.0,-1.0,13.81,0.002,0.28,3.0,2.0,0.0,0.0,14.46,14.87,14.88,15.14,14.94,14.33,14.17,17.5,16.26,16.86,16.72,16.56,16.15,16.19,16.56,16.49,15.72,15.12,16.39
2017-05-04 06:46:00-05:00,219.54114,223.99423,241.89346,209.34576,220.06183,245.27452,208.25233,223.83575,856878.0,12.69,0.0,208.9,215.2,211.1,11.9,390.1,0.0,0.0,0.0,0.0,0.0,0.0,0.0,0.0,388.8,389.9,34.53,-0.4,14.73,15.63,15.93,14.93,0.0,270.0,273.2,273.4,271.9,0.635,0.0,13.72,13.0,-0.115,12.99,0.999,6000.0,403223.0,222.0,335.0,59.95,7.0,33.0,40.0,56.0,12.09,14.55,238.1,15.82,16.63,16.84,60.0,59.5,75.6,1.0,272.3,272.4,271.5,13.38,-0.364,13.38,1915.0,415627.0,13168.0,1912.0,-1.0,0.818,0.791,0.836,9.59,9.59,9.6,7.194,3.75,3.748,3.751,2.812,105.0,105.0,105.0,79.0,1.95,52.46,28.34,3.6,3.503,2.0,-1.0,13.81,0.002,0.283,3.0,2.0,0.0,0.0,14.56,14.94,14.97,15.21,14.91,14.41,14.22,17.39,16.04,16.6,16.6,16.51,15.98,16.16,16.5,16.46,15.65,15.19,16.35
2017-05-04 06:47:00-05:00,273.06665,278.19168,298.14777,264.6946,279.03683,310.5005,268.21896,286.7785,856879.0,12.75,0.0,253.9,268.1,262.6,12.07,392.3,0.0,0.0,0.0,0.0,0.0,0.0,0.0,0.0,390.8,391.9,43.12,-0.4,18.83,19.65,19.93,18.93,0.0,269.5,272.8,272.9,271.5,0.635,0.0,17.07,16.21,-0.072,16.19,0.999,6000.0,403223.0,222.0,335.0,59.94,7.0,33.0,40.0,56.97,12.26,14.94,290.9,19.88,20.67,20.89,60.0,59.5,75.6,1.0,271.9,272.1,271.1,16.65,-0.527,16.66,1915.0,415628.0,13168.0,1912.0,-0.999,0.818,0.791,0.836,11.79,11.79,11.79,8.83,4.622,4.622,4.622,3.464,105.0,105.0,105.0,79.0,1.205,73.6,33.31,2.3,3.503,2.0,-1.0,13.81,0.002,0.286,3.0,2.0,0.0,0.0,14.98,15.36,15.41,15.66,15.29,14.82,14.56,17.79,16.26,16.98,16.96,16.87,16.46,16.59,16.9,16.85,15.96,15.48,16.72
2017-05-04 06:48:00-05:00,257.3675,262.63654,281.3307,248.80498,263.19858,290.1879,249.401,269.21582,856880.0,12.81,0.0,242.1,252.8,247.7,12.27,390.1,0.0,0.0,0.0,0.0,0.0,0.0,0.0,0.0,388.7,389.8,41.27,-0.4,17.92,18.58,19.12,18.12,0.0,269.1,272.2,272.4,271.0,0.64,0.0,16.29,15.44,-0.178,15.44,0.999,6000.0,403223.0,222.0,335.0,59.96,7.0,33.0,40.0,57.73,12.46,15.43,273.5,18.95,19.72,19.97,60.0,59.5,75.6,1.0,271.5,271.7,270.7,15.87,-0.399,15.88,1915.0,415628.0,13168.0,1912.0,-1.0,0.818,0.791,0.836,11.29,11.29,11.29,8.46,4.403,4.405,4.402,3.301,105.0,105.0,105.0,79.0,1.215,71.05,46.64,2.3,3.503,2.0,-1.0,13.81,0.002,0.286,3.0,2.0,0.0,0.0,15.49,15.81,15.89,16.2,15.86,15.25,14.9,18.22,16.71,17.37,17.37,17.29,16.84,17.09,17.35,17.26,16.25,15.81,17.1
2017-05-04 06:49:00-05:00,254.77156,260.50793,279.08054,247.0836,261.1383,287.5924,246.641,267.3299,856881.0,12.87,0.0,242.3,252.5,247.5,12.39,388.7,0.0,0.0,0.0,0.0,0.0,0.0,0.0,0.0,387.1,388.5,41.63,-0.4,17.92,18.68,19.03,18.03,0.0,269.4,272.7,272.7,271.3,0.65,0.0,16.35,15.52,-0.232,15.51,0.999,6000.0,403223.0,222.0,335.0,59.97,7.0,33.0,40.0,58.47,12.54,15.8,271.4,19.01,19.8,20.03,60.0,59.5,75.6,1.0,271.8,272.0,271.0,15.95,-0.372,15.95,1915.0,415628.0,13168.0,1912.0,-1.0,0.818,0.791,0.836,11.38,11.38,11.38,8.53,4.425,4.425,4.425,3.316,105.0,105.0,105.0,79.0,1.317,74.83,28.75,2.1,3.503,2.0,-1.0,13.66,-0.003,0.285,1.0,2.0,0.0,0.001,15.89,16.18,16.26,16.64,16.25,15.69,15.24,18.61,17.15,17.79,17.76,17.72,17.22,17.46,17.75,17.61,16.67,16.11,17.46
2017-05-04 06:50:00-05:00,204.21281,209.58527,225.55011,195.83958,208.73038,225.86472,188.43073,210.39853,856882.0,12.93,0.0,200.5,203.0,199.2,12.53,387.2,0.0,0.0,0.0,0.0,0.0,0.0,0.0,0.0,385.5,387.1,33.87,-0.4,14.43,15.08,15.62,14.62,0.0,269.6,272.8,272.9,271.5,0.63,0.0,13.33,12.61,-0.143,12.6,0.999,6000.0,403224.0,223.0,335.0,59.95,7.0,33.0,40.0,59.03,12.34,16.03,217.9,15.34,16.15,16.38,60.0,59.5,75.6,1.0,272.0,272.0,271.0,12.97,-0.317,12.97,1915.0,415629.0,13168.0,1912.0,-1.0,0.818,0.791,0.836,9.35,9.35,9.34,7.001,3.619,3.619,3.615,2.711,105.0,105.0,105.0,79.0,1.068,87.8,46.97,2.6,3.503,2.0,-1.0,13.66,0.007,0.285,3.0,2.0,0.0,0.0,16.14,16.38,16.52,16.88,16.49,15.97,15.47,18.87,17.3,17.9,18.02,18.03,17.55,17.73,18.05,17.88,16.93,16.39,17.73
2017-05-04 06:51:00-05:00,189.25534,194.35757,209.79892,182.4658,193.2784,209.95319,173.62724,195.0754,856883.0,12.99,0.0,189.4,191.8,188.3,12.48,386.6,0.0,0.0,0.0,0.0,0.0,0.0,0.0,0.0,385.3,386.5,32.05,-0.4,13.22,14.08,14.9,13.9,0.0,270.0,273.0,273.0,272.0,0.617,0.0,12.6,11.92,-0.065,11.92,0.999,6000.0,403224.0,223.0,335.0,59.94,7.0,33.0,40.0,60.0,12.21,16.04,203.3,14.47,15.3,15.49,60.0,59.5,75.6,1.0,272.0,272.0,271.0,12.26,-0.344,12.27,1915.0,415629.0,13168.0,1912.0,-1.0,0.818,0.791,0.836,8.88,8.88,8.89,6.658,3.433,3.434,3.437,2.574,105.0,105.0,105.0,79.0,1.625,130.2,39.36,2.9,3.503,2.0,-1.0,13.81,0.002,0.283,3.0,2.0,0.0,0.0,16.15,16.31,16.55,16.95,16.47,15.97,15.57,18.92,17.53,17.95,18.09,18.09,17.55,17.71,18.1,17.95,16.9,16.51,17.79
2017-05-04 06:52:00-05:00,195.06528,200.9071,216.78629,186.83545,197.91399,214.2414,177.01448,198.96512,856884.0,13.05,0.0,196.9,197.4,193.8,12.35,386.5,0.0,0.0,0.0,0.0,0.0,0.0,0.0,0.0,385.1,386.4,33.45,-0.4,14.05,14.93,15.12,14.12,0.0,270.0,273.0,273.1,272.0,0.642,0.0,13.11,12.39,-0.127,12.4,0.998,6000.0,403224.0,223.0,335.0,59.95,7.0,33.0,40.1,60.0,12.07,16.07,209.8,15.06,15.88,16.11,60.0,59.5,75.6,1.0,272.0,272.0,271.0,12.76,-0.331,12.77,1915.0,415629.0,13168.0,1912.0,-1.0,0.818,0.791,0.836,9.24,9.24,9.24,6.926,3.569,3.573,3.572,2.677,105.0,105.0,105.0,79.0,1.558,66.63,38.25,4.2,3.504,2.0,-1.0,13.81,0.002,0.283,3.0,2.0,0.0,0.0,16.25,16.28,16.63,16.81,16.44,16.01,15.6,18.98,17.23,17.82,18.13,18.12,17.55,17.7,18.11,17.99,16.88,16.62,17.8
2017-05-04 06:53:00-05:00,195.43613,201.39833,216.78629,188.82166,200.36057,216.27266,180.40172,202.26549,856885.0,13.11,0.0,197.7,200.0,196.2,12.26,388.7,0.0,0.0,0.0,0.0,0.0,0.0,0.0,0.0,387.4,388.4,33.12,-0.4,14.0,14.7,15.37,14.37,0.0,270.0,273.0,273.1,272.0,0.645,0.0,13.11,12.37,-0.265,12.37,0.999,6000.0,403224.0,223.0,335.0,59.97,7.0,33.0,40.92,59.02,11.99,16.17,209.1,15.04,15.81,16.06,60.0,59.5,75.6,1.0,272.0,272.1,271.1,12.73,-0.213,12.73,1915.0,415629.0,13168.0,1912.0,-1.0,0.818,0.791,0.836,9.15,9.15,9.16,6.867,3.558,3.556,3.56,2.669,105.0,105.0,105.0,79.0,1.845,82.8,30.84,3.3,3.503,2.0,-1.0,13.81,0.002,0.284,3.0,2.0,0.0,0.0,16.33,16.35,16.63,16.73,16.44,16.05,15.68,18.94,17.19,17.71,18.1,18.16,17.48,17.71,18.12,17.98,16.83,16.67,17.79
2017-05-04 06:54:00-05:00,203.71835,209.91273,225.43169,196.50165,207.95776,224.96191,189.3089,210.63428,856886.0,13.17,0.0,206.2,208.9,204.9,12.19,389.9,0.0,0.0,0.0,0.0,0.0,0.0,0.0,0.0,388.5,389.6,34.5,-0.4,14.65,15.5,15.77,14.77,0.0,269.9,273.0,273.0,271.9,0.66,0.0,13.62,12.88,-0.225,12.88,0.999,6000.0,403224.0,223.0,335.0,59.96,7.0,33.0,41.0,58.07,11.92,16.23,218.9,15.71,16.47,16.73,60.0,59.5,75.6,1.0,272.0,272.0,271.0,13.26,-0.268,13.26,1915.0,415629.0,13168.0,1912.0,-1.0,0.818,0.791,0.836,9.52,9.51,9.51,7.133,3.712,3.709,3.709,2.781,105.0,105.0,105.0,79.0,2.28,87.4,38.64,4.7,3.503,2.0,-1.0,13.81,0.002,0.284,3.0,2.0,0.0,0.0,16.34,16.36,16.7,16.85,16.44,16.11,15.7,18.96,17.18,17.8,18.09,18.21,17.5,17.76,18.19,18.02,16.86,16.77,17.83
2017-05-04 06:55:00-05:00,206.4379,213.02376,228.39244,199.67957,211.82077,228.79875,193.3234,215.34908,856887.0,13.23,0.0,208.3,212.1,207.9,12.09,389.9,0.0,0.0,0.0,0.0,0.0,0.0,0.0,0.0,388.5,389.6,34.9,-0.4,14.8,15.67,15.95,14.95,0.0,270.0,273.0,273.0,272.0,0.662,0.0,13.78,13.03,-0.205,13.03,0.999,6000.0,403225.0,224.0,335.0,59.96,7.0,33.0,41.0,59.0,11.87,16.32,220.6,15.87,16.65,16.89,60.0,59.5,75.6,1.0,272.0,272.0,271.0,13.41,-0.284,13.41,1915.0,415630.0,13168.0,1912.0,-1.0,0.818,0.791,0.836,9.6,9.59,9.58,7.199,3.741,3.739,3.737,2.807,106.0,106.0,106.0,79.0,2.162,81.6,14.64,4.3,3.503,2.0,-1.0,13.63,0.002,0.285,1.0,2.0,0.0,0.001,16.41,16.26,16.78,16.86,16.44,16.14,15.83,19.08,17.45,17.87,18.23,18.3,17.54,17.79,18.27,18.13,17.0,16.91,17.88
2017-05-04 06:56:00-05:00,201.49329,208.1116,222.94466,195.44234,207.05641,224.05914,188.80708,210.75215,856888.0,13.29,0.0,203.7,208.1,204.1,12.06,389.7,0.0,0.0,0.0,0.0,0.0,0.0,0.0,0.0,388.3,389.4,34.1,-0.4,14.32,15.27,15.52,14.52,0.0,270.0,273.0,273.1,272.0,0.672,0.0,13.46,12.7,-0.198,12.71,0.999,6000.0,403225.0,224.0,335.0,59.96,7.0,33.0,41.0,59.95,11.92,16.36,215.3,15.47,16.24,16.49,60.0,59.5,75.6,1.0,272.0,272.1,271.1,13.08,-0.271,13.08,1915.0,415630.0,13168.0,1912.0,-1.0,0.818,0.791,0.836,9.37,9.38,9.37,7.022,3.653,3.656,3.651,2.736,106.0,106.0,106.0,79.0,2.18,76.86,20.0,4.3,3.503,2.0,-1.0,13.81,0.002,0.284,3.0,2.0,0.0,0.0,16.49,16.26,16.83,16.83,16.44,16.2,15.9,19.23,17.64,18.08,18.41,18.42,17.65,17.8,18.32,18.23,17.16,17.01,17.96
2017-05-04 06:57:00-05:00,231.53185,239.38565,255.03922,221.5278,233.96858,253.7381,214.525,237.50871,856889.0,13.35,0.0,231.8,234.7,230.1,12.14,384.4,0.0,0.0,0.0,0.0,0.0,0.0,0.0,0.0,383.0,384.2,40.07,-0.4,17.05,17.8,18.23,17.23,0.0,269.9,273.0,273.1,271.9,0.663,0.0,15.6,14.82,-0.292,14.81,0.999,6000.0,403225.0,224.0,335.0,59.98,7.0,33.0,41.0,60.03,12.06,16.55,248.6,18.13,18.89,19.14,60.0,59.5,75.6,1.0,272.0,272.1,271.1,15.24,-0.288,15.25,1915.0,415630.0,13168.0,1912.0,-1.0,0.818,0.791,0.836,11.04,11.03,11.04,8.28,4.244,4.242,4.244,3.183,106.0,106.0,106.0,79.0,1.523,109.2,30.52,2.6,3.502,2.0,-1.0,13.81,0.002,0.285,3.0,2.0,0.0,0.0,16.62,16.34,16.96,17.06,16.57,16.31,16.04,19.47,17.91,18.35,18.64,18.52,17.69,17.89,18.42,18.39,17.32,17.19,18.13
2017-05-04 06:58:00-05:00,232.0263,240.85931,255.86823,225.10297,239.50554,259.04193,218.91585,243.8737,856890.0,13.4,0.0,229.7,237.0,232.2,12.32,384.9,0.0,0.0,0.0,0.0,0.0,0.0,0.0,0.0,383.3,384.6,40.03,-0.4,17.12,17.97,18.2,17.2,0.0,270.0,273.0,273.1,272.0,0.658,0.0,15.57,14.78,-0.3,14.77,0.999,6000.0,403225.0,224.0,335.0,59.99,7.0,33.0,41.0,58.03,12.15,16.79,245.7,18.05,18.82,19.07,60.0,59.5,75.6,1.0,272.0,272.0,271.1,15.19,-0.235,15.19,1915.0,415630.0,13168.0,1912.0,-1.0,0.818,0.791,0.836,10.92,10.92,10.93,8.19,4.204,4.204,4.205,3.152,106.0,106.0,106.0,79.0,1.637,107.8,26.19,2.8,3.503,2.0,-1.0,13.81,0.002,0.286,3.0,2.0,0.0,0.0,16.88,16.59,17.2,17.28,16.79,16.49,16.25,19.87,18.35,18.79,19.05,18.82,17.95,18.19,18.69,18.69,17.57,17.46,18.43
2017-05-04 06:59:00-05:00,191.48042,198.28731,211.6938,185.51132,197.5277,213.00006,176.88904,199.90808,856891.0,13.46,0.0,192.7,197.7,193.9,12.38,385.5,0.0,0.0,0.0,0.0,0.0,0.0,0.0,0.0,384.0,385.3,32.9,-0.4,13.85,14.6,14.9,13.9,0.0,269.7,272.9,273.0,271.7,0.655,0.0,12.84,12.14,-0.287,12.15,0.999,6000.0,403226.0,225.0,335.0,59.97,7.0,33.0,41.0,58.9,12.27,16.8,203.7,14.78,15.55,15.78,60.0,59.5,75.6,1.0,272.0,272.0,271.0,12.5,-0.184,12.5,1915.0,415631.0,13168.0,1912.0,-1.0,0.818,0.791,0.836,9.05,9.05,9.05,6.783,3.489,3.489,3.489,2.615,106.0,106.0,106.0,79.0,1.697,132.9,23.44,3.1,3.503,2.0,-1.0,13.81,0.002,0.284,3.0,2.0,0.0,0.0,16.92,16.68,17.28,17.4,16.84,16.63,16.33,20.04,18.56,19.06,19.25,18.92,18.04,18.21,18.78,18.8,17.76,17.58,18.54
2017-05-04 07:00:00-05:00,158.47508,163.90222,176.75693,153.46725,163.14706,176.09886,143.26758,163.95763,856892.0,13.51,0.0,163.0,165.6,162.7,12.4,383.8,0.0,0.0,0.0,0.0,0.0,0.0,0.0,0.0,382.5,383.5,27.37,-0.4,11.15,12.0,12.4,11.4,0.0,269.5,272.9,273.0,271.5,0.665,0.0,10.72,10.11,-0.275,10.11,0.998,6000.0,403226.0,225.0,335.0,59.97,7.0,33.0,41.0,59.9,12.04,16.68,169.5,12.24,13.02,13.25,60.0,59.5,75.6,1.0,272.0,272.0,271.0,10.43,-0.103,10.43,1915.0,415631.0,13168.0,1912.0,-1.0,0.818,0.791,0.836,7.663,7.661,7.658,5.744,2.941,2.94,2.939,2.205,106.0,106.0,106.0,79.0,2.508,82.5,30.72,4.1,3.503,2.0,-1.0,13.59,0.005,0.281,3.0,2.0,0.0,0.001,16.84,16.5,17.2,17.28,16.73,16.47,16.26,20.02,18.44,18.9,19.23,18.83,18.03,17.99,18.66,18.72,17.71,17.51,18.44
2017-05-04 07:01:00-05:00,153.65408,159.1538,172.13814,148.43555,157.48134,169.89224,138.124,157.35689,856893.0,13.57,0.0,159.7,160.8,158.0,12.17,382.5,0.0,0.0,0.0,0.0,0.0,0.0,0.0,0.0,381.1,382.2,27.0,-0.4,11.0,12.0,12.0,11.0,0.0,269.3,272.9,272.8,271.3,0.665,0.0,10.54,9.96,-0.282,9.96,0.998,6000.0,403226.0,225.0,335.0,59.97,7.0,33.3,41.0,60.0,12.0,16.54,165.0,12.06,12.82,13.08,60.0,59.5,75.6,1.0,271.8,272.0,271.0,10.28,-0.085,10.28,1915.0,415631.0,13168.0,1912.0,-1.0,0.818,0.791,0.836,7.584,7.588,7.592,5.686,2.901,2.902,2.904,2.175,106.0,106.0,106.0,79.0,1.362,91.6,25.91,2.0,3.503,2.0,-1.0,13.59,-0.002,0.283,3.0,2.0,0.0,0.001,16.72,16.35,17.0,17.0,16.5,16.31,16.06,19.93,18.32,18.85,19.15,18.63,17.79,17.79,18.45,18.56,17.56,17.39,18.27
2017-05-04 07:02:00-05:00,157.48616,163.08353,176.52007,151.8783,160.57173,173.39052,142.3894,160.30363,856894.0,13.62,0.0,164.3,164.9,162.0,12.21,383.1,0.0,0.0,0.0,0.0,0.0,0.0,0.0,0.0,381.8,382.8,27.88,-0.4,11.52,12.32,12.68,11.68,0.0,269.3,272.7,272.7,271.3,0.677,0.0,10.88,10.29,-0.075,10.28,0.999,6000.0,403226.0,225.0,335.0,59.94,7.0,33.77,41.0,60.02,12.02,16.43,169.4,12.46,13.22,13.46,60.0,59.5,75.6,1.0,271.7,272.0,271.0,10.59,-0.263,10.6,1915.0,415631.0,13168.0,1912.0,-1.0,0.818,0.791,0.836,7.809,7.805,7.806,5.852,2.992,2.99,2.991,2.242,106.0,106.0,106.0,79.0,1.53,101.8,26.06,2.4,3.503,2.0,-1.0,13.81,0.002,0.282,3.0,2.0,0.0,0.0,16.54,16.26,16.93,16.94,16.37,16.24,15.96,19.79,17.86,18.71,19.01,18.51,17.68,17.6,18.32,18.46,17.44,17.35,18.17
2017-05-04 07:03:00-05:00,164.16139,170.12428,183.50745,157.8369,166.88127,179.82283,149.03842,166.78651,856895.0,13.67,0.0,171.2,171.4,168.3,12.28,384.6,0.0,0.0,0.0,0.0,0.0,0.0,0.0,0.0,383.1,384.2,29.0,-0.4,12.0,13.0,13.0,12.0,0.0,269.0,272.3,272.4,271.0,0.662,0.0,11.3,10.7,-0.002,10.7,0.999,6000.0,403226.0,225.0,335.0,59.92,7.0,33.98,41.0,57.72,11.96,16.32,176.3,12.98,13.76,13.99,60.0,59.5,75.6,1.0,271.4,271.9,270.9,11.01,-0.366,11.02,1915.0,415631.0,13168.0,1912.0,-0.999,0.818,0.791,0.836,8.05,8.05,8.05,6.038,3.096,3.095,3.096,2.322,106.0,106.0,106.0,79.0,3.052,113.0,29.33,4.5,3.503,2.0,-1.0,13.81,0.002,0.282,3.0,2.0,0.0,0.0,16.45,16.11,16.79,16.86,16.29,16.18,15.95,19.62,17.72,18.47,18.8,18.43,17.58,17.46,18.23,18.4,17.36,17.37,18.12
2017-05-04 07:04:00-05:00,164.28502,170.28802,183.86272,157.8369,166.88127,179.14575,148.03479,165.96143,856896.0,13.72,0.0,171.2,170.9,167.8,12.12,389.5,0.0,0.0,0.0,0.0,0.0,0.0,0.0,0.0,388.1,389.2,27.72,-0.4,11.8,12.23,13.0,12.0,0.0,268.9,272.1,272.1,270.9,0.665,0.0,10.98,10.35,-0.035,10.35,0.999,6000.0,403226.0,225.0,335.0,59.93,7.0,34.0,41.0,58.47,11.98,16.32,175.8,12.54,13.33,13.55,60.0,59.5,75.6,1.0,271.0,271.7,270.7,10.66,-0.306,10.66,1915.0,415631.0,13168.0,1912.0,-1.0,0.818,0.791,0.836,7.713,7.702,7.702,5.78,3.004,3.0,3.0,2.251,106.0,106.0,106.0,79.0,2.402,84.3,37.2,3.5,3.503,2.0,-1.0,13.81,0.002,0.282,3.0,2.0,0.0,0.0,16.44,16.05,16.7,16.66,16.13,16.05,15.95,19.54,17.66,18.18,18.73,18.36,17.48,17.37,18.15,18.35,17.29,17.38,18.08
2017-05-04 07:05:00-05:00,166.63371,173.07158,186.1129,159.95552,168.94154,180.95131,149.28932,167.72948,856897.0,13.76,0.0,173.6,172.8,169.8,12.17,391.8,0.0,0.0,0.0,0.0,0.0,0.0,0.0,0.0,390.4,391.5,27.3,-0.4,11.63,12.03,13.0,12.0,0.0,269.0,272.1,272.0,271.0,0.66,0.0,10.91,10.28,-0.107,10.29,0.998,6000.0,403227.0,226.0,335.0,59.95,7.0,34.0,41.0,59.0,11.95,16.26,178.1,12.48,13.25,13.49,60.0,59.5,75.6,1.0,271.0,271.6,270.4,10.6,-0.24,10.6,1915.0,415632.0,13168.0,1912.0,-1.0,0.818,0.791,0.836,7.619,7.619,7.631,5.723,2.985,2.985,2.99,2.242,106.0,106.0,106.0,79.0,1.118,95.1,47.07,2.6,3.503,2.0,-1.0,13.81,0.002,0.282,3.0,2.0,0.0,0.0,16.37,15.96,16.67,16.59,16.05,16.05,15.95,19.37,17.27,17.92,18.52,18.3,17.41,17.31,18.1,18.27,17.16,17.35,17.99
2017-05-04 07:06:00-05:00,168.36433,175.03644,187.88934,161.54448,171.00182,182.41833,150.4184,169.85115,856898.0,13.83,0.0,175.0,174.1,171.0,12.21,392.6,0.0,0.0,0.0,0.0,0.0,0.0,0.0,0.0,391.3,392.4,27.38,-0.4,11.45,12.32,13.0,12.0,0.0,269.6,272.8,272.8,271.6,0.685,0.0,10.93,10.28,-0.113,10.29,0.998,6000.0,403227.0,226.0,335.0,59.95,7.0,34.0,41.0,59.58,11.96,16.21,179.1,12.49,13.25,13.49,60.0,59.5,75.6,1.0,271.9,271.9,270.9,10.62,-0.241,10.62,1915.0,415632.0,13168.0,1912.0,-1.0,0.818,0.791,0.836,7.625,7.635,7.632,5.714,2.994,2.997,2.996,2.244,106.0,106.0,106.0,79.0,2.425,83.5,27.76,4.9,3.503,2.0,-1.0,13.61,-0.003,0.283,1.0,2.0,0.0,0.001,16.35,15.93,16.61,16.58,15.94,16.05,15.95,19.24,17.2,17.81,18.4,18.24,17.35,17.33,18.07,18.23,17.14,17.35,17.94
2017-05-04 07:07:00-05:00,170.83664,177.81999,190.37639,163.6631,173.19084,184.22389,151.67294,171.85493,856899.0,13.88,0.0,177.4,176.0,172.9,12.11,385.9,0.0,0.0,0.0,0.0,0.0,0.0,0.0,0.0,384.4,385.6,29.92,-0.4,12.55,13.43,13.55,12.55,0.0,269.6,273.0,272.9,271.6,0.672,0.0,11.67,11.04,-0.222,11.04,0.999,6000.0,403227.0,226.0,335.0,59.96,7.0,34.0,41.0,60.0,11.98,16.18,181.3,13.4,14.18,14.44,60.0,59.5,75.6,1.0,271.9,272.0,271.0,11.38,-0.191,11.39,1915.0,415632.0,13168.0,1912.0,-1.0,0.818,0.791,0.836,8.31,8.32,8.31,6.228,3.205,3.207,3.203,2.402,106.0,106.0,106.0,79.0,1.91,51.73,30.4,3.1,3.503,2.0,-1.0,13.81,0.002,0.283,3.0,2.0,0.0,0.0,16.34,15.82,16.53,16.49,15.94,15.96,15.87,19.13,16.89,17.57,18.3,18.14,17.21,17.24,17.98,18.21,16.99,17.36,17.9
2017-05-04 07:08:00-05:00,178.25356,185.67944,198.07433,170.68102,180.6593,191.67184,158.07106,178.92715,856900.0,13.92,0.0,184.8,183.3,180.1,12.1,381.2,0.0,0.0,0.0,0.0,0.0,0.0,0.0,0.0,379.8,381.0,32.3,-0.4,13.42,14.0,14.62,13.62,0.0,270.0,273.4,273.4,272.0,0.67,0.0,12.48,11.84,-0.29,11.83,0.999,6000.0,403227.0,226.0,335.0,59.97,7.0,34.0,41.0,60.1,11.99,16.22,188.6,14.38,15.14,15.4,60.0,59.5,75.6,1.0,272.0,272.8,271.4,12.19,-0.163,12.2,1915.0,415632.0,13168.0,1912.0,-1.0,0.818,0.791,0.836,8.97,8.97,8.97,6.726,3.42,3.419,3.42,2.564,106.0,106.0,106.0,80.0,1.677,68.79,15.27,3.1,3.503,2.0,-1.0,13.81,0.002,0.283,3.0,2.0,0.0,0.0,16.37,15.85,16.59,16.48,15.98,16.03,15.9,19.01,16.98,17.48,18.17,18.11,17.21,17.26,17.95,18.17,17.04,17.37,17.85
2017-05-04 07:09:00-05:00,184.9288,192.55644,204.82486,177.03685,187.87022,198.10417,163.46555,185.29214,856901.0,13.96,0.0,191.2,189.5,186.1,12.06,383.8,0.0,0.0,0.0,0.0,0.0,0.0,0.0,0.0,382.3,383.5,33.18,-0.4,13.9,14.7,15.0,14.0,0.0,270.0,273.0,273.1,272.0,0.682,0.0,12.88,12.21,-0.27,12.2,0.999,6000.0,403227.0,226.0,335.0,59.97,7.0,34.0,41.0,58.02,11.97,16.3,194.8,14.83,15.61,15.84,60.0,59.5,75.6,1.0,272.0,272.1,271.1,12.56,-0.211,12.56,1915.0,415632.0,13168.0,1912.0,-1.0,0.818,0.791,0.836,9.16,9.15,9.16,6.865,3.515,3.513,3.516,2.634,106.0,106.0,106.0,80.0,1.833,94.8,23.26,3.4,3.503,2.0,-1.0,13.81,0.002,0.283,3.0,2.0,0.0,0.0,16.44,15.91,16.71,16.51,16.12,16.06,15.97,19.04,16.96,17.57,18.19,18.18,17.3,17.34,18.03,18.24,17.1,17.47,17.9
2017-05-04 07:10:00-05:00,185.42326,193.04767,205.0617,177.16928,188.2565,197.76562,162.58736,185.29214,856902.0,14.0,0.0,191.5,189.4,186.0,12.1,388.7,0.0,0.0,0.0,0.0,0.0,0.0,0.0,0.0,387.3,388.5,32.0,-0.4,13.42,14.02,14.95,13.95,0.0,270.0,273.0,273.3,272.0,0.673,0.0,12.61,11.92,-0.187,11.91,0.999,6000.0,403228.0,227.0,335.0,59.96,7.0,34.0,41.62,58.58,11.99,16.4,194.9,14.49,15.24,15.49,60.0,59.5,75.6,1.0,272.0,272.1,271.2,12.27,-0.266,12.27,1915.0,415633.0,13168.0,1912.0,-1.0,0.818,0.791,0.836,8.83,8.84,8.85,6.619,3.432,3.435,3.439,2.573,106.0,106.0,106.0,80.0,1.422,63.6,21.68,2.7,3.503,2.0,-1.0,13.81,0.002,0.283,3.0,2.0,0.0,0.0,16.5,16.02,16.76,16.59,16.19,16.23,16.08,19.14,17.16,17.61,18.3,18.27,17.44,17.44,18.12,18.31,17.2,17.58,17.99
2017-05-04 07:11:00-05:00,189.87341,197.79608,209.56206,181.14168,192.5058,201.60245,166.10005,189.06401,856903.0,14.04,0.0,196.3,193.7,190.2,12.11,378.6,0.0,0.0,0.0,0.0,0.0,0.0,0.0,0.0,377.1,378.3,34.43,-0.4,14.05,14.98,15.65,14.65,0.0,270.0,273.0,273.2,272.0,0.673,0.0,13.19,12.53,-0.248,12.54,0.999,6000.0,403228.0,227.0,335.0,59.97,7.0,34.0,41.53,59.35,12.09,16.44,199.6,15.25,16.01,16.25,60.0,59.5,75.6,1.0,272.0,272.2,271.2,12.89,-0.224,12.9,1915.0,415633.0,13168.0,1912.0,-1.0,0.818,0.791,0.836,9.53,9.54,9.53,7.145,3.606,3.608,3.607,2.704,106.0,106.0,106.0,80.0,1.542,46.65,21.33,2.9,3.503,2.0,-1.0,13.81,0.001,0.283,3.0,2.0,0.0,0.0,16.6,16.08,16.87,16.71,16.3,16.29,16.21,19.22,17.25,17.65,18.39,18.37,17.54,17.55,18.22,18.38,17.19,17.65,18.05
2017-05-04 07:12:00-05:00,196.42505,205.00058,216.66786,187.49753,199.58795,208.599,172.37271,196.48984,856904.0,14.08,0.0,203.4,200.6,197.0,12.16,371.4,0.0,0.0,0.0,0.0,0.0,0.0,0.0,0.0,370.0,371.0,36.12,-0.4,14.95,15.62,16.0,15.0,0.0,270.0,273.0,273.0,272.0,0.665,0.0,13.63,13.01,-0.3,13.01,0.999,6000.0,403228.0,227.0,335.0,59.98,7.0,34.0,42.0,60.0,12.12,16.55,206.6,15.84,16.64,16.86,60.0,59.5,75.6,1.0,272.0,272.0,271.0,13.39,-0.194,13.39,1915.0,415633.0,13168.0,1912.0,-1.0,0.818,0.791,0.836,10.06,10.06,10.06,7.539,3.735,3.734,3.735,2.8,107.0,106.0,106.0,80.0,1.743,101.9,30.33,3.1,3.503,2.0,-1.0,13.76,0.002,0.283,3.0,2.0,0.0,0.0,16.7,16.2,16.93,16.79,16.55,16.38,16.26,19.34,17.47,17.8,18.54,18.48,17.63,17.69,18.33,18.48,17.29,17.76,18.12
2017-05-04 07:13:00-05:00,199.2682,207.94788,219.39175,190.41063,202.80711,211.98444,174.75632,199.7902,856905.0,14.11,0.0,205.9,204.0,200.3,12.21,378.6,0.0,0.0,0.0,0.0,0.0,0.0,0.0,0.0,377.3,378.5,36.55,-0.4,15.08,16.0,16.5,15.5,0.0,269.9,273.0,273.0,271.9,0.652,0.0,14.02,13.35,-0.3,13.36,0.998,6000.0,403228.0,227.0,335.0,59.98,7.0,34.0,42.0,59.3,12.21,16.64,209.0,16.28,17.06,17.28,60.0,59.5,75.6,1.0,272.0,272.0,271.0,13.73,-0.202,13.73,1915.0,415633.0,13168.0,1912.0,-1.0,0.818,0.791,0.836,10.11,10.11,10.11,7.579,3.827,3.827,3.827,2.869,107.0,107.0,107.0,80.0,1.87,101.1,31.59,3.3,3.504,2.0,-1.0,13.81,0.002,0.284,3.0,2.0,0.0,0.0,16.79,16.27,17.07,16.93,16.69,16.5,16.39,19.56,17.7,18.03,18.77,18.64,17.84,17.85,18.5,18.61,17.56,17.91,18.25
2017-05-04 07:14:00-05:00,190.86234,199.106,210.1542,182.4658,194.4373,202.95662,165.47278,190.94992,856906.0,14.15,0.0,197.6,195.7,192.1,12.3,378.7,0.0,0.0,0.0,0.0,0.0,0.0,0.0,0.0,377.3,378.3,35.1,-0.4,14.67,15.25,16.0,15.0,0.0,270.0,273.0,273.0,272.0,0.648,0.0,13.46,12.81,-0.297,12.81,0.998,6000.0,403228.0,227.0,335.0,59.98,7.0,34.0,42.0,57.88,12.32,16.81,199.9,15.58,16.38,16.62,60.0,59.5,75.6,1.0,272.0,272.1,271.1,13.18,-0.202,13.18,1915.0,415633.0,13168.0,1912.0,-1.0,0.818,0.791,0.836,9.71,9.71,9.71,7.282,3.678,3.676,3.677,2.757,107.0,107.0,107.0,80.0,2.088,97.3,31.69,4.3,3.503,2.0,-1.0,13.81,0.002,0.284,3.0,2.0,0.0,0.0,16.99,16.35,17.18,17.0,16.84,16.53,16.54,19.67,17.69,18.12,18.88,18.81,17.97,18.04,18.67,18.77,17.73,18.05,18.4
2017-05-04 07:15:00-05:00,187.15388,195.17627,206.24602,179.15547,190.83185,198.66841,161.20738,186.58873,856907.0,14.18,0.0,194.2,191.9,188.5,12.3,376.7,0.0,0.0,0.0,0.0,0.0,0.0,0.0,0.0,375.4,376.4,34.75,-0.4,14.0,15.0,15.28,14.28,0.0,270.0,273.0,273.0,272.0,0.653,0.0,13.17,12.54,-0.3,12.54,0.999,6000.0,403229.0,228.0,335.0,59.98,7.0,34.0,42.0,59.0,12.27,16.85,196.2,15.27,16.06,16.33,60.0,59.5,75.6,1.0,272.0,272.0,271.0,12.93,-0.175,12.93,1915.0,415634.0,13168.0,1912.0,-1.0,0.818,0.791,0.836,9.59,9.59,9.59,7.188,3.612,3.611,3.612,2.708,107.0,107.0,107.0,80.0,1.988,101.3,19.25,3.1,3.502,2.0,-1.0,13.81,0.002,0.283,3.0,2.0,0.0,0.0,17.06,16.3,17.23,17.08,16.95,16.55,16.6,19.75,17.92,18.22,18.98,18.85,17.99,18.05,18.72,18.85,17.72,18.08,18.46
2017-05-04 07:16:00-05:00,185.17603,193.04767,204.11427,177.3017,189.15788,196.2986,158.82376,184.58493,856908.0,14.22,0.0,192.5,189.9,186.4,12.2,376.4,0.0,0.0,0.0,0.0,0.0,0.0,0.0,0.0,375.0,376.0,34.05,-0.4,14.0,15.0,15.0,14.0,0.0,270.9,273.9,273.9,272.9,0.637,0.0,13.09,12.46,-0.3,12.46,0.998,6000.0,403229.0,228.0,335.0,59.98,7.0,34.0,42.0,59.93,12.3,16.97,194.1,15.06,15.88,16.13,60.0,59.5,75.6,1.0,272.9,272.9,271.9,12.81,-0.169,12.81,1915.0,415634.0,13168.0,1912.0,-1.0,0.818,0.791,0.836,9.51,9.51,9.51,7.13,3.579,3.579,3.58,2.684,107.0,107.0,107.0,80.0,2.907,60.87,22.28,4.3,3.502,2.0,-1.0,13.81,0.002,0.283,3.0,2.0,0.0,0.0,17.17,16.42,17.31,17.11,17.08,16.63,16.63,19.79,17.9,18.29,19.03,18.84,18.02,18.01,18.72,18.88,17.8,18.11,18.49
2017-05-04 07:17:00-05:00,183.69264,191.41028,202.45625,175.84514,187.61267,194.49304,157.06743,182.699,856909.0,14.25,0.0,191.0,188.4,184.9,12.1,377.3,0.0,0.0,0.0,0.0,0.0,0.0,0.0,0.0,376.0,376.9,34.0,-0.4,14.0,15.0,15.0,14.0,0.0,270.6,273.6,273.6,272.6,0.637,0.0,13.01,12.35,-0.287,12.35,0.998,6000.0,403229.0,228.0,335.0,59.98,7.0,34.0,42.0,60.08,12.35,17.02,192.4,14.99,15.79,16.01,60.0,59.5,75.6,1.0,272.7,272.8,271.8,12.71,-0.185,12.71,1915.0,415634.0,13168.0,1912.0,-1.0,0.818,0.791,0.836,9.42,9.42,9.42,7.062,3.555,3.554,3.553,2.664,107.0,107.0,107.0,80.0,1.955,102.4,39.83,3.6,3.502,2.0,-1.0,13.4,-0.014,0.286,1.0,2.0,0.0,0.001,17.25,16.48,17.32,17.07,17.03,16.69,16.63,19.79,17.92,18.25,19.01,18.83,17.95,18.04,18.72,18.9,17.77,18.13,18.51
2017-05-04 07:18:00-05:00,180.23141,187.97177,198.90335,172.79964,184.26476,190.99477,153.93109,179.28076,856910.0,14.28,0.0,187.9,185.0,181.7,12.21,378.4,0.0,0.0,0.0,0.0,0.0,0.0,0.0,0.0,377.0,378.0,33.42,-0.4,14.0,14.73,15.0,14.0,0.0,268.8,271.9,272.0,270.8,0.652,0.0,12.74,12.12,-0.187,12.12,0.998,6000.0,403229.0,228.0,335.0,59.96,7.0,34.0,42.0,57.77,12.32,17.07,188.8,14.84,15.59,15.83,60.0,59.5,75.6,1.0,270.9,271.2,270.2,12.49,-0.243,12.49,1915.0,415634.0,13168.0,1912.0,-1.0,0.818,0.791,0.836,9.23,9.23,9.23,6.92,3.492,3.492,3.492,2.619,107.0,107.0,107.0,80.0,1.35,63.76,33.81,2.5,3.502,2.0,-1.0,13.49,0.016,0.287,1.0,2.0,0.0,0.001,17.3,16.48,17.39,17.16,17.11,16.72,16.63,19.88,18.07,18.47,19.11,18.82,17.95,18.05,18.76,18.94,17.78,18.16,18.54
2017-05-04 07:19:00-05:00,174.29787,181.58598,192.74498,167.23825,178.08395,184.90099,148.5366,173.74086,856911.0,14.31,0.0,182.1,179.1,175.9,12.31,377.0,0.0,0.0,0.0,0.0,0.0,0.0,0.0,0.0,375.7,376.7,32.17,-0.4,13.08,14.0,14.37,13.37,0.0,268.8,271.9,271.9,270.8,0.65,0.0,12.33,11.73,-0.268,11.72,0.999,6000.0,403229.0,228.0,335.0,59.97,7.0,34.0,42.0,58.62,12.28,17.11,182.8,14.31,15.09,15.31,60.0,59.5,75.6,1.0,270.9,271.0,270.0,12.07,-0.18,12.07,1915.0,415634.0,13168.0,1912.0,-1.0,0.818,0.791,0.836,8.97,8.96,8.96,6.72,3.38,3.379,3.379,2.533,107.0,107.0,107.0,80.0,1.18,97.7,30.29,2.0,3.503,2.0,-1.0,13.81,0.002,0.283,3.0,2.0,0.0,0.0,17.32,16.53,17.41,17.23,17.11,16.72,16.7,19.97,18.15,18.63,19.22,18.88,18.07,18.14,18.81,18.97,17.82,18.23,18.57
2017-05-04 07:20:00-05:00,168.85878,175.85512,187.17876,161.54448,172.28947,179.25859,144.14574,168.55457,856912.0,14.34,0.0,176.8,173.7,170.7,12.35,377.2,0.0,0.0,0.0,0.0,0.0,0.0,0.0,0.0,376.0,377.0,31.08,-0.4,13.0,13.85,14.0,13.0,0.0,268.4,271.6,271.7,270.3,0.64,0.0,11.94,11.34,-0.3,11.34,0.999,6000.0,403230.0,229.0,335.0,59.98,7.0,34.0,42.0,59.33,12.2,17.08,177.4,13.84,14.63,14.86,60.0,59.5,75.6,1.0,270.6,271.0,269.9,11.69,-0.136,11.69,1915.0,415635.0,13168.0,1912.0,-1.0,0.818,0.791,0.836,8.69,8.69,8.69,6.511,3.277,3.276,3.276,2.456,107.0,107.0,107.0,80.0,1.158,95.2,31.61,2.4,3.503,2.0,-1.0,13.81,0.002,0.283,3.0,2.0,0.0,0.0,17.26,16.56,17.41,17.29,17.13,16.82,16.72,20.03,18.0,18.62,19.28,18.9,18.01,18.16,18.84,19.0,17.83,18.29,18.6
2017-05-04 07:21:00-05:00,163.79054,170.45175,182.08627,156.38036,167.26758,174.40614,140.63306,164.54697,856913.0,14.37,0.0,171.9,169.0,166.0,12.37,375.9,0.0,0.0,0.0,0.0,0.0,0.0,0.0,0.0,374.7,375.7,30.27,-0.4,12.47,13.0,13.58,12.58,0.0,268.3,271.6,271.7,270.3,0.65,0.0,11.56,10.99,-0.3,10.99,0.998,6000.0,403230.0,229.0,335.0,59.98,7.0,34.0,42.0,60.0,12.2,17.01,172.5,13.4,14.18,14.41,60.0,59.5,75.6,1.0,270.6,271.0,270.0,11.32,-0.104,11.32,1915.0,415635.0,13168.0,1912.0,-1.0,0.818,0.791,0.836,8.46,8.46,8.46,6.342,3.18,3.178,3.179,2.384,107.0,107.0,107.0,80.0,1.758,64.18,30.37,2.9,3.503,2.0,-1.0,13.81,0.002,0.282,3.0,2.0,0.0,0.0,17.21,16.53,17.42,17.31,17.11,16.82,16.61,19.87,17.44,18.33,19.06,18.85,17.88,18.11,18.79,18.9,17.64,18.19,18.52
2017-05-04 07:22:00-05:00,159.83485,166.35829,178.41493,152.67279,163.7909,171.24641,138.50035,161.7181,856914.0,14.4,0.0,168.3,165.5,162.6,12.29,375.7,0.0,0.0,0.0,0.0,0.0,0.0,0.0,0.0,374.5,375.5,29.8,-0.4,12.0,13.0,13.0,12.0,0.0,268.6,271.9,271.9,270.6,0.64,0.0,11.3,10.72,-0.22,10.72,0.998,6000.0,403230.0,229.0,335.0,59.97,7.0,34.0,42.0,60.12,12.27,16.96,168.9,13.08,13.85,14.06,60.0,59.5,75.6,1.0,270.8,271.0,270.0,11.06,-0.171,11.06,1915.0,415635.0,13168.0,1912.0,-1.0,0.818,0.791,0.836,8.28,8.28,8.27,6.204,3.109,3.11,3.109,2.331,107.0,107.0,107.0,80.0,1.44,73.65,36.91,2.9,3.503,2.0,-1.0,13.81,0.002,0.282,3.0,2.0,0.0,0.0,17.13,16.48,17.34,17.15,17.1,16.79,16.49,19.64,17.53,18.11,18.86,18.71,17.82,18.0,18.63,18.78,17.51,18.09,18.39
2017-05-04 07:23:00-05:00,157.60979,164.06596,176.40163,150.81898,161.4731,169.44084,137.8731,160.0679,856915.0,14.43,0.0,166.2,163.5,160.8,12.21,377.1,0.0,0.0,0.0,0.0,0.0,0.0,0.0,0.0,376.0,377.0,29.0,-0.4,12.0,13.0,13.0,12.0,0.0,268.4,271.7,271.7,270.4,0.652,0.0,11.16,10.61,-0.19,10.61,0.998,6000.0,403230.0,229.0,335.0,59.96,7.0,34.0,42.0,57.97,12.21,16.85,166.8,12.91,13.67,13.91,60.0,59.5,75.6,1.0,270.6,270.9,269.9,10.92,-0.206,10.92,1915.0,415635.0,13168.0,1912.0,-1.0,0.818,0.791,0.836,8.14,8.15,8.14,6.103,3.07,3.071,3.071,2.301,107.0,107.0,107.0,80.0,1.675,92.4,32.12,3.8,3.503,2.0,-1.0,13.81,0.001,0.282,1.0,2.0,0.0,0.001,17.05,16.35,17.29,17.03,17.0,16.67,16.39,19.62,17.59,18.13,18.84,18.63,17.7,17.89,18.55,18.71,17.57,18.02,18.31
2017-05-04 07:24:00-05:00,156.9917,162.91977,176.04634,149.89209,160.82927,168.98946,138.24944,159.59642,856916.0,14.46,0.0,165.5,162.8,160.0,12.29,377.1,0.0,0.0,0.0,0.0,0.0,0.0,0.0,0.0,376.0,377.0,29.0,-0.4,12.0,13.0,13.0,12.0,0.0,268.0,271.1,271.2,270.0,0.63,0.0,11.09,10.54,-0.133,10.55,0.997,6000.0,403230.0,229.0,335.0,59.95,7.0,34.0,42.0,58.27,12.13,16.66,166.3,12.86,13.64,13.85,60.0,59.5,75.6,1.0,270.1,270.1,269.2,10.87,-0.247,10.88,1915.0,415635.0,13168.0,1912.0,-1.0,0.818,0.791,0.836,8.12,8.11,8.11,6.081,3.061,3.059,3.058,2.294,107.0,107.0,107.0,80.0,2.258,116.4,20.16,3.5,3.503,2.0,-1.0,13.49,0.003,0.283,1.0,2.0,0.0,0.001,16.77,16.25,17.19,16.95,16.9,16.56,16.35,19.62,17.55,18.2,18.86,18.57,17.62,17.75,18.47,18.64,17.51,17.96,18.25
2017-05-04 07:25:00-05:00,158.84593,165.04839,178.41493,151.48105,162.63199,171.58496,141.13486,162.07169,856917.0,14.48,0.0,167.6,165.0,162.1,12.3,376.9,0.0,0.0,0.0,0.0,0.0,0.0,0.0,0.0,375.6,376.6,29.43,-0.433,11.8,12.97,13.0,12.0,0.0,274.6,277.6,277.6,276.6,0.58,0.0,11.24,10.67,-0.233,10.68,0.998,6000.0,403230.0,229.0,335.0,59.97,7.0,34.0,42.0,59.0,12.15,16.62,168.4,12.65,13.54,13.71,60.0,59.5,75.6,1.0,276.6,276.6,275.6,10.99,-0.161,10.99,1915.0,415636.0,13168.0,1912.0,-1.0,0.818,0.791,0.836,8.21,8.21,8.22,6.157,3.095,3.095,3.097,2.321,107.0,107.0,107.0,80.0,1.732,97.3,19.84,2.7,3.503,2.0,-1.0,13.81,0.002,0.282,3.0,2.0,0.0,0.0,16.76,16.14,17.11,16.92,16.82,16.46,16.3,19.6,17.49,18.16,18.82,18.48,17.63,17.62,18.39,18.64,17.54,17.95,18.23
2017-05-04 07:26:00-05:00,165.7684,172.41663,186.46819,158.36656,169.84291,179.82283,149.66568,170.20474,856918.0,14.51,0.0,175.2,172.8,169.7,12.34,378.4,0.0,0.0,0.0,0.0,0.0,0.0,0.0,0.0,377.0,378.1,30.58,-0.428,12.13,13.07,13.18,12.18,0.0,276.7,279.6,280.3,278.6,0.548,0.0,11.76,11.15,-0.3,11.18,0.997,6000.0,403231.0,230.0,335.0,59.98,7.0,34.0,42.0,59.62,12.2,16.62,176.5,13.12,14.08,14.22,60.0,59.5,75.6,1.0,278.8,278.6,278.1,11.49,-0.098,11.49,1915.0,415636.0,13168.0,1912.0,-1.0,0.818,0.791,0.836,8.55,8.55,8.55,6.409,3.236,3.236,3.236,2.425,107.0,107.0,107.0,80.0,1.073,72.86,26.06,1.8,3.503,2.0,-1.0,13.81,0.002,0.282,3.0,2.0,0.0,0.0,16.69,16.14,17.11,16.92,16.82,16.43,16.24,19.48,17.23,17.99,18.66,18.45,17.61,17.62,18.35,18.61,17.4,17.93,18.2
2017-05-04 07:27:00-05:00,179.3661,186.49814,201.74567,172.40239,184.13599,195.96005,165.34734,185.5279,856919.0,14.54,0.0,189.2,187.8,184.3,12.31,379.2,0.0,0.0,0.0,0.0,0.0,0.0,0.0,0.0,377.7,378.8,32.9,-0.427,13.27,14.27,14.38,13.38,0.0,277.0,280.0,280.0,278.9,0.563,0.0,12.71,12.05,-0.272,12.07,0.998,6000.0,403231.0,230.0,335.0,59.97,7.0,34.0,42.0,60.0,12.2,16.64,191.3,14.21,15.17,15.33,60.0,59.5,75.6,1.0,279.0,278.9,278.0,12.41,-0.195,12.42,1915.0,415636.0,13168.0,1912.0,-1.0,0.818,0.791,0.836,9.18,9.17,9.17,6.879,3.481,3.479,3.478,2.609,107.0,107.0,107.0,80.0,1.547,73.76,18.8,3.0,3.503,2.0,-1.0,13.81,0.002,0.283,3.0,2.0,0.0,0.0,16.72,16.24,17.13,16.9,16.89,16.51,16.29,19.47,17.41,17.85,18.66,18.47,17.6,17.64,18.38,18.63,17.46,17.96,18.21
2017-05-04 07:28:00-05:00,182.4565,189.7729,205.18015,176.24239,187.74144,200.47397,170.11456,189.77122,856920.0,14.56,0.0,192.0,191.6,188.0,12.29,383.7,0.0,0.0,0.0,0.0,0.0,0.0,0.0,0.0,382.2,383.6,33.23,-0.403,13.18,14.17,14.5,13.5,0.0,277.0,280.0,280.0,279.0,0.572,0.0,12.92,12.22,-0.3,12.23,0.998,6000.0,403231.0,230.0,335.0,59.98,7.0,34.0,42.28,59.63,12.25,16.67,194.3,14.41,15.34,15.52,60.0,59.5,75.6,1.0,279.0,279.0,278.0,12.58,-0.151,12.58,1915.0,415636.0,13168.0,1912.0,-1.0,0.818,0.791,0.836,9.19,9.19,9.19,6.892,3.526,3.526,3.527,2.644,107.0,107.0,107.0,80.0,2.118,80.7,17.85,4.2,3.503,2.0,-1.0,13.81,0.002,0.283,3.0,2.0,0.0,0.0,16.77,16.28,17.29,17.02,16.95,16.63,16.35,19.56,17.55,17.95,18.76,18.51,17.7,17.66,18.44,18.71,17.49,18.03,18.28
2017-05-04 07:29:00-05:00,178.5008,185.18822,200.56137,173.06445,184.13599,196.75,166.72733,185.8815,856921.0,14.59,0.0,187.4,187.6,184.2,12.2,380.1,0.0,0.0,0.0,0.0,0.0,0.0,0.0,0.0,378.9,380.0,32.9,-0.418,13.0,14.0,14.03,13.03,0.0,276.9,280.0,280.0,278.9,0.585,0.0,12.68,12.03,-0.22,12.04,0.998,6000.0,403231.0,230.0,335.0,59.96,7.0,34.0,42.52,58.03,12.21,16.66,189.6,14.2,15.13,15.3,60.0,59.5,75.6,1.0,279.0,279.0,278.0,12.39,-0.214,12.39,1915.0,415636.0,13168.0,1912.0,-1.0,0.818,0.791,0.836,9.13,9.12,9.12,6.842,3.47,3.468,3.469,2.601,107.0,107.0,107.0,80.0,1.845,64.85,28.6,3.2,3.503,2.0,-1.0,13.61,-0.004,0.283,1.0,2.0,0.0,0.001,16.72,16.33,17.26,16.95,16.95,16.63,16.33,19.6,17.52,17.79,18.83,18.52,17.72,17.68,18.45,18.76,17.5,18.03,18.33
2017-05-04 07:30:00-05:00,179.48972,186.17065,201.74567,173.99135,184.90858,197.53993,167.6055,186.2351,856922.0,14.61,0.0,188.5,188.3,184.8,12.26,383.6,0.0,0.0,0.0,0.0,0.0,0.0,0.0,0.0,382.0,383.4,32.53,-0.402,13.0,14.0,14.0,13.0,0.0,277.0,280.0,280.1,279.0,0.597,0.0,12.69,11.98,-0.17,11.99,0.998,6000.0,403231.0,230.0,335.0,59.95,7.0,34.0,42.72,59.0,12.25,16.65,190.9,14.15,15.08,15.24,60.0,59.5,75.6,1.0,279.0,279.0,278.0,12.35,-0.271,12.36,1915.0,415637.0,13168.0,1912.0,-1.0,0.818,0.791,0.836,9.03,9.02,9.03,6.767,3.462,3.458,3.462,2.596,108.0,108.0,108.0,80.0,1.675,85.3,46.86,3.1,3.503,2.0,-1.0,13.7,0.007,0.284,3.0,2.0,0.0,0.0,16.78,16.38,17.24,16.98,16.92,16.72,16.35,19.58,17.47,17.88,18.82,18.5,17.67,17.69,18.44,18.75,17.51,18.01,18.31
2017-05-04 07:31:00-05:00,185.54688,192.55644,208.61461,180.21478,191.21814,204.53648,174.25452,192.36438,856923.0,14.64,0.0,194.8,194.6,191.1,12.31,383.4,0.0,0.0,0.0,0.0,0.0,0.0,0.0,0.0,381.9,383.1,33.9,-0.412,13.63,14.7,14.97,13.97,0.0,276.8,279.9,280.3,278.8,0.597,0.0,13.15,12.44,-0.068,12.45,0.999,6000.0,403232.0,231.0,335.0,59.94,7.0,34.0,43.0,59.92,12.31,16.67,197.5,14.71,15.65,15.78,60.0,59.5,75.6,1.0,278.9,278.9,277.9,12.81,-0.376,12.82,1915.0,415637.0,13168.0,1912.0,-1.0,0.818,0.791,0.836,9.35,9.35,9.35,7.006,3.585,3.585,3.583,2.686,108.0,108.0,108.0,81.0,1.357,67.22,31.39,3.4,3.504,2.0,-1.0,13.78,0.002,0.284,3.0,2.0,0.0,0.0,16.86,16.37,17.29,17.03,16.92,16.72,16.43,19.64,17.64,18.05,18.88,18.5,17.8,17.71,18.47,18.81,17.61,18.06,18.35
2017-05-04 07:32:00-05:00,199.51543,206.8017,224.01053,194.51544,205.38245,220.44801,189.93616,207.33391,856924.0,14.66,0.0,209.5,209.9,206.0,12.37,383.4,0.0,0.0,0.0,0.0,0.0,0.0,0.0,0.0,382.0,383.1,36.55,-0.415,14.9,15.9,16.02,15.02,0.0,277.0,280.1,281.0,279.0,0.603,0.0,14.21,13.49,-0.015,13.48,0.999,6000.0,403232.0,231.0,335.0,59.93,7.0,34.73,43.0,60.12,12.4,16.76,213.9,15.92,16.87,17.0,60.0,59.5,75.6,1.0,279.1,279.1,278.7,13.85,-0.465,13.86,1915.0,415637.0,13168.0,1912.0,-0.999,0.818,0.791,0.836,10.1,10.1,10.1,7.576,3.872,3.871,3.873,2.904,108.0,108.0,108.0,81.0,1.598,100.0,39.05,2.7,3.503,2.0,-1.0,13.77,0.002,0.285,3.0,2.0,0.0,0.0,16.89,16.48,17.31,17.11,16.89,16.72,16.5,19.78,17.61,18.22,18.98,18.6,17.93,17.85,18.58,18.93,17.73,18.19,18.49
2017-05-04 07:33:00-05:00,200.8752,208.9303,226.49756,196.23683,208.21532,222.81783,192.82158,210.75215,856925.0,14.68,0.0,210.6,211.1,207.1,12.46,382.0,0.0,0.0,0.0,0.0,0.0,0.0,0.0,0.0,380.6,381.6,37.02,-0.42,15.03,16.05,16.23,15.23,0.0,277.0,280.0,281.0,279.0,0.61,0.0,14.34,13.64,0.0,13.64,0.999,6000.0,403232.0,231.0,335.0,59.92,7.0,35.0,43.0,58.12,12.42,16.85,214.6,16.12,17.06,17.19,60.0,59.5,75.6,1.0,279.0,279.0,278.8,14.01,-0.515,14.02,1915.0,415637.0,13168.0,1912.0,-0.999,0.818,0.791,0.836,10.21,10.21,10.21,7.657,3.901,3.901,3.901,2.925,108.0,108.0,108.0,81.0,1.685,47.11,36.18,3.1,3.503,2.0,-1.0,13.77,0.002,0.285,3.0,2.0,0.0,0.0,17.03,16.55,17.42,17.18,16.98,16.84,16.61,19.84,17.69,18.22,19.0,18.74,18.12,18.04,18.73,19.04,17.75,18.27,18.58
2017-05-04 07:34:00-05:00,204.46005,212.3688,230.40575,200.47404,212.20706,228.12167,199.2197,216.0563,856926.0,14.71,0.0,214.7,216.1,211.9,12.38,382.2,0.0,0.0,0.0,0.0,0.0,0.0,0.0,0.0,380.9,382.0,37.87,-0.408,15.33,16.35,16.43,15.43,0.0,277.0,280.0,280.9,279.0,0.597,0.0,14.63,13.9,-0.032,13.9,0.999,6000.0,403232.0,231.0,335.0,59.93,7.0,35.0,43.0,58.88,12.51,16.99,219.2,16.45,17.39,17.52,60.0,59.5,75.6,1.0,279.0,279.0,278.6,14.29,-0.457,14.3,1915.0,415638.0,13169.0,1912.0,-0.999,0.818,0.791,0.836,10.42,10.42,10.42,7.808,3.982,3.982,3.981,2.984,108.0,108.0,108.0,81.0,1.565,43.62,42.14,3.5,3.503,2.0,-1.0,13.77,0.002,0.285,3.0,2.0,0.0,0.0,17.13,16.64,17.5,17.23,17.11,16.95,16.69,19.95,17.68,18.29,19.08,18.91,18.07,18.22,18.88,19.13,17.78,18.35,18.69
2017-05-04 07:35:00-05:00,200.25711,208.1116,226.02385,195.57474,207.05641,222.59213,193.57431,210.39853,856927.0,14.73,0.0,210.3,210.6,206.6,12.43,382.8,0.0,0.0,0.0,0.0,0.0,0.0,0.0,0.0,381.4,382.7,36.83,-0.405,14.93,15.95,16.08,15.08,0.0,277.0,280.0,281.0,279.0,0.595,0.0,14.27,13.54,-0.145,13.54,0.999,6000.0,403233.0,232.0,335.0,59.95,7.0,35.0,43.0,60.0,12.51,17.11,214.9,16.0,16.95,17.07,60.0,59.5,75.6,1.0,279.0,279.0,278.9,13.93,-0.356,13.93,1915.0,415638.0,13169.0,1912.0,-1.0,0.818,0.791,0.836,10.15,10.16,10.16,7.616,3.885,3.889,3.888,2.915,108.0,108.0,108.0,81.0,1.397,83.0,36.6,2.5,3.503,2.0,-1.0,13.59,0.002,0.285,1.0,2.0,0.0,0.001,17.28,16.77,17.6,17.37,17.24,17.07,16.79,20.01,17.84,18.36,19.13,19.03,18.28,18.36,19.01,19.22,17.81,18.45,18.76
2017-05-04 07:36:00-05:00,230.17209,239.5494,259.89484,224.04366,237.31651,254.75374,222.67946,240.69121,856928.0,14.76,0.0,241.9,240.7,235.9,12.54,379.6,0.0,0.0,0.0,0.0,0.0,0.0,0.0,0.0,378.3,379.3,43.02,-0.417,17.57,18.53,18.8,17.8,0.0,275.7,278.8,279.3,277.7,0.573,0.0,16.49,15.7,-0.257,15.7,0.999,6000.0,403233.0,232.0,335.0,59.97,7.0,35.0,43.0,59.27,12.42,17.27,248.3,18.75,19.67,19.79,60.0,59.5,75.6,1.0,277.8,277.7,277.0,16.12,-0.365,16.13,1915.0,415638.0,13169.0,1912.0,-1.0,0.818,0.791,0.836,11.8,11.8,11.8,8.85,4.482,4.481,4.482,3.36,108.0,108.0,108.0,81.0,2.22,101.9,20.78,4.0,3.503,2.0,-1.0,13.77,0.002,0.286,3.0,2.0,0.0,0.0,17.39,16.92,17.78,17.6,17.46,17.26,16.97,20.26,18.23,18.56,19.41,19.25,18.51,18.6,19.26,19.43,18.07,18.62,18.97
2017-05-04 07:37:00-05:00,233.38608,242.98792,263.3293,229.20778,242.33841,260.73465,229.57938,246.93832,856929.0,14.78,0.0,244.6,246.1,241.3,12.4,380.1,0.0,0.0,0.0,0.0,0.0,0.0,0.0,0.0,378.8,379.9,43.48,-0.417,17.97,18.9,19.0,18.0,0.0,275.0,278.0,279.0,277.0,0.572,0.0,16.73,15.94,-0.252,15.93,0.999,6000.0,403233.0,232.0,335.0,59.97,7.0,35.0,43.0,58.37,12.36,17.41,250.4,19.09,20.01,20.14,60.0,59.5,75.6,1.0,277.0,277.0,276.5,16.37,-0.382,16.38,1915.0,415638.0,13169.0,1912.0,-1.0,0.818,0.791,0.836,11.94,11.94,11.94,8.95,4.538,4.538,4.538,3.402,108.0,108.0,108.0,81.0,1.758,66.05,29.4,4.2,3.503,2.0,-1.0,13.77,0.002,0.286,3.0,2.0,0.0,0.0,17.55,17.05,17.96,17.68,17.65,17.41,17.16,20.61,18.77,18.87,19.78,19.45,18.79,18.76,19.46,19.69,18.33,18.82,19.22
2017-05-04 07:38:00-05:00,275.66257,287.1973,311.05667,270.12354,284.1875,307.34076,274.24072,290.6682,856930.0,14.81,0.0,289.9,290.7,284.7,12.49,383.9,0.0,0.0,0.0,0.0,0.0,0.0,0.0,0.0,382.3,383.5,51.3,-0.418,21.6,22.47,22.75,21.75,0.0,275.0,278.0,278.7,277.0,0.573,0.0,19.89,18.94,-0.245,18.93,0.999,6000.0,403233.0,232.0,335.0,59.96,7.0,35.0,43.0,59.67,12.49,17.71,299.6,22.8,23.7,23.84,60.0,59.5,75.6,1.0,277.0,277.0,276.0,19.43,-0.521,19.44,1915.0,415639.0,13169.0,1912.0,-1.0,0.818,0.791,0.836,14.03,14.03,14.04,10.52,5.385,5.385,5.388,4.04,108.0,108.0,108.0,81.0,2.075,72.79,28.96,5.1,3.503,2.0,-1.0,13.77,0.002,0.288,3.0,2.0,0.0,0.0,17.81,17.28,18.22,17.99,17.95,17.64,17.41,21.03,18.94,19.26,20.19,19.76,19.03,19.05,19.76,20.03,18.63,19.09,19.54
2017-05-04 07:39:00-05:00,312.37637,327.64072,354.40207,304.28625,322.68866,345.25757,308.36398,327.44376,856931.0,14.83,0.0,327.5,324.1,317.1,12.52,384.3,0.0,0.0,0.0,0.0,0.0,0.0,0.0,0.0,382.7,384.0,58.1,-0.415,24.58,25.53,25.8,24.8,0.0,275.0,278.0,278.4,277.0,0.582,0.0,22.52,21.47,-0.18,21.46,0.999,6000.0,403234.0,233.0,335.0,59.95,7.0,35.0,43.0,58.85,12.62,18.19,337.4,25.91,26.79,26.92,60.0,59.5,75.6,1.0,277.0,277.0,276.0,21.99,-0.667,22.0,1915.0,415639.0,13169.0,1912.0,-1.0,0.818,0.791,0.836,15.74,15.74,15.74,11.79,6.048,6.048,6.046,4.532,108.0,108.0,108.0,81.0,1.978,92.4,34.56,3.9,3.503,2.0,-1.0,13.77,0.002,0.29,3.0,2.0,0.0,0.0,18.34,17.77,18.68,18.45,18.43,18.09,17.77,21.48,18.93,19.6,20.53,20.33,19.52,19.61,20.28,20.53,18.93,19.49,20.03
2017-05-04 07:40:00-05:00,284.81015,298.49524,322.66278,282.04077,299.76822,320.88248,287.91513,306.81647,856932.0,14.86,0.0,296.1,299.1,292.7,12.71,385.2,0.0,0.0,0.0,0.0,0.0,0.0,0.0,0.0,383.6,384.9,52.22,-0.417,22.08,23.05,23.17,22.17,0.0,275.0,278.0,278.1,277.0,0.558,0.0,20.31,19.3,-0.228,19.3,0.999,6000.0,403234.0,233.0,335.0,59.96,7.0,35.0,43.0,58.7,12.77,18.67,303.7,23.24,24.15,24.3,60.0,59.5,75.6,1.0,277.0,277.0,276.0,19.79,-0.546,19.8,1915.0,415639.0,13169.0,1912.0,-1.0,0.818,0.791,0.836,14.08,14.08,14.08,10.56,5.425,5.423,5.422,4.067,108.0,108.0,108.0,81.0,1.282,64.73,51.35,2.7,3.503,2.0,-1.0,13.6,-0.003,0.289,1.0,2.0,0.0,0.001,18.84,18.25,19.16,18.98,18.97,18.55,18.24,21.9,19.7,19.98,20.99,20.82,20.09,20.07,20.77,20.98,19.43,19.85,20.47
2017-05-04 07:41:00-05:00,200.38074,207.62039,225.43169,197.69336,209.11667,224.39769,197.5888,213.93465,856933.0,14.88,0.0,209.2,211.2,207.2,12.68,385.6,0.0,0.0,0.0,0.0,0.0,0.0,0.0,0.0,384.3,385.5,35.28,-0.4,14.63,15.5,15.82,14.82,0.0,274.8,277.6,278.0,276.5,0.577,0.0,13.79,13.06,-0.293,13.07,0.998,6000.0,403234.0,233.0,335.0,59.97,7.0,35.0,43.0,60.08,12.75,18.75,213.5,15.61,16.49,16.63,60.0,59.5,75.6,1.0,276.9,276.8,276.0,13.43,-0.22,13.44,1915.0,415640.0,13169.0,1912.0,-1.0,0.818,0.791,0.836,9.73,9.72,9.73,7.297,3.751,3.749,3.753,2.814,108.0,108.0,108.0,81.0,1.81,83.1,19.3,3.1,3.503,2.0,-1.0,13.63,0.007,0.286,3.0,2.0,0.0,0.0,18.95,18.33,19.26,18.96,19.03,18.61,18.3,21.98,19.7,19.98,21.11,20.91,19.99,20.17,20.88,21.04,19.36,19.9,20.56
2017-05-04 07:42:00-05:00,205.81982,213.35124,231.47163,202.72508,214.0098,230.37862,203.35965,219.12094,856934.0,14.91,0.0,215.4,217.5,213.2,12.67,385.2,0.0,0.0,0.0,0.0,0.0,0.0,0.0,0.0,383.7,385.1,36.6,-0.41,15.07,16.05,16.3,15.3,0.0,274.5,277.1,278.0,276.1,0.602,0.0,14.29,13.54,-0.237,13.54,0.999,6000.0,403235.0,234.0,335.0,59.96,7.0,35.0,43.0,57.98,12.63,18.77,220.1,16.19,17.1,17.23,60.0,59.5,75.6,1.0,276.7,276.1,276.0,13.92,-0.28,13.92,1915.0,415640.0,13169.0,1912.0,-1.0,0.818,0.791,0.836,10.1,10.09,10.1,7.571,3.891,3.888,3.892,2.916,108.0,108.0,108.0,81.0,1.943,89.0,21.54,2.7,3.503,2.0,-1.0,13.77,0.002,0.285,3.0,2.0,0.0,0.0,18.87,18.25,19.19,18.98,18.92,18.56,18.22,21.95,19.66,20.02,21.07,20.79,19.87,19.99,20.79,20.96,19.4,19.81,20.46
2017-05-04 07:43:00-05:00,218.92307,227.26901,245.92007,216.89333,228.68916,246.74153,219.0413,234.56194,856935.0,14.94,0.0,228.4,232.6,228.0,12.71,383.5,0.0,0.0,0.0,0.0,0.0,0.0,0.0,0.0,381.9,383.3,39.88,-0.422,16.5,17.43,17.68,16.68,0.0,274.8,277.3,278.0,276.3,0.573,0.0,15.46,14.66,-0.268,14.65,0.999,6000.0,403235.0,234.0,335.0,59.97,7.0,35.0,43.0,58.87,12.59,18.76,233.3,17.57,18.47,18.59,60.0,59.5,75.6,1.0,276.9,276.5,276.0,15.06,-0.321,15.06,1915.0,415640.0,13169.0,1912.0,-1.0,0.818,0.791,0.836,10.91,10.91,10.92,8.18,4.182,4.184,4.186,3.136,108.0,108.0,108.0,81.0,1.513,58.87,21.22,2.6,3.503,2.0,-1.0,13.77,0.002,0.286,3.0,2.0,0.0,0.0,18.89,18.25,19.26,19.03,18.87,18.56,18.2,21.94,19.35,19.99,21.01,20.8,19.86,20.02,20.81,20.98,19.33,19.82,20.47
2017-05-04 07:44:00-05:00,223.9913,232.50865,251.60474,221.79263,233.45352,252.38391,225.06305,239.86612,856936.0,14.97,0.0,233.6,237.7,233.0,12.64,383.8,0.0,0.0,0.0,0.0,0.0,0.0,0.0,0.0,382.5,383.6,40.45,-0.42,16.78,17.75,17.93,16.93,0.0,274.4,277.2,278.0,276.2,0.595,0.0,15.72,14.93,-0.135,14.92,0.999,6000.0,403235.0,234.0,335.0,59.95,7.0,35.0,43.0,60.0,12.81,18.89,238.8,17.9,18.82,18.94,60.0,59.5,75.6,1.0,276.5,276.1,275.9,15.33,-0.424,15.34,1915.0,415640.0,13169.0,1912.0,-1.0,0.818,0.791,0.836,11.1,11.1,11.1,8.32,4.258,4.26,4.259,3.193,109.0,109.0,109.0,81.0,2.137,69.16,16.07,3.2,3.503,2.0,-1.0,13.77,0.002,0.286,3.0,2.0,0.0,0.0,18.9,18.35,19.28,19.0,18.92,18.59,18.28,21.92,19.32,19.85,21.01,20.87,19.94,20.08,20.86,20.99,19.31,19.84,20.5
2017-05-04 07:45:00-05:00,253.90627,263.94644,285.35733,253.30705,265.3876,288.15662,260.3154,274.0485,856937.0,15.0,0.0,265.1,271.3,265.8,12.7,382.0,0.0,0.0,0.0,0.0,0.0,0.0,0.0,0.0,380.6,381.7,46.78,-0.432,19.48,20.43,20.58,19.58,0.0,274.9,277.8,278.0,276.8,0.55,0.0,18.06,17.2,-0.193,17.19,0.999,6000.0,403235.0,234.0,335.0,59.96,7.0,35.0,43.0,58.8,12.9,19.0,272.2,20.68,21.6,21.72,60.0,59.5,75.6,1.0,276.9,276.8,276.0,17.65,-0.473,17.66,1915.0,415641.0,13169.0,1912.0,-1.0,0.818,0.791,0.836,12.83,12.82,12.83,9.62,4.899,4.896,4.898,3.672,109.0,109.0,109.0,81.0,1.783,107.4,32.88,3.1,3.503,2.0,-1.0,13.77,0.002,0.287,3.0,2.0,0.0,0.0,19.05,18.46,19.41,19.24,18.98,18.74,18.3,21.99,19.43,19.88,21.11,20.95,19.93,20.11,20.96,21.08,19.31,19.88,20.58
2017-05-04 07:46:00-05:00,271.9541,283.4313,306.43787,267.87253,280.83957,304.06818,274.11523,288.54654,856938.0,15.03,0.0,285.1,286.7,280.6,12.83,381.6,0.0,0.0,0.0,0.0,0.0,0.0,0.0,0.0,380.2,381.2,50.5,-0.427,21.27,22.25,22.38,21.38,0.0,273.4,276.3,277.1,275.3,0.623,0.0,19.48,18.56,-0.197,18.55,0.999,6000.0,403236.0,235.0,335.0,59.95,7.0,35.0,43.0,58.72,12.96,19.2,294.2,22.48,23.38,23.5,60.0,59.5,75.6,1.0,275.4,275.2,274.6,19.05,-0.543,19.06,1915.0,415641.0,13169.0,1912.0,-1.0,0.818,0.791,0.836,13.83,13.83,13.83,10.37,5.279,5.28,5.281,3.959,109.0,109.0,109.0,81.0,1.412,108.2,26.47,2.6,3.503,2.0,-1.0,13.61,0.001,0.288,1.0,2.0,0.0,0.001,19.28,18.58,19.55,19.44,19.25,18.92,18.45,22.34,20.24,20.5,21.49,21.2,20.09,20.28,21.19,21.36,19.61,20.11,20.86
2017-05-04 07:47:00-05:00,307.5554,320.92743,346.5857,306.40488,322.30234,348.30447,314.63666,331.09775,856939.0,15.06,0.0,318.3,326.2,318.0,12.93,385.4,0.0,0.0,0.0,0.0,0.0,0.0,0.0,0.0,384.0,385.2,56.1,-0.41,23.92,24.82,25.08,24.08,0.0,273.4,276.2,277.0,275.1,0.638,0.0,21.85,20.8,-0.21,20.78,0.999,6000.0,403236.0,235.0,335.0,59.96,7.0,35.0,43.0,60.02,12.86,19.37,327.5,25.22,26.1,26.26,60.0,59.5,75.6,1.0,275.1,275.1,274.5,21.3,-0.599,21.31,1915.0,415641.0,13169.0,1912.0,-1.0,0.818,0.791,0.836,15.15,15.15,15.14,11.36,5.839,5.837,5.835,4.378,109.0,109.0,109.0,81.0,2.623,110.8,32.16,5.1,3.503,2.0,-1.0,13.77,0.002,0.29,3.0,2.0,0.0,0.0,19.55,18.87,19.91,19.8,19.55,19.21,18.77,22.88,20.75,20.83,22.04,21.59,20.47,20.58,21.6,21.83,19.99,20.45,21.3
2017-05-04 07:48:00-05:00,248.34355,258.05185,278.48837,246.28912,259.72186,279.69308,250.53004,266.26907,856940.0,15.09,0.0,257.1,261.8,255.8,12.99,381.6,0.0,0.0,0.0,0.0,0.0,0.0,0.0,0.0,380.2,381.5,44.95,-0.422,18.85,19.78,19.93,18.93,0.0,273.1,276.1,276.8,275.0,0.66,0.0,17.34,16.51,-0.138,16.49,0.999,6000.0,403236.0,235.0,335.0,59.95,7.0,35.0,43.0,57.75,12.73,19.47,263.6,19.95,20.84,20.97,60.0,59.5,75.6,1.0,275.0,275.0,274.4,16.95,-0.485,16.95,1915.0,415642.0,13169.0,1912.0,-1.0,0.818,0.791,0.836,12.32,12.3,12.3,9.22,4.699,4.695,4.694,3.519,109.0,109.0,109.0,82.0,2.175,102.2,30.62,4.0,3.503,2.0,-1.0,13.77,0.002,0.288,3.0,2.0,0.0,0.0,19.65,18.88,19.94,19.84,19.53,19.23,18.87,23.17,20.93,21.19,22.31,21.79,20.63,20.6,21.72,22.04,20.27,20.53,21.51
2017-05-04 07:49:00-05:00,271.45966,283.10385,306.08258,266.416,280.06696,302.14975,270.8535,285.95343,856941.0,15.13,0.0,283.2,283.7,277.8,12.88,380.1,0.0,0.0,0.0,0.0,0.0,0.0,0.0,0.0,378.7,379.8,49.78,-0.433,20.87,21.8,22.0,21.0,0.0,273.7,276.6,277.0,275.5,0.648,0.0,19.11,18.22,-0.173,18.21,0.999,6000.0,403237.0,236.0,335.0,59.95,7.0,35.0,43.17,59.43,12.79,19.57,289.8,22.06,22.95,23.09,60.0,59.5,75.6,1.0,275.3,275.2,275.0,18.7,-0.538,18.71,1915.0,415642.0,13169.0,1912.0,-1.0,0.818,0.791,0.836,13.6,13.59,13.6,10.2,5.171,5.17,5.172,3.878,109.0,109.0,109.0,82.0,1.823,92.7,31.08,3.4,3.5,2.0,-1.0,13.77,0.002,0.288,3.0,2.0,0.0,0.0,19.71,18.97,20.01,19.93,19.58,19.26,18.89,23.28,20.86,21.29,22.44,21.85,20.66,20.62,21.73,22.08,20.19,20.51,21.56
2017-05-04 07:50:00-05:00,308.91516,321.58237,347.65155,307.33176,322.17358,348.8687,317.02023,331.3335,856942.0,15.15,0.0,320.9,326.3,319.2,12.94,380.9,0.0,0.0,0.0,0.0,0.0,0.0,0.0,0.0,379.5,380.7,56.97,-0.425,24.02,24.95,25.07,24.07,0.0,273.5,276.3,277.0,275.3,0.637,0.0,21.89,20.86,-0.15,20.85,0.999,6000.0,403237.0,236.0,335.0,59.95,7.0,35.0,43.97,59.38,12.86,19.86,330.8,25.32,26.2,26.34,60.0,59.5,75.6,1.0,275.3,275.1,274.7,21.39,-0.655,21.4,1915.0,415642.0,13169.0,1912.0,-1.0,0.818,0.791,0.836,15.5,15.5,15.5,11.62,5.901,5.9,5.9,4.423,109.0,109.0,109.0,82.0,1.785,65.53,25.43,3.4,3.503,2.0,-1.0,13.78,0.002,0.29,3.0,2.0,0.0,0.0,19.94,19.23,20.27,20.22,19.83,19.52,19.15,23.51,20.87,21.5,22.63,22.17,21.03,20.97,22.06,22.35,20.55,20.76,21.84
2017-05-04 07:51:00-05:00,349.0902,363.99063,393.83926,347.0558,363.63638,393.66925,359.54892,374.23828,856943.0,15.19,0.0,363.3,368.7,359.9,12.96,381.1,0.0,0.0,0.0,0.0,0.0,0.0,0.0,0.0,379.6,380.7,65.08,-0.44,27.6,28.5,28.72,27.72,0.0,273.7,276.4,277.0,275.4,0.643,0.0,24.99,23.84,-0.153,23.83,0.999,6000.0,403237.0,236.0,335.0,59.95,7.0,35.0,44.0,58.33,13.19,20.32,374.7,29.0,29.91,30.02,60.0,59.5,75.6,1.0,275.3,275.1,274.8,24.43,-0.789,24.44,1915.0,415643.0,13169.0,1912.0,-0.999,0.818,0.791,0.836,17.62,17.62,17.62,13.21,6.716,6.715,6.715,5.034,109.0,109.0,109.0,82.0,1.253,72.14,35.35,1.9,3.503,2.0,-1.0,13.58,-0.014,0.291,1.0,2.0,0.0,0.001,20.36,19.59,20.68,20.55,20.3,19.85,19.54,23.89,21.23,21.92,23.0,22.67,21.52,21.54,22.59,22.86,20.88,21.22,22.33
2017-05-04 07:52:00-05:00,407.18948,424.90134,460.16013,406.5095,424.67166,460.81363,423.6555,438.35974,856944.0,15.23,0.0,423.1,429.8,419.6,13.17,381.1,0.0,0.0,0.0,0.0,0.0,0.0,0.0,0.0,379.4,380.6,76.12,-0.447,32.45,33.42,33.65,32.65,0.0,274.0,277.0,277.0,276.0,0.645,0.0,29.27,27.93,-0.243,27.91,0.999,6000.0,403238.0,237.0,335.0,59.97,7.0,35.0,44.0,59.87,13.23,20.89,438.1,34.0,34.89,35.01,60.0,59.5,75.6,1.0,275.9,275.8,275.0,28.58,-0.885,28.6,1915.0,415643.0,13169.0,1912.0,-1.0,0.818,0.791,0.836,20.6,20.6,20.61,15.45,7.851,7.852,7.852,5.886,109.0,109.0,109.0,82.0,1.472,95.4,38.26,3.2,3.503,2.0,-1.0,13.58,0.009,0.295,3.0,2.0,0.0,0.001,20.97,20.14,21.28,21.18,20.99,20.43,20.11,24.5,21.72,22.5,23.56,23.38,22.25,22.28,23.32,23.51,21.42,21.83,22.98
2017-05-04 07:53:00-05:00,440.0712,460.1051,498.41302,438.81836,459.69614,496.6992,456.90057,473.60297,856945.0,15.26,0.0,455.3,460.0,449.1,13.43,382.7,0.0,0.0,0.0,0.0,0.0,0.0,0.0,0.0,381.0,382.3,81.6,-0.437,34.93,35.88,36.05,35.05,0.0,274.0,277.0,277.0,276.0,0.653,0.0,31.43,29.98,-0.3,29.96,0.999,6000.0,403238.0,237.0,335.0,59.99,7.0,35.0,44.0,58.28,13.4,21.68,470.9,36.54,37.43,37.56,60.0,59.5,75.6,1.0,276.0,276.0,275.0,30.69,-0.883,30.7,1915.0,415644.0,13169.0,1912.0,-1.0,0.818,0.791,0.836,21.91,21.91,21.91,16.42,8.38,8.39,8.38,6.285,109.0,109.0,109.0,82.0,1.083,91.7,41.2,2.4,3.503,2.0,-1.0,13.77,0.002,0.296,3.0,2.0,0.0,0.0,21.69,20.96,22.13,22.03,21.84,21.2,20.84,25.39,22.57,23.23,24.4,24.33,23.1,23.21,24.26,24.46,22.19,22.64,23.91
2017-05-04 07:54:00-05:00,428.2041,447.16977,484.5567,427.69562,447.9784,483.7217,445.48434,462.2874,856946.0,15.3,0.0,444.0,448.5,438.4,13.52,382.8,0.0,0.0,0.0,0.0,0.0,0.0,0.0,0.0,381.1,382.4,78.85,-0.418,33.75,34.68,34.88,33.88,0.0,274.0,276.8,277.0,275.8,0.658,0.0,30.41,29.02,-0.278,29.0,0.999,6000.0,403239.0,238.0,335.0,59.97,7.0,35.07,44.0,59.48,13.5,22.57,458.4,35.38,36.23,36.37,60.0,59.5,75.6,1.0,275.9,275.5,275.0,29.69,-0.898,29.71,1915.0,415644.0,13169.0,1912.0,-1.0,0.818,0.791,0.836,21.23,21.23,21.23,15.92,8.13,8.13,8.13,6.092,110.0,110.0,110.0,82.0,1.155,55.11,26.46,2.3,3.503,2.0,-1.0,13.77,0.002,0.296,3.0,2.0,0.0,0.0,22.52,21.79,22.93,22.83,22.62,22.05,21.56,26.14,23.21,23.9,25.16,25.28,23.92,24.16,25.21,25.27,22.87,23.49,24.74
2017-05-04 07:55:00-05:00,435.8683,455.19296,493.43893,435.3756,455.4468,492.29813,453.8897,470.3026,856947.0,15.34,0.0,452.8,456.9,446.6,13.76,380.7,0.0,0.0,0.0,0.0,0.0,0.0,0.0,0.0,379.2,380.4,80.7,-0.452,34.43,35.38,35.5,34.5,0.0,274.0,277.0,277.2,276.0,0.663,0.0,30.97,29.57,-0.3,29.55,0.999,6000.0,403239.0,238.0,335.0,59.98,7.0,36.0,44.0,58.15,13.62,23.2,467.3,36.04,36.9,37.03,60.0,59.5,75.6,1.0,275.9,275.8,275.0,30.26,-0.885,30.28,1915.0,415645.0,13169.0,1912.0,-1.0,0.818,0.791,0.836,21.73,21.73,21.73,16.29,8.27,8.27,8.27,6.202,110.0,110.0,110.0,82.0,1.737,84.7,35.32,3.6,3.503,2.0,-1.0,13.77,0.002,0.296,3.0,2.0,0.0,0.0,23.25,22.39,23.67,23.56,23.3,22.71,22.11,26.72,23.56,24.27,25.67,26.03,24.58,24.83,25.92,25.89,23.38,24.01,25.37
2017-05-04 07:56:00-05:00,443.65604,463.3799,502.55807,443.45282,463.5591,501.10025,463.17325,479.025,856948.0,15.38,0.0,461.6,465.3,454.5,13.46,372.3,0.0,0.0,0.0,0.0,0.0,0.0,0.0,0.0,370.7,371.8,83.9,-0.493,35.17,36.0,36.18,35.18,0.0,273.0,275.8,276.2,274.7,0.66,0.0,31.46,30.08,-0.3,30.06,0.999,6000.0,403240.0,239.0,335.0,59.98,7.0,36.0,44.0,59.43,13.27,23.58,476.1,36.8,37.66,37.78,60.0,59.5,75.6,1.0,275.0,274.7,274.2,30.78,-0.914,30.79,1915.0,415645.0,13169.0,1912.0,-1.0,0.818,0.791,0.836,22.62,22.62,22.62,16.96,8.42,8.42,8.42,6.313,110.0,110.0,110.0,82.0,3.075,60.3,43.5,6.1,3.503,2.0,-1.0,13.77,0.002,0.296,3.0,2.0,0.0,0.0,23.59,22.75,24.09,23.84,23.77,23.12,22.55,27.27,23.94,24.59,26.24,26.65,24.95,25.39,26.52,26.49,23.82,24.51,25.95
2017-05-04 07:57:00-05:00,453.6689,473.85916,514.40106,453.91348,474.24673,512.6107,474.96585,490.1048,856949.0,15.43,0.0,472.6,476.3,465.2,13.26,372.2,0.0,0.0,0.0,0.0,0.0,0.0,0.0,0.0,370.6,371.7,85.9,-0.483,36.12,37.02,37.08,36.15,0.0,272.8,275.7,276.1,274.7,0.635,0.0,32.24,30.83,-0.272,30.81,0.999,6000.0,403240.0,239.0,335.0,59.97,7.0,36.0,44.0,58.32,13.16,23.91,487.5,37.76,38.63,38.76,60.0,59.5,75.6,1.0,274.8,274.7,274.0,31.56,-0.975,31.57,1915.0,415646.0,13169.0,1912.0,-1.0,0.818,0.791,0.836,23.18,23.18,23.18,17.38,8.63,8.63,8.63,6.467,110.0,110.0,110.0,82.0,3.178,104.7,38.74,5.7,3.503,2.0,-1.0,13.56,0.002,0.297,1.0,2.0,0.0,0.001,23.86,22.92,24.32,24.06,24.32,23.36,22.97,27.88,24.74,25.14,26.86,27.11,25.34,25.75,26.95,27.06,24.26,25.0,26.49
2017-05-04 07:58:00-05:00,448.7243,468.6195,508.95328,448.35214,468.83853,505.83984,469.06955,483.85767,856950.0,15.48,0.0,467.6,470.1,459.2,13.47,373.2,0.0,0.0,0.0,0.0,0.0,0.0,0.0,0.0,371.5,372.6,84.9,-0.482,35.75,36.72,36.87,35.87,0.0,272.8,275.6,276.1,274.6,0.642,0.0,31.91,30.54,-0.175,30.52,0.999,6000.0,403241.0,240.0,335.0,59.95,7.0,36.0,44.0,59.27,13.22,24.4,481.4,37.41,38.26,38.37,60.0,59.5,75.6,1.0,274.8,274.5,274.0,31.25,-1.053,31.26,1915.0,415646.0,13169.0,1912.0,-0.999,0.818,0.791,0.836,22.88,22.88,22.87,17.15,8.54,8.54,8.54,6.4,110.0,110.0,110.0,82.0,1.782,95.7,36.21,3.5,3.502,2.0,-1.0,13.77,0.002,0.297,3.0,2.0,0.0,0.0,24.34,23.25,24.65,24.47,24.8,23.62,23.28,28.58,25.54,25.71,27.58,27.63,25.66,26.09,27.45,27.71,24.85,25.62,27.13
2017-05-04 07:59:00-05:00,461.70392,481.88235,523.757,461.32864,481.3289,520.5101,483.74756,497.64853,856951.0,15.53,0.0,482.2,484.9,473.5,13.65,374.6,0.0,0.0,0.0,0.0,0.0,0.0,0.0,0.0,373.1,374.2,87.6,-0.478,36.82,37.8,37.82,36.82,0.0,273.0,275.8,276.3,274.8,0.667,0.0,33.09,31.59,-0.235,31.56,0.999,6000.0,403241.0,240.0,335.0,59.97,7.0,36.0,44.0,58.68,13.56,24.94,496.9,38.68,39.54,39.63,60.0,59.5,75.6,1.0,274.9,274.8,274.0,32.31,-1.044,32.33,1915.0,415647.0,13169.0,1912.0,-0.999,0.818,0.791,0.836,23.58,23.58,23.58,17.68,8.83,8.83,8.83,6.623,110.0,110.0,110.0,83.0,2.142,87.7,16.78,3.4,3.502,2.0,-1.0,13.78,0.002,0.297,3.0,2.0,0.0,0.0,24.84,23.77,25.22,25.11,25.3,24.09,23.73,28.98,24.74,26.0,27.74,28.31,26.35,26.69,28.15,28.21,25.02,26.09,27.65
2017-05-04 08:00:00-05:00,473.20016,493.83524,537.02124,472.71622,492.91785,533.3747,496.7947,510.26062,856952.0,15.58,0.0,494.6,497.7,485.1,13.79,370.9,0.0,0.0,0.0,0.0,0.0,0.0,0.0,0.0,369.1,370.2,90.4,-0.498,37.75,38.6,38.82,37.82,0.0,273.0,276.0,276.9,275.0,0.678,0.0,33.73,32.27,-0.227,32.25,0.999,6000.0,403242.0,241.0,335.0,59.96,7.0,36.0,44.0,58.85,13.72,25.58,509.4,39.51,40.35,40.45,60.0,59.5,75.6,1.0,275.0,275.0,274.0,33.0,-1.079,33.02,1915.0,415647.0,13169.0,1912.0,-0.999,0.818,0.791,0.836,24.33,24.33,24.33,18.24,9.02,9.02,9.02,6.763,110.0,110.0,110.0,83.0,1.237,88.3,26.44,2.3,3.502,2.0,-1.0,13.78,0.002,0.298,3.0,2.0,0.0,0.0,25.35,24.21,25.76,25.61,25.95,24.57,24.27,29.46,25.74,26.43,28.26,29.01,26.87,27.38,28.85,28.74,25.45,26.73,28.19
2017-05-04 08:01:00-05:00,480.6171,501.53094,545.6666,480.2638,500.51508,541.1612,504.94916,517.9222,856953.0,15.64,0.0,503.0,506.9,492.7,13.9,376.9,0.0,0.0,0.0,0.0,0.0,0.0,0.0,0.0,375.3,376.4,89.9,-0.458,38.18,39.08,39.47,38.47,0.0,273.0,275.9,276.4,274.9,0.667,0.0,34.13,32.6,-0.28,32.58,0.999,6000.0,403242.0,241.0,335.0,59.97,7.0,36.0,44.0,59.32,13.78,25.94,517.5,39.93,40.78,40.88,60.0,59.5,75.6,1.0,275.0,274.8,274.0,33.34,-1.04,33.36,1915.0,415648.0,13169.0,1912.0,-1.0,0.818,0.791,0.836,24.17,24.18,24.16,18.12,9.11,9.11,9.1,6.827,111.0,111.0,111.0,83.0,3.153,111.3,36.0,5.9,3.503,2.0,-1.0,13.77,0.002,0.298,3.0,2.0,0.0,0.0,25.8,24.6,26.29,26.24,26.41,25.09,24.75,30.12,26.7,26.86,28.98,29.56,27.06,27.78,29.4,29.37,25.85,27.33,28.72
2017-05-04 08:02:00-05:00,479.50455,500.22104,544.2455,479.33688,499.35617,539.4685,504.44733,516.1542,856954.0,15.7,0.0,502.7,507.3,492.5,13.73,373.7,0.0,0.0,0.0,0.0,0.0,0.0,0.0,0.0,372.2,373.3,90.5,-0.478,38.17,39.13,39.22,38.22,0.0,273.0,276.0,276.6,275.0,0.63,0.0,34.1,32.6,-0.283,32.57,0.999,6000.0,403243.0,242.0,335.0,59.98,7.0,36.0,44.0,58.22,13.49,26.27,516.6,39.89,40.77,40.86,60.0,59.5,75.6,1.0,275.0,275.0,274.0,33.34,-1.018,33.35,1915.0,415648.0,13169.0,1912.0,-1.0,0.818,0.791,0.836,24.39,24.39,24.39,18.29,9.11,9.11,9.11,6.833,111.0,111.0,111.0,83.0,2.592,62.39,33.91,5.0,3.502,2.0,-1.0,13.78,0.001,0.298,1.0,2.0,0.0,0.001,26.11,24.63,26.57,26.41,26.52,25.3,24.92,30.61,26.27,27.45,29.49,29.84,27.29,27.98,29.65,29.8,26.1,27.56,29.11
2017-05-04 08:03:00-05:00,492.855,513.97504,559.16766,492.57825,512.6191,553.2359,517.99634,528.88416,856955.0,15.75,0.0,517.2,520.7,506.2,13.56,374.9,0.0,0.0,0.0,0.0,0.0,0.0,0.0,0.0,373.3,374.4,93.2,-0.48,39.33,40.15,40.37,39.42,0.0,273.1,276.0,277.0,275.0,0.642,0.0,35.18,33.64,-0.222,33.61,0.999,6000.0,403243.0,242.0,335.0,59.96,7.0,36.0,44.0,59.72,13.57,26.71,531.5,41.15,42.02,42.1,60.0,59.5,75.6,1.0,275.0,275.0,274.1,34.39,-1.143,34.41,1915.0,415649.0,13169.0,1912.0,-0.999,0.818,0.791,0.836,25.08,25.08,25.06,18.79,9.4,9.4,9.39,7.042,111.0,111.0,111.0,83.0,2.37,83.0,40.67,4.1,3.503,2.0,-1.0,13.62,0.003,0.299,1.0,2.0,0.0,0.001,26.46,24.92,26.94,26.66,26.88,25.61,25.19,31.13,27.02,27.89,29.98,30.29,27.8,28.47,30.13,30.13,26.38,27.86,29.45
2017-05-04 08:04:00-05:00,521.28656,543.7755,591.0254,522.10645,542.7505,585.96173,549.73596,559.88403,856956.0,15.82,0.0,547.2,549.9,536.8,13.73,370.8,0.0,0.0,0.0,0.0,0.0,0.0,0.0,0.0,369.2,370.3,100.4,-0.5,41.98,42.97,43.03,42.03,0.0,273.1,275.9,276.8,274.9,0.642,0.0,37.45,35.78,-0.243,35.74,0.999,6000.0,403244.0,243.0,335.0,59.97,7.0,36.0,44.0,57.95,13.56,26.79,562.5,43.8,44.71,44.78,60.0,59.5,75.6,1.0,275.0,274.9,274.2,36.58,-1.216,36.6,1915.0,415650.0,13169.0,1912.0,-0.999,0.818,0.791,0.836,26.94,26.94,26.93,20.19,9.99,9.99,9.99,7.488,111.0,111.0,111.0,83.0,1.912,82.9,49.19,3.7,3.502,2.0,-1.0,13.78,0.002,0.3,3.0,2.0,0.0,0.0,26.66,25.29,27.35,27.27,27.24,26.06,25.63,31.74,27.46,27.95,30.59,30.89,28.31,29.02,30.73,30.82,27.2,28.54,30.13
2017-05-04 08:05:00-05:00,519.67957,540.8282,586.8803,526.07886,544.93945,589.91144,555.13043,563.6559,856957.0,15.89,0.0,543.4,553.2,541.3,13.9,369.6,0.0,0.0,0.0,0.0,0.0,0.0,0.0,0.0,368.1,369.1,100.3,-0.5,41.98,42.95,43.0,42.0,0.0,272.9,275.1,276.0,274.1,0.637,0.0,37.33,35.68,-0.16,35.66,0.999,6000.0,403245.0,244.0,335.0,59.95,7.0,36.0,44.0,59.82,13.61,27.47,559.0,43.77,44.65,44.71,60.0,59.5,75.6,1.0,275.0,274.0,274.0,36.47,-1.283,36.5,1915.0,415650.0,13169.0,1912.0,-0.999,0.818,0.791,0.836,26.91,26.91,26.91,20.18,9.95,9.95,9.95,7.459,111.0,111.0,111.0,83.0,2.643,88.7,34.36,4.6,3.503,2.0,-1.0,13.78,0.002,0.301,3.0,2.0,0.0,0.0,27.09,25.9,27.89,27.77,27.79,26.57,26.12,32.54,28.26,28.93,31.39,31.63,28.88,29.81,31.43,31.59,27.75,29.36,30.94
2017-05-04 08:06:00-05:00,481.11154,503.98703,544.95605,483.97134,505.27942,541.04834,505.57645,517.5686,856958.0,15.95,0.0,505.9,508.5,497.2,13.65,370.2,0.0,0.0,0.0,0.0,0.0,0.0,0.0,0.0,368.5,369.6,92.5,-0.5,38.68,39.62,39.77,38.77,0.0,272.2,275.0,275.9,274.0,0.632,0.0,34.47,32.94,-0.128,32.91,0.999,6000.0,403245.0,244.0,335.0,59.95,7.0,36.72,44.0,58.15,13.4,27.64,514.6,40.45,41.34,41.42,60.0,59.5,75.6,1.0,274.3,274.0,273.8,33.73,-1.197,33.75,1915.0,415651.0,13169.0,1912.0,-0.999,0.818,0.791,0.836,24.81,24.8,24.8,18.59,9.18,9.18,9.18,6.881,111.0,111.0,111.0,83.0,2.435,83.8,34.12,4.5,3.502,2.0,-1.0,13.77,0.002,0.299,3.0,2.0,0.0,0.0,27.39,25.91,28.19,27.79,28.06,26.79,26.52,32.93,27.58,29.1,31.69,32.0,29.2,29.99,31.78,32.03,28.0,29.73,31.4
2017-05-04 08:07:00-05:00,519.1852,544.5942,588.18304,502.77408,523.4355,554.3644,507.58368,520.39746,856959.0,16.02,0.0,551.4,528.3,517.2,13.61,369.2,0.0,0.0,0.0,0.0,0.0,0.0,0.0,0.0,367.6,368.7,99.9,-0.5,41.7,42.62,42.82,41.82,0.0,272.4,275.2,275.7,274.2,0.605,0.0,37.1,35.46,-0.172,35.44,0.999,6000.0,403246.0,245.0,335.0,59.96,7.0,36.87,44.0,59.38,13.5,27.82,562.5,43.52,44.4,44.48,60.0,59.5,75.6,1.0,274.4,274.2,273.4,36.25,-1.267,36.27,1915.0,415651.0,13169.0,1912.0,-0.999,0.818,0.791,0.836,26.95,26.95,26.94,20.2,9.95,9.95,9.95,7.459,112.0,112.0,112.0,84.0,2.237,64.58,46.06,3.8,3.502,2.0,-1.0,13.77,0.002,0.298,3.0,2.0,0.0,0.0,27.39,25.85,28.23,27.82,27.97,26.8,26.62,32.7,27.42,28.84,31.43,32.15,29.38,30.14,31.89,32.05,28.03,29.81,31.43
2017-05-04 08:08:00-05:00,576.1719,602.0664,648.5824,578.647,598.50635,640.3544,595.5264,607.9751,856960.0,16.09,0.0,604.7,605.6,592.6,13.78,368.5,0.0,0.0,0.0,0.0,0.0,0.0,0.0,0.0,366.8,368.0,111.4,-0.5,46.48,47.4,47.6,46.6,0.0,272.9,275.6,276.0,274.6,0.613,0.0,41.27,39.49,-0.3,39.47,0.999,6000.0,403246.0,245.0,335.0,59.98,7.0,37.0,44.0,58.88,13.56,28.48,618.5,48.5,49.38,49.46,60.0,59.5,75.6,1.0,274.9,274.6,274.0,40.38,-1.294,40.4,1915.0,415652.0,13169.0,1912.0,-0.999,0.818,0.791,0.836,29.88,29.88,29.88,22.41,11.01,11.01,11.01,8.26,112.0,112.0,112.0,84.0,2.853,82.6,37.27,5.2,3.502,2.0,-1.0,13.45,0.001,0.304,1.0,2.0,0.0,0.001,28.07,26.51,28.89,28.44,28.58,27.35,27.13,33.4,28.13,29.3,32.1,32.85,29.91,30.96,32.69,32.88,28.66,30.63,32.19
2017-05-04 08:09:00-05:00,555.5281,582.254,624.3042,554.6802,576.22974,609.5469,563.4104,580.8649,856961.0,16.16,0.0,584.4,578.9,566.6,13.73,368.5,0.0,0.0,0.0,0.0,0.0,0.0,0.0,0.0,366.9,367.9,107.3,-0.5,44.78,45.72,45.87,44.87,0.0,272.9,275.5,276.0,274.5,0.627,0.0,39.74,38.01,-0.287,37.98,0.999,6000.0,403247.0,246.0,335.0,59.97,7.0,37.0,44.0,58.47,13.57,28.65,593.1,46.68,47.52,47.63,60.0,59.5,75.6,1.0,274.8,274.5,274.0,38.86,-1.285,38.89,1915.0,415653.0,13169.0,1912.0,-0.999,0.818,0.791,0.836,28.74,28.71,28.72,21.54,10.59,10.58,10.58,7.938,112.0,112.0,112.0,84.0,1.893,89.7,38.19,4.0,3.502,2.0,-1.0,13.78,0.002,0.303,3.0,2.0,0.0,0.0,28.44,27.06,29.37,28.89,28.98,27.86,27.65,33.92,28.65,29.84,32.6,33.46,30.33,31.44,33.33,33.49,29.15,31.17,32.81
2017-05-04 08:10:00-05:00,629.5737,660.8485,709.10016,618.5035,643.3171,678.0455,620.36615,642.9826,856962.0,16.24,0.0,665.0,647.1,633.1,13.88,365.4,0.0,0.0,0.0,0.0,0.0,0.0,0.0,0.0,363.6,364.7,122.3,-0.5,50.67,51.65,51.83,50.83,0.0,272.9,275.8,276.0,274.8,0.618,0.0,44.91,42.97,-0.27,42.94,0.999,6000.0,403248.0,247.0,335.0,59.97,7.0,37.0,44.0,59.78,13.85,29.43,677.6,52.8,53.66,53.75,60.0,59.5,75.6,1.0,274.9,274.7,273.9,43.91,-1.502,43.94,1915.0,415653.0,13169.0,1912.0,-0.999,0.818,0.791,0.836,32.82,32.81,32.8,24.6,11.99,11.99,11.99,8.99,112.0,112.0,112.0,84.0,1.963,81.9,37.79,3.4,3.502,2.0,-1.0,13.78,0.002,0.305,3.0,2.0,0.0,0.0,29.01,27.63,29.84,29.26,29.43,28.38,28.19,34.56,29.21,30.19,33.26,33.98,31.02,31.95,33.81,34.03,29.61,31.65,33.29
2017-05-04 08:11:00-05:00,569.373,591.4234,632.2391,571.7615,591.5529,626.81256,577.4611,597.9561,856963.0,16.31,0.0,596.6,600.2,587.6,14.08,365.9,0.0,0.0,0.0,0.0,0.0,0.0,0.0,0.0,364.4,365.4,110.6,-0.5,45.93,46.9,47.03,46.03,0.0,273.0,275.9,276.0,274.9,0.618,0.0,40.73,38.98,-0.3,38.95,0.999,6000.0,403248.0,247.0,335.0,59.98,7.0,37.0,44.0,57.88,14.15,30.42,613.8,47.8,48.69,48.79,60.0,59.5,75.6,1.0,275.0,274.9,274.0,39.83,-1.277,39.85,1915.0,415654.0,13169.0,1912.0,-0.999,0.818,0.791,0.836,29.73,29.73,29.72,22.29,10.88,10.88,10.87,8.16,112.0,112.0,112.0,84.0,1.722,53.49,41.22,3.3,3.502,2.0,-1.0,13.78,0.002,0.303,3.0,2.0,0.0,0.0,29.92,28.3,30.5,29.88,30.17,29.07,28.8,35.06,28.79,30.7,33.67,34.7,31.7,32.71,34.58,34.53,29.88,32.22,33.88
2017-05-04 08:12:00-05:00,455.02866,478.2801,509.07172,451.66248,475.66315,494.44223,446.6134,474.54593,856964.0,16.39,0.0,476.2,469.8,460.2,14.16,365.9,0.0,0.0,0.0,0.0,0.0,0.0,0.0,0.0,364.5,365.5,86.9,-0.5,35.92,36.87,36.95,35.95,0.0,272.8,275.2,276.0,274.2,0.612,0.0,32.05,30.64,-0.277,30.63,0.999,6000.0,403249.0,248.0,335.0,59.97,7.0,37.0,44.0,59.7,14.58,30.83,476.0,37.55,38.42,38.53,60.0,59.5,75.6,1.0,274.6,274.2,273.9,31.36,-0.97,31.38,1915.0,415655.0,13169.0,1912.0,-1.0,0.818,0.791,0.836,23.17,23.17,23.17,17.37,8.48,8.48,8.48,6.357,112.0,112.0,112.0,84.0,0.94,84.1,43.85,2.0,3.502,2.0,-1.0,13.77,0.002,0.299,3.0,2.0,0.0,0.0,30.32,28.67,30.86,30.4,30.48,29.53,29.0,35.13,28.84,30.97,33.72,35.01,32.01,33.19,34.84,34.7,30.34,32.53,34.06
2017-05-04 08:13:00-05:00,400.26703,416.87817,443.69833,384.26398,398.14575,413.869,369.33423,390.858,856965.0,16.47,0.0,426.6,402.0,394.5,14.4,364.4,0.0,0.0,0.0,0.0,0.0,0.0,0.0,0.0,362.9,363.9,76.63,-0.5,31.37,32.27,32.45,31.45,0.0,272.6,275.0,276.0,274.0,0.613,0.0,28.12,26.9,-0.282,26.89,0.999,6000.0,403249.0,248.0,335.0,59.97,7.0,37.0,44.0,57.77,14.85,30.66,432.4,32.84,33.73,33.83,60.0,59.5,75.6,1.0,274.5,274.0,273.9,27.49,-0.803,27.5,1915.0,415655.0,13169.0,1912.0,-1.0,0.818,0.791,0.836,20.95,20.95,20.95,15.71,7.635,7.634,7.637,5.724,113.0,113.0,113.0,84.0,2.04,98.4,21.7,4.2,3.503,2.0,-1.0,13.76,0.022,0.294,1.0,2.0,0.0,0.001,29.99,28.23,30.77,30.31,30.35,29.4,28.86,34.46,28.58,29.58,33.06,34.72,31.49,32.85,34.46,34.3,29.87,32.16,33.7
2017-05-04 08:14:00-05:00,692.6177,728.96375,783.94794,667.89374,694.8236,731.761,664.1493,689.30566,856966.0,16.57,0.0,737.6,703.2,688.1,14.2,362.8,0.0,0.0,0.0,0.0,0.0,0.0,0.0,0.0,361.2,362.2,134.4,-0.5,55.33,56.32,56.47,55.47,0.0,273.0,275.9,276.1,274.9,0.597,0.0,48.99,46.86,-0.247,46.85,0.999,6000.0,403250.0,249.0,335.0,59.97,7.0,37.0,44.0,59.87,14.49,31.34,753.2,57.9,58.82,58.9,60.0,59.5,75.6,1.0,275.0,274.8,274.0,48.15,-1.708,48.18,1915.0,415656.0,13169.0,1912.0,-0.999,0.818,0.791,0.836,36.24,36.24,36.24,27.18,13.15,13.15,13.14,9.86,113.0,113.0,113.0,84.0,2.598,104.9,22.21,4.9,3.503,2.0,-1.0,13.58,-0.018,0.307,1.0,2.0,0.0,0.001,30.58,28.42,31.11,30.72,30.82,29.67,29.27,34.74,29.08,30.17,33.31,35.15,31.88,33.1,34.9,34.76,30.08,32.6,34.06
2017-05-04 08:15:00-05:00,509.29587,532.805,568.4052,514.1616,543.65186,567.11615,513.48,547.15405,856967.0,16.65,0.0,527.6,535.0,523.7,14.32,362.5,0.0,0.0,0.0,0.0,0.0,0.0,0.0,0.0,361.0,362.1,94.6,-0.5,38.67,39.65,39.77,38.77,0.0,272.8,275.4,275.9,274.4,0.588,0.0,34.55,33.06,-0.257,33.04,0.999,6000.0,403251.0,250.0,335.0,59.97,7.0,37.0,44.0,58.57,14.18,32.02,519.7,40.41,41.35,41.45,60.0,59.5,75.6,1.0,274.8,274.4,273.8,33.76,-1.095,33.78,1915.0,415656.0,13169.0,1912.0,-0.999,0.818,0.791,0.836,25.11,25.11,25.1,18.83,9.11,9.1,9.1,6.828,113.0,113.0,113.0,85.0,1.88,112.1,12.51,3.5,3.502,2.0,-1.0,13.77,0.002,0.301,3.0,2.0,0.0,0.0,31.37,29.06,31.99,31.68,31.71,30.45,29.9,35.77,29.89,31.21,34.32,36.06,32.9,33.78,35.81,35.74,31.5,33.63,35.03
2017-05-04 08:16:00-05:00,376.2856,384.94916,409.47205,375.65714,388.35953,406.53387,365.57065,387.08615,856968.0,16.73,0.0,389.5,393.5,386.2,14.45,362.7,0.0,0.0,0.0,0.0,0.0,0.0,0.0,0.0,361.4,362.4,72.48,-0.5,29.5,30.48,30.6,29.6,0.0,272.8,275.0,276.0,274.0,0.587,0.0,26.51,25.36,-0.2,25.33,0.999,6000.0,403251.0,250.0,335.0,59.96,7.0,37.0,44.0,58.87,14.36,31.63,403.7,31.01,31.93,32.02,60.0,59.5,75.6,1.0,274.8,274.0,273.9,26.0,-0.799,26.01,1915.0,415657.0,13169.0,1912.0,-1.0,0.818,0.791,0.836,19.75,19.74,19.75,14.8,7.166,7.164,7.166,5.372,113.0,113.0,113.0,85.0,1.648,84.8,33.08,3.0,3.502,2.0,-1.0,13.77,0.002,0.294,3.0,2.0,0.0,0.0,30.95,28.68,31.77,31.41,31.48,30.22,29.64,35.26,29.27,30.32,33.72,35.78,32.66,33.51,35.52,35.6,31.3,33.38,34.9
2017-05-04 08:17:00-05:00,546.875,573.08466,614.47455,534.95056,565.9284,588.4444,525.5235,561.76996,856969.0,16.82,0.0,577.1,559.5,547.9,14.32,361.3,0.0,0.0,0.0,0.0,0.0,0.0,0.0,0.0,359.7,360.7,107.3,-0.5,43.87,44.92,45.08,44.08,0.0,272.8,275.2,276.0,274.2,0.587,0.0,39.03,37.34,-0.268,37.31,0.999,6000.0,403252.0,251.0,335.0,59.97,7.0,37.0,44.3,59.05,14.5,31.75,590.3,45.86,46.78,46.86,60.0,59.5,75.6,1.0,274.7,274.1,273.8,38.21,-1.276,38.23,1915.0,415657.0,13169.0,1912.0,-0.999,0.818,0.791,0.836,28.68,28.67,28.67,21.5,10.37,10.36,10.37,7.773,113.0,113.0,113.0,85.0,1.895,123.5,46.64,4.4,3.503,2.0,-1.0,13.77,0.002,0.302,3.0,2.0,0.0,0.0,31.02,28.93,31.81,31.47,31.42,30.43,29.7,35.62,30.26,30.79,34.15,35.89,32.75,33.56,35.68,35.82,31.44,33.54,34.99
2017-05-04 08:18:00-05:00,521.90466,544.92163,584.15643,509.1299,531.419,557.63696,501.93826,526.9982,856970.0,16.9,0.0,553.7,537.1,526.3,14.22,363.0,0.0,0.0,0.0,0.0,0.0,0.0,0.0,0.0,361.6,362.6,101.6,-0.5,41.78,42.77,42.9,41.9,0.0,272.7,275.2,276.0,274.2,0.602,0.0,37.11,35.53,-0.175,35.51,0.999,6000.0,403252.0,251.0,335.0,59.96,7.0,37.22,44.98,58.2,14.17,31.41,565.2,43.53,44.45,44.53,60.0,59.5,75.6,1.0,274.7,274.2,273.8,36.29,-1.257,36.31,1915.0,415658.0,13169.0,1912.0,-0.999,0.818,0.791,0.836,27.37,27.39,27.39,20.52,9.93,9.94,9.94,7.448,113.0,113.0,113.0,85.0,2.145,65.43,54.28,5.1,3.502,2.0,-1.0,13.78,0.002,0.299,3.0,2.0,0.0,0.0,30.8,28.61,31.58,31.31,31.28,30.21,29.5,35.49,29.04,30.53,33.98,35.73,32.43,33.33,35.56,35.74,31.1,33.28,34.85
2017-05-04 08:19:00-05:00,399.89618,416.71445,443.22464,388.89847,407.54572,421.2041,375.23056,397.6945,856971.0,16.98,0.0,422.3,408.0,400.3,14.08,363.9,0.0,0.0,0.0,0.0,0.0,0.0,0.0,0.0,362.4,363.4,77.03,-0.5,31.5,32.48,32.67,31.67,0.0,272.3,275.1,276.0,274.1,0.605,0.0,28.24,27.02,-0.218,26.99,0.999,6000.0,403253.0,252.0,335.0,59.96,7.0,37.6,45.0,59.78,13.91,31.15,427.6,33.0,33.9,33.99,60.0,59.5,75.6,1.0,274.2,274.1,273.5,27.62,-0.865,27.63,1915.0,415659.0,13169.0,1912.0,-1.0,0.818,0.791,0.836,20.88,20.87,20.87,15.64,7.598,7.597,7.593,5.693,114.0,114.0,114.0,85.0,2.43,85.7,36.41,4.1,3.503,2.0,-1.0,13.56,0.002,0.295,1.0,2.0,0.0,0.001,30.62,28.58,31.44,31.09,30.95,30.05,29.28,35.02,28.37,30.26,33.51,35.48,32.02,33.0,35.28,35.33,30.78,32.88,34.59
2017-05-04 08:20:00-05:00,457.50098,488.26816,519.8489,435.6404,463.94543,474.2425,419.641,449.79315,856972.0,17.06,0.0,493.4,455.3,446.4,14.07,364.8,0.0,0.0,0.0,0.0,0.0,0.0,0.0,0.0,363.2,364.3,87.9,-0.5,36.08,37.05,37.2,36.2,0.0,273.0,275.4,276.1,274.4,0.603,0.0,32.28,30.88,-0.293,30.85,0.999,6000.0,403253.0,252.0,335.0,59.97,7.0,37.9,45.0,57.83,14.14,31.14,493.0,37.8,38.73,38.83,60.0,59.5,75.6,1.0,275.0,274.4,274.0,31.62,-0.971,31.63,1915.0,415659.0,13169.0,1912.0,-1.0,0.818,0.791,0.836,23.72,23.73,23.72,17.78,8.65,8.65,8.65,6.486,114.0,114.0,114.0,85.0,1.33,99.0,61.6,2.9,3.502,2.0,-1.0,13.77,0.002,0.298,3.0,2.0,0.0,0.0,30.49,28.5,31.22,30.96,30.56,29.99,28.88,34.66,28.79,30.0,33.21,35.1,31.55,32.7,34.86,34.96,30.47,32.53,34.22
2017-05-04 08:21:00-05:00,508.05975,534.60614,568.7605,493.63757,520.7314,537.0987,481.4894,508.84616,856973.0,17.15,0.0,539.0,520.7,510.3,14.15,364.7,0.0,0.0,0.0,0.0,0.0,0.0,0.0,0.0,363.0,364.1,98.7,-0.5,40.68,41.67,41.78,40.78,0.0,272.6,275.3,275.9,274.3,0.597,0.0,36.2,34.64,-0.292,34.61,0.999,6000.0,403254.0,253.0,335.0,59.98,7.0,38.0,45.0,59.88,14.35,31.57,545.0,42.46,43.38,43.46,60.0,59.5,75.6,1.0,274.6,274.3,273.7,35.42,-1.119,35.44,1915.0,415660.0,13169.0,1912.0,-1.0,0.818,0.791,0.836,26.5,26.49,26.5,19.87,9.66,9.66,9.66,7.242,114.0,114.0,114.0,85.0,1.302,115.7,37.41,3.0,3.502,2.0,-1.0,13.77,0.002,0.3,3.0,2.0,0.0,0.0,30.84,29.04,31.64,31.48,31.01,30.39,29.12,35.01,29.3,30.54,33.61,35.23,31.88,32.92,34.99,35.17,30.92,32.79,34.36
2017-05-04 08:22:00-05:00,455.64676,480.73618,509.7823,434.97836,457.50708,467.47165,409.85562,438.71335,856974.0,17.23,0.0,487.4,458.2,449.5,14.28,362.3,0.0,0.0,0.0,0.0,0.0,0.0,0.0,0.0,360.8,361.9,88.5,-0.5,36.25,37.25,37.33,36.33,0.0,272.3,275.0,275.5,274.0,0.592,0.0,32.29,30.91,-0.292,30.89,0.999,6000.0,403254.0,253.0,335.0,59.98,7.0,38.0,45.0,57.63,14.58,31.58,490.6,37.85,38.78,38.88,60.0,59.5,75.6,1.0,274.2,274.0,273.3,31.61,-0.957,31.62,1915.0,415660.0,13169.0,1912.0,-1.0,0.818,0.791,0.836,23.94,23.93,23.93,17.94,8.67,8.67,8.67,6.501,114.0,114.0,114.0,85.0,2.32,70.34,20.42,3.8,3.502,2.0,-1.0,13.77,0.002,0.297,3.0,2.0,0.0,0.0,30.79,29.01,31.74,31.47,31.05,30.47,29.28,35.25,29.62,30.95,33.91,35.45,32.01,33.03,35.17,35.34,31.17,33.05,34.59
2017-05-04 08:23:00-05:00,387.65823,403.12415,424.39426,395.51913,413.3402,429.78052,382.75775,410.6602,856975.0,17.32,0.0,402.8,412.7,404.9,14.38,364.7,0.0,0.0,0.0,0.0,0.0,0.0,0.0,0.0,363.2,364.2,74.82,-0.5,30.7,31.67,31.82,30.82,0.0,272.0,275.0,275.0,274.0,0.595,0.0,27.51,26.3,-0.202,26.28,0.999,6000.0,403255.0,254.0,335.0,59.96,7.0,38.0,45.0,59.82,14.66,31.43,409.6,32.2,33.11,33.22,60.0,59.5,75.6,1.0,274.0,274.0,273.0,26.91,-0.849,26.92,1915.0,415661.0,13169.0,1912.0,-1.0,0.818,0.791,0.836,20.09,20.11,20.11,15.07,7.325,7.331,7.331,5.493,114.0,114.0,114.0,85.0,1.54,125.3,47.79,2.8,3.5,2.0,-1.0,13.77,0.002,0.296,3.0,2.0,0.0,0.0,30.91,28.95,31.71,31.31,30.97,30.52,29.25,35.29,29.26,30.69,33.93,35.47,31.85,33.19,35.2,35.4,31.06,33.02,34.64
2017-05-04 08:24:00-05:00,361.45175,378.56335,397.8659,353.41165,370.7185,379.3376,330.19284,357.14706,856976.0,17.4,0.0,379.3,369.1,362.4,14.36,363.5,0.0,0.0,0.0,0.0,0.0,0.0,0.0,0.0,362.0,363.0,69.28,-0.5,28.47,29.47,29.5,28.5,0.0,272.0,275.0,275.0,274.0,0.593,0.0,25.44,24.33,-0.198,24.33,0.999,6000.0,403255.0,254.0,335.0,59.96,7.0,38.0,45.0,57.62,14.7,31.07,383.2,29.75,30.69,30.78,60.0,59.5,75.6,1.0,274.0,274.0,273.0,24.93,-0.778,24.94,1915.0,415661.0,13169.0,1912.0,-1.0,0.818,0.791,0.836,18.8,18.79,18.79,14.09,6.833,6.829,6.83,5.121,114.0,114.0,114.0,85.0,2.667,71.71,51.57,5.5,3.5,2.0,-1.0,13.77,0.016,0.293,1.0,2.0,0.0,0.001,30.5,28.47,31.23,30.84,30.73,30.15,28.75,34.68,28.94,30.12,33.4,35.04,31.32,32.74,34.8,34.93,30.48,32.59,34.22
2017-05-04 08:25:00-05:00,383.4553,402.30545,423.20996,369.5661,388.74582,396.26477,343.11453,372.23447,856977.0,17.48,0.0,404.8,387.3,380.1,14.21,364.8,0.0,0.0,0.0,0.0,0.0,0.0,0.0,0.0,363.4,364.4,73.72,-0.5,30.22,31.28,31.42,30.42,0.0,272.0,275.0,275.0,274.0,0.575,0.0,27.12,25.95,-0.145,25.94,0.999,6000.0,403256.0,255.0,335.0,59.95,7.0,38.0,45.0,59.97,14.75,30.82,408.5,31.75,32.67,32.77,60.0,59.5,75.6,1.0,274.0,273.9,273.0,26.55,-0.885,26.57,1915.0,415661.0,13169.0,1912.0,-0.999,0.818,0.791,0.836,19.97,19.97,19.97,14.97,7.287,7.286,7.284,5.462,114.0,114.0,114.0,86.0,1.645,120.9,34.38,3.7,3.503,2.0,-1.0,13.53,-0.014,0.295,1.0,2.0,0.0,0.001,30.09,27.69,30.65,30.21,30.11,29.43,28.36,34.27,28.78,29.75,33.01,34.52,30.95,32.09,34.3,34.4,30.05,32.02,33.65
2017-05-04 08:26:00-05:00,386.4221,402.9604,422.7362,374.5978,390.54855,401.11722,352.89987,377.06717,856978.0,17.56,0.0,406.6,393.3,386.1,14.28,364.8,0.0,0.0,0.0,0.0,0.0,0.0,0.0,0.0,363.3,364.3,74.47,-0.5,30.5,31.5,31.73,30.73,0.0,272.0,275.0,275.0,274.0,0.58,0.0,27.39,26.2,-0.118,26.18,0.999,6000.0,403256.0,255.0,335.0,59.95,7.0,38.0,45.0,57.78,14.71,30.83,412.1,32.05,32.97,33.09,60.0,59.5,75.6,1.0,274.0,274.0,273.0,26.8,-0.897,26.82,1915.0,415662.0,13169.0,1912.0,-0.999,0.818,0.791,0.836,20.18,20.18,20.19,15.13,7.36,7.363,7.364,5.52,114.0,114.0,114.0,86.0,2.357,111.7,27.28,5.0,3.498,2.0,-1.0,13.74,0.002,0.295,3.0,2.0,0.0,0.0,30.07,27.57,30.49,30.08,29.72,29.33,28.13,34.16,28.76,29.67,32.93,34.35,30.87,31.89,34.13,34.05,29.79,31.66,33.3
2017-05-04 08:27:00-05:00,372.82437,391.00748,409.11676,363.07785,382.95132,389.2682,337.59457,366.69458,856979.0,17.64,0.0,389.8,379.5,372.6,14.37,365.2,0.0,0.0,0.0,0.0,0.0,0.0,0.0,0.0,363.8,364.8,71.58,-0.5,29.55,30.55,30.6,29.6,0.0,272.0,275.0,275.0,274.0,0.587,0.0,26.36,25.21,-0.147,25.19,0.999,6000.0,403257.0,256.0,335.0,59.95,7.0,38.0,45.0,59.75,14.98,30.65,392.9,30.75,31.65,31.76,60.0,59.5,75.6,1.0,274.0,274.0,273.0,25.71,-0.841,25.73,1915.0,415662.0,13169.0,1912.0,-0.999,0.818,0.791,0.836,19.25,19.23,19.24,14.43,7.031,7.024,7.026,5.269,115.0,115.0,115.0,86.0,0.962,227.1,75.36,1.8,3.502,2.0,-1.0,13.74,0.002,0.295,3.0,2.0,0.0,0.0,30.04,27.63,30.37,30.04,29.76,29.22,28.08,33.93,27.95,29.72,32.69,34.15,30.77,31.59,33.95,33.84,29.78,31.47,33.09
2017-05-04 08:28:00-05:00,352.05698,367.10168,383.06216,343.48065,358.61447,366.8115,318.5257,344.18134,856980.0,17.72,0.0,367.5,359.5,353.2,14.54,365.0,0.0,0.0,0.0,0.0,0.0,0.0,0.0,0.0,363.6,364.6,67.55,-0.5,27.52,28.52,28.8,27.8,0.0,272.0,274.8,275.0,273.8,0.593,0.0,24.82,23.76,-0.173,23.75,0.999,6000.0,403257.0,256.0,335.0,59.96,7.0,38.0,45.0,57.88,14.95,30.43,372.3,29.06,29.97,30.08,60.0,59.5,75.6,1.0,274.0,273.8,273.0,24.34,-0.757,24.35,1915.0,415663.0,13169.0,1912.0,-1.0,0.818,0.791,0.836,18.28,18.27,18.26,13.69,6.67,6.668,6.663,4.997,115.0,115.0,115.0,86.0,0.797,112.8,89.0,1.6,3.502,2.0,-1.0,13.74,0.002,0.294,3.0,2.0,0.0,0.0,29.73,27.72,30.27,30.02,29.7,29.22,27.89,33.72,28.08,29.22,32.45,34.02,30.49,31.46,33.82,33.64,29.6,31.36,32.95
2017-05-04 08:29:00-05:00,339.3246,354.8213,369.9164,327.98825,344.57895,349.88434,299.7077,327.44376,856981.0,17.79,0.0,354.9,343.3,337.2,14.53,361.8,0.0,0.0,0.0,0.0,0.0,0.0,0.0,0.0,360.3,361.4,65.35,-0.5,26.63,27.58,27.72,26.72,0.0,272.0,274.7,275.0,273.7,0.598,0.0,23.86,22.86,-0.233,22.85,0.999,6000.0,403257.0,256.0,335.0,59.97,7.0,38.0,45.0,59.2,14.81,29.69,358.5,27.97,28.87,28.98,60.0,59.5,75.6,1.0,274.0,273.5,273.0,23.43,-0.661,23.44,1915.0,415663.0,13169.0,1912.0,-1.0,0.818,0.791,0.836,17.75,17.74,17.74,13.31,6.421,6.418,6.42,4.814,115.0,115.0,115.0,86.0,1.417,37.66,39.28,2.4,3.502,2.0,-1.0,13.74,0.002,0.293,3.0,2.0,0.0,0.0,29.34,27.49,30.13,29.8,29.52,29.07,27.57,33.49,28.09,29.28,32.27,33.74,30.43,31.19,33.56,33.4,29.46,31.16,32.69
2017-05-04 08:30:00-05:00,322.8837,337.79248,351.91504,311.30417,326.6804,331.8287,283.27335,309.88107,856982.0,17.87,0.0,338.0,326.0,320.4,14.47,362.9,0.0,0.0,0.0,0.0,0.0,0.0,0.0,0.0,361.4,362.5,62.18,-0.5,25.13,26.15,26.37,25.37,0.0,272.0,274.7,275.0,273.7,0.608,0.0,22.73,21.76,-0.108,21.75,0.999,6000.0,403258.0,257.0,335.0,59.94,7.0,38.0,45.0,58.73,14.55,29.27,341.2,26.6,27.49,27.59,60.0,59.5,75.6,1.0,274.0,273.6,273.0,22.3,-0.734,22.31,1915.0,415664.0,13169.0,1912.0,-0.999,0.818,0.791,0.836,16.88,16.87,16.87,12.65,6.124,6.124,6.124,4.592,115.0,115.0,115.0,86.0,1.925,82.9,26.57,4.9,3.502,2.0,-1.0,13.53,-0.002,0.293,1.0,2.0,0.0,0.001,28.87,27.18,29.9,29.41,29.34,28.71,27.33,33.21,27.45,28.88,31.95,33.57,30.36,31.14,33.38,33.05,29.14,30.86,32.34
2017-05-04 08:31:00-05:00,320.53503,334.35397,348.83585,309.18555,322.9462,329.00754,281.64246,305.7556,856983.0,17.94,0.0,335.9,325.1,319.6,14.31,363.5,0.0,0.0,0.0,0.0,0.0,0.0,0.0,0.0,362.1,363.1,61.95,-0.5,25.22,26.2,26.33,25.33,0.0,272.0,274.1,275.0,273.1,0.598,0.0,22.71,21.75,-0.068,21.74,0.999,6000.0,403258.0,257.0,335.0,59.94,7.0,38.0,45.0,58.6,14.05,28.81,340.8,26.54,27.47,27.55,60.0,59.5,75.6,1.0,273.9,273.1,273.0,22.27,-0.749,22.29,1915.0,415664.0,13169.0,1912.0,-0.999,0.818,0.791,0.836,16.85,16.86,16.86,12.64,6.127,6.129,6.128,4.595,115.0,115.0,115.0,86.0,1.927,89.2,21.19,3.8,3.5,2.0,-1.0,13.68,0.006,0.292,3.0,2.0,0.0,0.0,28.3,26.66,29.54,28.94,28.98,28.37,27.05,32.75,26.61,28.11,31.43,33.17,30.03,30.74,32.95,32.56,28.58,30.39,31.84
2017-05-04 08:32:00-05:00,319.29883,333.37155,348.48056,314.34967,327.0667,337.2454,293.18417,314.71378,856984.0,18.01,0.0,334.6,330.6,324.9,14.14,369.1,0.0,0.0,0.0,0.0,0.0,0.0,0.0,0.0,367.7,368.7,60.78,-0.5,25.18,26.23,26.43,25.43,0.0,272.0,274.3,275.0,273.3,0.578,0.0,22.64,21.64,-0.047,21.63,0.999,6000.0,403258.0,257.0,335.0,59.94,7.0,38.0,45.0,59.8,13.92,28.35,337.6,26.42,27.33,27.42,60.0,59.5,75.6,1.0,274.0,273.2,273.0,22.14,-0.77,22.15,1915.0,415664.0,13169.0,1912.0,-0.999,0.818,0.791,0.836,16.44,16.43,16.43,12.32,6.066,6.065,6.064,4.548,115.0,115.0,115.0,86.0,1.833,75.71,40.48,3.9,3.5,2.0,-1.0,13.74,0.002,0.292,3.0,2.0,0.0,0.0,27.84,26.1,29.06,28.53,28.39,27.91,26.87,32.3,26.47,27.69,31.01,32.81,29.7,30.43,32.64,32.27,28.28,30.12,31.54
2017-05-04 08:33:00-05:00,310.2749,324.52966,339.4799,298.85727,312.9024,317.83557,271.3553,294.4401,856985.0,18.08,0.0,326.6,313.4,307.9,14.23,369.7,0.0,0.0,0.0,0.0,0.0,0.0,0.0,0.0,368.2,369.4,59.0,-0.5,24.0,25.0,25.25,24.25,0.0,272.0,274.4,275.0,273.4,0.58,0.0,21.97,20.96,-0.095,20.95,0.999,6000.0,403259.0,258.0,335.0,59.94,7.0,38.0,45.0,57.72,13.9,28.0,329.3,25.63,26.56,26.64,60.0,59.5,75.6,1.0,274.0,273.2,273.0,21.51,-0.708,21.52,1915.0,415665.0,13169.0,1912.0,-0.999,0.818,0.791,0.836,16.01,15.99,16.0,12.0,5.918,5.913,5.915,4.435,115.0,115.0,115.0,86.0,1.702,87.4,52.36,3.4,3.502,2.0,-1.0,13.74,0.002,0.292,3.0,2.0,0.0,0.0,27.44,25.79,28.69,28.3,27.86,27.59,26.45,31.7,25.53,26.98,30.38,32.25,29.07,29.78,32.07,31.75,27.63,29.6,31.06
2017-05-04 08:34:00-05:00,312.62363,326.98572,342.4406,300.7111,314.83392,319.64114,273.73892,295.85452,856986.0,18.15,0.0,329.6,315.3,309.6,14.15,368.6,0.0,0.0,0.0,0.0,0.0,0.0,0.0,0.0,367.0,368.2,59.8,-0.5,24.77,25.87,26.0,25.0,0.0,272.0,274.9,275.0,273.9,0.577,0.0,22.29,21.31,-0.18,21.29,0.999,6000.0,403259.0,258.0,335.0,59.96,7.0,38.0,45.0,59.88,13.9,27.52,332.0,25.98,26.93,27.0,60.0,59.5,75.6,1.0,274.0,273.9,273.0,21.83,-0.645,21.84,1915.0,415665.0,13169.0,1912.0,-1.0,0.818,0.791,0.836,16.29,16.28,16.28,12.21,6.005,6.001,6.002,4.499,115.0,115.0,115.0,86.0,2.79,64.81,25.78,6.6,3.502,2.0,-1.0,13.74,0.002,0.292,3.0,2.0,0.0,0.0,27.05,25.23,28.19,27.78,27.29,27.02,26.17,31.07,25.07,26.46,29.75,31.8,28.73,29.38,31.6,31.3,27.42,29.24,30.61
2017-05-04 08:35:00-05:00,319.29883,334.0265,350.13858,307.19934,321.40097,326.29916,281.0152,302.57315,856987.0,18.21,0.0,337.3,322.4,316.4,13.89,368.6,0.0,0.0,0.0,0.0,0.0,0.0,0.0,0.0,367.1,368.3,61.52,-0.5,25.27,26.25,26.52,25.52,0.0,272.0,274.8,275.0,273.8,0.588,0.0,22.84,21.84,-0.103,21.83,0.999,6000.0,403260.0,259.0,335.0,59.95,7.0,38.0,45.0,58.0,13.89,27.26,339.5,26.67,27.59,27.67,60.0,59.5,75.6,1.0,274.0,273.8,273.0,22.38,-0.727,22.39,1915.0,415665.0,13169.0,1912.0,-0.999,0.818,0.791,0.836,16.68,16.68,16.68,12.51,6.147,6.147,6.15,4.61,115.0,115.0,115.0,86.0,2.738,93.0,32.84,5.8,3.502,2.0,-1.0,13.74,0.002,0.292,3.0,2.0,0.0,0.0,26.81,24.83,27.83,27.27,26.96,26.63,25.8,30.51,24.38,25.86,29.08,31.28,28.21,29.02,31.04,30.89,26.9,28.8,30.19
2017-05-04 08:36:00-05:00,327.95193,343.19583,359.61298,316.07104,330.1571,335.55267,290.926,311.64914,856988.0,18.28,0.0,346.9,332.2,325.7,13.91,370.4,0.0,0.0,0.0,0.0,0.0,0.0,0.0,0.0,368.8,369.9,63.03,-0.498,26.13,27.1,27.13,26.13,0.0,272.0,274.7,275.0,273.7,0.6,0.0,23.53,22.5,-0.11,22.48,0.999,6000.0,403260.0,259.0,335.0,59.95,7.0,38.0,45.0,59.1,13.77,27.02,348.6,27.5,28.41,28.49,60.0,59.5,75.6,1.0,274.0,273.5,273.0,23.04,-0.756,23.05,1915.0,415666.0,13169.0,1912.0,-0.999,0.818,0.791,0.836,17.09,17.09,17.09,12.81,6.33,6.33,6.329,4.746,116.0,115.0,115.0,86.0,2.323,80.9,26.4,4.4,3.502,2.0,-1.0,13.53,0.002,0.293,1.0,2.0,0.0,0.001,26.53,24.49,27.42,26.92,26.52,26.3,25.54,29.96,24.03,25.25,28.6,30.88,27.88,28.7,30.74,30.43,26.46,28.47,29.75
2017-05-04 08:37:00-05:00,333.39102,348.76297,364.94235,321.89722,336.20914,341.7593,297.19864,318.01413,856989.0,18.33,0.0,352.2,337.9,331.4,13.95,365.9,0.0,0.0,0.0,0.0,0.0,0.0,0.0,0.0,364.4,365.5,64.87,-0.5,26.9,27.63,27.98,26.98,0.0,272.0,275.0,275.0,274.0,0.622,0.0,23.94,22.94,-0.125,22.92,0.999,6000.0,403260.0,259.0,335.0,59.95,7.0,38.0,45.0,58.97,14.03,27.06,353.5,28.01,28.9,28.99,60.0,59.5,75.6,1.0,274.0,274.0,273.0,23.47,-0.76,23.48,1915.0,415666.0,13169.0,1912.0,-0.999,0.818,0.791,0.836,17.62,17.62,17.62,13.21,6.446,6.445,6.447,4.833,116.0,116.0,116.0,87.0,1.265,80.9,46.72,2.5,3.502,2.0,-1.0,13.74,0.002,0.293,3.0,2.0,0.0,0.0,26.47,24.47,27.27,26.72,26.51,26.21,25.52,29.82,24.31,25.24,28.51,30.71,28.0,28.65,30.59,30.25,26.45,28.46,29.62
2017-05-04 08:38:00-05:00,322.38925,337.46503,352.6256,310.50967,324.7489,329.00754,284.5279,305.51987,856990.0,18.39,0.0,340.0,325.2,319.1,14.14,365.1,0.0,0.0,0.0,0.0,0.0,0.0,0.0,0.0,363.8,364.8,62.53,-0.5,25.68,26.65,26.82,25.82,0.0,272.0,274.7,275.0,273.7,0.612,0.0,23.03,22.09,-0.04,22.07,0.999,6000.0,403261.0,260.0,335.0,59.93,7.0,38.0,45.0,58.43,14.07,27.18,340.8,27.01,27.9,28.02,60.0,59.5,75.6,1.0,273.9,273.6,273.0,22.63,-0.789,22.64,1915.0,415667.0,13169.0,1912.0,-0.999,0.818,0.791,0.836,17.01,17.0,17.01,12.75,6.21,6.209,6.21,4.655,116.0,116.0,116.0,87.0,1.077,83.8,54.64,2.3,3.502,2.0,-1.0,13.74,0.002,0.292,3.0,2.0,0.0,0.0,26.61,24.7,27.44,27.0,26.7,26.41,25.65,29.81,24.12,25.57,28.49,30.73,28.07,28.71,30.67,30.26,26.56,28.62,29.66
2017-05-04 08:39:00-05:00,311.88193,326.4945,340.66418,299.38696,313.41745,316.9328,272.35892,293.615,856991.0,18.45,0.0,328.6,313.6,307.7,14.35,362.6,0.0,0.0,0.0,0.0,0.0,0.0,0.0,0.0,361.3,362.3,60.38,-0.5,24.63,25.53,25.93,24.93,0.0,272.0,275.0,275.0,274.0,0.632,0.0,22.11,21.22,-0.1,21.21,0.999,6000.0,403261.0,260.0,335.0,59.94,7.0,38.0,45.0,59.8,14.47,27.25,329.5,25.9,26.8,26.92,60.0,59.5,75.6,1.0,274.0,273.9,273.0,21.74,-0.709,21.75,1915.0,415667.0,13169.0,1912.0,-0.999,0.818,0.791,0.836,16.47,16.47,16.47,12.35,5.974,5.974,5.974,4.479,116.0,116.0,116.0,87.0,1.213,125.2,64.97,2.6,3.5,2.0,-1.0,13.74,0.002,0.292,3.0,2.0,0.0,0.0,26.71,24.93,27.45,26.99,26.78,26.46,25.72,29.79,24.39,25.61,28.49,30.78,28.1,28.84,30.72,30.32,26.66,28.79,29.7
2017-05-04 08:40:00-05:00,308.79153,323.3835,337.46655,295.94418,310.06952,313.20883,268.3444,289.72525,856992.0,18.5,0.0,325.7,310.4,304.5,14.49,362.0,0.0,0.0,0.0,0.0,0.0,0.0,0.0,0.0,360.6,361.6,60.0,-0.5,24.0,25.0,25.42,24.42,0.0,272.0,275.0,275.0,274.0,0.622,0.0,21.84,20.97,-0.155,20.95,0.999,6000.0,403261.0,260.0,335.0,59.95,7.0,38.0,45.0,57.73,14.58,27.17,326.5,25.61,26.5,26.65,60.0,59.5,75.6,1.0,274.0,274.0,273.0,21.52,-0.663,21.53,1915.0,415667.0,13169.0,1912.0,-1.0,0.818,0.791,0.836,16.34,16.34,16.34,12.25,5.914,5.914,5.914,4.434,116.0,116.0,116.0,87.0,1.178,75.02,40.32,2.3,3.5,2.0,-1.0,13.74,0.002,0.291,3.0,2.0,0.0,0.0,26.54,25.0,27.46,26.88,26.83,26.44,25.68,29.77,24.51,25.53,28.46,30.68,27.77,28.47,30.6,30.31,26.68,28.84,29.67
2017-05-04 08:41:00-05:00,311.6347,326.822,340.54572,298.72485,313.03116,316.14288,270.47714,292.55417,856993.0,18.55,0.0,329.2,313.6,307.7,14.56,360.4,0.0,0.0,0.0,0.0,0.0,0.0,0.0,0.0,358.9,360.0,60.43,-0.5,24.45,25.38,26.0,25.0,0.0,272.0,274.9,275.0,273.9,0.618,0.0,22.01,21.15,-0.175,21.15,0.999,6000.0,403262.0,261.0,335.0,59.96,7.0,38.0,45.02,59.85,14.4,26.97,329.8,25.82,26.71,26.84,60.0,59.5,75.6,1.0,274.0,273.7,273.0,21.67,-0.635,21.68,1915.0,415668.0,13169.0,1912.0,-1.0,0.818,0.791,0.836,16.54,16.54,16.54,12.4,5.959,5.962,5.96,4.467,116.0,116.0,116.0,87.0,2.027,103.9,32.65,3.4,3.502,2.0,-1.0,13.63,-0.005,0.291,1.0,2.0,0.0,0.001,26.56,24.89,27.41,26.88,26.99,26.4,25.62,29.89,24.89,25.87,28.66,30.56,27.79,28.45,30.48,30.26,26.89,28.76,29.6
2017-05-04 08:42:00-05:00,318.928,334.5177,348.48056,306.00763,320.75717,324.15506,277.7534,300.45145,856994.0,18.6,0.0,337.1,321.8,315.7,14.52,363.4,0.0,0.0,0.0,0.0,0.0,0.0,0.0,0.0,362.0,363.1,61.92,-0.5,25.28,26.28,26.67,25.67,0.0,272.0,274.7,275.0,273.7,0.607,0.0,22.71,21.8,-0.06,21.79,0.999,6000.0,403262.0,261.0,335.0,59.94,7.0,38.0,45.38,58.02,14.13,26.71,337.6,26.66,27.55,27.69,60.0,59.5,75.6,1.0,274.0,273.5,273.0,22.35,-0.761,22.36,1915.0,415668.0,13169.0,1912.0,-0.999,0.818,0.791,0.836,16.88,16.88,16.88,12.66,6.136,6.136,6.136,4.601,116.0,116.0,116.0,87.0,2.337,100.3,21.66,4.5,3.502,2.0,-1.0,13.63,0.008,0.292,3.0,2.0,0.0,0.0,26.47,24.64,27.21,26.76,26.91,26.16,25.6,30.02,24.73,26.11,28.81,30.51,27.96,28.35,30.41,30.27,27.07,28.69,29.58
2017-05-04 08:43:00-05:00,320.53503,336.1551,349.7833,307.33176,322.17358,325.28357,278.50613,302.2195,856995.0,18.64,0.0,338.1,322.8,316.6,14.33,361.8,0.0,0.0,0.0,0.0,0.0,0.0,0.0,0.0,360.1,361.1,62.03,-0.5,25.02,26.0,26.52,25.52,0.0,272.0,275.0,275.0,274.0,0.62,0.0,22.71,21.81,-0.107,21.8,0.999,6000.0,403262.0,261.0,335.0,59.94,7.0,38.02,45.3,59.03,14.35,26.72,338.6,26.65,27.55,27.7,60.0,59.5,75.6,1.0,274.0,273.8,273.0,22.35,-0.739,22.37,1915.0,415668.0,13169.0,1912.0,-0.999,0.818,0.791,0.836,16.97,16.97,16.98,12.73,6.141,6.141,6.142,4.604,116.0,116.0,116.0,87.0,1.687,128.5,55.55,3.7,3.502,2.0,-1.0,13.74,0.002,0.292,3.0,2.0,0.0,0.0,26.43,24.56,27.19,26.7,26.98,26.06,25.48,30.01,24.81,26.0,28.77,30.46,27.78,28.18,30.36,30.23,26.86,28.57,29.51
2017-05-04 08:44:00-05:00,324.2435,339.75735,353.8099,310.64206,325.77902,329.12036,281.517,305.99136,856996.0,18.69,0.0,341.9,326.5,320.2,14.42,364.9,0.0,0.0,0.0,0.0,0.0,0.0,0.0,0.0,363.5,364.6,62.95,-0.5,25.9,26.8,27.0,26.0,0.0,272.0,274.8,275.0,273.8,0.638,0.0,23.14,22.19,-0.285,22.17,0.999,6000.0,403263.0,262.0,335.0,59.97,7.0,38.0,45.02,59.23,14.42,26.67,342.4,27.12,27.98,28.14,60.0,59.5,75.6,1.0,273.9,273.7,273.0,22.72,-0.609,22.73,1915.0,415669.0,13169.0,1912.0,-1.0,0.818,0.791,0.836,17.11,17.11,17.11,12.82,6.242,6.242,6.243,4.68,116.0,116.0,116.0,87.0,1.48,121.4,86.4,3.0,3.502,2.0,-1.0,13.74,0.002,0.292,3.0,2.0,0.0,0.0,26.32,24.8,27.22,26.74,27.12,26.15,25.37,29.75,24.09,25.68,28.48,30.3,27.46,28.01,30.19,30.11,26.51,28.45,29.36
2017-05-04 08:45:00-05:00,325.35602,340.9035,354.75735,312.09863,327.32425,330.70023,282.14426,308.11304,856997.0,18.73,0.0,342.8,327.8,321.4,14.23,364.2,0.0,0.0,0.0,0.0,0.0,0.0,0.0,0.0,362.7,363.8,63.03,-0.5,26.0,27.0,27.0,26.0,0.0,271.8,274.7,275.0,273.6,0.627,0.0,23.18,22.23,-0.262,22.22,0.999,6000.0,403263.0,262.0,335.0,59.97,7.0,38.5,45.37,58.12,14.13,26.63,343.4,27.21,28.07,28.22,60.0,59.5,75.6,1.0,273.7,273.5,273.0,22.79,-0.624,22.8,1915.0,415669.0,13169.0,1912.0,-1.0,0.818,0.791,0.836,17.19,17.19,17.19,12.89,6.259,6.258,6.258,4.692,116.0,116.0,116.0,87.0,2.043,98.3,31.66,5.2,3.502,2.0,-1.0,13.74,0.002,0.292,3.0,2.0,0.0,0.0,26.28,24.58,27.17,26.58,27.17,26.11,25.35,29.5,24.22,25.35,28.28,30.24,27.56,27.96,30.09,29.95,26.41,28.32,29.21
2017-05-04 08:46:00-05:00,324.61435,340.57605,354.1652,310.64206,326.42288,328.89465,280.13702,306.93433,856998.0,18.78,0.0,342.1,326.0,319.7,14.13,362.8,0.0,0.0,0.0,0.0,0.0,0.0,0.0,0.0,361.5,362.5,63.0,-0.5,26.0,26.88,27.0,26.0,0.0,271.9,275.0,275.0,273.9,0.637,0.0,23.03,22.11,-0.247,22.1,0.999,6000.0,403264.0,263.0,335.0,59.96,7.0,38.0,45.93,60.03,14.3,26.66,342.5,27.04,27.89,28.03,60.0,59.5,75.6,1.0,273.9,273.9,273.0,22.65,-0.646,22.66,1915.0,415669.0,13169.0,1912.0,-1.0,0.818,0.791,0.836,17.15,17.15,17.15,12.86,6.221,6.221,6.221,4.664,117.0,117.0,117.0,87.0,1.752,113.8,79.93,4.2,3.502,2.0,-1.0,13.74,0.002,0.292,3.0,2.0,0.0,0.0,26.33,24.39,26.94,26.39,27.11,25.92,25.21,29.41,24.09,25.39,28.15,30.05,27.28,27.81,29.92,29.79,26.06,28.07,28.99
2017-05-04 08:47:00-05:00,320.28778,335.82764,349.30957,306.00763,321.65854,323.92938,275.74615,302.45523,856999.0,18.82,0.0,337.5,321.2,315.1,14.25,362.5,0.0,0.0,0.0,0.0,0.0,0.0,0.0,0.0,361.1,362.1,62.13,-0.5,25.2,26.13,26.47,25.47,0.0,271.9,274.7,275.0,273.7,0.622,0.0,22.68,21.79,-0.055,21.78,0.999,6000.0,403264.0,263.0,335.0,59.94,7.0,38.7,46.0,57.53,14.51,26.81,338.2,26.64,27.53,27.67,60.0,59.5,75.6,1.0,273.7,273.6,273.0,22.34,-0.769,22.35,1915.0,415670.0,13170.0,1912.0,-0.999,0.818,0.791,0.836,16.92,16.92,16.92,12.69,6.134,6.134,6.134,4.599,117.0,117.0,117.0,87.0,1.772,88.1,41.84,3.7,3.503,2.0,-1.0,13.43,0.004,0.293,1.0,2.0,0.0,0.001,26.31,24.44,26.94,26.38,27.27,25.97,25.16,29.32,23.93,25.35,28.06,30.1,27.47,27.88,29.99,29.78,26.3,28.11,29.0
2017-05-04 08:48:00-05:00,312.25278,327.47696,340.90103,298.32764,313.93253,316.2557,268.5953,294.91156,857000.0,18.86,0.0,328.8,313.3,307.3,14.24,364.4,0.0,0.0,0.0,0.0,0.0,0.0,0.0,0.0,363.0,364.0,60.42,-0.5,24.75,25.65,26.03,25.03,0.0,271.6,274.5,274.9,273.4,0.622,0.0,22.19,21.31,-0.108,21.31,0.999,6000.0,403264.0,263.0,335.0,59.95,7.0,38.73,46.0,59.48,14.3,26.81,329.5,26.05,26.93,27.09,60.0,59.5,75.6,1.0,273.5,273.4,272.6,21.84,-0.707,21.85,1915.0,415670.0,13170.0,1912.0,-0.999,0.818,0.791,0.836,16.45,16.45,16.45,12.33,5.996,5.996,5.996,4.495,117.0,117.0,117.0,87.0,1.098,111.9,57.75,3.7,3.502,2.0,-1.0,13.74,0.002,0.292,3.0,2.0,0.0,0.0,26.33,24.26,26.83,26.09,27.15,25.79,25.17,29.16,23.84,25.24,27.9,30.15,27.43,27.95,30.06,29.69,26.05,28.05,28.96
2017-05-04 08:49:00-05:00,308.29706,322.8923,336.75598,293.69318,308.91064,311.85464,264.95718,290.19675,857001.0,18.9,0.0,325.0,309.1,303.2,14.25,364.0,0.0,0.0,0.0,0.0,0.0,0.0,0.0,0.0,362.6,363.6,59.57,-0.5,24.13,25.07,25.6,24.6,0.0,271.6,274.7,275.0,273.5,0.63,0.0,21.89,21.01,-0.3,21.01,0.999,6000.0,403265.0,264.0,335.0,59.98,7.0,38.48,46.0,58.65,14.19,26.47,326.2,25.68,26.54,26.72,60.0,59.5,75.6,1.0,273.6,273.4,272.7,21.54,-0.519,21.55,1915.0,415671.0,13170.0,1912.0,-1.0,0.818,0.791,0.836,16.28,16.28,16.28,12.2,5.926,5.926,5.926,4.443,117.0,117.0,117.0,87.0,2.412,97.7,24.53,4.9,3.503,2.0,-1.0,13.74,0.002,0.291,3.0,2.0,0.0,0.0,26.15,24.09,26.66,25.96,26.94,25.67,24.99,28.9,23.45,24.93,27.57,30.01,27.36,27.8,29.95,29.48,25.92,27.83,28.71
2017-05-04 08:50:00-05:00,310.2749,325.18463,339.71674,296.209,311.3572,315.0144,268.3444,292.67203,857002.0,18.94,0.0,327.6,311.9,306.0,14.18,371.4,0.0,0.0,0.0,0.0,0.0,0.0,0.0,0.0,369.7,370.8,59.05,-0.5,24.62,25.6,26.0,25.0,0.0,271.8,274.8,275.0,273.7,0.643,0.0,22.16,21.17,-0.233,21.16,0.999,6000.0,403265.0,264.0,335.0,59.97,7.0,39.0,46.0,58.8,13.87,26.22,328.7,25.9,26.75,26.93,60.0,59.5,75.6,1.0,273.8,273.8,273.0,21.72,-0.599,21.73,1915.0,415671.0,13170.0,1912.0,-1.0,0.818,0.791,0.836,16.08,16.08,16.06,12.05,5.973,5.969,5.965,4.475,117.0,117.0,117.0,88.0,1.388,80.1,39.26,2.5,3.502,2.0,-1.0,13.74,0.002,0.292,3.0,2.0,0.0,0.0,26.0,23.87,26.47,25.79,26.7,25.44,24.95,28.75,23.52,24.79,27.48,29.9,27.32,27.7,29.82,29.37,25.9,27.79,28.61
2017-05-04 08:51:00-05:00,314.72507,329.60556,344.92767,300.7111,315.60648,320.2054,273.73892,297.26895,857003.0,18.98,0.0,332.5,316.9,310.9,14.16,367.3,0.0,0.0,0.0,0.0,0.0,0.0,0.0,0.0,365.7,366.7,60.88,-0.5,25.0,26.0,26.15,25.15,0.0,271.9,274.8,275.0,273.8,0.637,0.0,22.55,21.64,-0.093,21.62,0.999,6000.0,403265.0,264.0,335.0,59.95,7.0,38.15,46.0,59.57,13.95,26.25,333.9,26.43,27.3,27.45,60.0,59.5,75.6,1.0,273.8,273.7,272.9,22.16,-0.726,22.17,1915.0,415671.0,13170.0,1912.0,-0.999,0.818,0.791,0.836,16.59,16.58,16.58,12.43,6.093,6.092,6.091,4.567,117.0,117.0,117.0,88.0,1.37,86.6,42.54,2.1,3.503,2.0,-1.0,13.74,0.002,0.292,3.0,2.0,0.0,0.0,25.9,23.87,26.44,25.82,26.65,25.4,24.99,28.76,23.54,24.78,27.53,29.95,27.4,27.77,29.84,29.43,25.9,27.86,28.66
2017-05-04 08:52:00-05:00,322.142,337.1375,353.09933,308.5235,323.2037,328.66898,282.6461,305.402,857004.0,19.01,0.0,340.4,325.2,318.9,14.31,371.5,0.0,0.0,0.0,0.0,0.0,0.0,0.0,0.0,369.9,371.0,61.87,-0.498,25.87,26.78,27.0,26.0,0.0,271.8,274.7,275.0,273.7,0.628,0.0,23.15,22.14,-0.23,22.12,0.999,6000.0,403266.0,265.0,335.0,59.97,7.0,39.0,46.0,58.17,14.15,25.98,341.9,27.09,27.95,28.1,60.0,59.5,75.6,1.0,273.7,273.6,272.8,22.68,-0.638,22.69,1915.0,415672.0,13170.0,1912.0,-1.0,0.818,0.791,0.836,16.77,16.76,16.76,12.57,6.229,6.226,6.226,4.669,117.0,117.0,117.0,88.0,1.36,124.4,71.05,3.6,3.503,2.0,-1.0,13.52,-0.005,0.292,3.0,2.0,0.0,0.001,25.85,23.97,26.47,26.05,26.55,25.46,25.07,28.68,23.39,24.64,27.4,30.04,27.37,27.87,29.93,29.41,25.77,27.84,28.67
2017-05-04 08:53:00-05:00,330.177,345.48822,361.98157,317.2628,332.0886,337.9225,291.55325,314.00653,857005.0,19.05,0.0,348.9,334.1,327.7,14.37,370.1,0.0,0.0,0.0,0.0,0.0,0.0,0.0,0.0,368.5,369.6,63.67,-0.5,26.53,27.27,27.63,26.63,0.0,271.6,274.4,275.0,273.3,0.622,0.0,23.77,22.73,-0.275,22.71,0.999,6000.0,403266.0,265.0,335.0,59.97,7.0,38.98,46.0,60.02,14.32,26.15,350.5,27.83,28.67,28.83,60.0,59.5,75.6,1.0,273.5,273.3,272.8,23.28,-0.634,23.29,1915.0,415672.0,13170.0,1912.0,-1.0,0.818,0.791,0.836,17.28,17.28,17.28,12.96,6.396,6.395,6.394,4.794,117.0,117.0,117.0,88.0,2.095,108.1,45.34,4.2,3.503,2.0,-1.0,13.57,0.009,0.293,3.0,2.0,0.0,0.0,25.77,24.13,26.51,26.03,26.52,25.53,24.99,28.62,23.44,24.55,27.36,29.9,27.01,27.71,29.83,29.31,25.68,27.7,28.55
2017-05-04 08:54:00-05:00,334.50357,350.07288,366.60034,321.63242,337.11047,342.2107,295.6932,317.89627,857006.0,19.08,0.0,353.1,337.9,331.3,14.33,373.0,0.0,0.0,0.0,0.0,0.0,0.0,0.0,0.0,371.4,372.5,63.9,-0.498,27.0,27.87,28.0,27.0,0.0,271.4,274.3,274.9,273.2,0.642,0.0,24.03,22.94,-0.223,22.94,0.999,6000.0,403266.0,265.0,335.0,59.96,7.0,39.0,46.0,57.57,14.38,26.35,354.8,28.11,28.99,29.13,60.0,59.5,75.6,1.0,273.3,273.1,272.5,23.52,-0.708,23.53,1915.0,415672.0,13170.0,1912.0,-1.0,0.818,0.791,0.836,17.32,17.3,17.3,12.97,6.458,6.451,6.453,4.838,117.0,117.0,117.0,88.0,1.487,100.9,25.99,3.1,3.502,2.0,-1.0,13.74,0.002,0.293,3.0,2.0,0.0,0.0,25.87,23.99,26.52,26.08,26.55,25.51,25.09,28.68,23.71,24.61,27.43,29.92,27.35,27.85,29.86,29.35,25.87,27.83,28.62
2017-05-04 08:55:00-05:00,336.85226,352.6927,369.2058,323.88345,339.42828,344.24197,298.07684,320.1358,857007.0,19.12,0.0,355.4,339.6,333.1,14.35,374.5,0.0,0.0,0.0,0.0,0.0,0.0,0.0,0.0,372.9,374.0,63.55,-0.488,26.7,27.6,27.88,26.88,0.0,271.5,274.5,275.0,273.2,0.62,0.0,24.02,22.95,-0.098,22.94,0.999,6000.0,403267.0,266.0,335.0,59.95,7.0,39.0,46.0,59.78,14.17,26.47,357.0,28.1,28.95,29.11,60.0,59.5,75.6,1.0,273.4,273.2,272.7,23.5,-0.777,23.52,1915.0,415673.0,13170.0,1912.0,-0.999,0.818,0.791,0.836,17.22,17.21,17.22,12.91,6.447,6.445,6.448,4.834,117.0,117.0,117.0,88.0,1.48,82.3,53.76,3.0,3.504,2.0,-1.0,13.74,0.002,0.293,3.0,2.0,0.0,0.0,26.06,24.13,26.68,26.2,26.59,25.64,25.17,28.84,23.99,25.04,27.62,30.02,27.47,27.94,29.96,29.42,25.93,27.94,28.72
2017-05-04 08:56:00-05:00,336.72864,352.52896,368.96896,323.4862,338.9132,343.33917,297.95135,319.54645,857008.0,19.15,0.0,355.2,338.7,332.1,14.37,378.3,0.0,0.0,0.0,0.0,0.0,0.0,0.0,0.0,376.8,377.9,61.97,-0.462,26.0,27.0,27.07,26.07,0.0,271.2,274.0,274.9,273.0,0.625,0.0,23.6,22.55,-0.057,22.53,0.999,6000.0,403267.0,266.0,335.0,59.94,7.0,39.0,46.0,58.13,14.08,26.23,356.8,27.62,28.49,28.64,60.0,59.5,75.6,1.0,273.0,273.0,272.2,23.11,-0.799,23.12,1915.0,415673.0,13170.0,1912.0,-0.999,0.818,0.791,0.836,16.77,16.78,16.76,12.57,6.345,6.346,6.34,4.755,118.0,118.0,118.0,88.0,2.685,90.8,47.87,4.6,3.502,2.0,-1.0,13.74,0.002,0.293,3.0,2.0,0.0,0.0,25.98,24.22,26.72,26.24,26.49,25.77,25.17,28.93,23.98,24.92,27.7,30.01,27.5,27.92,29.96,29.44,25.93,27.92,28.73
2017-05-04 08:57:00-05:00,337.8412,353.6751,370.2717,324.14825,339.68582,344.1291,299.2059,320.4894,857009.0,19.18,0.0,356.4,339.4,332.9,14.27,379.7,0.0,0.0,0.0,0.0,0.0,0.0,0.0,0.0,378.2,379.2,61.38,-0.435,26.0,27.0,27.0,26.0,0.0,271.1,274.0,274.8,273.0,0.627,0.0,23.5,22.45,-0.17,22.44,0.999,6000.0,403268.0,267.0,335.0,59.95,7.0,39.0,46.0,59.27,14.02,26.24,358.0,27.53,28.38,28.53,60.0,59.5,75.6,1.0,273.0,273.0,272.2,23.01,-0.716,23.03,1915.0,415674.0,13170.0,1912.0,-1.0,0.818,0.791,0.836,16.66,16.66,16.66,12.49,6.325,6.325,6.327,4.741,118.0,118.0,118.0,88.0,2.245,75.02,29.58,4.0,3.5,2.0,-1.0,13.74,0.002,0.293,3.0,2.0,0.0,0.0,25.9,24.14,26.64,26.14,26.29,25.68,25.19,28.89,23.71,25.02,27.66,29.96,27.46,27.82,29.9,29.3,25.83,27.72,28.58
2017-05-04 08:58:00-05:00,343.15665,359.0785,376.1932,329.31238,344.96524,349.88434,305.22766,326.38293,857010.0,19.22,0.0,362.1,345.1,338.4,14.18,379.9,0.0,0.0,0.0,0.0,0.0,0.0,0.0,0.0,378.4,379.5,62.23,-0.432,26.73,27.18,27.92,26.92,0.0,271.2,274.0,274.8,273.0,0.62,0.0,23.83,22.78,-0.08,22.77,0.999,6000.0,403268.0,267.0,335.0,59.94,7.0,39.0,46.0,58.68,14.27,26.39,363.7,27.93,28.78,28.91,60.0,59.5,75.6,1.0,273.0,273.0,272.2,23.34,-0.775,23.35,1915.0,415674.0,13170.0,1912.0,-0.999,0.818,0.791,0.836,16.87,16.88,16.89,12.66,6.409,6.414,6.415,4.809,118.0,118.0,118.0,88.0,2.042,80.9,38.38,4.9,3.503,2.0,-1.0,13.52,0.002,0.293,1.0,2.0,0.0,0.001,25.92,24.34,26.75,26.04,26.4,25.72,25.23,28.85,23.37,25.04,27.56,30.01,27.62,27.97,29.91,29.28,25.71,27.73,28.56
2017-05-04 08:59:00-05:00,351.4389,367.92035,385.54916,337.52203,353.07755,358.5736,313.88394,334.98746,857011.0,19.24,0.0,371.4,353.7,346.9,14.13,373.8,0.0,0.0,0.0,0.0,0.0,0.0,0.0,0.0,372.1,373.3,66.83,-0.497,28.1,29.05,29.17,28.17,0.0,271.0,274.0,274.7,273.0,0.638,0.0,25.15,24.06,-0.098,24.03,0.999,6000.0,403268.0,267.0,335.0,59.94,7.0,39.0,46.0,58.62,14.3,26.67,373.1,29.52,30.38,30.51,60.0,59.5,75.6,1.0,273.0,273.0,272.1,24.64,-0.832,24.65,1915.0,415674.0,13170.0,1912.0,-0.999,0.818,0.791,0.836,18.09,18.09,18.1,13.57,6.762,6.763,6.764,5.071,118.0,118.0,118.0,88.0,1.53,72.42,46.58,3.8,3.503,2.0,-1.0,13.74,0.002,0.293,3.0,2.0,0.0,0.0,26.15,24.34,26.81,26.06,26.42,25.75,25.33,28.79,23.54,25.05,27.44,30.03,27.59,27.97,29.91,29.19,25.75,27.67,28.45
2017-05-04 09:00:00-05:00,359.10303,375.77982,393.72086,345.59927,361.18982,367.15002,322.28928,343.35626,857012.0,19.28,0.0,379.4,362.1,355.1,14.31,369.9,0.0,0.0,0.0,0.0,0.0,0.0,0.0,0.0,368.3,369.4,69.55,-0.5,29.08,30.03,30.1,29.1,0.0,271.0,274.0,274.5,273.0,0.63,0.0,25.89,24.76,-0.233,24.74,0.999,6000.0,403269.0,268.0,335.0,59.97,7.0,39.0,46.0,59.4,14.46,26.61,380.9,30.4,31.25,31.39,60.0,59.5,75.6,1.0,273.0,273.0,272.2,25.36,-0.755,25.37,1915.0,415675.0,13170.0,1912.0,-1.0,0.818,0.791,0.836,18.81,18.81,18.81,14.1,6.958,6.958,6.956,5.216,118.0,118.0,118.0,88.0,2.107,115.5,61.48,4.3,3.503,2.0,-1.0,13.74,0.002,0.294,3.0,2.0,0.0,0.0,26.34,24.59,26.88,26.4,26.4,26.01,25.48,28.83,23.73,25.11,27.56,30.16,27.83,28.12,30.05,29.28,25.53,27.77,28.52
2017-05-04 09:01:00-05:00,361.8226,378.89084,396.68158,348.51233,364.15143,370.19696,325.802,346.89236,857013.0,19.3,0.0,382.4,365.3,358.2,14.38,369.7,0.0,0.0,0.0,0.0,0.0,0.0,0.0,0.0,368.1,369.2,70.1,-0.5,29.25,30.23,30.3,29.3,0.0,271.2,274.0,274.8,273.0,0.63,0.0,26.14,25.01,-0.202,24.99,0.999,6000.0,403269.0,268.0,335.0,59.96,7.0,39.0,46.0,58.12,14.17,26.66,383.7,30.69,31.56,31.7,60.0,59.5,75.6,1.0,273.0,273.0,272.3,25.61,-0.789,25.62,1915.0,415675.0,13170.0,1912.0,-1.0,0.818,0.791,0.836,18.98,18.98,18.99,14.24,7.017,7.018,7.021,5.263,118.0,118.0,118.0,88.0,2.58,87.2,24.73,4.1,3.503,2.0,-1.0,13.74,0.002,0.294,3.0,2.0,0.0,0.0,26.36,24.37,26.82,26.2,26.38,25.78,25.66,28.97,24.18,25.07,27.71,30.36,27.95,28.31,30.27,29.49,25.96,28.01,28.74
2017-05-04 09:02:00-05:00,363.80045,380.36447,397.98434,351.55786,366.598,373.69522,330.44376,350.54633,857014.0,19.34,0.0,383.9,369.1,361.9,14.22,366.4,0.0,0.0,0.0,0.0,0.0,0.0,0.0,0.0,364.8,365.9,70.75,-0.5,29.23,30.18,30.37,29.37,0.0,271.4,274.1,275.0,273.1,0.61,0.0,26.17,25.08,-0.025,25.07,0.999,6000.0,403270.0,269.0,335.0,59.93,7.0,39.0,46.0,59.8,14.11,26.7,385.8,30.76,31.64,31.74,60.0,59.5,75.6,1.0,273.2,273.0,272.5,25.67,-0.93,25.69,1915.0,415676.0,13170.0,1912.0,-0.999,0.818,0.791,0.836,19.22,19.22,19.21,14.4,7.042,7.041,7.04,5.277,118.0,118.0,118.0,89.0,3.037,89.9,31.1,4.8,3.503,2.0,-1.0,13.74,0.002,0.294,3.0,2.0,0.0,0.0,26.33,24.28,26.73,25.97,26.41,25.68,25.67,29.19,24.16,25.39,27.95,30.37,27.88,28.34,30.28,29.61,26.0,28.07,28.85
2017-05-04 09:03:00-05:00,368.00336,384.62167,402.24783,356.45718,371.6199,379.78897,336.4655,356.79346,857015.0,19.37,0.0,388.0,375.4,368.1,14.17,370.9,0.0,0.0,0.0,0.0,0.0,0.0,0.0,0.0,369.2,370.4,71.03,-0.5,29.63,30.6,30.7,29.7,0.0,271.7,274.3,275.0,273.3,0.622,0.0,26.56,25.42,-0.15,25.4,0.999,6000.0,403270.0,269.0,335.0,59.95,7.0,39.0,46.0,57.97,14.09,26.51,390.3,31.18,32.06,32.18,60.0,59.5,75.6,1.0,273.6,273.1,273.0,26.03,-0.857,26.04,1915.0,415676.0,13170.0,1912.0,-0.999,0.818,0.791,0.836,19.23,19.21,19.22,14.42,7.132,7.125,7.129,5.348,118.0,118.0,118.0,89.0,2.083,67.23,24.39,4.1,3.502,2.0,-1.0,13.5,-0.007,0.294,1.0,2.0,0.0,0.001,26.19,24.27,26.74,25.97,26.42,25.68,25.72,29.28,23.81,25.54,28.04,30.4,28.09,28.44,30.29,29.68,26.13,28.06,28.91
2017-05-04 09:04:00-05:00,362.06982,378.89084,395.85257,348.51233,365.0528,371.43826,325.42563,348.54254,857016.0,19.4,0.0,382.0,367.5,360.4,14.15,365.3,0.0,0.0,0.0,0.0,0.0,0.0,0.0,0.0,363.9,364.9,70.52,-0.5,28.95,29.93,30.08,29.08,0.0,271.5,274.2,274.9,273.2,0.61,0.0,25.97,24.89,-0.19,24.87,0.999,6000.0,403270.0,269.0,335.0,59.96,7.0,39.0,46.0,59.85,14.26,26.68,383.6,30.52,31.4,31.5,60.0,59.5,75.6,1.0,273.5,273.0,272.7,25.48,-0.781,25.49,1915.0,415677.0,13170.0,1912.0,-1.0,0.818,0.791,0.836,19.12,19.11,19.12,14.33,6.985,6.984,6.984,5.236,118.0,118.0,118.0,89.0,2.215,69.27,24.8,4.4,3.502,2.0,-1.0,13.5,0.009,0.296,3.0,2.0,0.0,0.001,26.32,24.4,26.84,25.92,26.59,25.84,25.9,29.25,23.85,25.55,27.97,30.54,28.23,28.55,30.41,29.79,26.29,28.22,29.0
2017-05-04 09:05:00-05:00,343.4039,359.40598,374.77203,331.03375,347.15427,352.47986,306.48218,330.0369,857017.0,19.42,0.0,360.9,348.3,341.6,14.28,365.3,0.0,0.0,0.0,0.0,0.0,0.0,0.0,0.0,363.9,364.9,66.63,-0.5,27.38,28.33,28.53,27.53,0.0,271.7,274.1,275.0,273.1,0.617,0.0,24.53,23.51,-0.203,23.5,0.999,6000.0,403271.0,270.0,335.0,59.96,7.0,39.0,46.0,57.67,14.53,26.51,362.8,28.82,29.71,29.8,60.0,59.5,75.6,1.0,273.5,273.0,272.9,24.09,-0.716,24.1,1915.0,415677.0,13170.0,1912.0,-1.0,0.818,0.791,0.836,18.07,18.07,18.07,13.54,6.6,6.6,6.602,4.948,119.0,119.0,119.0,89.0,1.588,89.4,33.84,3.9,3.503,2.0,-1.0,13.7,0.002,0.294,3.0,2.0,0.0,0.0,26.31,24.56,26.95,26.07,26.84,25.97,26.08,29.4,24.32,25.75,28.13,30.7,28.54,28.7,30.58,29.96,26.43,28.35,29.21
2017-05-04 09:06:00-05:00,342.0441,359.0785,374.6536,325.33997,342.51868,345.59613,297.95135,323.20044,857018.0,19.46,0.0,363.0,342.7,336.0,14.31,366.4,0.0,0.0,0.0,0.0,0.0,0.0,0.0,0.0,365.0,366.0,66.2,-0.5,27.42,28.27,28.53,27.57,0.0,271.7,274.2,274.9,273.2,0.623,0.0,24.51,23.45,-0.295,23.44,0.999,6000.0,403271.0,270.0,335.0,59.98,7.0,39.0,46.0,59.95,14.54,26.79,364.5,28.75,29.63,29.74,60.0,59.5,75.6,1.0,273.5,273.0,272.9,24.03,-0.65,24.04,1915.0,415677.0,13170.0,1912.0,-1.0,0.818,0.791,0.836,18.03,18.03,18.03,13.52,6.608,6.608,6.608,4.954,119.0,119.0,119.0,89.0,1.997,82.9,27.27,4.0,3.503,2.0,-1.0,13.7,0.002,0.294,3.0,2.0,0.0,0.0,26.49,24.66,27.01,26.12,26.87,26.12,26.06,29.42,24.61,25.58,28.22,30.65,28.28,28.6,30.54,29.94,26.56,28.34,29.2
2017-05-04 09:07:00-05:00,328.81726,344.83322,359.96826,315.6738,332.34613,335.89124,290.04782,314.47803,857019.0,19.51,0.0,347.1,333.0,326.5,14.27,369.8,0.0,0.0,0.0,0.0,0.0,0.0,0.0,0.0,368.3,369.4,63.47,-0.5,26.3,27.23,27.47,26.47,0.0,271.1,273.8,274.7,272.8,0.613,0.0,23.66,22.59,-0.293,22.58,0.999,6000.0,403272.0,271.0,335.0,59.99,7.0,39.0,46.0,57.8,14.69,27.04,348.8,27.72,28.6,28.7,60.0,59.5,75.6,1.0,273.0,272.8,272.4,23.16,-0.562,23.17,1915.0,415678.0,13170.0,1912.0,-1.0,0.818,0.791,0.836,17.15,17.16,17.16,12.86,6.343,6.344,6.345,4.756,119.0,119.0,119.0,89.0,1.667,71.18,35.52,3.8,3.502,2.0,-1.0,13.7,0.002,0.293,3.0,2.0,0.0,0.0,26.55,24.74,27.13,26.02,27.05,26.14,26.08,29.62,24.83,25.9,28.43,30.65,28.41,28.63,30.53,30.07,26.74,28.53,29.29
2017-05-04 09:08:00-05:00,312.5,326.822,341.6116,298.72485,314.4476,317.72275,272.73526,295.5009,857020.0,19.53,0.0,330.3,315.2,309.1,14.41,369.7,0.0,0.0,0.0,0.0,0.0,0.0,0.0,0.0,368.1,369.2,60.1,-0.5,25.0,26.0,26.0,25.0,0.0,271.8,274.3,275.0,273.3,0.625,0.0,22.42,21.4,-0.27,21.38,0.999,6000.0,403272.0,271.0,335.0,59.97,7.0,39.0,46.0,59.45,14.64,27.11,333.3,26.19,27.07,27.18,60.0,59.5,75.6,1.0,273.7,273.1,273.0,21.95,-0.579,21.96,1915.0,415678.0,13170.0,1912.0,-1.0,0.818,0.791,0.836,16.31,16.31,16.32,12.23,6.03,6.03,6.031,4.523,119.0,119.0,119.0,89.0,1.978,86.8,31.46,3.8,3.503,2.0,-1.0,13.7,0.002,0.293,3.0,2.0,0.0,0.0,26.55,24.72,27.08,26.25,26.9,26.17,26.01,29.54,24.23,26.03,28.32,30.53,28.31,28.49,30.42,30.03,26.69,28.42,29.26
2017-05-04 09:09:00-05:00,311.26385,325.67584,341.25632,297.1359,312.5161,316.36856,271.85712,293.37924,857021.0,19.56,0.0,330.3,314.2,308.2,14.36,369.0,0.0,0.0,0.0,0.0,0.0,0.0,0.0,0.0,367.4,368.5,60.32,-0.5,25.0,26.0,26.0,25.0,0.0,271.6,274.0,275.0,273.0,0.615,0.0,22.42,21.41,-0.24,21.38,0.999,6000.0,403272.0,271.0,335.0,59.97,7.0,39.0,46.0,58.5,14.59,27.2,333.8,26.21,27.09,27.18,60.0,59.5,75.6,1.0,273.4,273.0,272.9,21.95,-0.604,21.96,1915.0,415678.0,13170.0,1912.0,-1.0,0.818,0.791,0.836,16.36,16.36,16.37,12.27,6.036,6.037,6.038,4.526,119.0,119.0,119.0,89.0,1.985,62.61,26.2,2.8,3.502,2.0,-1.0,13.49,0.003,0.293,1.0,2.0,0.0,0.001,26.6,24.66,27.0,26.14,26.8,26.02,25.98,29.42,24.39,25.91,28.18,30.46,28.25,28.32,30.33,30.04,26.75,28.39,29.25
2017-05-04 09:10:00-05:00,318.06268,332.71658,349.42798,304.68347,319.85577,324.2679,281.89334,301.5123,857022.0,19.58,0.0,338.4,322.1,315.9,14.46,366.5,0.0,0.0,0.0,0.0,0.0,0.0,0.0,0.0,364.9,366.0,62.07,-0.5,25.65,26.55,26.95,25.95,0.0,271.7,274.3,275.0,273.3,0.62,0.0,22.94,21.98,-0.152,21.95,0.999,6000.0,403273.0,272.0,335.0,59.95,7.0,39.0,46.0,58.85,14.53,27.01,341.9,26.88,27.78,27.87,60.0,59.5,75.6,1.0,273.6,273.1,273.0,22.51,-0.719,22.52,1915.0,415679.0,13170.0,1912.0,-0.999,0.818,0.791,0.836,16.88,16.88,16.88,12.65,6.186,6.185,6.186,4.637,119.0,119.0,119.0,89.0,2.508,83.0,36.62,4.6,3.502,2.0,-1.0,13.74,0.003,0.292,3.0,2.0,0.0,0.0,26.53,24.71,26.95,26.23,26.73,26.05,25.88,29.32,23.91,25.51,28.06,30.39,28.03,28.29,30.24,29.95,26.57,28.36,29.19
2017-05-04 09:11:00-05:00,323.5018,338.11996,355.70477,310.11243,325.00647,330.13602,288.04056,306.34497,857023.0,19.61,0.0,344.6,327.7,321.3,14.22,366.2,0.0,0.0,0.0,0.0,0.0,0.0,0.0,0.0,364.7,365.8,63.22,-0.5,26.08,27.0,27.12,26.12,0.0,271.9,274.4,275.0,273.4,0.607,0.0,23.37,22.38,-0.24,22.36,0.999,6000.0,403273.0,272.0,335.0,59.96,7.0,39.0,46.0,59.43,14.51,26.9,348.4,27.38,28.27,28.36,60.0,59.5,75.6,1.0,273.8,273.3,272.9,22.92,-0.66,22.93,1915.0,415679.0,13170.0,1912.0,-1.0,0.818,0.791,0.836,17.21,17.21,17.2,12.9,6.301,6.301,6.3,4.723,119.0,119.0,119.0,89.0,2.72,72.98,37.67,4.1,3.502,2.0,-1.0,13.74,0.002,0.292,3.0,2.0,0.0,0.0,26.46,24.56,26.89,26.13,26.61,25.97,25.72,29.15,24.03,25.31,27.92,30.23,27.93,28.14,30.08,29.85,26.41,28.22,29.08
2017-05-04 09:12:00-05:00,335.8633,351.21902,370.03482,322.95654,337.75433,344.1291,300.8368,318.9571,857024.0,19.64,0.0,358.8,341.8,335.1,14.16,372.8,0.0,0.0,0.0,0.0,0.0,0.0,0.0,0.0,371.0,372.2,64.7,-0.493,27.07,28.05,28.2,27.2,0.0,271.9,274.3,275.0,273.3,0.602,0.0,24.37,23.29,-0.238,23.28,0.999,6000.0,403273.0,272.0,335.0,59.96,7.0,39.0,46.0,58.0,14.28,26.64,362.6,28.51,29.4,29.51,60.0,59.5,75.6,1.0,273.9,273.0,273.0,23.85,-0.697,23.86,1915.0,415680.0,13170.0,1912.0,-1.0,0.818,0.791,0.836,17.58,17.58,17.57,13.17,6.554,6.553,6.55,4.912,119.0,119.0,119.0,89.0,2.488,82.0,24.63,4.3,3.502,2.0,-1.0,13.7,0.001,0.293,3.0,2.0,0.0,0.0,26.37,24.36,26.84,26.05,26.49,25.84,25.69,29.06,24.01,25.32,27.85,30.11,27.74,27.99,29.96,29.78,26.34,28.15,29.0
2017-05-04 09:13:00-05:00,341.30243,356.9499,376.43005,327.98825,343.5488,349.65863,306.10583,324.497,857025.0,19.67,0.0,364.9,347.0,340.3,14.29,376.9,0.0,0.0,0.0,0.0,0.0,0.0,0.0,0.0,375.5,376.5,64.27,-0.487,27.0,28.0,28.22,27.22,0.0,271.7,274.1,275.0,273.1,0.61,0.0,24.47,23.36,-0.275,23.35,0.999,6000.0,403274.0,273.0,335.0,59.97,7.0,39.0,46.0,59.95,14.4,26.53,368.6,28.61,29.5,29.61,60.0,59.5,75.6,1.0,273.5,273.0,272.9,23.93,-0.657,23.94,1915.0,415680.0,13170.0,1912.0,-1.0,0.818,0.791,0.836,17.42,17.42,17.43,13.07,6.567,6.565,6.57,4.925,119.0,119.0,119.0,89.0,2.177,125.2,39.91,4.6,3.503,2.0,-1.0,13.7,0.002,0.294,3.0,2.0,0.0,0.0,26.25,24.39,26.85,26.15,26.38,25.87,25.64,29.16,24.39,25.25,28.0,30.15,27.66,28.04,29.96,29.71,26.35,28.03,28.91
2017-05-04 09:14:00-05:00,347.85403,363.66315,383.6543,334.34412,349.7296,356.4295,312.75485,330.9799,857026.0,19.69,0.0,372.5,354.3,347.4,14.37,374.4,0.0,0.0,0.0,0.0,0.0,0.0,0.0,0.0,372.8,374.0,66.67,-0.498,28.03,28.95,29.32,28.32,0.0,271.7,274.2,275.0,273.2,0.617,0.0,25.17,24.05,-0.212,24.03,0.999,6000.0,403274.0,273.0,335.0,59.96,7.0,39.0,46.0,57.73,14.54,26.78,376.5,29.47,30.35,30.47,60.0,59.5,75.6,1.0,273.5,273.1,272.7,24.63,-0.732,24.64,1915.0,415680.0,13170.0,1912.0,-1.0,0.818,0.791,0.836,18.05,18.06,18.06,13.54,6.754,6.761,6.758,5.068,120.0,120.0,120.0,89.0,2.013,93.3,36.59,5.3,3.502,2.0,-1.0,13.7,0.002,0.294,3.0,2.0,0.0,0.0,26.46,24.48,26.92,26.29,26.42,25.83,25.66,29.32,24.24,25.64,28.19,30.17,27.74,28.04,29.97,29.78,26.35,28.06,28.96
2017-05-04 09:15:00-05:00,364.2949,380.85568,401.89255,351.8227,367.6281,375.83932,331.19647,349.72125,857027.0,19.72,0.0,391.0,373.9,366.6,14.3,368.4,0.0,0.0,0.0,0.0,0.0,0.0,0.0,0.0,366.7,367.8,71.93,-0.5,29.75,30.68,31.1,30.1,0.0,271.8,274.5,275.0,273.5,0.617,0.0,26.72,25.56,-0.118,25.54,0.999,6000.0,403275.0,274.0,335.0,59.95,7.0,39.0,46.0,59.97,14.23,26.75,394.7,31.34,32.22,32.36,60.0,59.5,75.6,1.0,273.6,273.4,272.8,26.17,-0.875,26.18,1915.0,415681.0,13170.0,1912.0,-0.999,0.818,0.791,0.836,19.49,19.48,19.48,14.61,7.179,7.178,7.178,5.382,120.0,120.0,120.0,90.0,1.757,90.8,47.77,5.3,3.503,2.0,-1.0,13.7,0.002,0.295,3.0,2.0,0.0,0.0,26.55,24.58,26.97,26.35,26.49,26.02,25.74,29.37,23.95,25.76,28.21,30.18,27.62,28.08,30.03,29.72,26.12,27.98,28.9
2017-05-04 09:16:00-05:00,364.54214,381.51068,402.48468,352.882,369.0446,376.40356,332.2001,351.25357,857028.0,19.74,0.0,390.9,373.7,366.4,14.41,372.5,0.0,0.0,0.0,0.0,0.0,0.0,0.0,0.0,370.9,372.0,70.87,-0.5,30.0,31.0,31.0,30.0,0.0,271.6,274.2,274.8,273.2,0.604,0.0,26.69,25.51,-0.12,25.49,0.999,6000.0,403275.0,274.0,335.0,59.95,7.0,39.09,46.0,57.76,14.3,26.93,394.7,31.27,32.17,32.28,60.0,59.5,75.6,1.0,273.6,273.1,272.6,26.11,-0.866,26.12,1915.0,415681.0,13170.0,1912.0,-0.981,0.818,0.791,0.836,19.19,19.19,19.19,14.39,7.147,7.147,7.148,5.36,120.0,120.0,120.0,90.0,2.342,85.6,33.18,5.2,3.504,2.0,-1.0,13.7,0.002,0.295,3.0,2.0,0.0,0.0,26.64,24.84,27.07,26.59,26.54,26.18,25.95,29.59,24.59,25.86,28.37,30.43,28.09,28.43,30.28,29.95,26.47,28.27,29.15
2017-05-04 09:17:00-05:00,365.9019,382.82056,404.37955,354.0737,369.94592,377.6449,334.20734,352.43225,857029.0,19.76,0.0,392.2,374.5,367.1,14.35,374.2,0.0,0.0,0.0,0.0,0.0,0.0,0.0,0.0,372.7,373.7,70.4,-0.498,30.0,31.0,31.0,30.0,0.0,271.7,274.2,274.9,273.2,0.602,0.0,26.62,25.43,-0.218,25.41,0.999,6000.0,403275.0,274.0,335.0,59.96,7.0,39.37,46.05,59.82,14.42,26.91,396.4,31.18,32.06,32.19,60.0,59.5,75.6,1.0,273.5,273.1,272.6,26.03,-0.787,26.04,1915.0,415682.0,13170.0,1912.0,-1.0,0.818,0.791,0.836,19.07,19.07,19.07,14.29,7.135,7.135,7.137,5.349,120.0,120.0,120.0,90.0,2.068,80.7,32.58,3.7,3.503,2.0,-1.0,13.4,-0.014,0.295,1.0,2.0,0.0,0.001,26.66,24.94,27.21,26.61,26.71,26.27,25.9,29.6,24.22,25.8,28.38,30.53,28.02,28.57,30.4,29.99,26.24,28.29,29.15
2017-05-04 09:18:00-05:00,375.5439,393.13608,415.86728,363.7399,379.9897,389.15536,345.99997,364.1014,857030.0,19.78,0.0,402.7,385.2,377.6,14.41,367.3,0.0,0.0,0.0,0.0,0.0,0.0,0.0,0.0,365.6,366.8,73.83,-0.5,30.85,31.83,31.85,30.85,0.0,271.8,274.3,275.0,273.3,0.612,0.0,27.39,26.25,-0.097,26.25,0.999,6000.0,403276.0,275.0,335.0,59.95,7.0,39.47,46.17,57.93,14.77,26.94,407.1,32.18,33.08,33.2,60.0,59.5,75.6,1.0,273.7,273.0,272.9,26.86,-0.911,26.88,1915.0,415682.0,13170.0,1912.0,-0.999,0.818,0.791,0.836,20.06,20.05,20.06,15.04,7.365,7.364,7.365,5.521,120.0,120.0,120.0,90.0,1.907,85.6,37.44,4.0,3.502,2.0,-1.0,13.45,0.018,0.297,1.0,2.0,0.0,0.001,26.77,24.96,27.39,26.75,26.94,26.38,26.08,29.68,24.48,25.74,28.43,30.57,28.16,28.68,30.51,29.98,26.12,28.32,29.18
2017-05-04 09:19:00-05:00,385.18594,403.28787,427.47345,373.4061,390.03348,399.87585,357.41617,374.70978,857031.0,19.81,0.0,413.8,395.2,387.3,14.37,369.1,0.0,0.0,0.0,0.0,0.0,0.0,0.0,0.0,367.4,368.5,76.15,-0.5,31.55,32.52,32.65,31.65,0.0,271.7,274.1,275.0,273.1,0.605,0.0,28.27,27.04,-0.16,27.01,0.999,6000.0,403276.0,275.0,335.0,59.95,7.0,39.2,46.83,59.63,14.9,27.2,418.5,33.18,34.08,34.18,60.0,59.5,75.6,1.0,273.5,273.0,272.7,27.67,-0.908,27.68,1915.0,415683.0,13170.0,1912.0,-0.999,0.818,0.791,0.836,20.55,20.55,20.55,15.41,7.583,7.583,7.584,5.689,120.0,120.0,120.0,90.0,2.162,95.7,29.49,3.7,3.502,2.0,-1.0,13.7,0.002,0.296,3.0,2.0,0.0,0.0,27.0,25.01,27.47,26.82,27.28,26.43,26.23,29.87,24.6,26.13,28.62,30.73,28.3,28.88,30.68,30.07,26.3,28.43,29.27
2017-05-04 09:20:00-05:00,400.76147,420.15292,445.8301,388.89847,405.87173,416.91586,374.35236,390.50436,857032.0,19.83,0.0,431.3,411.5,403.2,14.41,369.2,0.0,0.0,0.0,0.0,0.0,0.0,0.0,0.0,367.5,368.7,79.13,-0.5,33.12,34.07,34.27,33.27,0.0,271.6,274.1,275.0,273.1,0.62,0.0,29.45,28.17,-0.142,28.15,0.999,6000.0,403277.0,276.0,335.0,59.95,7.0,39.47,47.0,58.08,14.82,27.68,435.2,34.59,35.48,35.59,60.0,59.5,75.6,1.0,273.3,273.0,272.7,28.82,-0.961,28.83,1915.0,415683.0,13170.0,1912.0,-0.999,0.818,0.791,0.836,21.37,21.37,21.37,16.03,7.888,7.888,7.888,5.918,120.0,120.0,120.0,90.0,2.32,88.8,36.9,5.2,3.504,2.0,-1.0,13.7,0.002,0.297,3.0,2.0,0.0,0.0,27.42,25.15,27.57,27.05,27.44,26.6,26.47,30.0,24.82,26.11,28.67,30.95,28.57,29.16,30.91,30.34,26.62,28.67,29.51
2017-05-04 09:21:00-05:00,405.21164,424.41013,449.85672,393.2681,410.12103,421.31696,378.6178,393.6869,857033.0,19.85,0.0,434.8,415.2,407.0,14.37,368.5,0.0,0.0,0.0,0.0,0.0,0.0,0.0,0.0,366.7,367.8,80.0,-0.5,33.27,34.25,34.43,33.43,0.0,271.8,274.3,275.0,273.3,0.612,0.0,29.68,28.39,-0.18,28.36,0.999,6000.0,403277.0,276.0,335.0,59.96,7.0,39.2,47.0,59.48,14.6,27.87,439.3,34.88,35.77,35.87,60.0,59.5,75.6,1.0,273.6,273.0,272.7,29.06,-0.945,29.08,1915.0,415684.0,13170.0,1912.0,-0.999,0.818,0.791,0.836,21.6,21.59,21.58,16.19,7.958,7.957,7.953,5.964,120.0,120.0,120.0,90.0,2.145,98.1,27.54,4.6,3.502,2.0,-1.0,13.7,0.002,0.297,3.0,2.0,0.0,0.0,27.55,25.3,27.87,27.33,27.7,26.81,26.52,30.25,25.05,26.41,28.97,31.12,28.58,29.12,31.06,30.62,26.9,28.83,29.72
2017-05-04 09:22:00-05:00,417.57318,436.85425,462.52875,406.90668,423.51276,434.52014,391.91583,406.18115,857034.0,19.88,0.0,446.8,428.0,419.4,14.44,369.3,0.0,0.0,0.0,0.0,0.0,0.0,0.0,0.0,367.7,368.8,82.2,-0.5,34.32,35.25,35.47,34.47,0.0,271.9,274.1,275.0,273.1,0.582,0.0,30.54,29.19,-0.257,29.17,0.999,6000.0,403278.0,277.0,335.0,59.97,7.0,39.33,47.0,58.13,14.28,28.0,450.1,35.89,36.79,36.89,60.0,59.5,75.6,1.0,273.8,273.0,272.9,29.9,-0.924,29.91,1915.0,415684.0,13170.0,1912.0,-1.0,0.818,0.791,0.836,22.13,22.12,22.13,16.59,8.17,8.17,8.17,6.125,121.0,121.0,121.0,90.0,2.973,89.3,39.88,5.6,3.503,2.0,-1.0,13.7,0.002,0.297,3.0,2.0,0.0,0.0,27.71,25.3,27.99,27.4,27.81,26.9,26.73,30.49,25.41,26.68,29.28,31.38,28.75,29.26,31.32,30.84,27.35,29.08,29.93
2017-05-04 09:23:00-05:00,402.98654,421.46286,445.35635,393.1357,409.0909,419.06,376.4851,391.91882,857035.0,19.9,0.0,429.2,411.8,403.7,14.49,369.5,0.0,0.0,0.0,0.0,0.0,0.0,0.0,0.0,368.0,369.0,78.75,-0.5,33.0,34.0,34.0,33.0,0.0,271.9,274.2,275.0,273.2,0.605,0.0,29.35,28.06,-0.253,28.04,0.999,6000.0,403278.0,277.0,335.0,59.97,7.0,39.83,47.0,59.5,14.26,28.15,433.7,34.44,35.34,35.44,60.0,59.5,75.6,1.0,273.9,273.0,273.0,28.71,-0.872,28.72,1915.0,415685.0,13170.0,1912.0,-1.0,0.818,0.791,0.836,21.27,21.26,21.26,15.94,7.857,7.856,7.855,5.891,121.0,121.0,121.0,90.0,2.627,109.2,28.21,4.2,3.503,2.0,-1.0,13.49,0.002,0.297,1.0,2.0,0.0,0.001,27.81,25.37,28.02,27.6,27.81,26.92,26.89,30.7,25.36,26.98,29.48,31.57,29.12,29.35,31.44,31.04,27.46,29.21,30.14
2017-05-04 09:24:00-05:00,417.8204,436.5268,461.5813,407.83362,423.25522,435.4229,392.41763,407.12408,857036.0,19.93,0.0,445.2,428.3,419.8,14.64,367.2,0.0,0.0,0.0,0.0,0.0,0.0,0.0,0.0,365.5,366.6,82.4,-0.5,34.22,35.15,35.27,34.27,0.0,271.8,274.3,275.0,273.3,0.613,0.0,30.45,29.12,-0.243,29.11,0.999,6000.0,403279.0,278.0,335.0,59.97,7.0,39.53,47.0,58.15,14.6,28.47,450.2,35.79,36.68,36.76,60.0,59.5,75.6,1.0,273.7,273.0,273.0,29.8,-0.93,29.81,1915.0,415685.0,13170.0,1912.0,-1.0,0.818,0.791,0.836,22.22,22.22,22.22,16.66,8.16,8.16,8.16,6.116,121.0,121.0,121.0,90.0,1.587,116.6,31.36,3.9,3.503,2.0,-1.0,13.7,0.002,0.297,3.0,2.0,0.0,0.0,27.99,25.57,28.19,27.67,27.93,27.05,27.09,30.97,25.98,27.43,29.84,31.94,29.3,29.64,31.76,31.27,27.59,29.44,30.36
2017-05-04 09:25:00-05:00,447.73535,467.96457,495.80753,436.1701,451.58383,465.66605,423.6555,436.1202,857037.0,19.95,0.0,480.0,459.9,451.5,14.77,368.2,0.0,0.0,0.0,0.0,0.0,0.0,0.0,0.0,366.5,367.7,88.3,-0.5,36.85,37.77,37.95,36.95,0.0,271.4,274.1,274.9,273.1,0.623,0.0,32.74,31.31,-0.227,31.29,0.999,6000.0,403279.0,278.0,335.0,59.96,7.0,39.97,47.0,59.67,14.88,28.81,485.7,38.53,39.4,39.5,60.0,59.5,75.6,1.0,273.2,273.0,272.4,32.02,-1.045,32.04,1915.0,415686.0,13170.0,1912.0,-0.999,0.818,0.791,0.836,23.83,23.84,23.84,17.87,8.78,8.78,8.78,6.579,121.0,121.0,121.0,91.0,1.105,129.6,69.85,2.8,3.503,2.0,-1.0,13.7,0.002,0.298,3.0,2.0,0.0,0.0,28.25,25.77,28.56,28.22,28.4,27.41,27.38,31.34,26.35,27.76,30.17,32.29,29.5,30.03,32.11,31.66,27.79,29.86,30.7
2017-05-04 09:26:00-05:00,457.99545,478.93503,507.769,447.82245,465.6194,479.65918,438.20804,451.32547,857038.0,19.97,0.0,490.5,472.1,463.6,14.89,366.3,0.0,0.0,0.0,0.0,0.0,0.0,0.0,0.0,364.7,365.7,90.9,-0.5,37.7,38.63,38.95,37.95,0.0,271.5,274.1,275.0,273.0,0.63,0.0,33.5,32.05,-0.115,32.03,0.999,6000.0,403280.0,279.0,335.0,59.95,7.0,39.92,47.0,58.0,15.16,29.31,495.0,39.47,40.33,40.45,60.0,59.5,75.6,1.0,273.1,273.0,272.7,32.8,-1.156,32.82,1915.0,415686.0,13170.0,1912.0,-0.999,0.818,0.791,0.836,24.46,24.45,24.46,18.34,8.96,8.96,8.96,6.716,121.0,121.0,121.0,91.0,0.997,31.63,98.8,2.3,3.502,2.0,-1.0,13.7,0.002,0.3,3.0,2.0,0.0,0.0,28.67,26.47,29.12,28.82,29.06,28.0,27.78,31.92,26.87,28.34,30.77,32.92,30.08,30.6,32.83,32.28,28.15,30.58,31.33
2017-05-04 09:27:00-05:00,505.21655,530.67645,564.0233,484.89825,504.76437,518.2531,474.46402,486.09723,857039.0,20.0,0.0,547.6,513.4,504.0,14.94,365.3,0.0,0.0,0.0,0.0,0.0,0.0,0.0,0.0,363.5,364.6,100.6,-0.5,41.75,42.73,42.92,41.92,0.0,271.5,274.2,274.9,273.2,0.623,0.0,36.96,35.38,-0.035,35.35,0.999,6000.0,403280.0,279.0,335.0,59.93,7.0,40.0,47.0,59.88,15.24,29.78,552.3,43.59,44.45,44.56,60.0,59.5,75.6,1.0,273.3,273.0,272.5,36.15,-1.36,36.18,1915.0,415687.0,13170.0,1912.0,-0.999,0.818,0.791,0.836,27.18,27.19,27.18,20.38,9.93,9.93,9.93,7.444,121.0,121.0,121.0,91.0,1.642,84.0,36.55,3.2,3.502,2.0,-1.0,13.7,0.002,0.301,3.0,2.0,0.0,0.0,29.23,27.06,29.66,29.2,29.59,28.52,28.2,32.39,27.46,28.7,31.26,33.53,30.66,31.32,33.45,32.83,28.95,31.12,31.9
2017-05-04 09:28:00-05:00,656.0275,687.04663,732.9046,646.4427,667.13885,695.6497,654.8658,658.07,857040.0,20.03,0.0,705.8,683.9,670.6,15.05,362.1,0.0,0.0,0.0,0.0,0.0,0.0,0.0,0.0,360.2,361.3,132.0,-0.5,54.55,55.42,55.62,54.62,0.0,271.9,274.5,275.0,273.5,0.627,0.0,48.0,45.94,-0.125,45.91,0.999,6000.0,403281.0,280.0,335.0,59.95,7.0,40.0,47.0,58.15,15.48,30.87,714.7,56.73,57.61,57.71,60.0,59.5,75.6,1.0,273.3,273.0,273.0,46.95,-1.747,46.98,1915.0,415688.0,13170.0,1912.0,-0.999,0.818,0.791,0.836,35.37,35.38,35.38,26.53,12.81,12.81,12.81,9.61,121.0,121.0,121.0,91.0,1.043,106.6,42.74,2.6,3.502,2.0,-1.0,13.51,0.012,0.307,1.0,2.0,0.0,0.001,30.11,27.92,30.59,30.3,30.59,29.46,29.06,33.57,28.29,29.82,32.37,34.53,31.76,32.48,34.49,33.83,29.68,32.18,32.85
2017-05-04 09:29:00-05:00,660.2304,694.4149,739.063,652.13654,679.62915,702.30774,659.8839,669.85706,857041.0,20.05,0.0,706.9,684.6,671.1,15.13,357.5,0.0,0.0,0.0,0.0,0.0,0.0,0.0,0.0,355.5,356.5,132.8,-0.5,54.15,55.1,55.22,54.22,0.0,271.9,274.5,275.0,273.5,0.622,0.0,47.64,45.61,-0.097,45.57,1.0,6000.0,403282.0,281.0,335.0,59.95,7.0,40.0,47.0,59.52,15.64,32.23,710.4,56.29,57.18,57.25,60.0,59.5,75.6,1.0,273.8,273.1,273.0,46.59,-1.749,46.63,1915.0,415688.0,13170.0,1912.0,-0.999,0.818,0.791,0.836,35.44,35.43,35.44,26.57,12.67,12.67,12.67,9.5,122.0,122.0,122.0,91.0,2.297,104.2,59.47,4.3,3.502,2.0,-1.0,13.51,-0.008,0.311,1.0,2.0,0.0,0.001,31.56,29.3,31.96,31.55,31.94,30.65,30.42,35.25,30.06,31.42,34.08,36.15,33.31,34.03,36.09,35.35,31.3,33.81,34.37
2017-05-04 09:30:00-05:00,508.18335,531.33136,560.9441,496.68307,516.09576,529.3122,487.00934,500.24164,857042.0,20.08,0.0,540.1,519.6,509.8,15.06,356.9,0.0,0.0,0.0,0.0,0.0,0.0,0.0,0.0,355.1,356.1,100.6,-0.5,41.02,41.92,42.13,41.13,0.0,271.2,274.0,274.8,273.0,0.612,0.0,36.13,34.64,-0.122,34.61,0.999,6000.0,403283.0,282.0,335.0,59.95,7.0,40.0,47.0,58.82,15.04,32.65,544.9,42.69,43.57,43.66,60.0,59.5,75.6,1.0,273.0,273.0,272.2,35.41,-1.255,35.44,1915.0,415689.0,13170.0,1912.0,-0.999,0.818,0.791,0.836,27.12,27.13,27.13,20.33,9.68,9.69,9.69,7.258,122.0,122.0,122.0,91.0,2.363,105.9,20.77,3.8,3.502,2.0,-1.0,13.7,0.002,0.302,3.0,2.0,0.0,0.0,32.01,29.69,32.32,31.9,32.42,30.95,30.85,35.99,30.64,32.09,34.81,36.77,33.79,34.43,36.68,35.97,32.08,34.28,35.0
2017-05-04 09:31:00-05:00,572.2162,600.1015,635.79193,561.9629,580.479,601.19617,559.27045,568.2528,857043.0,20.11,0.0,613.3,590.7,579.4,15.27,359.0,0.0,0.0,0.0,0.0,0.0,0.0,0.0,0.0,357.2,358.2,114.1,-0.5,46.73,47.7,47.82,46.82,0.0,271.2,274.0,274.7,273.0,0.603,0.0,41.16,39.4,-0.093,39.38,0.999,6000.0,403283.0,282.0,335.0,59.94,7.0,40.0,47.0,58.6,15.08,33.15,617.5,48.65,49.53,49.6,60.0,59.5,75.6,1.0,273.0,273.0,272.1,40.27,-1.483,40.3,1915.0,415690.0,13170.0,1912.0,-0.999,0.818,0.791,0.836,30.68,30.68,30.68,23.0,11.01,11.01,11.01,8.26,122.0,122.0,122.0,91.0,1.6,75.24,27.64,3.4,3.502,2.0,-1.0,13.7,0.002,0.304,3.0,2.0,0.0,0.0,32.41,30.13,32.69,32.38,32.65,31.42,31.25,36.41,30.69,32.42,35.26,37.19,34.35,34.84,37.06,36.55,32.82,34.86,35.55
2017-05-04 09:32:00-05:00,551.5724,577.83307,610.68475,545.4112,569.79144,584.7204,540.20154,557.0551,857044.0,20.15,0.0,585.5,571.0,559.9,15.42,356.6,0.0,0.0,0.0,0.0,0.0,0.0,0.0,0.0,354.9,355.9,110.2,-0.5,44.7,45.68,45.85,44.85,0.0,271.1,274.0,274.8,273.0,0.607,0.0,39.49,37.82,-0.068,37.79,0.999,6000.0,403284.0,283.0,335.0,59.94,7.0,40.0,47.0,59.72,15.23,33.77,588.0,46.5,47.38,47.45,60.0,59.5,75.6,1.0,273.0,273.0,272.0,38.5,-1.425,38.53,1915.0,415690.0,13170.0,1912.0,-0.999,0.818,0.791,0.836,29.35,29.35,29.35,22.01,10.47,10.47,10.47,7.848,122.0,122.0,122.0,91.0,1.512,96.5,24.07,3.1,3.502,2.0,-1.0,13.7,0.002,0.305,3.0,2.0,0.0,0.0,33.1,30.73,33.41,33.0,33.36,32.02,31.97,37.34,31.9,33.42,36.16,38.06,35.11,35.67,37.87,37.46,33.8,35.79,36.45
2017-05-04 09:33:00-05:00,513.00433,537.5534,567.57623,498.93408,518.02734,531.0049,485.62936,500.24164,857045.0,20.19,0.0,548.5,523.8,513.7,15.37,357.7,0.0,0.0,0.0,0.0,0.0,0.0,0.0,0.0,356.0,357.1,101.7,-0.5,41.4,42.35,42.5,41.5,0.0,271.0,274.0,274.3,273.0,0.605,0.0,36.6,35.04,-0.122,35.03,0.999,6000.0,403284.0,283.0,335.0,59.95,7.0,40.0,47.0,57.68,15.4,33.94,552.8,43.23,44.1,44.2,60.0,59.5,75.6,1.0,273.0,273.0,272.0,35.83,-1.273,35.85,1915.0,415691.0,13170.0,1912.0,-0.999,0.818,0.791,0.836,27.44,27.44,27.43,20.57,9.82,9.81,9.81,7.357,122.0,122.0,122.0,92.0,1.232,77.84,35.97,2.4,3.502,2.0,-1.0,13.7,0.002,0.301,3.0,2.0,0.0,0.0,33.38,30.77,33.68,33.16,33.79,32.19,32.17,37.57,31.8,33.34,36.33,38.37,35.39,36.0,38.19,37.81,33.94,36.15,36.86
2017-05-04 09:34:00-05:00,626.11255,655.93634,695.24384,612.28,637.1362,654.23456,602.1754,619.40857,857046.0,20.23,0.0,667.7,641.9,629.3,15.52,355.5,0.0,0.0,0.0,0.0,0.0,0.0,0.0,0.0,353.6,354.6,125.1,-0.5,50.82,51.73,51.93,50.93,0.0,271.4,274.0,275.0,273.0,0.613,0.0,44.66,42.78,-0.262,42.76,0.999,6000.0,403285.0,284.0,335.0,59.97,7.0,40.0,47.0,59.95,16.05,34.63,674.3,52.84,53.7,53.79,60.0,59.5,75.6,1.0,273.0,273.0,272.1,43.72,-1.497,43.75,1915.0,415692.0,13170.0,1912.0,-0.999,0.818,0.791,0.836,33.56,33.56,33.55,25.14,11.93,11.93,11.93,8.94,123.0,123.0,123.0,92.0,1.397,96.7,37.11,2.8,3.5,2.0,-1.0,13.56,0.002,0.307,1.0,2.0,0.0,0.001,33.97,31.43,34.28,33.96,34.36,32.89,32.8,38.24,32.41,33.94,37.0,39.14,36.07,36.85,38.93,38.53,34.44,36.88,37.54
2017-05-04 09:35:00-05:00,641.9353,671.49146,711.11346,637.1738,654.906,680.52814,637.67865,644.5149,857047.0,20.27,0.0,683.2,666.8,656.8,15.6,355.1,0.0,0.0,0.0,0.0,0.0,0.0,0.0,0.0,353.1,354.2,128.3,-0.5,51.98,52.93,53.08,52.08,0.0,271.4,274.0,274.9,273.0,0.603,0.0,45.74,43.8,-0.272,43.77,0.999,6000.0,403286.0,285.0,335.0,59.97,7.0,40.0,47.0,58.15,15.37,34.99,691.4,54.1,55.0,55.08,60.0,59.5,75.6,1.0,273.1,273.0,272.2,44.77,-1.542,44.8,1915.0,415692.0,13170.0,1912.0,-0.999,0.818,0.791,0.836,34.46,34.45,34.44,25.82,12.24,12.23,12.23,9.17,123.0,123.0,123.0,92.0,3.05,92.7,49.49,6.9,3.502,2.0,-1.0,13.7,0.002,0.308,3.0,2.0,0.0,0.0,34.5,31.9,34.7,34.46,34.61,33.4,33.4,39.11,33.07,34.44,37.81,39.87,36.53,37.34,39.65,39.22,34.87,37.43,38.12
2017-05-04 09:36:00-05:00,664.1861,700.4732,741.3132,656.771,686.325,703.8876,654.11304,671.8609,857048.0,20.31,0.0,706.6,684.4,674.9,15.2,354.5,0.0,0.0,0.0,0.0,0.0,0.0,0.0,0.0,352.6,353.6,132.3,-0.5,53.57,54.48,54.68,53.68,0.0,271.0,274.0,274.8,273.0,0.627,0.0,47.11,45.11,-0.262,45.08,0.999,6000.0,403287.0,286.0,335.0,59.97,7.0,40.0,47.0,59.32,15.18,35.76,708.2,55.79,56.62,56.73,60.0,59.5,75.6,1.0,273.0,273.0,272.1,46.11,-1.595,46.14,1915.0,415693.0,13170.0,1912.0,-0.999,0.818,0.791,0.836,35.32,35.32,35.32,26.49,12.52,12.52,12.52,9.39,123.0,123.0,123.0,92.0,1.933,84.8,42.5,3.3,3.502,2.0,-1.0,13.7,0.002,0.31,3.0,2.0,0.0,0.0,34.95,32.26,35.03,34.39,35.0,33.81,33.77,39.86,33.46,35.05,38.66,40.39,37.12,37.54,40.12,39.9,35.69,37.93,38.69
2017-05-04 09:37:00-05:00,574.4412,597.31793,629.3967,566.9946,583.4407,601.6476,559.14496,569.31366,857049.0,20.37,0.0,606.4,591.6,583.9,15.32,354.3,0.0,0.0,0.0,0.0,0.0,0.0,0.0,0.0,352.6,353.6,113.9,-0.5,46.02,46.98,47.03,46.03,0.0,271.0,274.0,274.6,273.0,0.625,0.0,40.58,38.86,-0.233,38.83,0.999,6000.0,403287.0,286.0,335.0,59.96,7.0,40.0,47.0,59.1,15.52,36.04,617.3,47.99,48.84,48.97,60.0,59.5,75.6,1.0,273.0,273.0,272.0,39.74,-1.359,39.76,1915.0,415694.0,13170.0,1912.0,-0.999,0.818,0.791,0.836,30.76,30.75,30.73,23.05,10.9,10.89,10.89,8.17,123.0,123.0,123.0,92.0,2.478,74.65,17.43,3.7,3.5,2.0,-1.0,13.7,0.002,0.305,3.0,2.0,0.0,0.0,35.39,32.46,35.24,34.55,35.42,33.98,33.94,39.91,32.5,35.03,38.58,40.46,37.03,37.49,40.19,40.11,35.89,37.92,38.95
2017-05-04 09:38:00-05:00,653.6788,684.4268,723.54865,650.2828,670.61554,694.52124,652.1058,660.89886,857050.0,20.42,0.0,695.3,680.6,671.5,15.5,353.9,0.0,0.0,0.0,0.0,0.0,0.0,0.0,0.0,352.0,353.0,130.5,-0.5,52.72,53.72,53.83,52.83,0.0,271.1,274.0,274.7,273.0,0.617,0.0,46.36,44.4,-0.198,44.36,0.999,6000.0,403288.0,287.0,335.0,59.96,7.0,40.0,47.0,58.42,15.89,36.3,702.3,54.86,55.73,55.85,60.0,59.5,75.6,1.0,273.0,273.0,272.0,45.37,-1.634,45.4,1915.0,415695.0,13170.0,1912.0,-0.999,0.818,0.791,0.836,35.02,34.98,34.99,26.26,12.39,12.38,12.38,9.29,123.0,123.0,123.0,92.0,1.963,96.9,26.44,3.5,3.502,2.0,-1.0,13.7,0.002,0.308,3.0,2.0,0.0,0.0,35.73,32.57,35.57,34.58,35.67,34.1,34.25,39.81,31.91,34.94,38.23,40.81,37.57,37.88,40.52,40.27,35.3,38.09,39.06
2017-05-04 09:39:00-05:00,726.9828,762.3664,808.1077,718.34326,746.7165,768.775,717.71783,733.74274,857051.0,20.47,0.0,774.1,750.8,739.9,15.55,350.8,0.0,0.0,0.0,0.0,0.0,0.0,0.0,0.0,348.8,349.9,145.7,-0.5,58.47,59.35,59.65,58.65,0.0,271.4,274.1,274.5,273.0,0.607,0.0,51.33,49.15,-0.247,49.12,0.999,6000.0,403289.0,288.0,335.0,59.97,7.0,40.3,47.0,59.92,16.19,37.22,781.1,60.82,61.68,61.82,60.0,59.5,75.6,1.0,272.7,272.7,271.7,50.2,-1.792,50.24,1915.0,415695.0,13170.0,1912.0,-0.999,0.818,0.791,0.836,39.0,38.97,38.99,29.24,13.68,13.67,13.68,10.26,124.0,124.0,124.0,93.0,2.755,76.37,25.49,4.2,3.502,2.0,-1.0,13.66,-0.001,0.312,3.0,2.0,0.0,0.0,36.26,33.11,36.24,35.08,36.31,34.69,34.98,40.3,32.64,35.41,38.79,41.76,37.73,38.79,41.41,40.93,35.65,38.79,39.74
2017-05-04 09:40:00-05:00,609.42444,639.72626,674.28174,604.60004,629.2815,643.9655,597.91003,614.6937,857052.0,20.52,0.0,642.7,626.6,619.2,15.5,352.4,0.0,0.0,0.0,0.0,0.0,0.0,0.0,0.0,350.6,351.5,120.7,-0.5,48.53,49.47,49.68,48.68,0.0,271.0,274.0,274.0,273.0,0.61,0.0,42.72,40.94,-0.268,40.9,1.0,6000.0,403289.0,288.0,335.0,59.97,7.0,40.95,47.0,58.4,16.11,37.34,646.5,50.61,51.49,51.62,60.0,59.5,75.6,1.0,273.0,273.0,272.0,41.86,-1.429,41.89,1915.0,415696.0,13170.0,1912.0,-0.999,0.818,0.791,0.836,32.29,32.29,32.29,24.21,11.38,11.38,11.38,8.53,124.0,124.0,124.0,93.0,2.475,105.1,42.59,5.4,3.502,2.0,-1.0,13.66,0.005,0.308,3.0,2.0,0.0,0.0,36.66,33.28,36.63,35.53,36.82,35.06,35.3,40.62,33.03,35.28,39.11,42.29,38.19,39.08,41.88,41.43,36.05,39.18,40.28
2017-05-04 09:41:00-05:00,618.6956,649.0593,684.46674,610.8235,633.27325,649.495,602.6772,618.3477,857053.0,20.58,0.0,655.9,635.0,628.9,15.11,353.9,0.0,0.0,0.0,0.0,0.0,0.0,0.0,0.0,352.0,353.1,122.4,-0.5,49.53,50.43,50.63,49.63,0.0,271.0,274.0,274.0,273.0,0.608,0.0,43.51,41.7,-0.205,41.67,0.999,6000.0,403290.0,289.0,335.0,59.96,7.0,41.0,47.0,59.02,15.54,37.37,660.5,51.55,52.4,52.53,60.0,59.5,75.6,1.0,273.0,273.0,272.0,42.61,-1.494,42.64,1915.0,415697.0,13170.0,1912.0,-0.999,0.818,0.791,0.836,32.85,32.82,32.82,24.61,11.62,11.61,11.61,8.71,124.0,124.0,124.0,93.0,3.9,70.72,24.03,6.9,3.502,2.0,-1.0,13.7,0.002,0.307,3.0,2.0,0.0,0.0,36.84,33.0,36.48,34.94,36.48,34.89,35.15,40.44,32.47,34.7,38.86,42.14,37.98,38.9,41.71,41.28,35.76,38.83,40.13
2017-05-04 09:42:00-05:00,621.6624,653.644,690.2698,607.9104,631.4705,645.43243,596.2791,614.57587,857054.0,20.64,0.0,661.7,631.5,625.7,14.99,354.4,0.0,0.0,0.0,0.0,0.0,0.0,0.0,0.0,352.5,353.5,122.8,-0.5,49.72,50.68,50.8,49.8,0.0,271.0,274.0,274.0,273.0,0.612,0.0,43.7,41.88,-0.257,41.85,0.999,6000.0,403291.0,290.0,335.0,59.97,7.0,41.0,47.0,59.42,15.37,37.13,667.0,51.82,52.66,52.79,60.0,59.5,75.6,1.0,273.0,273.0,272.0,42.82,-1.465,42.84,1915.0,415697.0,13170.0,1912.0,-0.999,0.818,0.791,0.836,33.06,33.07,33.07,24.78,11.72,11.72,11.72,8.79,124.0,124.0,124.0,93.0,3.285,71.86,32.34,5.5,3.502,2.0,-1.0,13.7,0.002,0.307,3.0,2.0,0.0,0.0,36.48,32.96,36.23,34.52,36.09,34.65,34.87,40.24,32.01,34.7,38.55,41.82,37.96,38.77,41.38,41.01,35.38,38.42,39.85
2017-05-04 09:43:00-05:00,648.8578,681.31586,720.11414,639.2924,663.9197,680.3024,634.29144,650.5263,857055.0,20.7,0.0,686.8,663.7,657.5,15.07,352.8,0.0,0.0,0.0,0.0,0.0,0.0,0.0,0.0,351.0,352.0,128.7,-0.5,51.92,52.9,53.03,52.03,0.0,271.0,274.0,274.0,273.0,0.605,0.0,45.63,43.73,-0.248,43.7,0.999,6000.0,403292.0,291.0,335.0,59.97,7.0,41.0,47.0,58.27,15.13,37.19,691.2,54.14,55.0,55.13,60.0,59.5,75.6,1.0,273.0,272.9,272.0,44.7,-1.557,44.73,1915.0,415698.0,13170.0,1912.0,-0.999,0.818,0.791,0.836,34.46,34.44,34.45,25.83,12.16,12.15,12.15,9.11,124.0,124.0,124.0,93.0,2.393,83.9,28.62,5.0,3.502,2.0,-1.0,13.7,0.002,0.309,3.0,2.0,0.0,0.0,36.54,33.01,36.29,34.44,36.14,34.65,35.03,40.43,32.16,34.84,38.81,42.04,37.95,38.86,41.59,41.05,35.3,38.58,39.99
2017-05-04 09:44:00-05:00,579.7567,607.79724,641.00287,567.9215,590.7803,603.566,559.5213,577.8003,857056.0,20.76,0.0,614.3,588.9,583.7,15.28,354.9,0.0,0.0,0.0,0.0,0.0,0.0,0.0,0.0,353.1,354.1,114.0,-0.5,46.27,47.2,47.38,46.38,0.0,271.0,273.8,274.0,272.8,0.6,0.0,40.64,38.96,-0.18,38.93,0.999,6000.0,403292.0,291.0,335.0,59.96,7.0,41.0,47.0,59.83,15.16,37.0,618.7,48.23,49.07,49.21,60.0,59.5,75.6,1.0,272.5,272.1,271.7,39.83,-1.39,39.85,1915.0,415699.0,13170.0,1912.0,-0.999,0.818,0.791,0.836,30.67,30.66,30.64,22.99,10.89,10.88,10.87,8.16,125.0,125.0,125.0,93.0,2.388,124.8,47.44,8.5,3.502,2.0,-1.0,13.7,0.004,0.306,3.0,2.0,0.0,0.0,36.44,32.71,36.13,34.51,35.97,34.41,35.06,40.39,32.72,34.73,38.84,42.14,37.85,39.07,41.7,41.08,35.49,38.71,40.04
2017-05-04 09:45:00-05:00,610.4134,641.36365,678.18994,598.6414,624.7747,639.3387,591.88824,612.68994,857057.0,20.82,0.0,648.9,624.7,618.9,15.32,353.8,0.0,0.0,0.0,0.0,0.0,0.0,0.0,0.0,351.9,353.0,121.1,-0.5,48.98,49.92,50.13,49.13,0.0,271.0,273.9,274.0,272.9,0.607,0.0,43.07,41.24,-0.227,41.22,0.999,6000.0,403293.0,292.0,335.0,59.96,7.0,41.0,47.0,58.12,15.66,36.9,652.1,51.08,51.95,52.08,60.0,59.5,75.6,1.0,272.8,272.3,271.9,42.19,-1.476,42.21,1915.0,415700.0,13170.0,1912.0,-0.999,0.818,0.791,0.836,32.47,32.46,32.47,24.34,11.49,11.49,11.49,8.61,125.0,125.0,125.0,93.0,2.007,77.57,34.42,5.7,3.502,2.0,-1.0,13.5,0.0,0.307,1.0,2.0,0.0,0.001,36.43,32.83,36.19,34.77,35.97,34.53,34.89,40.32,31.55,34.23,38.79,42.03,37.72,38.87,41.54,40.94,35.03,38.48,39.94
2017-05-04 09:46:00-05:00,633.03503,666.57935,705.42883,620.35724,648.21014,663.2624,615.9752,636.85333,857058.0,20.88,0.0,674.6,648.1,641.3,15.2,355.2,0.0,0.0,0.0,0.0,0.0,0.0,0.0,0.0,353.4,354.4,125.1,-0.5,50.72,51.63,51.92,50.92,0.0,271.0,274.0,274.0,273.0,0.597,0.0,44.61,42.71,-0.25,42.69,0.999,6000.0,403294.0,293.0,335.0,59.97,7.0,41.0,47.0,59.12,15.69,37.46,676.8,52.9,53.75,53.87,60.0,59.5,75.6,1.0,273.0,272.6,272.0,43.67,-1.507,43.69,1915.0,415700.0,13171.0,1912.0,-0.999,0.818,0.791,0.836,33.51,33.49,33.51,25.13,11.9,11.89,11.9,8.93,125.0,125.0,125.0,94.0,2.312,79.8,43.86,3.6,3.502,2.0,-1.0,13.7,0.002,0.308,3.0,2.0,0.0,0.0,36.78,32.94,36.47,35.24,36.26,34.87,34.76,40.35,32.28,33.86,38.73,42.12,37.31,39.04,41.61,40.85,34.88,38.4,39.88
2017-05-04 09:47:00-05:00,623.5166,659.5386,697.0203,607.5131,637.9088,650.39777,602.6772,625.42,857059.0,20.94,0.0,666.2,634.1,627.4,15.4,354.1,0.0,0.0,0.0,0.0,0.0,0.0,0.0,0.0,352.3,353.4,122.9,-0.5,49.78,50.73,51.0,50.0,0.0,271.0,273.9,274.0,272.9,0.598,0.0,43.71,41.87,-0.157,41.85,0.999,6000.0,403294.0,293.0,335.0,59.96,7.0,41.0,47.0,59.47,15.39,37.59,665.2,51.87,52.73,52.86,60.0,59.5,75.6,1.0,272.9,272.2,271.7,42.81,-1.535,42.84,1915.0,415701.0,13171.0,1912.0,-0.999,0.818,0.791,0.836,32.99,32.98,32.94,24.71,11.68,11.68,11.67,8.75,125.0,125.0,125.0,94.0,3.037,94.6,41.9,5.5,3.5,2.0,-1.0,13.7,0.002,0.308,3.0,2.0,0.0,0.0,36.93,33.03,36.69,35.45,36.32,35.06,34.81,40.49,32.66,34.66,39.03,42.1,37.01,38.91,41.61,40.96,35.38,38.5,39.96
2017-05-04 09:48:00-05:00,559.8547,586.6749,618.38275,549.51605,571.4654,587.20306,544.4669,561.76996,857060.0,21.01,0.0,592.1,573.7,567.8,15.28,352.9,0.0,0.0,0.0,0.0,0.0,0.0,0.0,0.0,351.1,352.1,110.6,-0.5,44.62,45.58,45.75,44.75,0.0,271.0,273.5,274.0,272.5,0.598,0.0,39.23,37.62,-0.153,37.6,0.999,6000.0,403295.0,294.0,335.0,59.95,7.0,41.0,47.0,57.93,15.36,37.32,595.2,46.53,47.4,47.52,60.0,59.5,75.6,1.0,272.5,272.0,271.4,38.44,-1.365,38.47,1915.0,415702.0,13171.0,1912.0,-0.999,0.818,0.791,0.836,29.73,29.74,29.74,22.29,10.49,10.5,10.5,7.868,125.0,125.0,125.0,94.0,2.148,96.8,38.71,4.9,3.502,2.0,-1.0,13.7,0.002,0.304,3.0,2.0,0.0,0.0,36.82,32.89,36.41,34.94,36.14,34.86,34.41,40.29,32.12,34.0,38.66,41.86,37.18,38.61,41.41,40.89,35.13,38.4,39.87
2017-05-04 09:49:00-05:00,524.37695,546.0678,574.9189,523.8278,543.1367,561.3609,523.76715,538.7853,857061.0,21.07,0.0,547.0,544.7,539.1,15.4,351.8,0.0,0.0,0.0,0.0,0.0,0.0,0.0,0.0,350.0,351.0,103.3,-0.497,41.58,42.55,42.67,41.67,0.0,270.4,272.9,273.5,271.9,0.593,0.0,36.55,35.05,-0.197,35.02,0.999,6000.0,403296.0,295.0,335.0,59.96,7.0,41.0,47.0,59.9,15.3,36.95,551.7,43.43,44.27,44.37,60.0,59.5,75.6,1.0,271.9,271.7,271.0,35.84,-1.236,35.86,1915.0,415702.0,13171.0,1912.0,-0.999,0.818,0.791,0.836,27.7,27.69,27.69,20.77,9.75,9.74,9.75,7.309,125.0,125.0,125.0,94.0,1.317,106.5,45.47,2.5,3.502,2.0,-1.0,13.7,0.002,0.304,3.0,2.0,0.0,0.0,36.26,32.61,36.13,34.75,35.81,34.54,34.38,40.2,32.1,34.56,38.56,41.7,37.05,38.56,41.26,40.84,35.3,38.3,39.79
2017-05-04 09:50:00-05:00,484.94363,508.0805,535.24475,472.05414,493.1754,504.25998,462.04416,482.08963,857062.0,21.13,0.0,511.2,491.1,486.1,15.59,351.2,0.0,0.0,0.0,0.0,0.0,0.0,0.0,0.0,349.5,350.5,95.1,-0.5,38.08,39.08,39.23,38.23,0.0,270.4,273.0,273.9,272.0,0.585,0.0,33.59,32.25,-0.3,32.22,0.999,6000.0,403296.0,295.0,335.0,59.98,7.0,41.0,47.0,57.65,15.52,36.22,512.3,39.85,40.74,40.84,60.0,59.5,75.6,1.0,272.0,272.0,271.0,32.98,-0.995,32.99,1915.0,415703.0,13171.0,1912.0,-1.0,0.818,0.791,0.836,25.66,25.66,25.66,19.24,9.01,9.01,9.01,6.756,126.0,126.0,126.0,94.0,1.178,170.0,82.5,2.3,3.5,2.0,-1.0,13.48,-0.005,0.301,1.0,2.0,0.0,0.001,35.45,32.59,35.76,34.49,35.6,34.39,33.65,39.52,31.32,34.07,37.84,41.28,36.13,38.2,40.86,40.38,34.5,37.75,39.39
2017-05-04 09:51:00-05:00,490.0119,511.8465,539.5083,480.2638,499.09866,512.0465,473.83676,490.45844,857063.0,21.19,0.0,515.0,499.5,494.2,16.12,355.0,0.0,0.0,0.0,0.0,0.0,0.0,0.0,0.0,353.2,354.3,95.9,-0.5,38.88,39.85,40.0,39.0,0.0,270.1,273.0,273.7,272.0,0.613,0.0,34.27,32.84,-0.277,32.81,0.999,6000.0,403297.0,296.0,335.0,59.97,7.0,41.0,47.0,59.87,15.79,35.81,517.5,40.61,41.45,41.57,60.0,59.5,75.6,1.0,272.0,272.0,271.0,33.56,-1.063,33.58,1915.0,415703.0,13171.0,1912.0,-0.999,0.818,0.791,0.836,25.84,25.82,25.83,19.37,9.17,9.17,9.17,6.878,126.0,126.0,126.0,94.0,0.643,249.3,91.6,2.2,3.502,2.0,-1.0,13.55,0.009,0.302,3.0,2.0,0.0,0.0,35.14,32.65,35.73,34.65,35.5,34.38,33.15,38.95,31.39,32.97,37.25,40.89,35.65,37.88,40.49,39.92,34.1,37.4,38.98
2017-05-04 09:52:00-05:00,498.0469,521.83453,550.167,487.1493,507.8548,519.6073,484.7512,499.41656,857064.0,21.26,0.0,524.3,504.9,499.3,16.39,355.8,0.0,0.0,0.0,0.0,0.0,0.0,0.0,0.0,354.0,355.0,97.4,-0.5,39.63,40.5,40.7,39.7,0.0,270.0,273.0,273.1,272.0,0.6,0.0,34.86,33.4,-0.175,33.37,0.999,6000.0,403297.0,296.0,335.0,59.96,7.0,41.0,47.0,57.82,15.62,35.37,526.9,41.33,42.2,42.32,60.0,59.5,75.6,1.0,272.0,272.0,271.0,34.14,-1.168,34.16,1915.0,415704.0,13171.0,1912.0,-0.999,0.818,0.791,0.836,26.23,26.22,26.22,19.66,9.33,9.33,9.33,6.995,126.0,126.0,126.0,94.0,1.035,292.8,82.2,1.8,3.5,2.0,-1.0,13.7,0.002,0.302,3.0,2.0,0.0,0.0,34.93,32.59,35.74,34.76,35.42,34.44,32.91,38.57,31.2,32.86,36.91,40.69,35.38,37.81,40.33,39.67,33.88,37.27,38.69
2017-05-04 09:53:00-05:00,500.39554,521.01587,550.6407,486.88446,506.1808,518.8173,478.85492,495.64468,857065.0,21.32,0.0,524.5,505.0,499.2,16.19,355.7,0.0,0.0,0.0,0.0,0.0,0.0,0.0,0.0,354.0,355.0,97.7,-0.5,39.63,40.58,40.82,39.82,0.0,270.1,273.0,273.3,272.0,0.598,0.0,34.97,33.48,-0.288,33.46,0.999,6000.0,403298.0,297.0,335.0,59.97,7.0,41.0,47.0,59.62,15.87,35.25,528.9,41.45,42.3,42.42,60.0,59.5,75.6,1.0,272.0,272.0,271.0,34.24,-1.082,34.26,1915.0,415705.0,13171.0,1912.0,-0.999,0.818,0.791,0.836,26.28,26.28,26.28,19.7,9.35,9.35,9.35,7.008,126.0,126.0,126.0,94.0,1.433,28.37,64.03,3.5,3.502,2.0,-1.0,13.7,0.002,0.302,3.0,2.0,0.0,0.0,34.69,32.67,35.65,34.72,35.43,34.46,32.83,38.5,30.8,32.96,36.92,40.58,34.99,37.84,40.27,39.6,34.21,37.2,38.63
2017-05-04 09:54:00-05:00,649.105,680.8246,725.68036,635.7172,657.8677,683.01074,644.0767,653.59094,857066.0,21.38,0.0,693.8,665.6,657.2,16.08,353.3,0.0,0.0,0.0,0.0,0.0,0.0,0.0,0.0,351.4,352.5,129.3,-0.5,52.37,53.28,53.43,52.43,0.0,270.6,273.2,274.0,272.2,0.627,0.0,45.87,43.93,-0.277,43.89,0.999,6000.0,403298.0,297.0,335.0,59.97,7.0,41.0,47.0,58.52,16.07,35.43,698.7,54.47,55.31,55.43,60.0,59.5,75.6,1.0,272.1,272.0,271.2,44.88,-1.539,44.91,1915.0,415705.0,13171.0,1912.0,-0.999,0.818,0.791,0.836,34.72,34.72,34.72,26.03,12.27,12.27,12.26,9.2,126.0,126.0,126.0,95.0,1.552,85.0,57.25,3.3,3.502,2.0,-1.0,13.7,0.002,0.308,3.0,2.0,0.0,0.0,34.84,33.15,36.07,35.32,35.61,34.84,33.24,38.88,32.22,33.55,37.31,40.95,35.6,38.1,40.68,40.13,34.0,37.79,39.03
2017-05-04 09:55:00-05:00,705.59735,736.6594,786.6719,694.244,713.88104,744.51276,713.7033,712.9976,857067.0,21.45,0.0,753.4,729.8,720.4,15.91,352.3,0.0,0.0,0.0,0.0,0.0,0.0,0.0,0.0,350.4,351.5,141.1,-0.5,57.02,57.92,58.12,57.12,0.0,270.8,273.5,274.0,272.5,0.618,0.0,49.9,47.78,-0.223,47.75,0.999,6000.0,403299.0,298.0,335.0,59.96,7.0,41.0,47.0,58.82,16.18,36.1,764.4,59.23,60.07,60.15,60.0,59.5,75.6,1.0,272.4,272.1,271.6,48.78,-1.753,48.81,1915.0,415706.0,13171.0,1912.0,-0.999,0.818,0.791,0.836,37.99,37.98,37.99,28.49,13.38,13.37,13.38,10.03,127.0,127.0,127.0,95.0,1.592,86.6,41.19,3.5,3.502,2.0,-1.0,13.7,0.002,0.31,3.0,2.0,0.0,0.0,35.57,33.94,36.85,36.11,36.44,35.67,34.04,39.7,32.34,33.79,38.11,41.86,36.44,38.88,41.58,40.83,34.64,38.52,39.85
2017-05-04 09:56:00-05:00,772.1025,801.4998,856.90094,776.20795,795.5189,836.48364,813.3132,806.94025,857068.0,21.51,0.0,817.0,812.0,801.0,16.06,349.4,0.0,0.0,0.0,0.0,0.0,0.0,0.0,0.0,347.2,348.2,154.9,-0.5,62.1,63.0,63.2,62.2,0.0,271.0,273.9,274.0,272.9,0.615,0.0,54.31,52.02,-0.138,51.99,0.999,6000.0,403300.0,299.0,335.0,59.95,7.0,41.2,47.0,59.83,16.63,37.39,832.0,64.5,65.39,65.46,60.0,59.5,75.6,1.0,272.8,272.0,272.0,53.12,-2.001,53.16,1915.0,415707.0,13171.0,1912.0,-0.999,0.818,0.791,0.836,41.47,41.5,41.49,31.1,14.49,14.5,14.5,10.87,127.0,127.0,127.0,95.0,1.065,65.81,59.75,2.3,3.502,2.0,-1.0,13.45,-0.003,0.316,1.0,2.0,0.0,0.001,36.77,35.04,38.07,37.27,37.49,36.7,35.23,40.87,33.59,35.1,39.27,43.06,37.89,40.26,42.83,41.82,35.63,39.59,40.86
2017-05-04 09:57:00-05:00,773.21497,816.7275,873.48114,768.79285,799.7682,830.05133,800.7678,804.2292,857069.0,21.57,0.0,828.0,804.0,793.1,16.31,349.2,0.0,0.0,0.0,0.0,0.0,0.0,0.0,0.0,347.1,348.1,154.3,-0.5,61.83,62.72,62.93,61.93,0.0,271.0,273.6,274.0,272.6,0.612,0.0,54.02,51.78,-0.227,51.74,1.0,6000.0,403301.0,300.0,335.0,59.96,7.0,41.27,47.0,58.35,16.46,38.24,830.0,64.3,65.2,65.28,60.0,59.5,75.6,1.0,272.3,272.0,271.7,52.94,-1.935,52.98,1915.0,415708.0,13171.0,1912.0,-0.999,0.818,0.791,0.836,41.28,41.31,41.3,30.95,14.41,14.42,14.42,10.81,127.0,127.0,127.0,95.0,1.502,332.2,51.42,2.9,3.5,2.0,-1.0,13.64,0.005,0.316,3.0,2.0,0.0,0.0,37.81,36.21,39.12,38.43,38.74,37.7,35.63,41.84,33.39,36.09,40.34,43.87,38.1,40.69,43.64,42.58,35.45,40.2,41.58
2017-05-04 09:58:00-05:00,748.61554,784.3073,839.2548,743.6343,769.6369,800.8238,772.03906,774.408,857070.0,21.64,0.0,797.9,776.7,768.0,16.36,347.6,0.0,0.0,0.0,0.0,0.0,0.0,0.0,0.0,345.6,346.5,149.7,-0.5,59.78,60.73,60.83,59.83,0.0,271.0,273.8,274.0,272.8,0.597,0.0,52.23,50.07,-0.192,50.02,1.0,6000.0,403302.0,301.0,335.0,59.96,7.0,41.53,47.0,59.13,16.45,39.02,807.0,62.08,62.96,63.05,60.0,59.5,75.6,1.0,272.8,272.0,271.8,51.14,-1.866,51.17,1915.0,415709.0,13171.0,1912.0,-0.999,0.818,0.791,0.836,40.16,40.18,40.13,30.09,13.96,13.97,13.95,10.46,127.0,127.0,127.0,95.0,2.707,64.64,37.37,5.8,3.502,2.0,-1.0,13.66,0.002,0.314,3.0,2.0,0.0,0.0,38.62,36.95,39.81,39.41,39.44,38.57,36.05,42.41,34.71,36.63,40.91,44.51,38.45,41.7,44.29,43.16,36.19,40.83,42.17
2017-05-04 09:59:00-05:00,756.7742,791.67554,848.37396,755.419,780.9683,814.2527,788.5989,787.9631,857071.0,21.71,0.0,806.0,791.1,781.9,15.75,347.1,0.0,0.0,0.0,0.0,0.0,0.0,0.0,0.0,345.0,346.0,151.7,-0.498,60.43,61.43,61.52,60.52,0.0,271.0,273.8,274.0,272.8,0.602,0.0,52.84,50.63,-0.075,50.61,0.999,6000.0,403303.0,302.0,335.0,59.94,7.0,41.68,47.38,59.7,15.84,39.36,816.0,62.78,63.68,63.77,60.0,59.5,75.6,1.0,272.6,272.0,271.7,51.71,-1.983,51.75,1915.0,415710.0,13171.0,1912.0,-0.999,0.818,0.791,0.836,40.67,40.66,40.66,30.49,14.11,14.11,14.11,10.58,127.0,127.0,127.0,95.0,3.652,88.9,25.63,6.5,3.502,2.0,-1.0,13.66,0.002,0.315,3.0,2.0,0.0,0.0,38.8,36.75,40.22,39.24,39.74,38.7,36.65,43.23,35.5,37.13,41.63,45.04,39.45,41.88,44.74,43.87,37.25,41.52,42.86
2017-05-04 10:00:00-05:00,718.94775,749.431,803.84424,722.84534,742.4672,780.0598,761.7519,754.2522,857072.0,21.78,0.0,763.6,757.8,748.4,15.64,347.0,0.0,0.0,0.0,0.0,0.0,0.0,0.0,0.0,345.0,346.0,144.2,-0.5,57.47,58.47,58.58,57.58,0.0,270.8,273.1,273.9,272.1,0.6,0.0,50.25,48.17,-0.04,48.14,0.999,6000.0,403303.0,302.0,335.0,59.94,7.0,41.88,47.88,57.97,16.12,39.74,775.8,59.75,60.65,60.75,60.0,59.5,75.6,1.0,272.0,272.0,271.0,49.2,-1.904,49.23,1915.0,415710.0,13171.0,1912.0,-0.999,0.818,0.791,0.836,38.68,38.68,38.69,29.01,13.42,13.42,13.43,10.07,128.0,128.0,128.0,96.0,2.19,76.28,41.97,3.9,3.502,2.0,-1.0,13.66,0.002,0.313,3.0,2.0,0.0,0.0,39.01,36.28,40.14,38.75,39.79,38.28,37.05,43.61,35.83,37.34,42.11,45.35,40.02,42.2,45.04,44.18,37.56,41.84,43.2
2017-05-04 10:01:00-05:00,694.7191,726.3439,778.3818,694.3764,724.4399,751.1708,723.9904,730.0888,857073.0,21.85,0.0,735.9,728.5,718.0,15.93,348.8,0.0,0.0,0.0,0.0,0.0,0.0,0.0,0.0,346.8,347.9,137.9,-0.498,55.3,56.28,56.37,55.37,0.0,270.1,273.0,273.4,272.0,0.603,0.0,48.29,46.3,-0.048,46.26,1.0,6000.0,403304.0,303.0,335.0,59.94,7.0,42.0,48.0,59.8,16.75,40.3,741.7,57.5,58.38,58.5,60.0,59.5,75.6,1.0,272.0,272.0,271.0,47.32,-1.82,47.36,1915.0,415711.0,13171.0,1912.0,-0.999,0.818,0.791,0.836,36.8,36.78,36.76,27.57,12.83,12.83,12.82,9.61,128.0,128.0,128.0,96.0,1.013,107.4,50.73,2.2,3.502,2.0,-1.0,13.66,0.004,0.314,3.0,2.0,0.0,0.0,39.49,36.84,40.66,39.52,40.25,38.71,37.49,44.38,36.91,38.63,42.91,46.04,40.43,42.89,45.7,44.84,38.02,42.62,43.82
2017-05-04 10:02:00-05:00,564.3048,590.76843,632.71277,551.3698,574.1695,594.3125,570.0594,574.49994,857074.0,21.94,0.0,606.1,585.1,573.4,16.11,350.8,0.0,0.0,0.0,0.0,0.0,0.0,0.0,0.0,348.9,349.9,111.4,-0.498,44.82,45.75,45.92,44.92,0.0,270.0,273.0,273.1,272.0,0.585,0.0,39.22,37.65,-0.065,37.62,0.999,6000.0,403305.0,304.0,335.0,59.94,7.0,42.0,48.0,58.23,16.31,39.99,611.3,46.76,47.67,47.78,60.0,59.5,75.6,1.0,272.0,271.9,271.0,38.57,-1.437,38.6,1915.0,415712.0,13171.0,1912.0,-0.999,0.818,0.791,0.836,30.15,30.15,30.13,22.59,10.57,10.57,10.57,7.924,128.0,128.0,128.0,96.0,2.428,105.1,25.82,4.6,3.502,2.0,-1.0,13.47,0.0,0.308,3.0,2.0,0.0,0.001,39.3,36.27,40.28,39.2,40.13,38.55,37.36,44.43,36.69,38.05,42.86,45.84,40.22,42.64,45.62,44.68,38.2,42.32,43.67
2017-05-04 10:03:00-05:00,774.2039,819.83856,883.54767,757.2728,787.27783,818.20233,786.84247,785.7236,857075.0,22.03,0.0,843.0,807.0,789.9,16.09,345.3,0.0,0.0,0.0,0.0,0.0,0.0,0.0,0.0,343.2,344.3,156.4,-0.498,62.07,63.05,63.17,62.17,0.0,270.8,273.4,273.9,272.4,0.575,0.0,54.2,51.95,-0.272,51.91,0.999,6000.0,403306.0,305.0,335.0,59.97,7.0,42.0,48.0,59.32,16.23,40.58,846.0,64.47,65.37,65.48,60.0,59.5,75.6,1.0,272.4,272.0,271.2,53.07,-1.882,53.1,1915.0,415713.0,13171.0,1912.0,-0.999,0.818,0.791,0.836,42.03,42.03,42.01,31.5,14.51,14.51,14.5,10.87,128.0,128.0,128.0,96.0,1.868,57.16,21.91,3.7,3.502,2.0,-1.0,13.66,0.002,0.314,3.0,2.0,0.0,0.0,39.41,36.58,40.5,39.77,40.13,38.78,37.64,44.65,36.32,38.44,42.99,45.99,40.74,42.67,45.66,44.85,38.4,42.47,43.82
2017-05-04 10:04:00-05:00,820.5597,860.1182,926.8931,823.87683,847.4118,890.19916,872.2761,859.27466,857076.0,22.1,0.0,880.0,870.0,853.0,16.0,346.2,0.0,0.0,0.0,0.0,0.0,0.0,0.0,0.0,344.1,345.0,164.2,-0.497,65.17,66.18,66.38,65.38,0.0,271.0,273.2,273.8,272.2,0.557,0.0,56.96,54.59,-0.252,54.56,1.0,6000.0,403307.0,306.0,335.0,59.97,7.0,42.0,48.0,59.95,16.49,41.57,892.0,67.78,68.68,68.8,60.0,59.5,75.6,1.0,272.2,272.0,271.1,55.76,-2.018,55.8,1915.0,415714.0,13171.0,1912.0,-0.999,0.818,0.791,0.836,43.94,43.92,43.93,32.94,15.21,15.2,15.2,11.4,129.0,129.0,129.0,96.0,1.938,84.1,30.34,4.2,3.502,2.0,-1.0,13.66,0.002,0.319,3.0,2.0,0.0,0.0,40.59,37.49,41.45,40.65,41.05,39.64,38.58,45.82,37.92,39.22,44.19,47.08,41.89,43.67,46.73,46.06,39.55,43.62,44.98
2017-05-04 10:05:00-05:00,715.4866,745.665,801.94934,727.34735,747.61786,785.2508,772.66626,760.6172,857077.0,22.18,0.0,759.1,763.0,749.8,16.0,344.0,0.0,0.0,0.0,0.0,0.0,0.0,0.0,0.0,342.1,343.0,143.9,-0.477,56.78,57.75,57.92,56.92,0.0,270.9,273.5,274.0,272.5,0.585,0.0,49.66,47.64,-0.268,47.6,0.999,6000.0,403307.0,306.0,335.0,59.97,7.0,42.0,48.0,58.08,16.51,42.25,769.2,59.09,60.0,60.1,60.0,59.5,75.6,1.0,272.3,272.0,271.3,48.7,-1.704,48.73,1915.0,415714.0,13171.0,1912.0,-0.999,0.818,0.791,0.836,38.39,38.4,38.4,28.79,13.2,13.2,13.2,9.9,129.0,129.0,129.0,96.0,2.275,81.6,33.0,3.7,3.502,2.0,-1.0,13.66,0.002,0.315,3.0,2.0,0.0,0.0,41.14,37.95,42.0,41.0,41.55,40.22,39.06,46.46,37.06,40.13,44.79,47.7,42.14,44.28,47.32,46.67,39.55,44.09,45.53
2017-05-04 10:06:00-05:00,570.7328,598.4641,642.5425,563.15466,586.531,606.7257,583.232,586.0513,857078.0,22.26,0.0,614.0,591.4,584.7,16.24,345.0,0.0,0.0,0.0,0.0,0.0,0.0,0.0,0.0,343.1,344.1,114.5,-0.423,45.23,46.18,46.28,45.28,0.0,270.7,273.2,273.9,272.2,0.618,0.0,39.66,38.06,-0.207,38.04,0.999,6000.0,403308.0,307.0,335.0,59.96,7.0,42.0,48.0,59.35,16.56,42.01,616.0,47.13,47.99,48.11,60.0,59.5,75.6,1.0,272.1,272.0,271.2,38.91,-1.345,38.93,1915.0,415715.0,13171.0,1912.0,-0.999,0.818,0.791,0.836,30.75,30.74,30.73,23.04,10.61,10.61,10.6,7.949,129.0,129.0,129.0,97.0,2.295,111.6,41.04,4.9,3.502,2.0,-1.0,13.66,0.002,0.307,3.0,2.0,0.0,0.0,41.03,37.56,41.57,40.95,41.15,40.01,38.76,46.13,37.16,40.11,44.43,47.36,41.71,44.07,47.02,46.41,40.0,43.95,45.36
2017-05-04 10:07:00-05:00,569.2494,592.4058,636.6209,566.3325,581.50916,608.5313,588.6264,583.8117,857079.0,22.34,0.0,610.1,596.7,589.5,16.05,346.5,0.0,0.0,0.0,0.0,0.0,0.0,0.0,0.0,344.6,345.6,114.3,-0.458,45.4,46.33,46.47,45.47,0.0,271.0,273.5,274.0,272.5,0.605,0.0,39.76,38.18,-0.07,38.15,0.999,6000.0,403309.0,308.0,335.0,59.94,7.0,42.0,48.0,58.97,16.4,41.77,617.7,47.23,48.12,48.21,60.0,59.5,75.6,1.0,272.3,272.0,271.5,39.01,-1.443,39.04,1915.0,415716.0,13171.0,1912.0,-0.999,0.818,0.791,0.836,30.68,30.67,30.66,23.0,10.63,10.63,10.62,7.968,129.0,129.0,129.0,97.0,2.523,103.9,31.22,4.6,3.5,2.0,-1.0,13.66,0.012,0.307,1.0,2.0,0.0,0.001,40.61,36.78,41.24,40.35,40.82,39.51,38.35,45.72,36.63,38.94,44.02,46.8,41.05,43.31,46.48,46.05,39.55,43.21,44.89
2017-05-04 10:08:00-05:00,483.95468,506.7706,544.0086,478.41,497.68222,516.109,491.77658,496.23407,857080.0,22.41,0.0,519.6,504.1,497.9,16.19,346.7,0.0,0.0,0.0,0.0,0.0,0.0,0.0,0.0,345.0,346.0,96.7,-0.437,38.17,39.12,39.32,38.32,0.0,270.9,273.2,274.0,272.2,0.608,0.0,33.71,32.34,-0.21,32.31,0.999,6000.0,403309.0,308.0,335.0,59.96,7.0,42.0,48.0,58.33,16.79,41.65,521.6,39.94,40.83,40.93,60.0,59.5,75.6,1.0,272.1,272.0,271.4,33.07,-1.095,33.08,1915.0,415716.0,13171.0,1912.0,-0.999,0.818,0.791,0.836,25.96,25.96,25.96,19.46,9.0,9.0,9.0,6.746,129.0,129.0,129.0,97.0,0.868,124.4,93.2,3.6,3.502,2.0,-1.0,13.47,-0.01,0.304,1.0,2.0,0.0,0.001,40.32,36.4,40.7,39.96,40.23,38.93,37.62,44.71,35.32,38.27,42.85,46.05,40.81,42.46,45.68,45.43,39.05,42.65,44.27
2017-05-04 10:09:00-05:00,519.80316,542.4656,583.209,510.05682,525.7533,548.4963,522.0108,523.4621,857081.0,22.49,0.0,561.3,539.8,533.3,16.12,349.2,0.0,0.0,0.0,0.0,0.0,0.0,0.0,0.0,347.5,348.5,103.9,-0.485,41.42,42.38,42.55,41.55,0.0,270.9,273.6,274.0,272.6,0.62,0.0,36.48,34.98,-0.222,34.95,0.999,6000.0,403310.0,309.0,335.0,59.96,7.0,42.0,48.0,59.53,16.96,41.2,567.7,43.21,44.08,44.19,60.0,59.5,75.6,1.0,272.5,272.1,271.8,35.74,-1.192,35.76,1915.0,415717.0,13171.0,1912.0,-0.999,0.818,0.791,0.836,28.02,28.0,28.01,21.01,9.79,9.78,9.78,7.337,129.0,129.0,129.0,97.0,2.075,74.92,31.7,3.2,3.502,2.0,-1.0,13.66,0.002,0.304,3.0,2.0,0.0,0.0,40.09,36.19,40.3,39.4,39.68,38.45,37.07,43.85,34.43,37.61,41.99,45.44,40.21,42.02,45.03,44.76,38.39,42.09,43.71
2017-05-04 10:10:00-05:00,580.2512,605.9961,651.5431,576.5284,593.6132,621.84735,595.5264,595.36304,857082.0,22.57,0.0,624.7,609.9,602.5,16.21,348.6,0.0,0.0,0.0,0.0,0.0,0.0,0.0,0.0,346.9,347.9,116.7,-0.485,46.58,47.53,47.72,46.72,0.0,270.8,273.3,274.0,272.3,0.61,0.0,40.87,39.2,-0.217,39.18,0.999,6000.0,403310.0,309.0,335.0,59.96,7.0,42.0,48.0,58.07,16.67,41.03,633.2,48.53,49.42,49.52,60.0,59.5,75.6,1.0,272.3,272.0,271.5,40.07,-1.383,40.09,1915.0,415718.0,13171.0,1912.0,-0.999,0.818,0.791,0.836,31.41,31.4,31.39,23.55,10.95,10.95,10.94,8.21,130.0,130.0,130.0,97.0,1.372,82.8,60.4,3.0,3.502,2.0,-1.0,13.66,0.002,0.307,3.0,2.0,0.0,0.0,39.96,35.86,39.96,39.13,39.47,38.18,36.89,43.29,34.3,36.91,41.44,45.19,39.85,42.01,44.84,44.54,38.07,41.89,43.5
2017-05-04 10:11:00-05:00,606.0868,635.14154,682.80865,600.7601,621.55554,647.8023,619.1116,620.823,857083.0,22.65,0.0,652.9,634.4,626.8,16.4,347.9,0.0,0.0,0.0,0.0,0.0,0.0,0.0,0.0,346.1,347.0,122.2,-0.478,48.65,49.6,49.77,48.77,0.0,271.0,273.8,274.0,272.8,0.605,0.0,42.73,40.97,-0.238,40.94,0.999,6000.0,403311.0,310.0,335.0,59.97,7.0,42.0,48.0,59.92,16.51,41.02,658.7,50.7,51.57,51.66,60.0,59.5,75.6,1.0,272.8,272.2,271.9,41.86,-1.422,41.89,1915.0,415718.0,13171.0,1912.0,-0.999,0.818,0.791,0.836,32.83,32.85,32.84,24.62,11.42,11.43,11.42,8.57,130.0,130.0,130.0,97.0,1.732,90.7,54.14,3.7,3.502,2.0,-1.0,13.66,0.002,0.308,3.0,2.0,0.0,0.0,39.77,35.58,39.81,38.73,39.21,37.96,37.07,43.53,35.19,37.25,41.8,45.29,39.88,42.03,44.93,44.67,38.42,41.93,43.57
2017-05-04 10:12:00-05:00,525.86035,548.1964,589.4858,520.12024,541.0765,561.3609,533.678,538.43164,857084.0,22.72,0.0,561.9,545.6,539.1,16.33,347.8,0.0,0.0,0.0,0.0,0.0,0.0,0.0,0.0,346.0,347.1,105.2,-0.46,41.87,42.82,42.97,41.97,0.0,270.7,273.2,273.8,272.2,0.593,0.0,36.8,35.28,-0.262,35.26,0.999,6000.0,403312.0,311.0,335.0,59.97,7.0,42.0,48.0,57.98,16.36,40.3,567.6,43.69,44.59,44.68,60.0,59.5,75.6,1.0,272.3,272.0,271.4,36.1,-1.177,36.12,1915.0,415719.0,13171.0,1912.0,-0.999,0.818,0.791,0.836,28.33,28.33,28.32,21.23,9.86,9.85,9.85,7.387,130.0,130.0,130.0,97.0,3.123,91.1,33.83,4.8,3.502,2.0,-1.0,13.66,0.002,0.305,3.0,2.0,0.0,0.0,39.3,34.97,39.37,38.48,38.82,37.52,36.84,43.51,34.63,37.15,41.68,45.15,39.8,41.59,44.8,44.58,38.29,41.76,43.49
2017-05-04 10:13:00-05:00,574.6885,598.3004,644.79266,576.9256,593.6132,622.5244,604.80994,597.60254,857085.0,22.79,0.0,614.4,606.2,598.8,15.75,351.0,0.0,0.0,0.0,0.0,0.0,0.0,0.0,0.0,349.2,350.2,115.2,-0.5,46.27,47.27,47.35,46.35,0.0,270.9,273.3,273.9,272.3,0.577,0.0,40.63,38.92,-0.22,38.89,0.999,6000.0,403312.0,311.0,335.0,59.96,7.0,42.0,48.0,59.55,16.15,40.03,623.5,48.15,49.05,49.14,60.0,59.5,75.6,1.0,272.3,272.0,271.3,39.77,-1.369,39.79,1915.0,415719.0,13171.0,1912.0,-0.999,0.818,0.791,0.836,30.93,30.94,30.94,23.2,10.86,10.86,10.86,8.14,130.0,130.0,130.0,97.0,2.74,63.1,29.65,5.5,3.5,2.0,-1.0,13.45,-0.003,0.308,3.0,2.0,0.0,0.001,38.8,34.77,38.97,37.84,38.32,37.17,36.5,42.97,33.51,36.62,41.1,44.71,39.37,41.21,44.33,44.13,37.59,41.2,43.08
2017-05-04 10:14:00-05:00,670.8613,695.39734,751.735,676.8978,688.6428,729.3912,717.0905,696.9672,857086.0,22.87,0.0,717.5,713.6,705.2,15.73,350.8,0.0,0.0,0.0,0.0,0.0,0.0,0.0,0.0,348.9,349.9,135.1,-0.5,54.38,55.35,55.53,54.53,0.0,271.0,273.2,274.0,272.2,0.573,0.0,47.59,45.64,-0.158,45.6,0.999,6000.0,403313.0,312.0,335.0,59.95,7.0,42.03,48.0,58.72,16.23,40.29,734.1,56.53,57.45,57.52,60.0,59.5,75.6,1.0,272.4,272.0,271.4,46.6,-1.697,46.64,1915.0,415720.0,13171.0,1912.0,-0.999,0.818,0.791,0.836,36.32,36.32,36.32,27.23,12.74,12.74,12.74,9.55,130.0,130.0,130.0,98.0,2.567,74.76,36.26,4.5,3.502,2.0,-1.0,13.56,0.007,0.311,3.0,2.0,0.0,0.0,38.9,34.99,38.98,37.76,38.28,37.32,36.36,42.91,34.12,36.62,41.15,44.48,39.4,41.19,44.05,44.01,37.84,41.16,42.86
2017-05-04 10:15:00-05:00,646.87994,680.6608,735.6285,643.52966,668.68396,696.2139,675.56555,669.62134,857087.0,22.93,0.0,699.7,675.2,667.3,15.84,349.2,0.0,0.0,0.0,0.0,0.0,0.0,0.0,0.0,347.4,348.3,130.4,-0.493,52.23,53.2,53.37,52.37,0.0,270.8,273.1,274.0,272.1,0.593,0.0,45.74,43.85,-0.182,43.82,0.999,6000.0,403314.0,313.0,335.0,59.96,7.0,42.02,48.0,58.68,16.18,40.07,704.1,54.36,55.26,55.36,60.0,59.5,75.6,1.0,272.0,272.0,271.0,44.81,-1.621,44.84,1915.0,415721.0,13171.0,1912.0,-0.999,0.818,0.791,0.836,34.91,34.93,34.91,26.17,12.19,12.2,12.19,9.14,131.0,131.0,131.0,98.0,1.407,65.06,53.19,2.9,3.502,2.0,-1.0,13.66,0.002,0.311,3.0,2.0,0.0,0.0,39.03,35.35,39.26,38.12,38.3,37.51,36.73,43.8,35.19,37.4,42.14,45.01,39.98,41.94,44.67,44.64,38.54,41.9,43.51
2017-05-04 10:16:00-05:00,685.3244,720.9405,779.6845,684.313,707.1852,739.7732,715.45966,708.2828,857088.0,23.0,0.0,741.0,721.0,712.5,16.05,349.1,0.0,0.0,0.0,0.0,0.0,0.0,0.0,0.0,346.9,347.9,138.1,-0.492,55.25,56.2,56.5,55.5,0.0,270.9,273.0,274.0,272.0,0.598,0.0,48.38,46.35,-0.113,46.32,0.999,6000.0,403315.0,314.0,335.0,59.95,7.0,42.48,48.0,59.87,16.24,40.59,746.0,57.53,58.42,58.54,60.0,59.5,75.6,1.0,272.1,272.0,271.0,47.38,-1.776,47.41,1915.0,415722.0,13171.0,1912.0,-0.999,0.818,0.791,0.836,36.95,36.95,36.95,27.7,12.9,12.89,12.9,9.67,131.0,131.0,131.0,98.0,2.41,82.0,39.1,4.0,3.497,2.0,-1.0,13.66,0.002,0.311,3.0,2.0,0.0,0.0,39.42,35.82,39.71,38.65,38.75,37.86,37.16,43.89,34.5,37.73,42.13,45.46,40.4,42.33,45.14,44.93,38.76,42.24,43.8
2017-05-04 10:17:00-05:00,707.94604,742.2265,801.83093,710.9281,727.1439,767.30804,755.4792,735.39294,857089.0,23.07,0.0,765.4,748.3,739.6,16.29,347.2,0.0,0.0,0.0,0.0,0.0,0.0,0.0,0.0,345.4,346.3,144.2,-0.5,57.43,58.42,58.6,57.6,0.0,270.8,273.2,273.8,272.2,0.595,0.0,50.25,48.13,-0.1,48.11,0.999,6000.0,403315.0,314.0,335.0,59.95,7.0,42.42,48.0,58.07,15.87,40.4,780.2,59.81,60.74,60.86,60.0,59.5,75.6,1.0,272.2,272.0,271.1,49.27,-1.856,49.31,1915.0,415723.0,13171.0,1912.0,-0.999,0.818,0.791,0.836,38.81,38.82,38.81,29.1,13.47,13.47,13.47,10.1,131.0,131.0,131.0,98.0,1.922,59.61,61.72,5.0,3.497,2.0,-1.0,13.66,0.002,0.312,3.0,2.0,0.0,0.0,39.43,36.14,39.95,38.95,38.88,38.24,37.64,44.42,35.18,37.92,42.67,45.96,41.12,42.93,45.68,45.66,39.12,43.0,44.53
2017-05-04 10:18:00-05:00,709.1821,742.8815,801.47565,720.32947,741.1795,779.8341,765.6409,752.0127,857090.0,23.14,0.0,763.9,759.3,750.3,16.37,344.1,0.0,0.0,0.0,0.0,0.0,0.0,0.0,0.0,342.1,343.1,145.5,-0.468,57.42,58.4,58.62,57.62,0.0,271.0,273.7,274.0,272.7,0.608,0.0,50.28,48.16,-0.222,48.12,0.999,6000.0,403316.0,315.0,335.0,59.97,7.0,42.65,48.0,59.47,16.02,40.72,773.3,59.71,60.58,60.71,60.0,59.5,75.6,1.0,272.1,272.0,271.1,49.19,-1.755,49.22,1915.0,415723.0,13171.0,1912.0,-0.999,0.818,0.791,0.836,38.97,38.98,38.98,29.22,13.41,13.41,13.41,10.05,131.0,131.0,131.0,98.0,2.315,95.5,30.56,5.4,3.5,2.0,-1.0,13.66,0.002,0.314,3.0,2.0,0.0,0.0,39.64,36.31,40.03,39.15,38.97,38.46,37.81,44.88,36.08,38.46,43.22,46.52,41.54,43.46,46.24,46.1,39.46,43.34,44.98
2017-05-04 10:19:00-05:00,697.8095,733.5484,790.93536,703.1157,725.8563,760.65,743.6866,732.7998,857091.0,23.2,0.0,752.8,740.4,731.5,16.38,344.7,0.0,0.0,0.0,0.0,0.0,0.0,0.0,0.0,342.7,343.8,142.1,-0.457,56.08,57.07,57.28,56.28,0.0,271.0,273.6,274.0,272.6,0.588,0.0,49.16,47.11,-0.238,47.08,0.999,6000.0,403317.0,316.0,335.0,59.97,7.0,42.62,48.0,59.08,16.42,41.29,757.7,58.4,59.3,59.43,60.0,59.5,75.6,1.0,272.5,272.0,271.2,48.14,-1.708,48.17,1915.0,415724.0,13171.0,1912.0,-0.999,0.818,0.791,0.836,38.02,38.01,38.02,28.5,13.1,13.1,13.11,9.82,131.0,131.0,131.0,98.0,1.99,59.08,24.09,3.2,3.502,2.0,-1.0,13.45,0.002,0.314,1.0,2.0,0.0,0.001,40.11,36.83,40.62,39.62,39.74,38.89,38.4,45.63,36.28,39.51,43.95,47.0,42.29,43.83,46.72,46.6,39.98,43.75,45.39
2017-05-04 10:20:00-05:00,689.4037,721.9229,777.4343,694.5088,715.555,749.2524,729.8867,719.83405,857092.0,23.27,0.0,742.0,731.6,722.6,16.59,345.6,0.0,0.0,0.0,0.0,0.0,0.0,0.0,0.0,343.7,344.7,139.9,-0.477,55.5,56.47,56.62,55.62,0.0,271.0,273.6,274.0,272.6,0.612,0.0,48.54,46.53,-0.222,46.51,0.999,6000.0,403318.0,317.0,335.0,59.96,7.0,42.58,48.0,58.4,16.88,41.47,749.4,57.69,58.57,58.69,60.0,59.5,75.6,1.0,272.2,272.0,271.1,47.54,-1.711,47.57,1915.0,415725.0,13171.0,1912.0,-0.999,0.818,0.791,0.836,37.54,37.55,37.51,28.16,12.97,12.98,12.96,9.73,132.0,132.0,132.0,99.0,1.513,50.47,56.5,2.7,3.497,2.0,-1.0,13.66,0.002,0.313,3.0,2.0,0.0,0.0,40.38,37.27,41.1,40.26,40.28,39.31,38.73,46.25,37.2,39.73,44.58,47.39,42.41,44.2,47.14,46.95,40.48,44.19,45.81
2017-05-04 10:21:00-05:00,659.4887,690.3214,741.1947,670.1447,691.6045,723.86163,705.298,696.37787,857093.0,23.34,0.0,707.5,706.5,697.8,16.72,344.9,0.0,0.0,0.0,0.0,0.0,0.0,0.0,0.0,342.9,343.9,134.0,-0.457,53.1,54.02,54.27,53.27,0.0,270.7,273.0,273.9,272.0,0.603,0.0,46.44,44.53,-0.158,44.51,0.999,6000.0,403319.0,318.0,335.0,59.95,7.0,42.8,48.0,59.98,16.76,41.65,713.2,55.23,56.12,56.23,60.0,59.5,75.6,1.0,272.0,272.0,271.0,45.51,-1.664,45.54,1915.0,415726.0,13171.0,1912.0,-0.999,0.818,0.791,0.836,35.91,35.92,35.9,26.92,12.38,12.39,12.38,9.28,132.0,132.0,132.0,99.0,3.482,68.87,27.09,8.3,3.502,2.0,-1.0,13.66,0.002,0.312,3.0,2.0,0.0,0.0,40.47,37.74,41.3,40.51,40.62,39.73,38.92,46.4,36.12,39.74,44.68,47.76,42.82,44.52,47.45,47.18,40.31,44.39,46.07
2017-05-04 10:22:00-05:00,583.5888,610.41705,654.0302,589.10767,607.9063,634.1477,612.08624,605.7356,857094.0,23.4,0.0,625.0,620.1,612.6,16.42,349.6,0.0,0.0,0.0,0.0,0.0,0.0,0.0,0.0,347.7,348.7,116.7,-0.49,46.78,47.73,47.88,46.88,0.0,270.6,273.0,273.9,272.0,0.597,0.0,40.97,39.32,-0.072,39.29,0.999,6000.0,403319.0,318.0,335.0,59.94,7.0,43.0,48.0,57.8,16.3,41.04,628.9,48.72,49.61,49.74,60.0,59.5,75.6,1.0,272.0,272.0,271.0,40.2,-1.496,40.23,1915.0,415726.0,13171.0,1912.0,-0.999,0.818,0.791,0.836,31.32,31.31,31.31,23.48,10.95,10.95,10.94,8.21,132.0,132.0,132.0,99.0,3.205,86.5,30.33,7.7,3.502,2.0,-1.0,13.66,0.002,0.308,3.0,2.0,0.0,0.0,40.05,36.46,40.62,39.58,39.95,38.93,38.36,45.96,36.33,39.56,44.29,47.07,41.83,43.53,46.78,46.6,39.87,43.74,45.5
2017-05-04 10:23:00-05:00,655.7802,692.2863,743.4449,641.1462,663.7909,687.4118,656.9984,652.648,857095.0,23.47,0.0,715.7,677.0,668.7,16.34,346.1,0.0,0.0,0.0,0.0,0.0,0.0,0.0,0.0,344.5,345.4,133.1,-0.473,52.82,53.78,53.95,52.95,0.0,270.9,273.3,273.9,272.3,0.593,0.0,46.29,44.36,-0.178,44.33,0.999,6000.0,403320.0,319.0,335.0,59.96,7.0,43.0,48.0,59.65,16.27,40.52,719.0,54.93,55.82,55.93,60.0,59.5,75.6,1.0,272.1,272.0,271.1,45.28,-1.641,45.31,1915.0,415727.0,13171.0,1912.0,-0.999,0.818,0.791,0.836,35.84,35.87,35.83,26.87,12.4,12.41,12.4,9.3,132.0,132.0,132.0,99.0,2.587,75.11,35.13,4.7,3.5,2.0,-1.0,13.66,0.002,0.309,3.0,2.0,0.0,0.0,39.6,35.98,40.25,39.41,39.48,38.56,37.96,45.55,35.49,39.13,43.85,46.64,41.56,43.08,46.33,46.37,39.82,43.57,45.19
2017-05-04 10:24:00-05:00,759.37006,792.3305,851.9269,760.7156,777.6204,815.3811,795.2479,777.82623,857096.0,23.53,0.0,814.0,798.9,788.8,16.22,345.1,0.0,0.0,0.0,0.0,0.0,0.0,0.0,0.0,343.1,344.0,153.6,-0.482,60.8,61.78,62.0,61.0,0.0,271.0,273.9,274.0,272.9,0.608,0.0,53.2,51.01,-0.063,50.97,0.999,6000.0,403321.0,320.0,335.0,59.94,7.0,43.0,48.0,59.05,16.04,40.74,828.0,63.3,64.2,64.32,60.0,59.5,75.6,1.0,272.4,272.0,271.4,52.1,-2.016,52.14,1915.0,415728.0,13172.0,1912.0,-0.999,0.818,0.791,0.836,41.29,41.26,41.26,30.94,14.25,14.24,14.24,10.68,133.0,133.0,133.0,99.0,2.252,93.9,38.61,4.6,3.502,2.0,-1.0,13.61,0.022,0.315,1.0,2.0,0.0,0.001,39.58,36.16,40.48,39.45,39.7,38.77,38.11,45.76,36.33,38.96,44.06,46.94,41.87,43.46,46.61,46.6,39.66,43.79,45.42
2017-05-04 10:25:00-05:00,824.51544,864.2117,929.617,831.15955,851.5323,894.3746,875.91425,856.56366,857097.0,23.6,0.0,885.0,872.0,860.0,16.3,342.3,0.0,0.0,0.0,0.0,0.0,0.0,0.0,0.0,340.3,341.2,167.5,-0.468,65.8,66.77,66.85,65.85,0.0,271.0,273.6,274.0,272.6,0.61,0.0,57.52,55.13,-0.185,55.1,0.999,6000.0,403322.0,321.0,335.0,59.96,7.0,43.0,48.0,58.58,16.16,41.36,897.0,68.43,69.33,69.44,60.0,59.5,75.6,1.0,272.2,272.0,271.3,56.31,-2.101,56.34,1915.0,415729.0,13172.0,1912.0,-0.999,0.818,0.791,0.836,44.87,44.88,44.88,33.64,15.36,15.36,15.36,11.51,133.0,133.0,133.0,99.0,2.09,77.73,24.63,3.5,3.502,2.0,-1.0,13.44,-0.019,0.32,1.0,2.0,0.0,0.001,40.03,36.59,41.06,39.99,40.23,39.16,38.76,46.79,36.5,40.23,44.97,47.63,42.7,44.04,47.31,47.51,40.71,44.71,46.32
2017-05-04 10:26:00-05:00,792.99347,831.95514,893.61426,800.83685,823.20374,861.64874,840.662,828.7463,857098.0,23.66,0.0,850.0,840.0,828.0,16.41,339.7,0.0,0.0,0.0,0.0,0.0,0.0,0.0,0.0,337.7,338.6,162.1,-0.41,63.28,64.18,64.35,63.35,0.0,270.8,273.5,273.9,272.5,0.623,0.0,55.22,52.91,-0.228,52.89,0.999,6000.0,403323.0,322.0,335.0,59.96,7.0,43.0,48.0,59.93,16.61,41.94,859.0,65.69,66.57,66.68,60.0,59.5,75.6,1.0,272.0,272.0,271.2,54.05,-1.974,54.09,1915.0,415730.0,13172.0,1912.0,-0.999,0.818,0.791,0.836,43.33,43.35,43.34,32.47,14.72,14.72,14.72,11.03,133.0,133.0,133.0,100.0,2.473,95.3,39.83,5.6,3.5,2.0,-1.0,13.62,0.002,0.319,3.0,2.0,0.0,0.0,40.62,37.37,41.7,40.7,41.11,39.93,39.71,47.37,37.46,40.37,45.62,48.56,43.6,44.96,48.27,48.29,41.44,45.49,47.18
2017-05-04 10:27:00-05:00,714.6213,748.93976,802.8968,720.5943,741.1795,773.85315,752.97015,745.29407,857099.0,23.73,0.0,768.1,762.4,747.4,16.37,342.7,0.0,0.0,0.0,0.0,0.0,0.0,0.0,0.0,340.7,341.7,145.5,-0.425,57.22,58.13,58.47,57.47,0.0,270.5,273.2,273.8,272.2,0.605,0.0,50.06,48.0,-0.152,47.97,0.999,6000.0,403323.0,322.0,335.0,59.95,7.0,43.0,48.0,58.37,16.22,42.13,774.7,59.56,60.45,60.58,60.0,59.5,75.6,1.0,272.0,272.0,271.0,49.04,-1.812,49.08,1915.0,415731.0,13172.0,1912.0,-0.999,0.818,0.791,0.836,38.98,38.96,38.97,29.23,13.36,13.35,13.36,10.02,133.0,133.0,133.0,100.0,1.763,95.5,42.56,4.1,3.5,2.0,-1.0,13.62,0.002,0.315,3.0,2.0,0.0,0.0,40.98,37.11,41.83,40.94,41.35,39.94,40.0,47.75,38.09,40.77,46.06,48.84,43.91,45.31,48.5,48.6,41.95,45.78,47.47
2017-05-04 10:28:00-05:00,691.9996,725.1977,777.07904,700.20264,721.3495,752.86346,729.8867,724.19525,857100.0,23.79,0.0,742.7,741.8,726.5,16.36,341.5,0.0,0.0,0.0,0.0,0.0,0.0,0.0,0.0,339.5,340.5,141.1,-0.412,55.28,56.25,56.52,55.52,0.0,270.2,273.0,273.4,272.0,0.605,0.0,48.36,46.38,-0.198,46.35,0.999,6000.0,403324.0,323.0,335.0,59.96,7.0,43.0,48.0,58.95,16.56,42.76,748.2,57.53,58.41,58.53,60.0,59.5,75.6,1.0,272.0,272.0,271.0,47.36,-1.703,47.39,1915.0,415732.0,13172.0,1912.0,-0.999,0.818,0.791,0.836,37.76,37.77,37.76,28.31,12.9,12.9,12.9,9.67,133.0,133.0,133.0,100.0,1.71,88.3,35.27,3.6,3.502,2.0,-1.0,13.62,0.002,0.314,3.0,2.0,0.0,0.0,41.41,37.74,42.15,41.53,41.6,40.42,40.53,48.4,39.36,41.99,46.83,49.34,44.48,45.9,49.08,49.13,42.44,46.36,47.95
2017-05-04 10:29:00-05:00,501.26083,524.45435,560.1151,509.1299,528.9725,548.4963,522.76355,529.1199,857101.0,23.85,0.0,530.7,536.1,525.2,16.79,339.8,0.0,0.0,0.0,0.0,0.0,0.0,0.0,0.0,338.2,339.1,100.7,-0.4,39.23,40.12,40.38,39.38,0.0,270.0,273.0,273.1,272.0,0.618,0.0,34.42,33.06,-0.195,33.03,0.999,6000.0,403325.0,324.0,335.0,59.96,7.0,43.0,48.0,59.58,16.91,42.46,530.8,40.95,41.8,41.94,60.0,59.5,75.6,1.0,272.0,272.0,271.0,33.82,-1.122,33.84,1915.0,415732.0,13172.0,1912.0,-0.999,0.818,0.791,0.836,26.97,26.97,26.97,20.22,9.16,9.16,9.16,6.87,134.0,134.0,134.0,100.0,1.827,107.5,77.15,4.0,3.5,2.0,-1.0,13.62,0.002,0.307,3.0,2.0,0.0,0.0,41.1,37.61,41.87,41.29,41.36,40.22,40.5,48.3,38.6,41.58,46.69,49.35,44.13,45.81,49.07,48.96,42.01,46.19,47.9
2017-05-04 10:30:00-05:00,430.67642,450.2808,482.42496,426.50388,442.69894,457.20248,430.0536,436.82742,857102.0,23.92,0.0,459.0,449.6,440.2,16.92,342.7,0.0,0.0,0.0,0.0,0.0,0.0,0.0,0.0,341.0,342.1,86.0,-0.4,33.63,34.55,34.75,33.75,0.0,270.0,273.0,273.0,272.0,0.617,0.0,29.65,28.49,-0.14,28.47,0.999,6000.0,403325.0,324.0,335.0,59.95,7.0,43.0,48.0,57.83,16.93,41.25,462.8,35.24,36.09,36.22,60.0,59.5,75.6,1.0,272.0,271.9,271.0,29.15,-0.982,29.17,1915.0,415733.0,13172.0,1912.0,-0.999,0.818,0.791,0.836,23.23,23.23,23.23,17.42,7.96,7.961,7.961,5.969,134.0,134.0,134.0,100.0,1.247,237.5,77.77,2.4,3.502,2.0,-1.0,13.43,-0.007,0.302,1.0,2.0,0.0,0.001,40.12,37.06,41.0,40.44,40.56,39.56,39.26,46.72,36.04,40.11,45.12,48.14,42.53,44.33,47.82,47.45,39.78,44.45,46.32
2017-05-04 10:31:00-05:00,415.2245,434.3982,466.08167,407.56876,424.5429,438.6955,412.6156,417.96817,857103.0,23.98,0.0,444.3,431.5,422.4,16.9,345.1,0.0,0.0,0.0,0.0,0.0,0.0,0.0,0.0,343.5,344.5,82.8,-0.402,32.6,33.55,33.7,32.7,0.0,270.0,272.7,273.0,271.7,0.612,0.0,28.78,27.62,-0.237,27.6,0.999,6000.0,403326.0,325.0,335.0,59.96,7.0,43.0,48.0,59.7,17.03,40.5,447.8,34.15,35.01,35.13,60.0,59.5,75.6,1.0,272.0,271.6,271.0,28.27,-0.889,28.28,1915.0,415733.0,13172.0,1912.0,-0.999,0.818,0.791,0.836,22.4,22.4,22.4,16.79,7.729,7.729,7.729,5.795,134.0,134.0,134.0,100.0,1.693,78.83,41.71,2.8,3.502,2.0,-1.0,13.56,0.011,0.301,3.0,2.0,0.0,0.0,39.17,36.06,40.0,39.38,39.38,38.67,38.19,44.82,35.83,37.86,43.19,46.8,41.09,42.92,46.5,45.9,38.54,43.06,44.83
2017-05-04 10:32:00-05:00,406.695,425.22885,457.3178,398.96188,415.01416,431.1347,405.3393,408.06708,857104.0,24.05,0.0,436.4,424.5,415.6,16.95,345.7,0.0,0.0,0.0,0.0,0.0,0.0,0.0,0.0,344.1,345.1,81.2,-0.408,32.0,33.0,33.0,32.0,0.0,269.6,272.4,273.0,271.4,0.632,0.0,28.26,27.17,-0.143,27.15,0.999,6000.0,403326.0,325.0,335.0,59.95,7.0,43.0,48.0,57.87,17.28,40.04,440.2,33.6,34.45,34.57,60.0,59.5,75.6,1.0,271.5,271.3,270.7,27.8,-0.932,27.81,1915.0,415734.0,13172.0,1912.0,-0.999,0.818,0.791,0.836,21.99,22.0,22.0,16.49,7.604,7.605,7.605,5.701,134.0,134.0,134.0,100.0,1.815,107.5,37.22,5.6,3.502,2.0,-1.0,13.62,0.002,0.301,3.0,2.0,0.0,0.0,38.42,35.59,39.39,38.58,38.85,38.05,37.49,43.94,35.2,37.13,42.28,45.8,40.31,41.99,45.52,45.06,37.92,42.12,43.95
2017-05-04 10:33:00-05:00,418.80933,438.16418,471.0557,411.806,426.98944,445.35352,420.26825,420.08984,857105.0,24.11,0.0,450.7,439.5,430.3,16.79,349.9,0.0,0.0,0.0,0.0,0.0,0.0,0.0,0.0,348.1,349.2,83.7,-0.475,33.37,34.32,34.47,33.47,0.0,270.0,272.6,273.0,271.6,0.602,0.0,29.45,28.28,-0.215,28.25,0.999,6000.0,403327.0,326.0,335.0,59.96,7.0,43.0,48.0,59.65,16.95,38.32,454.6,34.97,35.83,35.95,60.0,59.5,75.6,1.0,272.0,271.4,271.0,28.92,-0.913,28.94,1915.0,415734.0,13172.0,1912.0,-0.999,0.818,0.791,0.836,22.63,22.63,22.63,16.97,7.919,7.919,7.917,5.937,134.0,134.0,134.0,100.0,2.465,127.2,80.6,5.8,3.5,2.0,-1.0,13.62,0.002,0.301,3.0,2.0,0.0,0.0,37.45,34.59,38.35,37.31,37.84,37.08,36.68,42.89,34.08,36.09,41.2,44.7,38.96,40.73,44.38,43.94,36.6,41.02,42.87
2017-05-04 10:34:00-05:00,436.9808,457.81277,491.7809,431.4032,446.3044,466.456,440.2153,439.06696,857106.0,24.17,0.0,470.7,460.0,451.0,16.95,355.7,0.0,0.0,0.0,0.0,0.0,0.0,0.0,0.0,353.9,355.0,86.3,-0.5,35.13,35.98,36.2,35.22,0.0,270.0,272.4,273.0,271.4,0.587,0.0,30.89,29.63,-0.22,29.61,0.999,6000.0,403327.0,326.0,335.0,59.96,7.0,43.0,48.12,58.0,16.72,37.27,474.2,36.67,37.55,37.67,60.0,59.5,75.6,1.0,272.0,271.2,271.0,30.32,-0.972,30.33,1915.0,415735.0,13172.0,1912.0,-0.999,0.818,0.791,0.836,23.32,23.32,23.3,17.48,8.29,8.29,8.29,6.218,134.0,134.0,134.0,101.0,2.012,302.0,53.59,3.2,3.5,2.0,-1.0,13.62,0.002,0.302,3.0,2.0,0.0,0.0,36.33,34.11,37.43,36.5,37.1,36.34,35.53,41.99,33.29,35.38,40.31,43.78,37.5,39.73,43.48,43.14,35.77,40.33,42.06
2017-05-04 10:35:00-05:00,457.37738,479.2625,514.16425,452.1921,466.77826,488.68698,460.03693,458.51556,857107.0,24.23,0.0,493.0,482.1,473.0,16.97,354.1,0.0,0.0,0.0,0.0,0.0,0.0,0.0,0.0,352.3,353.3,91.4,-0.5,36.85,37.83,38.17,37.17,0.0,270.0,272.7,273.0,271.7,0.618,0.0,32.59,31.26,-0.137,31.22,0.999,6000.0,403328.0,327.0,335.0,59.95,7.0,43.0,48.68,59.63,16.55,36.62,496.6,38.7,39.56,39.66,60.0,59.5,75.6,1.0,272.0,271.4,271.0,31.96,-1.106,31.98,1915.0,415735.0,13172.0,1912.0,-0.999,0.818,0.791,0.836,24.67,24.68,24.68,18.5,8.74,8.74,8.74,6.551,134.0,134.0,134.0,101.0,1.443,304.0,49.67,2.2,3.502,2.0,-1.0,13.62,0.002,0.303,3.0,2.0,0.0,0.0,35.57,33.93,36.99,36.24,36.58,36.02,34.41,41.3,32.47,34.96,39.46,43.18,36.85,39.34,43.01,42.58,35.38,39.94,41.53
2017-05-04 10:36:00-05:00,459.47882,481.3911,516.29596,454.1783,468.9673,490.71826,460.16235,459.57642,857108.0,24.28,0.0,494.9,483.0,474.1,17.24,360.3,0.0,0.0,0.0,0.0,0.0,0.0,0.0,0.0,358.6,359.8,89.4,-0.5,36.97,37.92,38.02,37.02,0.0,270.7,273.0,273.8,272.0,0.607,0.0,32.46,31.13,-0.112,31.1,0.999,6000.0,403328.0,327.0,335.0,59.95,7.0,43.0,49.0,57.98,16.65,35.81,498.3,38.47,39.34,39.44,60.0,59.5,75.6,1.0,272.0,271.8,271.4,31.84,-1.114,31.86,1915.0,415736.0,13172.0,1912.0,-0.999,0.818,0.791,0.836,24.17,24.15,24.16,18.12,8.71,8.7,8.71,6.529,135.0,135.0,135.0,101.0,1.6,219.4,92.1,4.3,3.5,2.0,-1.0,13.42,0.002,0.304,1.0,2.0,0.0,0.001,35.11,34.04,36.93,36.14,36.47,36.0,33.86,41.14,34.02,35.06,39.45,42.88,36.21,39.03,42.76,42.4,35.31,39.96,41.25
2017-05-04 10:37:00-05:00,483.46024,506.44315,542.2322,478.27756,492.6603,515.8833,486.75845,483.97552,857109.0,24.34,0.0,521.9,509.4,500.0,17.16,356.7,0.0,0.0,0.0,0.0,0.0,0.0,0.0,0.0,355.0,356.0,96.5,-0.5,39.2,40.12,40.33,39.33,0.0,270.7,273.1,274.0,272.1,0.6,0.0,34.61,33.19,-0.08,33.16,0.999,6000.0,403329.0,328.0,335.0,59.94,7.0,43.0,49.0,59.78,16.89,35.25,525.3,41.02,41.89,41.98,60.0,59.5,75.6,1.0,272.1,272.0,271.3,33.92,-1.223,33.94,1915.0,415736.0,13172.0,1912.0,-0.999,0.818,0.791,0.836,26.0,26.01,26.0,19.49,9.27,9.28,9.27,6.953,135.0,135.0,135.0,101.0,1.627,87.8,46.53,2.5,3.5,2.0,-1.0,13.62,0.002,0.304,3.0,2.0,0.0,0.0,34.55,33.72,36.7,35.68,36.18,35.62,33.46,40.9,33.53,34.99,39.27,42.47,36.02,38.47,42.37,42.31,35.23,39.8,41.21
2017-05-04 10:38:00-05:00,502.62064,527.07416,563.3127,496.8155,513.1342,535.2931,505.451,502.83484,857110.0,24.39,0.0,542.5,528.5,519.7,17.22,355.3,0.0,0.0,0.0,0.0,0.0,0.0,0.0,0.0,353.7,354.6,100.7,-0.5,40.77,41.77,41.88,40.88,0.0,270.9,273.2,274.0,272.2,0.6,0.0,35.99,34.5,-0.065,34.48,0.999,6000.0,403329.0,328.0,335.0,59.94,7.0,43.0,49.0,57.87,17.16,35.36,544.7,42.65,43.52,43.63,60.0,59.5,75.6,1.0,272.1,272.0,271.3,35.27,-1.292,35.29,1915.0,415737.0,13172.0,1912.0,-0.999,0.818,0.791,0.836,27.1,27.1,27.1,20.32,9.63,9.63,9.63,7.219,135.0,135.0,135.0,101.0,1.932,54.27,55.09,5.2,3.499,2.0,-1.0,13.62,0.002,0.305,3.0,2.0,0.0,0.0,34.55,33.9,36.8,35.82,36.36,35.69,33.56,40.8,32.88,34.8,39.17,42.52,36.19,38.65,42.39,42.24,35.18,39.88,41.19
2017-05-04 10:39:00-05:00,507.68887,532.96875,569.23425,500.9203,518.15607,539.35565,507.96005,506.3709,857111.0,24.44,0.0,547.8,532.2,523.8,16.91,353.2,0.0,0.0,0.0,0.0,0.0,0.0,0.0,0.0,351.5,352.4,102.1,-0.498,41.18,42.17,42.42,41.42,0.0,271.0,273.7,274.0,272.7,0.6,0.0,36.32,34.82,-0.185,34.79,0.999,6000.0,403330.0,329.0,335.0,59.96,7.0,43.0,49.0,59.92,16.44,35.14,548.9,43.01,43.9,43.97,60.0,59.5,75.6,1.0,272.8,272.0,271.9,35.58,-1.223,35.6,1915.0,415737.0,13172.0,1912.0,-0.999,0.818,0.791,0.836,27.53,27.53,27.54,20.64,9.72,9.72,9.73,7.29,135.0,135.0,135.0,101.0,3.178,94.2,28.31,5.2,3.499,2.0,-1.0,13.62,0.002,0.305,3.0,2.0,0.0,0.0,34.35,33.18,36.5,35.59,36.24,35.34,33.59,40.56,32.02,34.62,38.85,42.32,36.06,38.58,42.18,42.07,35.08,39.63,40.97
2017-05-04 10:40:00-05:00,551.07794,576.35944,615.8957,549.64844,563.73944,591.1527,562.9085,555.87646,857112.0,24.48,0.0,594.1,584.5,575.5,16.47,354.8,0.0,0.0,0.0,0.0,0.0,0.0,0.0,0.0,352.9,353.9,111.1,-0.5,45.07,45.9,46.2,45.2,0.0,271.0,273.9,274.0,272.9,0.608,0.0,39.63,37.98,-0.278,37.96,0.999,6000.0,403330.0,329.0,335.0,59.97,7.0,43.0,49.0,57.82,16.76,35.35,597.6,46.97,47.85,47.95,60.0,59.5,75.6,1.0,273.0,272.3,272.0,38.83,-1.274,38.86,1915.0,415738.0,13172.0,1912.0,-0.999,0.818,0.791,0.836,29.96,29.95,29.96,22.46,10.63,10.63,10.63,7.967,135.0,135.0,135.0,101.0,2.36,110.4,45.18,4.4,3.502,2.0,-1.0,13.62,0.002,0.307,3.0,2.0,0.0,0.0,34.44,32.55,36.19,35.2,35.97,34.85,33.79,40.26,32.89,34.07,38.6,42.32,36.42,38.8,42.18,41.82,35.16,39.46,40.71
2017-05-04 10:41:00-05:00,655.6566,687.04663,734.7995,655.5793,671.6456,703.5491,677.57275,666.0852,857113.0,24.53,0.0,707.9,693.8,682.5,16.66,350.9,0.0,0.0,0.0,0.0,0.0,0.0,0.0,0.0,349.1,350.1,133.3,-0.497,53.57,54.53,54.65,53.65,0.0,271.0,274.0,274.0,273.0,0.605,0.0,46.98,45.02,-0.187,44.98,1.0,6000.0,403331.0,330.0,335.0,59.96,7.0,43.0,49.0,59.67,17.3,36.1,710.5,55.69,56.57,56.68,60.0,59.5,75.6,1.0,273.0,272.9,272.0,45.99,-1.66,46.02,1915.0,415739.0,13172.0,1912.0,-0.999,0.818,0.791,0.836,35.82,35.83,35.84,26.85,12.57,12.57,12.57,9.42,135.0,135.0,135.0,101.0,0.722,230.7,89.1,2.0,3.5,2.0,-1.0,13.44,-0.007,0.311,1.0,2.0,0.0,0.001,35.21,33.42,36.87,36.11,36.61,35.41,34.43,41.05,33.29,34.76,39.45,43.04,37.42,39.65,42.89,42.65,35.88,40.34,41.5
2017-05-04 10:42:00-05:00,816.2332,856.0248,917.774,816.3292,831.1872,874.62616,853.96,830.9858,857114.0,24.57,0.0,883.0,863.0,848.0,16.94,349.4,0.0,0.0,0.0,0.0,0.0,0.0,0.0,0.0,347.4,348.4,165.3,-0.5,66.0,66.98,67.2,66.2,0.0,271.6,274.3,274.8,273.3,0.602,0.0,57.92,55.48,-0.295,55.45,0.999,6000.0,403332.0,331.0,335.0,59.98,7.0,43.0,49.0,58.95,17.0,36.72,891.0,68.62,69.51,69.63,60.0,59.5,75.6,1.0,273.1,273.0,272.2,56.66,-2.004,56.69,1915.0,415740.0,13172.0,1912.0,-0.999,0.818,0.791,0.836,44.46,44.47,44.47,33.35,15.52,15.53,15.53,11.64,136.0,136.0,136.0,102.0,1.48,237.3,80.3,3.1,3.5,2.0,-1.0,13.44,0.011,0.319,3.0,2.0,0.0,0.001,36.17,34.81,37.96,37.41,37.77,36.63,35.29,42.11,34.81,36.47,40.57,44.2,37.86,40.59,44.06,43.64,36.42,41.37,42.49
2017-05-04 10:43:00-05:00,910.799,956.3964,1025.5454,917.09595,938.06335,982.8471,964.73517,941.78394,857115.0,24.61,0.0,977.0,960.0,943.0,16.99,344.2,0.0,0.0,0.0,0.0,0.0,0.0,0.0,0.0,342.2,343.1,184.4,-0.493,72.82,73.78,73.9,72.9,0.0,271.8,274.3,275.0,273.2,0.6,0.0,63.71,61.05,-0.173,60.99,1.0,6000.0,403333.0,332.0,335.0,59.96,7.0,43.0,49.0,58.8,17.2,38.0,986.0,75.59,76.48,76.57,60.0,59.5,75.6,1.0,273.1,273.0,272.1,62.36,-2.356,62.4,1915.0,415741.0,13172.0,1912.0,-0.999,0.818,0.791,0.836,49.4,49.42,49.44,37.05,17.0,17.01,17.02,12.75,136.0,136.0,136.0,102.0,1.668,23.78,66.34,3.8,3.5,2.0,-1.0,13.62,0.002,0.323,3.0,2.0,0.0,0.0,37.4,36.43,39.32,39.0,39.28,38.25,36.73,43.77,35.91,37.87,42.29,45.98,39.87,42.26,45.93,45.24,37.38,42.91,44.03
2017-05-04 10:44:00-05:00,853.44147,898.59674,961.59314,857.6423,883.85266,918.5239,899.62494,885.6776,857116.0,24.66,0.0,913.0,895.0,878.0,17.13,340.9,0.0,0.0,0.0,0.0,0.0,0.0,0.0,0.0,338.9,339.9,173.2,-0.413,67.55,68.53,68.68,67.68,0.0,271.6,274.1,274.9,273.1,0.607,0.0,59.23,56.75,-0.195,56.71,1.0,6000.0,403334.0,333.0,335.0,59.96,7.0,43.0,49.0,59.98,17.31,39.58,915.0,70.29,71.13,71.22,60.0,59.5,75.6,1.0,273.0,273.0,272.0,57.98,-2.166,58.02,1915.0,415742.0,13172.0,1912.0,-0.999,0.818,0.791,0.836,46.23,46.24,46.22,34.65,15.76,15.76,15.76,11.81,136.0,136.0,136.0,102.0,2.267,97.3,26.83,5.3,3.502,2.0,-1.0,13.62,0.002,0.322,3.0,2.0,0.0,0.0,38.96,37.5,40.77,40.24,40.64,39.61,38.05,45.12,36.54,39.27,43.45,47.47,41.46,43.87,47.44,46.47,39.01,44.13,45.27
2017-05-04 10:45:00-05:00,720.92566,757.6179,809.0552,713.3115,736.1576,760.7629,739.04486,730.9139,857117.0,24.7,0.0,772.2,746.1,731.4,17.31,342.9,0.0,0.0,0.0,0.0,0.0,0.0,0.0,0.0,340.9,341.8,145.4,-0.418,56.98,57.93,58.15,57.15,0.0,271.2,274.1,274.6,273.1,0.622,0.0,50.03,47.98,-0.128,47.94,1.0,6000.0,403335.0,334.0,335.0,59.95,7.0,43.0,49.0,58.0,17.12,40.35,774.0,59.25,60.08,60.2,60.0,59.5,75.6,1.0,273.0,273.0,272.1,48.93,-1.801,48.96,1915.0,415743.0,13172.0,1912.0,-0.999,0.818,0.791,0.836,38.95,38.93,38.93,29.2,13.36,13.35,13.35,10.01,136.0,136.0,136.0,102.0,3.367,111.2,20.17,6.8,3.5,2.0,-1.0,13.62,0.002,0.315,3.0,2.0,0.0,0.0,39.7,37.6,41.07,40.29,41.27,39.8,38.77,45.82,37.9,39.55,44.2,47.94,42.06,44.27,47.98,47.1,39.87,44.6,45.89
2017-05-04 10:46:00-05:00,799.17426,835.7212,895.3907,805.0741,822.4311,862.3258,851.4509,828.86414,857118.0,24.74,0.0,854.0,845.0,826.0,17.22,342.9,0.0,0.0,0.0,0.0,0.0,0.0,0.0,0.0,340.9,341.9,161.6,-0.428,63.32,64.25,64.45,63.45,0.0,272.0,274.9,275.0,273.9,0.627,0.0,55.59,53.28,-0.163,53.25,0.999,6000.0,403336.0,335.0,335.0,59.96,7.0,43.0,49.0,59.35,16.8,40.95,863.0,65.91,66.68,66.81,60.0,59.5,75.6,1.0,273.8,273.7,272.9,54.44,-2.016,54.48,1915.0,415743.0,13172.0,1912.0,-0.999,0.818,0.791,0.836,43.38,43.34,43.29,32.49,14.87,14.86,14.84,11.14,137.0,137.0,137.0,102.0,2.95,96.6,27.32,5.9,3.5,2.0,-1.0,13.62,0.002,0.318,3.0,2.0,0.0,0.0,40.12,37.38,41.27,40.41,41.6,39.65,39.09,46.47,38.02,40.18,44.84,48.24,42.64,44.44,48.21,47.61,40.27,44.94,46.27
2017-05-04 10:47:00-05:00,827.9766,867.81396,930.20917,832.74854,853.0775,891.55334,881.18335,858.8032,857119.0,24.79,0.0,883.0,870.0,852.0,16.97,340.2,0.0,0.0,0.0,0.0,0.0,0.0,0.0,0.0,338.2,339.2,167.5,-0.403,65.2,66.12,66.32,65.32,0.0,272.0,275.0,275.0,274.0,0.632,0.0,57.19,54.82,-0.24,54.79,0.999,6000.0,403337.0,336.0,335.0,59.96,7.0,43.0,49.0,59.62,17.46,41.51,891.0,67.74,68.53,68.68,60.0,59.5,75.6,1.0,274.0,274.0,273.0,56.02,-2.049,56.05,1915.0,415744.0,13172.0,1912.0,-0.999,0.818,0.791,0.836,44.88,44.86,44.85,33.63,15.27,15.26,15.26,11.44,137.0,137.0,137.0,103.0,3.445,92.0,22.81,6.2,3.502,2.0,-1.0,13.43,0.001,0.32,1.0,2.0,0.0,0.001,40.97,37.86,41.86,40.75,42.18,40.11,40.02,47.5,38.58,40.79,45.78,48.99,43.33,45.23,48.98,48.51,41.12,45.66,47.18
2017-05-04 10:48:00-05:00,817.2221,855.69727,917.1818,821.2286,841.10223,878.6887,869.26526,846.4268,857120.0,24.83,0.0,871.0,857.0,840.0,16.81,340.9,0.0,0.0,0.0,0.0,0.0,0.0,0.0,0.0,338.9,339.9,164.9,-0.407,64.25,65.2,65.38,64.38,0.0,272.0,275.0,275.0,274.0,0.633,0.0,56.4,54.05,-0.288,54.02,1.0,6000.0,403338.0,337.0,335.0,59.98,7.0,43.07,49.0,58.13,17.27,42.22,879.0,66.8,67.66,67.8,60.0,59.5,75.6,1.0,274.0,274.0,273.0,55.28,-1.947,55.31,1915.0,415745.0,13172.0,1912.0,-0.999,0.818,0.791,0.836,44.17,44.19,44.17,33.12,15.05,15.06,15.06,11.29,137.0,137.0,137.0,103.0,4.253,101.2,28.55,6.6,3.502,2.0,-1.0,13.62,0.003,0.319,3.0,2.0,0.0,0.0,41.55,37.04,41.81,40.76,42.36,39.92,40.39,48.32,38.84,41.29,46.66,49.26,43.34,45.29,49.16,49.1,41.74,46.15,47.83
2017-05-04 10:49:00-05:00,810.6705,849.8027,910.6682,816.3292,836.9817,874.06195,865.62714,842.5371,857121.0,24.88,0.0,864.0,851.0,836.0,16.78,341.1,0.0,0.0,0.0,0.0,0.0,0.0,0.0,0.0,339.2,340.2,163.5,-0.407,63.73,64.7,64.85,63.85,0.0,272.0,274.9,275.0,273.9,0.63,0.0,55.97,53.65,-0.3,53.61,1.0,6000.0,403338.0,337.0,335.0,59.98,7.0,43.98,49.0,59.82,16.95,42.69,871.0,66.29,67.14,67.28,60.0,59.5,75.6,1.0,273.9,273.7,272.9,54.81,-1.916,54.84,1915.0,415746.0,13172.0,1912.0,-0.999,0.818,0.791,0.836,43.79,43.79,43.78,32.82,14.94,14.94,14.93,11.2,137.0,137.0,137.0,103.0,3.45,94.1,27.43,6.4,3.502,2.0,-1.0,13.62,0.002,0.319,3.0,2.0,0.0,0.0,42.19,37.15,42.18,41.05,42.42,40.11,40.52,48.84,38.68,41.67,47.16,49.67,43.88,45.61,49.49,49.27,41.74,46.29,48.08
2017-05-04 10:50:00-05:00,771.73157,808.70435,866.6122,774.22174,795.5189,828.81,817.20215,798.68933,857122.0,24.93,0.0,822.0,806.0,792.2,16.68,343.6,0.0,0.0,0.0,0.0,0.0,0.0,0.0,0.0,341.7,342.7,154.5,-0.433,60.67,61.67,61.93,60.93,0.0,271.9,274.8,275.0,273.7,0.622,0.0,53.3,51.11,-0.285,51.09,0.999,6000.0,403339.0,338.0,335.0,59.97,7.0,44.0,49.2,58.87,16.89,42.56,828.0,63.16,64.02,64.18,60.0,59.5,75.6,1.0,273.6,273.2,272.7,52.22,-1.848,52.25,1915.0,415747.0,13172.0,1912.0,-0.999,0.818,0.791,0.836,41.39,41.4,41.4,31.04,14.22,14.22,14.22,10.66,138.0,138.0,138.0,103.0,3.497,101.2,22.63,6.4,3.502,2.0,-1.0,13.62,0.002,0.318,3.0,2.0,0.0,0.0,42.09,36.59,42.13,40.83,42.43,39.94,40.53,49.06,39.07,41.38,47.38,49.63,43.62,45.5,49.4,49.36,42.1,46.3,48.18
2017-05-04 10:51:00-05:00,789.7795,827.043,887.1006,791.7003,811.87225,847.317,835.26746,815.19116,857123.0,24.98,0.0,843.0,825.0,811.0,16.8,342.1,0.0,0.0,0.0,0.0,0.0,0.0,0.0,0.0,340.3,341.2,158.8,-0.417,62.18,63.15,63.32,62.32,0.0,271.9,274.7,275.0,273.7,0.627,0.0,54.55,52.3,-0.195,52.26,0.999,6000.0,403340.0,339.0,335.0,59.96,7.0,44.0,49.8,58.58,17.23,42.33,851.0,64.64,65.52,65.63,60.0,59.5,75.6,1.0,273.6,273.2,272.7,53.42,-1.962,53.46,1915.0,415748.0,13172.0,1912.0,-0.999,0.818,0.791,0.836,42.62,42.55,42.56,31.93,14.58,14.56,14.56,10.92,138.0,138.0,138.0,103.0,1.563,91.4,53.89,3.6,3.5,2.0,-1.0,13.62,0.002,0.318,3.0,2.0,0.0,0.0,41.77,36.86,42.33,41.21,42.67,40.11,40.34,49.21,38.73,41.95,47.56,49.52,43.02,45.5,49.21,49.47,42.02,46.16,48.2
2017-05-04 10:52:00-05:00,790.892,827.86176,887.9296,793.55414,814.0613,849.2355,836.8983,818.1379,857124.0,25.03,0.0,843.0,826.0,812.0,17.12,340.1,0.0,0.0,0.0,0.0,0.0,0.0,0.0,0.0,338.2,339.2,159.5,-0.4,62.05,62.97,63.15,62.15,0.0,272.0,274.6,275.0,273.6,0.617,0.0,54.47,52.21,-0.207,52.18,0.999,6000.0,403341.0,340.0,335.0,59.96,7.0,44.0,50.0,60.0,17.39,42.65,850.0,64.57,65.39,65.51,60.0,59.5,75.6,1.0,273.7,273.1,272.8,53.35,-1.943,53.38,1915.0,415749.0,13172.0,1912.0,-0.999,0.818,0.791,0.836,42.73,42.71,42.7,32.04,14.53,14.53,14.52,10.9,138.0,138.0,138.0,103.0,1.075,39.98,92.0,2.3,3.5,2.0,-1.0,13.63,0.016,0.318,1.0,2.0,0.0,0.001,42.17,37.78,42.89,41.71,43.36,40.74,40.8,49.56,40.34,42.57,47.9,50.24,44.11,46.44,50.05,50.14,42.68,47.1,48.91
2017-05-04 10:53:00-05:00,777.1707,814.76263,873.24426,779.3859,799.63947,833.8881,820.5894,803.28625,857125.0,25.07,0.0,830.0,813.0,798.3,17.32,339.3,0.0,0.0,0.0,0.0,0.0,0.0,0.0,0.0,337.4,338.4,157.0,-0.4,60.8,61.78,62.02,61.02,0.0,272.0,274.8,275.0,273.8,0.602,0.0,53.47,51.28,-0.165,51.25,0.999,6000.0,403342.0,341.0,335.0,59.95,7.0,44.0,50.0,58.4,18.01,42.94,836.0,63.37,64.25,64.36,60.0,59.5,75.6,1.0,273.9,273.2,272.9,52.4,-1.946,52.43,1915.0,415750.0,13172.0,1912.0,-0.999,0.818,0.791,0.836,42.08,42.09,42.09,31.56,14.28,14.28,14.28,10.71,138.0,138.0,138.0,104.0,3.235,81.6,25.21,7.8,3.5,2.0,-1.0,13.43,-0.013,0.318,1.0,2.0,0.0,0.001,42.53,38.24,43.26,42.2,44.0,41.27,40.91,50.0,40.5,43.01,48.38,50.83,44.13,46.8,50.64,50.66,42.74,47.54,49.38
2017-05-04 10:54:00-05:00,778.53046,816.0726,874.3101,781.2397,800.9271,835.2423,821.5931,803.8756,857126.0,25.12,0.0,832.0,813.0,801.0,17.12,342.0,0.0,0.0,0.0,0.0,0.0,0.0,0.0,0.0,340.1,341.1,155.8,-0.418,61.02,62.0,62.15,61.15,0.0,272.0,274.7,275.0,273.7,0.612,0.0,53.5,51.29,-0.207,51.27,0.999,6000.0,403343.0,342.0,335.0,59.96,7.0,44.0,50.0,59.02,18.11,43.39,838.0,63.35,64.24,64.37,60.0,59.5,75.6,1.0,273.8,273.3,272.8,52.39,-1.908,52.42,1915.0,415751.0,13172.0,1912.0,-0.999,0.818,0.791,0.836,41.76,41.74,41.78,31.31,14.28,14.27,14.29,10.71,139.0,139.0,139.0,104.0,3.038,90.4,40.55,6.2,3.5,2.0,-1.0,13.62,0.002,0.318,3.0,2.0,0.0,0.0,42.79,38.18,43.39,42.17,43.87,41.35,41.11,50.03,39.18,42.33,48.3,50.88,44.26,46.77,50.65,50.49,42.51,47.25,49.3
2017-05-04 10:55:00-05:00,746.51404,783.3248,838.6627,748.9308,768.73553,800.0339,784.83527,769.8111,857127.0,25.18,0.0,796.0,779.4,766.1,17.26,339.1,0.0,0.0,0.0,0.0,0.0,0.0,0.0,0.0,337.4,338.3,150.7,-0.4,58.43,59.42,59.48,58.48,0.0,272.0,274.7,275.0,273.7,0.597,0.0,51.34,49.23,-0.25,49.19,1.0,6000.0,403344.0,343.0,335.0,59.97,7.0,44.0,50.0,59.78,17.84,43.38,801.0,60.78,61.68,61.79,60.0,59.5,75.6,1.0,273.9,273.1,272.8,50.29,-1.787,50.32,1915.0,415751.0,13172.0,1912.0,-0.999,0.818,0.791,0.836,40.35,40.35,40.37,30.25,13.68,13.68,13.69,10.26,139.0,139.0,139.0,104.0,1.693,61.24,65.97,4.7,3.502,2.0,-1.0,13.62,0.002,0.317,3.0,2.0,0.0,0.0,42.99,38.64,43.31,42.49,43.49,41.6,41.05,49.37,37.91,41.51,47.54,50.76,43.84,46.93,50.44,50.31,42.14,47.06,49.17
2017-05-04 10:56:00-05:00,751.2114,786.76337,842.45245,753.43286,771.43964,804.5478,788.7243,772.2864,857128.0,25.22,0.0,802.0,790.4,773.2,17.5,341.6,0.0,0.0,0.0,0.0,0.0,0.0,0.0,0.0,339.6,340.6,151.0,-0.403,58.93,59.88,60.17,59.17,0.0,271.9,274.4,275.0,273.4,0.603,0.0,51.79,49.66,-0.18,49.63,1.0,6000.0,403344.0,343.0,335.0,59.96,7.0,44.0,50.0,58.08,18.07,43.16,811.0,61.35,62.23,62.36,60.0,59.5,75.6,1.0,273.5,273.1,272.5,50.73,-1.854,50.76,1915.0,415752.0,13172.0,1912.0,-0.999,0.818,0.791,0.836,40.53,40.5,40.55,30.42,13.85,13.84,13.85,10.39,139.0,139.0,139.0,104.0,1.685,288.5,77.97,4.2,3.502,2.0,-1.0,13.63,0.002,0.316,3.0,2.0,0.0,0.0,42.82,38.86,43.24,42.42,43.54,41.66,40.58,48.68,37.41,41.48,46.84,50.56,42.68,46.8,50.32,50.06,41.41,46.78,48.87
2017-05-04 10:57:00-05:00,749.9753,786.27216,841.7418,751.57904,771.0533,803.08075,786.3407,771.10767,857129.0,25.27,0.0,801.0,787.3,771.2,17.93,341.5,0.0,0.0,0.0,0.0,0.0,0.0,0.0,0.0,339.6,340.6,150.7,-0.402,58.9,59.9,60.1,59.1,0.0,271.9,274.1,275.0,273.1,0.597,0.0,51.7,49.57,-0.163,49.55,0.999,6000.0,403345.0,344.0,335.0,59.96,7.0,44.0,50.0,59.6,17.8,42.91,808.0,61.27,62.13,62.27,60.0,59.5,75.6,1.0,273.1,273.0,272.0,50.64,-1.857,50.67,1915.0,415753.0,13172.0,1912.0,-0.999,0.818,0.791,0.836,40.42,40.41,40.41,30.31,13.8,13.8,13.8,10.35,139.0,139.0,139.0,104.0,1.805,270.9,61.71,3.7,3.502,2.0,-1.0,13.62,0.002,0.317,3.0,2.0,0.0,0.0,42.66,39.16,43.24,42.47,43.62,41.85,40.52,48.36,38.39,40.51,46.48,50.68,42.97,46.71,50.52,50.06,40.87,46.73,48.79
2017-05-04 10:58:00-05:00,728.837,764.33124,818.17426,729.2012,749.6781,779.15704,762.00275,747.8872,857130.0,25.32,0.0,778.2,760.7,748.7,17.87,339.7,0.0,0.0,0.0,0.0,0.0,0.0,0.0,0.0,337.7,338.7,147.3,-0.402,57.33,58.27,58.37,57.37,0.0,271.7,274.0,274.9,273.0,0.602,0.0,50.21,48.17,-0.083,48.14,1.0,6000.0,403346.0,345.0,335.0,59.94,7.0,44.0,50.0,59.18,17.63,42.76,784.5,59.57,60.41,60.53,60.0,59.5,75.6,1.0,273.0,273.0,272.0,49.22,-1.861,49.25,1915.0,415754.0,13172.0,1912.0,-0.999,0.818,0.791,0.836,39.48,39.49,39.48,29.61,13.41,13.41,13.41,10.06,140.0,140.0,140.0,105.0,1.78,70.11,81.6,3.2,3.5,2.0,-1.0,13.45,-0.006,0.316,1.0,2.0,0.0,0.001,42.42,39.48,43.32,42.53,43.92,42.08,40.11,48.38,39.66,41.04,46.57,50.51,42.23,46.48,50.35,50.01,40.06,46.5,48.69
2017-05-04 10:59:00-05:00,723.2743,758.2729,811.77905,725.7584,746.07263,776.3358,760.3719,745.4119,857131.0,25.38,0.0,772.1,758.4,746.1,17.58,341.5,0.0,0.0,0.0,0.0,0.0,0.0,0.0,0.0,339.6,340.6,145.6,-0.402,56.87,57.83,58.05,57.05,0.0,271.4,274.0,274.9,273.0,0.608,0.0,49.91,47.9,-0.115,47.86,0.999,6000.0,403347.0,346.0,335.0,59.95,7.0,44.0,50.0,58.4,17.63,42.91,778.6,59.24,60.08,60.21,60.0,59.5,75.6,1.0,273.0,273.0,272.0,48.95,-1.823,48.98,1915.0,415755.0,13172.0,1912.0,-0.999,0.818,0.791,0.836,39.0,38.99,39.0,29.26,13.32,13.31,13.32,9.99,140.0,140.0,140.0,105.0,1.845,22.51,93.7,3.8,3.497,2.0,-1.0,13.56,0.011,0.316,3.0,2.0,0.0,0.0,42.26,39.22,43.54,42.61,44.35,42.16,40.26,48.78,39.03,40.74,47.06,50.58,43.08,46.53,50.41,50.31,41.63,46.8,49.08
2017-05-04 11:00:00-05:00,663.07355,694.25116,742.14215,664.18616,683.2346,709.7557,693.12897,681.0547,857132.0,25.42,0.0,708.0,695.6,684.5,17.5,342.6,0.0,0.0,0.0,0.0,0.0,0.0,0.0,0.0,340.8,341.8,133.4,-0.4,52.25,53.23,53.38,52.38,0.0,271.0,274.0,274.5,273.0,0.607,0.0,45.86,44.01,-0.053,43.99,0.999,6000.0,403348.0,347.0,335.0,59.94,7.0,44.0,50.0,59.93,17.72,42.88,714.2,54.4,55.26,55.39,60.0,59.5,75.6,1.0,273.0,273.0,272.0,44.97,-1.714,45.01,1915.0,415755.0,13172.0,1912.0,-0.999,0.818,0.791,0.836,35.8,35.82,35.8,26.84,12.27,12.27,12.27,9.19,140.0,140.0,140.0,105.0,1.115,225.0,76.45,2.3,3.497,2.0,-1.0,13.62,0.002,0.313,3.0,2.0,0.0,0.0,42.39,39.69,43.7,43.0,44.32,42.38,39.96,48.3,37.81,41.11,46.47,50.51,43.09,46.59,50.41,50.38,41.79,46.89,49.21
2017-05-04 11:01:00-05:00,666.65845,698.8358,747.2346,664.71576,683.3634,709.52997,691.1217,678.9331,857133.0,25.48,0.0,713.0,695.8,684.4,17.65,342.1,0.0,0.0,0.0,0.0,0.0,0.0,0.0,0.0,340.3,341.3,134.1,-0.402,52.5,53.48,53.63,52.63,0.0,271.0,274.0,274.2,273.0,0.608,0.0,46.05,44.2,-0.055,44.18,0.999,6000.0,403348.0,347.0,335.0,59.94,7.0,44.0,50.0,58.02,17.97,42.59,718.3,54.64,55.52,55.65,60.0,59.5,75.6,1.0,273.0,273.0,272.0,45.18,-1.715,45.21,1915.0,415756.0,13173.0,1912.0,-0.999,0.818,0.791,0.836,36.0,35.99,35.98,26.99,12.32,12.31,12.31,9.23,140.0,140.0,140.0,105.0,1.285,128.4,68.65,4.0,3.5,2.0,-1.0,13.62,0.002,0.313,3.0,2.0,0.0,0.0,42.0,39.63,43.59,42.84,44.41,42.47,39.67,48.54,39.4,41.09,46.73,50.42,43.25,46.26,50.31,50.61,42.0,47.41,49.43
2017-05-04 11:02:00-05:00,684.45905,715.8646,765.35443,684.313,700.4893,729.72974,712.4487,696.84937,857134.0,25.53,0.0,733.1,718.0,706.7,17.85,340.3,0.0,0.0,0.0,0.0,0.0,0.0,0.0,0.0,338.3,339.3,138.8,-0.403,54.08,55.03,55.13,54.13,0.0,271.0,274.0,274.3,273.0,0.612,0.0,47.42,45.51,-0.057,45.47,0.999,6000.0,403349.0,348.0,335.0,59.94,7.0,44.0,50.0,59.3,18.12,42.26,741.0,56.28,57.13,57.23,60.0,59.5,75.6,1.0,273.0,273.0,272.0,46.49,-1.766,46.52,1915.0,415757.0,13173.0,1912.0,-0.999,0.818,0.791,0.836,37.33,37.32,37.32,27.98,12.71,12.7,12.7,9.52,140.0,140.0,140.0,105.0,1.018,247.4,100.1,2.5,3.495,2.0,-1.0,13.62,0.002,0.313,3.0,2.0,0.0,0.0,41.79,39.88,43.71,42.98,43.85,42.45,39.7,48.85,39.34,41.05,47.06,50.4,42.72,46.32,50.27,50.66,41.77,47.42,49.53
2017-05-04 11:03:00-05:00,657.7581,691.79504,738.234,655.3144,675.3798,698.6966,678.82733,668.5605,857135.0,25.61,0.0,702.4,681.9,672.5,17.86,341.0,0.0,0.0,0.0,0.0,0.0,0.0,0.0,0.0,339.4,340.4,132.2,-0.4,51.67,52.65,52.8,51.8,0.0,271.0,274.0,274.1,273.0,0.6,0.0,45.32,43.5,-0.077,43.48,0.999,6000.0,403350.0,349.0,335.0,59.94,7.0,44.0,50.0,59.23,18.24,41.9,705.5,53.91,54.78,54.87,60.0,59.5,75.6,1.0,273.0,273.0,272.0,44.56,-1.674,44.59,1915.0,415758.0,13173.0,1912.0,-0.999,0.818,0.791,0.836,35.5,35.51,35.51,26.62,12.11,12.11,12.11,9.08,141.0,141.0,141.0,105.0,1.803,344.9,84.4,3.9,3.502,2.0,-1.0,13.62,0.002,0.313,3.0,2.0,0.0,0.0,41.6,39.92,43.73,43.18,43.71,42.67,39.31,48.59,37.84,40.6,46.68,50.29,42.54,46.36,50.15,50.43,41.53,47.25,49.28
2017-05-04 11:04:00-05:00,676.3005,708.9876,756.59064,678.6192,695.85376,724.5387,705.67426,691.8988,857136.0,25.67,0.0,721.7,707.7,698.1,17.99,341.1,0.0,0.0,0.0,0.0,0.0,0.0,0.0,0.0,339.2,340.2,137.0,-0.407,53.5,54.47,54.57,53.57,0.0,271.0,274.0,274.2,273.0,0.613,0.0,46.94,45.03,-0.197,45.0,0.999,6000.0,403351.0,350.0,335.0,59.96,7.0,44.0,50.0,58.17,17.7,41.03,729.2,55.72,56.58,56.67,60.0,59.5,75.6,1.0,273.0,273.0,272.0,46.03,-1.643,46.06,1915.0,415759.0,13173.0,1912.0,-0.999,0.818,0.791,0.836,36.74,36.74,36.75,27.55,12.53,12.53,12.54,9.4,141.0,141.0,141.0,105.0,1.773,298.5,100.8,3.4,3.5,2.0,-1.0,13.41,0.001,0.314,1.0,2.0,0.0,0.001,40.96,39.4,43.37,42.86,43.48,42.44,39.29,47.97,38.22,40.53,46.1,49.93,42.43,46.15,49.77,49.8,40.76,46.7,48.73
2017-05-04 11:05:00-05:00,676.79486,708.9876,755.9985,677.2951,693.53595,721.8304,700.90704,688.1269,857137.0,25.72,0.0,723.6,707.6,698.1,17.96,341.7,0.0,0.0,0.0,0.0,0.0,0.0,0.0,0.0,339.8,340.9,136.7,-0.4,53.33,54.32,54.57,53.57,0.0,271.1,274.0,274.6,273.0,0.605,0.0,46.93,45.0,-0.238,44.97,0.999,6000.0,403351.0,350.0,335.0,59.97,7.0,44.0,50.0,59.98,17.41,40.58,731.3,55.78,56.63,56.73,60.0,59.5,75.6,1.0,273.0,273.0,272.0,46.1,-1.616,46.13,1915.0,415759.0,13173.0,1912.0,-0.999,0.818,0.791,0.836,36.85,36.84,36.86,27.63,12.59,12.59,12.59,9.44,141.0,141.0,141.0,106.0,1.447,130.9,90.7,3.4,3.5,2.0,-1.0,13.59,0.003,0.314,3.0,2.0,0.0,0.0,40.52,39.55,43.33,42.59,43.56,42.25,39.32,47.79,38.74,40.92,46.03,50.05,42.27,45.84,49.82,49.77,40.43,46.64,48.57
2017-05-04 11:06:00-05:00,691.9996,726.5077,774.7104,692.3902,711.82074,738.87036,714.45605,705.2182,857138.0,25.78,0.0,739.0,721.5,711.8,17.66,340.4,0.0,0.0,0.0,0.0,0.0,0.0,0.0,0.0,338.6,339.6,140.9,-0.402,54.92,55.87,55.95,54.95,0.0,271.0,274.0,274.2,273.0,0.613,0.0,48.18,46.19,-0.185,46.16,0.999,6000.0,403352.0,351.0,335.0,59.96,7.0,44.0,50.0,58.3,17.28,40.24,746.9,57.12,58.01,58.1,60.0,59.5,75.6,1.0,273.0,273.0,272.0,47.19,-1.714,47.22,1915.0,415760.0,13173.0,1912.0,-0.999,0.818,0.791,0.836,37.69,37.68,37.69,28.26,12.83,12.83,12.83,9.62,141.0,141.0,141.0,106.0,1.357,276.5,66.55,3.5,3.5,2.0,-1.0,13.59,0.002,0.314,3.0,2.0,0.0,0.0,40.24,39.61,42.94,42.11,43.34,42.06,38.82,47.03,37.61,40.16,45.33,49.85,41.21,45.28,49.63,49.22,39.26,46.12,48.15
2017-05-04 11:07:00-05:00,666.28754,697.6897,742.9712,665.37787,684.2648,709.07855,683.84546,676.69354,857139.0,25.84,0.0,711.4,694.5,685.5,17.55,342.4,0.0,0.0,0.0,0.0,0.0,0.0,0.0,0.0,340.6,341.6,134.6,-0.4,52.72,53.72,53.87,52.87,0.0,271.0,274.0,274.0,273.0,0.602,0.0,46.25,44.37,-0.257,44.33,0.999,6000.0,403353.0,352.0,335.0,59.97,7.0,44.0,50.0,59.17,17.32,40.74,718.4,54.87,55.75,55.86,60.0,59.5,75.6,1.0,273.0,273.0,272.0,45.33,-1.572,45.36,1915.0,415761.0,13173.0,1912.0,-0.999,0.818,0.791,0.836,36.14,36.14,36.12,27.09,12.37,12.37,12.37,9.27,141.0,141.0,141.0,106.0,1.177,57.55,43.99,2.7,3.5,2.0,-1.0,13.59,0.002,0.314,3.0,2.0,0.0,0.0,40.23,39.57,42.79,42.06,43.25,41.99,38.25,46.81,38.7,40.19,45.1,49.67,41.39,45.01,49.44,48.79,38.82,45.82,47.63
2017-05-04 11:08:00-05:00,651.2065,682.62573,726.7463,651.87164,670.10046,695.9883,671.1746,664.6707,857140.0,25.89,0.0,694.9,681.2,672.3,17.57,342.0,0.0,0.0,0.0,0.0,0.0,0.0,0.0,0.0,340.4,341.3,131.3,-0.4,51.47,52.37,52.58,51.58,0.0,271.0,274.0,274.1,273.0,0.618,0.0,45.14,43.28,-0.3,43.25,0.999,6000.0,403354.0,353.0,335.0,59.98,7.0,44.0,50.0,59.4,17.49,40.99,701.4,53.5,54.37,54.5,60.0,59.5,75.6,1.0,273.0,273.0,272.0,44.22,-1.453,44.25,1915.0,415762.0,13173.0,1912.0,-0.999,0.818,0.791,0.836,35.26,35.25,35.26,26.43,12.06,12.06,12.06,9.04,142.0,142.0,142.0,106.0,2.375,123.1,28.56,4.8,3.5,2.0,-1.0,13.59,0.002,0.313,3.0,2.0,0.0,0.0,40.47,39.49,42.95,42.0,43.6,42.08,38.22,46.49,38.32,39.62,44.85,49.44,40.9,45.05,49.25,48.47,38.9,45.45,47.29
2017-05-04 11:09:00-05:00,621.9096,652.8253,694.4148,619.6952,639.45404,661.7954,633.91504,631.5492,857141.0,25.95,0.0,662.9,647.1,638.1,17.75,341.6,0.0,0.0,0.0,0.0,0.0,0.0,0.0,0.0,339.9,340.9,125.3,-0.4,49.03,49.98,50.12,49.12,0.0,271.0,274.0,274.1,273.0,0.62,0.0,43.03,41.26,-0.287,41.23,0.999,6000.0,403354.0,353.0,335.0,59.97,7.0,44.0,50.0,58.18,18.13,41.45,668.2,51.0,51.88,51.98,60.0,59.5,75.6,1.0,273.0,273.0,272.0,42.18,-1.414,42.21,1915.0,415762.0,13173.0,1912.0,-0.999,0.818,0.791,0.836,33.63,33.63,33.63,25.21,11.49,11.49,11.49,8.61,142.0,142.0,142.0,106.0,0.955,172.9,85.7,4.0,3.5,2.0,-1.0,13.4,0.009,0.311,1.0,2.0,0.0,0.001,40.75,39.57,42.97,42.15,43.42,41.92,38.54,46.88,39.4,40.17,45.37,49.53,41.29,45.11,49.29,48.75,39.75,45.61,47.63
2017-05-04 11:10:00-05:00,596.1976,626.1359,665.3995,589.10767,610.0953,628.2796,596.7809,597.4847,857142.0,26.01,0.0,635.1,613.8,606.1,17.79,343.4,0.0,0.0,0.0,0.0,0.0,0.0,0.0,0.0,341.7,342.7,119.3,-0.4,46.87,47.82,47.9,46.9,0.0,271.0,274.0,274.0,273.0,0.627,0.0,41.15,39.47,-0.278,39.44,0.999,6000.0,403355.0,354.0,335.0,59.97,7.0,44.62,50.0,59.93,18.07,41.25,639.1,48.79,49.65,49.76,60.0,59.5,75.6,1.0,273.0,273.0,272.0,40.35,-1.345,40.37,1915.0,415763.0,13173.0,1912.0,-0.999,0.818,0.791,0.836,32.0,32.01,32.01,23.99,10.99,10.99,10.99,8.24,142.0,142.0,142.0,106.0,1.807,112.4,43.89,3.6,3.5,2.0,-1.0,13.4,-0.005,0.312,1.0,2.0,0.0,0.001,40.49,39.07,42.77,41.64,43.42,41.69,38.4,46.99,38.86,39.51,45.35,49.23,40.95,44.7,49.02,48.71,40.17,45.59,47.58
2017-05-04 11:11:00-05:00,634.3948,664.45074,706.2579,630.5531,648.08136,672.6288,645.70764,639.91797,857143.0,26.06,0.0,677.3,660.4,652.1,17.57,344.0,0.0,0.0,0.0,0.0,0.0,0.0,0.0,0.0,342.4,343.3,127.3,-0.41,50.13,51.1,51.27,50.27,0.0,271.0,274.0,274.0,273.0,0.615,0.0,44.01,42.22,-0.243,42.2,0.999,6000.0,403356.0,355.0,335.0,59.97,7.0,44.07,50.0,58.07,17.61,41.4,684.4,52.18,53.07,53.21,60.0,59.5,75.6,1.0,273.0,273.0,272.0,43.14,-1.484,43.17,1915.0,415764.0,13173.0,1912.0,-0.999,0.818,0.791,0.836,34.24,34.24,34.24,25.68,11.78,11.78,11.78,8.84,142.0,142.0,142.0,107.0,3.028,80.4,26.25,5.9,3.5,2.0,-1.0,13.59,0.002,0.312,3.0,2.0,0.0,0.0,40.55,38.31,42.32,40.88,42.91,40.98,38.15,46.8,37.82,39.78,45.1,48.94,41.17,44.26,48.7,48.57,40.21,45.28,47.48
2017-05-04 11:12:00-05:00,610.6606,640.38116,679.72955,605.39453,625.41846,645.54535,616.1007,615.28314,857144.0,26.12,0.0,649.3,631.1,622.7,17.21,344.5,0.0,0.0,0.0,0.0,0.0,0.0,0.0,0.0,342.8,343.8,122.4,-0.4,48.2,49.2,49.4,48.4,0.0,271.0,274.0,274.0,273.0,0.607,0.0,42.34,40.59,-0.167,40.56,0.999,6000.0,403356.0,355.0,335.0,59.95,7.0,44.78,50.0,59.42,17.13,40.96,653.5,50.19,51.08,51.19,60.0,59.5,75.6,1.0,273.0,272.9,272.0,41.5,-1.481,41.52,1915.0,415764.0,13173.0,1912.0,-0.999,0.818,0.791,0.836,32.85,32.83,32.85,24.62,11.32,11.31,11.32,8.48,142.0,142.0,142.0,107.0,2.428,82.1,31.3,5.2,3.502,2.0,-1.0,13.59,0.002,0.311,3.0,2.0,0.0,0.0,40.33,37.32,41.67,40.02,42.22,40.23,38.08,46.19,36.75,39.19,44.4,48.29,41.05,43.72,48.06,48.21,39.87,44.75,47.11
2017-05-04 11:13:00-05:00,622.6513,651.3517,691.9278,619.82764,637.265,661.45685,633.41327,629.5454,857145.0,26.17,0.0,662.4,648.4,639.7,16.85,346.4,0.0,0.0,0.0,0.0,0.0,0.0,0.0,0.0,344.5,345.6,124.6,-0.41,49.43,50.43,50.62,49.62,0.0,271.0,274.0,274.0,273.0,0.588,0.0,43.37,41.62,-0.065,41.6,0.999,6000.0,403357.0,356.0,335.0,59.94,7.0,44.68,50.0,58.8,17.17,40.92,668.4,51.47,52.37,52.51,60.0,59.5,75.6,1.0,273.0,272.9,272.0,42.55,-1.601,42.58,1915.0,415765.0,13173.0,1912.0,-0.999,0.818,0.791,0.836,33.48,33.49,33.49,25.1,11.6,11.6,11.6,8.69,143.0,143.0,143.0,107.0,2.83,100.0,22.12,4.6,3.5,2.0,-1.0,13.59,0.002,0.311,3.0,2.0,0.0,0.0,40.13,37.17,41.23,39.41,41.94,39.8,37.79,45.76,36.84,38.6,43.99,47.76,40.55,43.32,47.53,47.78,39.67,44.35,46.63
2017-05-04 11:14:00-05:00,663.69165,694.5786,738.58923,656.3738,674.22095,699.59937,670.92377,664.7886,857146.0,26.22,0.0,708.5,687.2,677.9,16.84,345.9,0.0,0.0,0.0,0.0,0.0,0.0,0.0,0.0,344.2,345.2,132.7,-0.43,52.58,53.52,53.7,52.7,0.0,271.0,274.0,274.0,273.0,0.603,0.0,46.13,44.25,-0.05,44.21,0.999,6000.0,403358.0,357.0,335.0,59.94,7.0,45.0,50.0,58.63,17.06,41.04,713.2,54.72,55.6,55.74,60.0,59.5,75.6,1.0,273.0,273.0,272.0,45.21,-1.724,45.24,1915.0,415766.0,13173.0,1912.0,-0.999,0.818,0.791,0.836,35.71,35.7,35.69,26.77,12.35,12.35,12.34,9.26,143.0,143.0,143.0,107.0,2.652,96.3,34.94,4.5,3.5,2.0,-1.0,13.59,0.002,0.313,3.0,2.0,0.0,0.0,40.27,36.62,41.04,39.33,41.67,39.37,37.96,45.89,36.9,39.43,44.2,47.84,41.15,43.51,47.6,47.71,39.9,44.37,46.54
2017-05-04 11:15:00-05:00,731.3093,767.11475,816.51624,726.95013,747.3603,775.5459,748.32837,739.872,857147.0,26.27,0.0,777.9,757.7,746.8,17.02,343.4,0.0,0.0,0.0,0.0,0.0,0.0,0.0,0.0,341.5,342.6,146.8,-0.412,57.73,58.77,58.9,57.9,0.0,271.0,274.0,274.0,273.0,0.593,0.0,50.61,48.51,-0.11,48.48,0.999,6000.0,403358.0,357.0,335.0,59.95,7.0,45.0,50.0,59.92,17.24,41.18,781.9,59.99,60.89,61.0,60.0,59.5,75.6,1.0,273.0,273.0,272.0,49.54,-1.854,49.58,1915.0,415767.0,13173.0,1912.0,-0.999,0.818,0.791,0.836,39.29,39.3,39.28,29.46,13.49,13.49,13.49,10.11,143.0,143.0,143.0,107.0,1.823,77.73,58.83,4.3,3.5,2.0,-1.0,13.4,-0.007,0.317,1.0,2.0,0.0,0.001,40.47,36.77,41.17,39.66,41.71,39.49,38.37,46.33,36.77,39.58,44.69,48.36,41.3,44.16,48.11,48.28,40.36,44.95,47.08
2017-05-04 11:16:00-05:00,679.14355,711.1162,755.4064,671.6013,691.08936,714.60815,686.73083,681.0547,857148.0,26.31,0.0,721.6,700.1,690.3,17.24,344.8,0.0,0.0,0.0,0.0,0.0,0.0,0.0,0.0,342.9,343.8,135.4,-0.415,53.57,54.55,54.67,53.67,0.0,271.0,274.0,274.0,273.0,0.578,0.0,46.91,44.97,-0.188,44.94,0.999,6000.0,403359.0,358.0,335.0,59.96,7.0,45.0,50.0,57.98,17.5,41.17,726.4,55.62,56.55,56.66,60.0,59.5,75.6,1.0,273.0,273.0,272.0,45.96,-1.66,45.99,1915.0,415767.0,13173.0,1912.0,-0.999,0.818,0.791,0.836,36.42,36.44,36.42,27.29,12.56,12.56,12.56,9.41,143.0,143.0,143.0,107.0,3.877,81.3,24.42,7.2,3.5,2.0,-1.0,13.51,0.013,0.314,3.0,2.0,0.0,0.0,40.7,37.01,41.38,39.68,41.65,39.69,38.61,46.13,36.02,39.01,44.42,48.29,41.53,44.15,48.08,48.11,40.13,44.69,46.95
2017-05-04 11:17:00-05:00,686.9314,720.77673,765.7098,683.25366,702.03455,728.4884,703.41614,695.0813,857149.0,26.36,0.0,728.6,711.4,701.4,17.05,347.6,0.0,0.0,0.0,0.0,0.0,0.0,0.0,0.0,345.8,346.8,135.7,-0.437,53.9,54.9,55.13,54.13,0.0,271.0,274.0,274.0,273.0,0.583,0.0,47.37,45.42,-0.052,45.39,0.999,6000.0,403360.0,359.0,335.0,59.94,7.0,45.0,50.0,59.6,17.3,40.86,731.6,56.18,57.09,57.22,60.0,59.5,75.6,1.0,273.0,273.0,272.0,46.4,-1.771,46.44,1915.0,415768.0,13173.0,1912.0,-0.999,0.818,0.791,0.836,36.35,36.35,36.35,27.25,12.64,12.63,12.63,9.47,143.0,143.0,143.0,107.0,3.503,79.42,44.85,6.2,3.5,2.0,-1.0,13.59,0.002,0.315,3.0,2.0,0.0,0.0,40.5,36.4,41.09,39.24,41.05,39.34,38.4,45.46,35.19,38.22,43.74,47.88,40.96,43.77,47.63,47.26,38.89,43.73,46.08
2017-05-04 11:18:00-05:00,689.03284,721.59546,766.77563,685.1075,702.67834,729.2783,703.41614,694.1383,857150.0,26.41,0.0,731.9,713.4,703.7,16.99,346.6,0.0,0.0,0.0,0.0,0.0,0.0,0.0,0.0,344.6,345.6,137.4,-0.418,54.47,55.42,55.58,54.58,0.0,271.0,274.0,274.0,273.0,0.593,0.0,47.78,45.81,-0.118,45.78,0.999,6000.0,403361.0,360.0,335.0,59.95,7.0,45.0,50.0,58.98,17.37,40.95,738.9,56.71,57.64,57.75,60.0,59.5,75.6,1.0,273.0,273.0,272.0,46.86,-1.728,46.89,1915.0,415769.0,13173.0,1912.0,-0.999,0.818,0.791,0.836,36.96,36.96,36.96,27.72,12.81,12.81,12.81,9.61,144.0,144.0,144.0,108.0,2.758,93.3,35.92,5.0,3.5,2.0,-1.0,13.59,0.002,0.314,3.0,2.0,0.0,0.0,40.55,36.03,40.83,39.04,40.79,38.92,38.35,45.08,34.9,38.18,43.26,47.67,40.96,43.57,47.46,46.91,38.99,43.54,45.8
2017-05-04 11:19:00-05:00,735.8831,770.5532,819.9507,736.21906,754.05615,784.23517,761.1246,747.53357,857151.0,26.44,0.0,781.7,766.2,756.3,17.05,344.8,0.0,0.0,0.0,0.0,0.0,0.0,0.0,0.0,343.0,344.0,147.2,-0.437,58.08,59.08,59.23,58.23,0.0,271.2,274.0,274.1,273.0,0.562,0.0,50.98,48.86,-0.275,48.84,0.999,6000.0,403362.0,361.0,335.0,59.97,7.0,45.0,50.0,58.6,17.78,41.52,786.9,60.4,61.33,61.47,60.0,59.5,75.6,1.0,273.0,273.0,272.0,49.91,-1.743,49.94,1915.0,415770.0,13173.0,1912.0,-0.999,0.818,0.791,0.836,39.43,39.44,39.43,29.58,13.6,13.6,13.6,10.2,144.0,144.0,144.0,108.0,2.078,72.75,24.15,3.8,3.5,2.0,-1.0,13.59,0.002,0.317,3.0,2.0,0.0,0.0,40.8,36.57,41.05,39.37,41.1,39.29,38.53,45.37,35.45,38.66,43.61,47.8,41.34,44.05,47.62,47.12,39.19,43.85,46.01
2017-05-04 11:20:00-05:00,682.97565,715.5371,760.61725,678.4868,697.1414,721.379,694.8853,685.76953,857152.0,26.48,0.0,725.8,704.5,695.5,17.26,344.0,0.0,0.0,0.0,0.0,0.0,0.0,0.0,0.0,342.2,343.1,136.6,-0.408,53.73,54.75,54.87,53.87,0.0,271.4,274.0,274.4,273.0,0.582,0.0,47.2,45.22,-0.298,45.2,0.999,6000.0,403362.0,361.0,335.0,59.98,7.0,45.0,50.0,59.92,17.68,42.02,730.2,55.87,56.8,56.91,60.0,59.5,75.6,1.0,273.0,273.0,272.0,46.22,-1.553,46.25,1915.0,415771.0,13173.0,1912.0,-0.999,0.818,0.791,0.836,36.69,36.68,36.67,27.51,12.62,12.62,12.61,9.46,144.0,144.0,144.0,108.0,2.393,78.73,46.06,5.9,3.5,2.0,-1.0,13.59,0.002,0.314,3.0,2.0,0.0,0.0,41.39,36.72,41.35,39.89,41.24,39.55,38.58,45.46,35.2,38.78,43.6,47.83,41.42,43.94,47.58,47.17,39.02,43.8,46.04
2017-05-04 11:21:00-05:00,748.73914,784.6348,835.2282,748.66595,765.38763,796.08417,773.54443,756.6096,857153.0,26.52,0.0,798.0,778.4,767.8,17.61,342.4,0.0,0.0,0.0,0.0,0.0,0.0,0.0,0.0,340.5,341.6,150.7,-0.408,59.05,60.03,60.28,59.28,0.0,271.2,274.0,274.2,273.0,0.573,0.0,51.81,49.65,-0.262,49.63,0.999,6000.0,403363.0,362.0,335.0,59.97,7.0,45.0,50.0,58.38,18.26,42.19,804.0,61.4,62.34,62.45,60.0,59.5,75.6,1.0,273.0,273.0,272.0,50.73,-1.797,50.77,1915.0,415771.0,13173.0,1912.0,-0.999,0.818,0.791,0.836,40.39,40.39,40.41,30.3,13.83,13.83,13.84,10.37,144.0,144.0,144.0,108.0,1.905,66.93,63.35,5.0,3.502,2.0,-1.0,13.4,0.001,0.318,1.0,2.0,0.0,0.001,41.74,36.71,41.35,40.22,41.17,39.68,38.73,45.71,35.68,39.22,43.92,47.78,41.63,43.98,47.51,47.12,39.3,43.89,46.0
2017-05-04 11:22:00-05:00,745.64874,781.36,831.79376,745.35565,764.615,792.02167,766.64453,753.30927,857154.0,26.55,0.0,792.6,772.0,761.4,17.17,341.1,0.0,0.0,0.0,0.0,0.0,0.0,0.0,0.0,339.3,340.3,150.0,-0.403,58.6,59.6,59.6,58.6,0.0,271.1,274.0,274.1,273.0,0.568,0.0,51.37,49.25,-0.273,49.22,0.999,6000.0,403364.0,363.0,335.0,59.98,7.0,45.0,50.0,59.15,18.05,42.75,797.1,60.9,61.8,61.91,60.0,59.5,75.6,1.0,273.0,273.0,272.0,50.3,-1.751,50.33,1915.0,415772.0,13173.0,1912.0,-0.999,0.818,0.791,0.836,40.17,40.15,40.16,30.11,13.7,13.7,13.7,10.27,145.0,145.0,145.0,108.0,2.352,73.51,26.96,5.6,3.5,2.0,-1.0,13.59,0.003,0.317,3.0,2.0,0.0,0.0,42.07,37.45,41.93,40.88,41.67,40.28,39.13,46.12,35.7,39.41,44.27,48.2,42.17,44.63,47.97,47.68,40.07,44.52,46.52
2017-05-04 11:23:00-05:00,735.7595,771.20825,820.06915,734.89496,752.5109,781.18823,756.3574,742.22943,857155.0,26.59,0.0,782.2,762.2,751.7,17.35,342.8,0.0,0.0,0.0,0.0,0.0,0.0,0.0,0.0,341.0,342.0,147.2,-0.407,57.67,58.67,58.92,57.92,0.0,271.4,274.0,274.4,273.0,0.587,0.0,50.69,48.58,-0.295,48.54,0.999,6000.0,403365.0,364.0,335.0,59.98,7.0,45.0,50.0,59.78,18.07,43.12,787.7,60.1,60.95,61.09,60.0,59.5,75.6,1.0,273.0,273.0,272.0,49.65,-1.702,49.68,1915.0,415773.0,13173.0,1912.0,-0.999,0.818,0.791,0.836,39.46,39.47,39.48,29.58,13.53,13.53,13.53,10.14,145.0,145.0,145.0,108.0,2.638,88.4,48.61,5.2,3.502,2.0,-1.0,13.59,0.002,0.316,3.0,2.0,0.0,0.0,42.35,37.78,42.31,41.19,42.25,40.58,39.63,46.23,35.87,39.12,44.38,48.56,42.62,44.81,48.43,48.05,40.42,44.99,46.97
2017-05-04 11:24:00-05:00,785.57654,824.09576,877.03406,783.62317,801.5709,832.42114,807.2914,790.5563,857156.0,26.62,0.0,837.0,813.0,802.0,17.67,340.7,0.0,0.0,0.0,0.0,0.0,0.0,0.0,0.0,338.8,339.8,157.8,-0.403,61.63,62.6,62.68,61.68,0.0,271.2,274.0,274.3,273.0,0.597,0.0,53.99,51.75,-0.205,51.73,0.999,6000.0,403366.0,365.0,335.0,59.96,7.0,45.0,50.0,58.23,17.89,43.38,843.0,64.03,64.93,65.05,60.0,59.5,75.6,1.0,273.0,273.0,272.0,52.87,-1.92,52.91,1915.0,415774.0,13173.0,1912.0,-0.999,0.818,0.791,0.836,42.35,42.36,42.35,31.75,14.43,14.43,14.43,10.82,145.0,145.0,145.0,109.0,2.337,109.8,56.92,6.0,3.5,2.0,-1.0,13.59,0.002,0.319,3.0,2.0,0.0,0.0,42.74,38.0,42.38,41.15,42.12,40.57,39.87,46.47,35.93,39.48,44.62,48.83,42.77,45.12,48.64,48.26,40.6,45.19,47.17
2017-05-04 11:25:00-05:00,839.22565,881.0767,939.0914,836.85333,855.5241,889.7478,867.25806,845.9553,857157.0,26.66,0.0,897.0,868.0,856.0,17.98,340.0,0.0,0.0,0.0,0.0,0.0,0.0,0.0,0.0,338.0,338.9,168.3,-0.407,65.65,66.67,66.73,65.73,0.0,271.1,274.0,274.1,273.0,0.593,0.0,57.44,55.07,-0.123,55.04,0.999,6000.0,403367.0,366.0,335.0,59.95,7.0,45.0,50.0,59.67,17.83,43.4,903.0,68.26,69.08,69.19,60.0,59.5,75.6,1.0,273.0,273.0,272.0,56.26,-2.118,56.3,1915.0,415775.0,13173.0,1912.0,-0.999,0.818,0.791,0.836,45.18,45.19,45.22,33.88,15.36,15.36,15.38,11.52,145.0,145.0,145.0,109.0,2.267,30.05,89.9,5.5,3.5,2.0,-1.0,13.59,0.002,0.321,3.0,2.0,0.0,0.0,42.95,38.66,42.72,42.06,42.38,41.23,40.03,46.71,35.78,39.82,44.87,49.1,42.8,45.54,48.89,48.6,40.23,45.46,47.46
2017-05-04 11:26:00-05:00,848.4968,892.53845,950.93445,846.78436,868.5295,900.2426,877.67065,858.3317,857158.0,26.68,0.0,905.0,876.0,863.0,18.19,339.0,0.0,0.0,0.0,0.0,0.0,0.0,0.0,0.0,337.1,338.0,170.0,-0.4,66.02,66.98,67.23,66.23,0.0,271.1,274.0,274.2,273.0,0.587,0.0,57.83,55.45,-0.217,55.41,0.999,6000.0,403367.0,366.0,335.0,59.96,7.0,45.0,50.02,59.35,17.91,43.87,910.0,68.76,69.58,69.68,60.0,59.5,75.6,1.0,273.0,273.0,272.0,56.67,-2.08,56.71,1915.0,415776.0,13173.0,1912.0,-0.999,0.818,0.791,0.836,45.51,45.5,45.5,34.14,15.43,15.42,15.43,11.57,146.0,146.0,146.0,109.0,2.507,59.54,79.64,6.6,3.502,2.0,-1.0,13.4,0.007,0.321,3.0,2.0,0.0,0.001,43.34,39.25,43.38,42.56,42.72,41.97,40.27,46.96,36.53,39.8,45.26,49.55,42.82,45.96,49.38,48.72,40.03,45.54,47.6
2017-05-04 11:27:00-05:00,884.34534,925.9411,988.83203,894.45325,911.795,953.5068,936.5082,908.7802,857159.0,26.71,0.0,944.0,929.0,916.0,18.29,337.5,0.0,0.0,0.0,0.0,0.0,0.0,0.0,0.0,335.3,336.3,178.6,-0.4,69.1,70.1,70.25,69.25,0.0,271.0,274.0,274.0,273.0,0.613,0.0,60.42,57.94,-0.118,57.9,1.0,6000.0,403368.0,367.0,335.0,59.95,7.0,45.0,50.23,58.47,18.48,44.26,953.0,71.91,72.7,72.81,60.0,59.5,75.6,1.0,273.0,273.0,272.0,59.19,-2.253,59.23,1915.0,415777.0,13173.0,1912.0,-0.999,0.818,0.791,0.836,47.81,47.82,47.82,35.86,16.13,16.14,16.14,12.1,146.0,146.0,146.0,109.0,1.215,262.0,79.19,2.3,3.5,2.0,-1.0,13.4,-0.003,0.325,3.0,2.0,0.0,0.001,43.63,39.75,44.1,43.26,43.55,42.49,40.59,47.41,37.16,39.78,45.63,50.08,43.3,46.74,49.81,49.23,40.68,46.26,48.17
2017-05-04 11:28:00-05:00,916.23816,960.4899,1025.5454,930.07245,949.39484,990.7465,974.0187,945.31995,857160.0,26.75,0.0,976.0,964.0,950.0,18.81,335.2,0.0,0.0,0.0,0.0,0.0,0.0,0.0,0.0,333.2,334.1,185.7,-0.4,71.43,72.4,72.62,71.62,0.0,271.0,274.0,274.0,273.0,0.597,0.0,62.42,59.83,-0.22,59.78,1.0,6000.0,403369.0,368.0,335.0,59.96,7.0,45.0,50.85,59.88,18.88,45.34,987.0,74.32,75.18,75.31,60.0,59.5,75.6,1.0,273.0,273.0,272.0,61.19,-2.279,61.23,1915.0,415778.0,13173.0,1912.0,-0.999,0.818,0.791,0.836,49.73,49.74,49.72,37.28,16.67,16.67,16.66,12.49,146.0,146.0,146.0,109.0,1.29,138.3,56.01,2.6,3.5,2.0,-1.0,13.59,0.002,0.325,3.0,2.0,0.0,0.0,44.28,40.77,45.31,44.41,44.79,43.5,41.39,48.1,37.05,41.12,46.28,50.86,44.07,47.69,50.56,49.88,40.98,46.99,48.85
2017-05-04 11:29:00-05:00,899.1792,940.5138,1003.04364,910.8725,933.0415,968.177,950.8099,927.16797,857161.0,26.79,0.0,957.0,941.0,928.0,18.57,333.5,0.0,0.0,0.0,0.0,0.0,0.0,0.0,0.0,331.6,332.5,182.4,-0.4,69.88,70.77,71.02,70.02,0.0,271.0,274.0,274.0,273.0,0.587,0.0,61.01,58.47,-0.235,58.43,1.0,6000.0,403370.0,369.0,335.0,59.96,7.0,45.0,51.0,58.33,18.91,45.96,967.0,72.47,73.4,73.53,60.0,59.5,75.6,1.0,273.0,273.0,272.0,59.71,-2.201,59.75,1915.0,415779.0,13173.0,1912.0,-0.999,0.818,0.791,0.836,48.82,48.81,48.8,36.58,16.28,16.28,16.27,12.2,146.0,146.0,146.0,110.0,2.638,56.81,54.21,5.2,3.502,2.0,-1.0,13.59,0.002,0.325,3.0,2.0,0.0,0.0,45.11,41.53,45.82,44.71,45.66,44.04,42.06,48.21,36.44,40.96,46.27,51.83,45.08,48.51,51.64,50.35,41.31,47.39,49.29
2017-05-04 11:30:00-05:00,800.65765,843.0894,898.46985,800.30725,825.77905,850.4768,828.7439,814.71967,857162.0,26.82,0.0,853.0,826.0,814.0,18.25,335.9,0.0,0.0,0.0,0.0,0.0,0.0,0.0,0.0,333.9,334.9,160.8,-0.4,61.92,62.92,63.03,62.03,0.0,271.0,274.0,274.0,273.0,0.61,0.0,54.2,52.0,-0.202,51.96,0.999,6000.0,403371.0,370.0,335.0,59.96,7.0,45.0,51.0,58.88,18.64,46.73,854.0,64.45,65.34,65.46,60.0,59.5,75.6,1.0,273.0,272.9,272.0,53.14,-1.932,53.18,1915.0,415780.0,13173.0,1912.0,-0.999,0.818,0.791,0.836,42.91,42.93,42.93,32.18,14.41,14.42,14.42,10.81,147.0,147.0,147.0,110.0,1.682,57.85,65.7,4.3,3.502,2.0,-1.0,13.59,0.002,0.32,3.0,2.0,0.0,0.0,45.51,42.1,46.12,45.14,45.92,44.34,42.08,48.24,37.51,40.84,46.19,52.22,44.49,48.69,51.99,50.47,41.08,47.46,49.38
2017-05-04 11:31:00-05:00,687.5495,720.9405,767.1309,684.04816,705.2537,726.34424,704.29425,695.90643,857163.0,26.86,0.0,733.5,709.2,699.6,18.0,335.5,0.0,0.0,0.0,0.0,0.0,0.0,0.0,0.0,333.7,334.6,138.7,-0.4,53.32,54.27,54.48,53.48,0.0,271.0,273.9,274.0,272.9,0.613,0.0,46.69,44.81,-0.085,44.8,0.999,6000.0,403372.0,371.0,335.0,59.94,7.0,45.0,51.0,59.8,18.36,46.16,738.3,55.59,56.39,56.51,60.0,59.5,75.6,1.0,272.7,272.1,271.7,45.8,-1.715,45.83,1915.0,415780.0,13173.0,1912.0,-0.999,0.818,0.791,0.836,37.27,37.26,37.25,27.93,12.5,12.5,12.5,9.37,147.0,147.0,147.0,110.0,1.628,91.0,58.35,2.6,3.5,2.0,-1.0,13.59,0.002,0.315,3.0,2.0,0.0,0.0,45.28,42.1,45.88,44.66,45.99,44.29,41.63,47.39,36.94,39.63,45.29,51.63,44.67,48.26,51.47,49.79,40.34,46.85,48.74
2017-05-04 11:32:00-05:00,672.3447,706.04034,751.735,669.6151,692.8921,713.02826,687.4836,682.8228,857164.0,26.9,0.0,714.7,692.2,682.7,17.98,338.3,0.0,0.0,0.0,0.0,0.0,0.0,0.0,0.0,336.4,337.4,134.8,-0.4,52.28,53.25,53.43,52.43,0.0,270.9,273.5,273.9,272.5,0.603,0.0,45.76,43.92,-0.095,43.89,0.999,6000.0,403373.0,372.0,335.0,59.95,7.0,45.0,51.0,58.03,18.64,45.96,717.4,54.51,55.34,55.49,60.0,59.5,75.6,1.0,272.3,272.1,271.2,44.93,-1.672,44.96,1915.0,415781.0,13173.0,1912.0,-0.999,0.818,0.791,0.836,36.03,36.04,36.04,27.01,12.19,12.19,12.19,9.14,147.0,147.0,147.0,110.0,2.478,83.3,44.88,5.4,3.5,2.0,-1.0,13.49,0.002,0.314,3.0,2.0,0.0,0.0,44.95,41.46,45.74,44.44,45.87,44.05,41.58,47.27,37.19,39.34,45.29,51.36,44.51,47.84,51.21,49.41,40.38,46.51,48.44
2017-05-04 11:33:00-05:00,624.75275,654.62646,696.9019,619.6952,639.9691,661.344,638.1804,633.31726,857165.0,26.94,0.0,665.8,645.2,636.5,17.74,340.1,0.0,0.0,0.0,0.0,0.0,0.0,0.0,0.0,338.2,339.2,125.4,-0.4,48.82,49.75,50.07,49.07,0.0,270.7,273.2,273.8,272.2,0.6,0.0,42.8,41.08,-0.047,41.05,0.999,6000.0,403373.0,372.0,335.0,59.94,7.0,45.0,51.0,59.75,18.02,45.11,670.1,50.92,51.77,51.9,60.0,59.5,75.6,1.0,272.1,272.0,271.0,41.98,-1.591,42.01,1915.0,415782.0,13173.0,1912.0,-0.999,0.818,0.791,0.836,33.64,33.63,33.64,25.23,11.44,11.44,11.44,8.58,147.0,147.0,147.0,110.0,2.588,76.98,37.42,5.7,3.499,2.0,-1.0,13.59,0.003,0.312,3.0,2.0,0.0,0.0,44.18,40.12,44.78,42.62,45.0,42.69,41.02,46.73,36.05,39.14,44.61,50.58,43.59,46.87,50.4,48.8,39.56,45.89,47.86
2017-05-04 11:34:00-05:00,564.92285,592.5695,630.4626,557.3284,578.16125,596.23083,569.4321,569.78516,857166.0,26.99,0.0,601.1,580.4,572.7,17.6,342.0,0.0,0.0,0.0,0.0,0.0,0.0,0.0,0.0,340.3,341.3,112.7,-0.4,44.08,45.03,45.45,44.45,0.0,270.2,273.0,273.3,272.0,0.595,0.0,38.74,37.2,-0.005,37.17,0.999,6000.0,403374.0,373.0,335.0,59.93,7.0,45.0,51.0,58.4,17.88,44.47,603.6,46.06,46.96,47.09,60.0,59.5,75.6,1.0,272.0,272.0,271.0,38.03,-1.462,38.06,1915.0,415783.0,13173.0,1912.0,-0.999,0.818,0.791,0.836,30.26,30.26,30.26,22.69,10.35,10.35,10.35,7.759,147.0,147.0,147.0,110.0,3.803,99.0,47.12,7.6,3.5,2.0,-1.0,13.59,0.002,0.309,3.0,2.0,0.0,0.0,43.35,39.23,43.84,41.92,44.01,41.88,40.51,45.95,35.37,38.59,43.78,49.75,42.89,46.05,49.56,47.96,39.39,45.06,47.07
2017-05-04 11:35:00-05:00,539.7053,565.8802,602.2762,531.37537,551.249,570.163,542.45966,542.5571,857167.0,27.03,0.0,575.9,556.7,549.6,17.51,344.1,0.0,0.0,0.0,0.0,0.0,0.0,0.0,0.0,342.4,343.4,107.6,-0.4,42.5,43.48,43.63,42.63,0.0,270.8,273.2,273.9,272.2,0.598,0.0,37.25,35.77,-0.008,35.74,0.999,6000.0,403375.0,374.0,335.0,59.93,7.0,45.0,51.0,58.95,17.53,43.33,578.6,44.24,45.09,45.22,60.0,59.5,75.6,1.0,272.1,272.0,271.1,36.55,-1.388,36.57,1915.0,415783.0,13173.0,1912.0,-0.999,0.818,0.791,0.836,28.95,28.94,28.95,21.71,9.96,9.96,9.96,7.47,148.0,148.0,148.0,110.0,2.678,108.4,36.27,5.9,3.5,2.0,-1.0,13.59,0.002,0.308,3.0,2.0,0.0,0.0,42.24,37.65,42.37,40.87,42.84,40.49,39.6,45.32,35.62,38.17,43.28,48.55,41.85,44.73,48.35,47.1,39.34,43.99,46.16
2017-05-04 11:36:00-05:00,530.43414,555.89215,590.907,523.1658,541.97784,562.2637,531.67065,532.1845,857168.0,27.07,0.0,566.2,550.3,543.6,17.52,344.3,0.0,0.0,0.0,0.0,0.0,0.0,0.0,0.0,342.5,343.5,106.0,-0.4,41.75,42.73,43.02,42.02,0.0,270.7,273.2,273.8,272.2,0.598,0.0,36.72,35.24,-0.008,35.22,0.999,6000.0,403375.0,374.0,335.0,59.93,7.0,45.0,51.0,59.23,17.87,42.66,569.1,43.6,44.47,44.59,60.0,59.5,75.6,1.0,272.0,272.0,271.0,36.03,-1.371,36.05,1915.0,415784.0,13174.0,1912.0,-0.999,0.818,0.791,0.836,28.54,28.54,28.53,21.39,9.83,9.83,9.82,7.365,148.0,148.0,148.0,111.0,2.878,88.0,31.71,6.3,3.5,2.0,-1.0,13.59,0.002,0.308,3.0,2.0,0.0,0.0,41.46,36.81,41.7,40.17,42.11,39.68,39.06,44.66,34.16,37.87,42.61,47.81,41.46,43.98,47.54,46.34,38.74,43.22,45.42
2017-05-04 11:37:00-05:00,502.99152,527.4016,559.52295,495.75616,513.778,533.149,497.7983,501.06674,857169.0,27.11,0.0,535.8,521.6,515.3,17.36,343.7,0.0,0.0,0.0,0.0,0.0,0.0,0.0,0.0,342.0,343.0,100.5,-0.4,39.42,40.37,40.53,39.53,0.0,270.6,273.1,273.6,272.1,0.588,0.0,34.72,33.35,-0.003,33.33,0.999,6000.0,403376.0,375.0,335.0,59.92,7.0,45.0,51.0,58.18,17.7,41.9,538.7,41.2,42.12,42.23,60.0,59.5,75.6,1.0,272.0,272.0,271.0,34.09,-1.317,34.11,1915.0,415784.0,13174.0,1912.0,-0.999,0.818,0.791,0.836,27.06,27.05,27.05,20.29,9.3,9.3,9.3,6.972,148.0,148.0,148.0,111.0,3.572,90.0,27.07,6.3,3.5,2.0,-1.0,13.59,0.023,0.306,3.0,2.0,0.0,0.001,40.68,36.28,40.83,39.22,40.89,38.86,38.48,43.72,33.32,36.55,41.67,46.93,40.86,43.09,46.68,45.61,37.97,42.49,44.67
2017-05-04 11:38:00-05:00,491.24802,514.9575,545.9035,483.97134,501.1589,520.1715,480.86212,485.50784,857170.0,27.14,0.0,523.0,509.6,503.5,17.26,343.7,0.0,0.0,0.0,0.0,0.0,0.0,0.0,0.0,342.0,343.0,98.1,-0.4,38.45,39.57,40.0,39.0,0.0,270.8,273.1,273.8,272.1,0.58,0.0,33.88,32.58,-0.118,32.56,0.999,6000.0,403376.0,375.0,335.0,59.95,7.0,45.0,51.0,59.68,17.44,41.19,526.7,40.22,41.12,41.25,60.0,59.5,75.6,1.0,272.1,272.0,271.0,33.3,-1.173,33.32,1915.0,415785.0,13174.0,1912.0,-0.999,0.818,0.791,0.836,26.46,26.45,26.45,19.84,9.09,9.09,9.09,6.817,148.0,148.0,148.0,111.0,2.262,93.9,41.69,4.1,3.5,2.0,-1.0,13.41,-0.018,0.306,3.0,2.0,0.0,0.001,40.03,35.34,39.96,38.27,40.14,38.06,37.79,42.91,33.11,35.85,41.0,46.11,40.18,42.34,45.84,44.79,37.43,41.77,43.91
2017-05-04 11:39:00-05:00,497.18155,521.3433,552.2987,490.45963,506.9534,526.2653,484.2494,490.1048,857171.0,27.18,0.0,529.5,515.8,509.9,17.3,345.1,0.0,0.0,0.0,0.0,0.0,0.0,0.0,0.0,343.3,344.3,99.3,-0.402,39.17,40.03,40.33,39.33,0.0,270.9,273.5,274.0,272.5,0.593,0.0,34.47,33.11,-0.255,33.09,0.999,6000.0,403377.0,376.0,335.0,59.97,7.0,45.0,51.0,57.87,17.53,40.6,533.6,40.88,41.79,41.92,60.0,59.5,75.6,1.0,272.4,272.0,271.2,33.86,-1.084,33.88,1915.0,415785.0,13174.0,1912.0,-0.999,0.818,0.791,0.836,26.8,26.8,26.8,20.09,9.25,9.25,9.25,6.934,148.0,148.0,148.0,111.0,2.837,86.4,29.25,5.1,3.5,2.0,-1.0,13.59,0.003,0.306,3.0,2.0,0.0,0.0,39.32,34.89,39.25,37.71,39.34,37.35,37.16,42.36,33.23,35.47,40.56,45.48,39.79,41.69,45.27,44.13,37.28,41.11,43.21
2017-05-04 11:40:00-05:00,502.99152,527.7291,559.04926,496.28583,513.1342,531.7948,489.26752,496.35193,857172.0,27.21,0.0,535.7,520.8,514.7,17.41,345.9,0.0,0.0,0.0,0.0,0.0,0.0,0.0,0.0,344.1,345.0,100.7,-0.403,39.73,40.73,40.95,39.95,0.0,271.0,273.3,274.0,272.3,0.575,0.0,34.97,33.58,-0.285,33.56,0.999,6000.0,403377.0,376.0,335.0,59.97,7.0,45.03,51.0,59.85,18.32,40.03,539.9,41.49,42.37,42.48,60.0,59.5,75.6,1.0,272.6,272.0,271.1,34.33,-1.083,34.35,1915.0,415786.0,13174.0,1912.0,-1.0,0.818,0.791,0.836,27.09,27.09,27.09,20.31,9.37,9.37,9.37,7.025,148.0,148.0,148.0,111.0,2.222,91.9,29.18,4.8,3.5,2.0,-1.0,13.59,0.002,0.306,3.0,2.0,0.0,0.0,38.8,34.56,38.99,37.34,38.9,36.93,36.9,42.1,32.79,35.33,40.34,44.98,39.4,41.22,44.83,43.81,37.11,40.83,42.84
2017-05-04 11:41:00-05:00,501.13724,525.928,557.39124,494.03476,511.20273,528.8608,488.2639,495.52682,857173.0,27.24,0.0,533.9,517.7,511.6,17.35,351.1,0.0,0.0,0.0,0.0,0.0,0.0,0.0,0.0,349.3,350.4,99.5,-0.465,40.0,41.0,41.0,40.0,0.0,271.0,273.6,274.0,272.6,0.572,0.0,35.11,33.7,-0.3,33.67,0.999,6000.0,403378.0,377.0,335.0,59.99,7.0,45.0,51.0,57.78,18.07,39.72,538.1,41.61,42.5,42.61,60.0,59.5,75.6,1.0,272.9,272.0,271.5,34.45,-1.02,34.47,1915.0,415787.0,13174.0,1912.0,-1.0,0.818,0.791,0.836,26.77,26.77,26.77,20.07,9.4,9.4,9.4,7.049,148.0,148.0,148.0,111.0,3.073,84.6,35.88,5.1,3.502,2.0,-1.0,13.59,0.002,0.306,3.0,2.0,0.0,0.0,38.5,34.28,38.67,37.1,38.72,36.65,36.6,41.51,31.8,34.73,39.65,44.58,39.0,40.88,44.53,43.38,36.71,40.37,42.39
2017-05-04 11:42:00-05:00,500.39554,525.273,557.03595,492.84308,510.3013,527.39374,488.5148,496.23407,857174.0,27.26,0.0,533.9,516.5,510.0,17.27,351.7,0.0,0.0,0.0,0.0,0.0,0.0,0.0,0.0,350.1,351.1,99.3,-0.46,40.0,41.0,41.0,40.0,0.0,271.0,273.8,274.0,272.8,0.562,0.0,35.12,33.66,-0.272,33.63,0.999,6000.0,403379.0,378.0,335.0,59.97,7.0,45.48,51.0,60.0,17.95,39.42,538.1,41.55,42.47,42.57,60.0,59.5,75.6,1.0,273.0,272.0,271.7,34.42,-1.09,34.44,1915.0,415787.0,13174.0,1912.0,-1.0,0.818,0.791,0.836,26.72,26.71,26.72,20.03,9.4,9.39,9.4,7.045,149.0,149.0,149.0,111.0,2.13,84.9,36.57,5.8,3.497,2.0,-1.0,13.59,0.002,0.306,3.0,2.0,0.0,0.0,38.33,34.15,38.16,36.82,38.38,36.41,36.13,40.86,31.56,34.11,39.12,44.22,38.83,40.65,44.08,42.88,36.25,39.95,41.94
2017-05-04 11:43:00-05:00,509.54312,534.76984,568.0499,501.58237,519.7013,537.0987,500.18195,507.43173,857175.0,27.28,0.0,544.9,526.2,519.4,17.45,353.7,0.0,0.0,0.0,0.0,0.0,0.0,0.0,0.0,352.2,353.3,100.7,-0.487,40.62,41.62,41.62,40.62,0.0,271.0,273.7,274.0,272.7,0.557,0.0,35.83,34.34,-0.282,34.31,0.999,6000.0,403379.0,378.0,335.0,59.98,7.0,45.15,51.0,57.8,18.23,38.66,548.8,42.39,43.34,43.44,60.0,59.5,75.6,1.0,272.9,272.1,271.5,35.12,-1.092,35.14,1915.0,415788.0,13174.0,1912.0,-1.0,0.818,0.791,0.836,27.1,27.1,27.09,20.32,9.58,9.58,9.58,7.184,149.0,149.0,149.0,111.0,1.967,114.7,61.92,4.4,3.502,2.0,-1.0,13.41,-0.004,0.306,3.0,2.0,0.0,0.001,37.99,33.81,37.85,36.59,37.99,36.12,35.65,40.41,31.12,34.04,38.7,43.79,38.29,40.43,43.65,42.43,35.49,39.51,41.52
2017-05-04 11:44:00-05:00,524.25336,550.325,585.1038,516.1478,534.89575,553.4616,518.4981,524.405,857176.0,27.31,0.0,560.9,541.8,534.8,17.66,353.8,0.0,0.0,0.0,0.0,0.0,0.0,0.0,0.0,352.2,353.2,103.7,-0.49,41.93,42.98,43.03,42.03,0.0,271.0,273.6,274.0,272.6,0.572,0.0,36.94,35.4,-0.263,35.37,0.999,6000.0,403380.0,379.0,335.0,59.97,7.0,45.57,51.0,59.78,18.15,38.83,564.9,43.72,44.62,44.74,60.0,59.5,75.6,1.0,272.7,272.1,271.5,36.18,-1.168,36.2,1915.0,415788.0,13174.0,1912.0,-0.999,0.818,0.791,0.836,27.89,27.89,27.89,20.91,9.87,9.87,9.87,7.398,149.0,149.0,149.0,112.0,3.095,110.3,23.01,6.0,3.5,2.0,-1.0,13.52,0.014,0.307,3.0,2.0,0.0,0.0,37.7,33.68,37.78,36.62,37.8,36.04,35.62,40.5,32.13,34.0,38.86,43.5,38.31,40.27,43.42,42.31,35.9,39.54,41.41
2017-05-04 11:45:00-05:00,532.412,558.67566,594.22296,524.2251,543.008,562.60223,529.66345,532.8917,857177.0,27.31,0.0,569.3,550.5,543.3,17.58,353.0,0.0,0.0,0.0,0.0,0.0,0.0,0.0,0.0,351.3,352.4,105.8,-0.493,42.7,43.88,44.0,43.0,0.0,271.0,273.8,274.0,272.8,0.58,0.0,37.54,36.01,-0.148,35.99,0.999,6000.0,403380.0,379.0,335.0,59.95,7.0,45.0,51.0,58.25,17.87,38.93,573.5,44.47,45.39,45.5,60.0,59.5,75.6,1.0,272.9,272.1,271.8,36.8,-1.297,36.82,1915.0,415789.0,13174.0,1912.0,-0.999,0.818,0.791,0.836,28.45,28.45,28.45,21.33,10.04,10.04,10.04,7.529,149.0,149.0,149.0,112.0,2.17,96.4,17.83,3.4,3.499,2.0,-1.0,13.59,0.002,0.307,3.0,2.0,0.0,0.0,37.75,33.4,37.52,36.4,37.7,35.81,35.58,40.9,33.09,35.08,39.33,43.48,38.24,40.18,43.41,42.54,36.52,39.72,41.53
2017-05-04 11:46:00-05:00,540.94147,567.6813,604.17114,532.3023,550.47644,571.63007,539.32336,539.37463,857178.0,27.34,0.0,579.4,559.8,552.8,17.72,351.7,0.0,0.0,0.0,0.0,0.0,0.0,0.0,0.0,349.9,350.9,107.8,-0.477,43.32,44.3,44.37,43.37,0.0,271.0,273.8,274.0,272.8,0.582,0.0,38.16,36.61,-0.137,36.57,1.0,6000.0,403381.0,380.0,335.0,59.95,7.0,45.13,51.0,59.22,18.08,39.26,583.7,45.22,46.12,46.22,60.0,59.5,75.6,1.0,273.0,272.2,271.9,37.4,-1.317,37.43,1915.0,415790.0,13174.0,1912.0,-0.999,0.818,0.791,0.836,29.05,29.04,29.04,21.77,10.22,10.21,10.21,7.658,149.0,149.0,149.0,112.0,2.523,121.3,36.97,4.2,3.499,2.0,-1.0,13.59,0.002,0.308,3.0,2.0,0.0,0.0,38.03,33.29,37.54,36.68,38.03,35.86,35.76,41.35,33.26,35.66,39.86,43.63,38.74,40.24,43.57,42.82,36.62,40.0,41.8
2017-05-04 11:47:00-05:00,570.1147,598.7916,636.3841,561.1684,579.0626,602.09894,569.55756,566.8384,857179.0,27.34,0.0,611.7,591.3,583.9,17.84,352.3,0.0,0.0,0.0,0.0,0.0,0.0,0.0,0.0,350.6,351.6,113.9,-0.487,45.82,46.85,46.98,45.98,0.0,271.0,273.7,274.0,272.7,0.565,0.0,40.32,38.66,-0.19,38.62,1.0,6000.0,403382.0,381.0,335.0,59.96,7.0,45.27,51.0,59.08,17.79,38.64,615.6,47.8,48.73,48.82,60.0,59.5,75.6,1.0,273.0,272.1,271.6,39.52,-1.393,39.54,1915.0,415790.0,13174.0,1912.0,-0.999,0.818,0.791,0.836,30.62,30.6,30.61,22.95,10.79,10.78,10.79,8.09,149.0,149.0,149.0,112.0,1.742,52.46,79.62,5.1,3.5,2.0,-1.0,13.59,0.002,0.309,3.0,2.0,0.0,0.0,37.68,33.7,37.69,36.9,38.06,36.14,35.76,41.27,32.34,35.1,39.71,43.79,38.31,40.25,43.77,42.77,36.0,39.86,41.74
2017-05-04 11:48:00-05:00,568.2605,596.3355,632.00214,561.036,579.964,601.0833,564.5394,564.1274,857180.0,27.37,0.0,607.4,590.2,582.7,17.64,350.7,0.0,0.0,0.0,0.0,0.0,0.0,0.0,0.0,349.0,350.1,113.9,-0.478,45.53,46.55,46.75,45.75,0.0,271.0,273.9,274.0,272.9,0.578,0.0,40.12,38.49,-0.22,38.46,0.999,6000.0,403382.0,381.0,335.0,59.96,7.0,45.23,51.0,58.4,17.96,38.69,611.6,47.59,48.49,48.59,60.0,59.5,75.6,1.0,273.0,272.5,272.0,39.35,-1.345,39.38,1915.0,415791.0,13174.0,1912.0,-0.999,0.818,0.791,0.836,30.59,30.59,30.58,22.93,10.73,10.73,10.73,8.04,150.0,150.0,150.0,112.0,4.195,98.0,22.59,7.6,3.5,2.0,-1.0,13.59,0.002,0.309,3.0,2.0,0.0,0.0,37.6,33.39,37.55,36.61,37.98,36.08,35.68,41.46,33.06,35.25,39.99,43.69,38.35,40.15,43.65,42.66,36.13,39.7,41.65
2017-05-04 11:49:00-05:00,545.88605,573.2484,606.895,536.5395,556.3997,574.11273,532.1725,536.19214,857181.0,27.37,0.0,582.2,562.9,555.8,17.27,351.6,0.0,0.0,0.0,0.0,0.0,0.0,0.0,0.0,349.8,350.8,108.7,-0.488,43.77,44.72,44.88,43.88,0.0,271.0,274.0,274.0,273.0,0.585,0.0,38.43,36.87,-0.277,36.85,0.999,6000.0,403383.0,382.0,335.0,59.97,7.0,45.53,51.0,59.77,17.84,38.36,586.1,45.53,46.42,46.52,60.0,59.5,75.6,1.0,273.0,272.6,272.0,37.67,-1.232,37.69,1915.0,415792.0,13174.0,1912.0,-0.999,0.818,0.791,0.836,29.23,29.22,29.21,21.91,10.28,10.27,10.27,7.702,150.0,150.0,150.0,112.0,2.358,116.4,51.9,5.4,3.502,2.0,-1.0,13.4,0.002,0.308,1.0,2.0,0.0,0.001,37.52,33.08,37.41,36.08,37.98,35.62,35.6,40.95,32.2,35.16,39.41,43.42,37.87,39.74,43.34,42.18,35.59,39.3,41.24
2017-05-04 11:50:00-05:00,524.99506,551.14374,583.0905,514.8237,534.3807,550.75323,505.07462,512.9717,857182.0,27.37,0.0,559.0,539.6,532.7,17.49,351.6,0.0,0.0,0.0,0.0,0.0,0.0,0.0,0.0,350.0,351.0,104.3,-0.487,42.0,43.0,43.07,42.07,0.0,271.0,273.9,274.0,272.9,0.587,0.0,36.9,35.38,-0.185,35.35,0.999,6000.0,403383.0,382.0,335.0,59.96,7.0,45.43,51.0,57.82,17.92,38.42,563.6,43.69,44.59,44.7,60.0,59.5,75.6,1.0,273.0,272.2,272.0,36.16,-1.237,36.19,1915.0,415792.0,13174.0,1912.0,-0.999,0.818,0.791,0.836,28.06,28.06,28.06,21.04,9.87,9.87,9.87,7.397,150.0,150.0,150.0,112.0,2.17,96.2,48.51,4.2,3.502,2.0,-1.0,13.59,0.003,0.307,3.0,2.0,0.0,0.0,37.5,33.11,37.31,36.32,37.96,35.68,35.48,40.98,32.68,35.26,39.46,43.2,37.7,39.44,43.06,42.12,35.67,39.22,41.1
2017-05-04 11:51:00-05:00,529.3216,555.5647,587.7093,519.19336,538.2436,554.7029,508.3364,516.27203,857183.0,27.39,0.0,564.5,544.4,537.5,17.6,353.9,0.0,0.0,0.0,0.0,0.0,0.0,0.0,0.0,352.0,353.1,105.0,-0.493,42.32,43.27,43.43,42.43,0.0,271.0,273.9,274.0,272.9,0.607,0.0,37.31,35.77,-0.155,35.74,0.999,6000.0,403384.0,383.0,335.0,59.95,7.0,45.05,51.0,59.88,17.58,38.07,569.5,44.18,45.05,45.16,60.0,59.5,75.6,1.0,273.0,272.4,272.0,36.55,-1.279,36.58,1915.0,415793.0,13174.0,1912.0,-0.999,0.818,0.791,0.836,28.22,28.22,28.21,21.15,9.99,9.99,9.98,7.484,150.0,150.0,150.0,112.0,3.97,102.9,30.56,20.2,,2.0,-1.0,13.59,0.002,0.307,3.0,2.0,0.0,0.0,37.37,32.88,36.94,35.87,37.43,35.34,35.4,40.68,32.36,34.72,39.12,42.96,37.71,39.09,42.9,41.94,35.59,39.05,40.99
2017-05-04 11:52:00-05:00,539.9525,566.20764,599.4339,529.9188,548.545,564.8592,517.87085,524.75867,857184.0,27.4,0.0,576.5,554.9,547.8,17.46,352.7,0.0,0.0,0.0,0.0,0.0,0.0,0.0,0.0,350.9,351.9,107.4,-0.493,43.33,44.28,44.42,43.42,0.0,271.0,273.9,274.0,272.9,0.61,0.0,38.11,36.55,-0.295,36.53,0.999,6000.0,403385.0,384.0,335.0,59.98,7.0,45.32,51.0,57.95,17.26,37.48,581.0,45.16,46.04,46.16,60.0,59.5,75.6,1.0,272.8,272.6,271.9,37.37,-1.197,37.39,1915.0,415793.0,13174.0,1912.0,-1.0,0.818,0.791,0.836,28.9,28.9,28.91,21.67,10.2,10.2,10.2,7.644,150.0,150.0,150.0,113.0,3.355,96.0,32.06,6.4,3.502,2.0,-1.0,13.59,0.002,0.308,3.0,2.0,0.0,0.0,37.09,32.39,36.63,35.55,37.02,34.98,35.29,40.63,32.11,35.1,39.14,42.72,37.39,38.93,42.68,41.72,35.44,38.86,40.73
2017-05-04 11:53:00-05:00,526.7257,552.2899,584.9854,516.41266,535.0245,549.85046,502.4401,509.43555,857185.0,27.4,0.0,562.2,539.9,533.1,17.25,353.0,0.0,0.0,0.0,0.0,0.0,0.0,0.0,0.0,351.3,352.3,105.0,-0.498,42.22,43.18,43.28,42.28,0.0,271.0,273.9,274.0,272.9,0.605,0.0,37.25,35.7,-0.283,35.67,0.999,6000.0,403385.0,384.0,335.0,59.98,7.0,45.4,51.0,59.55,17.56,37.17,566.7,44.1,44.96,45.06,60.0,59.5,75.6,1.0,273.0,272.1,272.0,36.48,-1.164,36.5,1915.0,415794.0,13174.0,1912.0,-0.999,0.818,0.791,0.836,28.19,28.19,28.2,21.13,9.95,9.95,9.95,7.461,151.0,150.0,150.0,113.0,3.175,101.9,41.74,5.3,3.499,2.0,-1.0,13.59,0.002,0.307,3.0,2.0,0.0,0.0,36.88,32.4,36.63,35.42,36.84,34.98,35.08,40.44,32.33,34.48,39.03,42.55,37.17,38.68,42.45,41.51,35.41,38.56,40.53
2017-05-04 11:54:00-05:00,524.0061,549.17883,582.02466,512.8375,530.90393,545.4494,498.1747,504.24924,857186.0,27.4,0.0,559.8,536.3,529.4,17.38,353.1,0.0,0.0,0.0,0.0,0.0,0.0,0.0,0.0,351.4,352.4,104.5,-0.493,42.05,43.03,43.1,42.1,0.0,271.0,273.6,274.0,272.6,0.61,0.0,37.08,35.53,-0.122,35.5,0.999,6000.0,403386.0,385.0,335.0,59.95,7.0,45.32,51.0,58.53,18.02,37.2,565.0,43.92,44.79,44.89,60.0,59.5,75.6,1.0,272.7,272.0,271.9,36.32,-1.288,36.34,1915.0,415795.0,13174.0,1912.0,-0.999,0.818,0.791,0.836,28.08,28.08,28.08,21.05,9.92,9.92,9.91,7.434,151.0,151.0,151.0,113.0,1.75,63.64,75.83,5.2,3.502,2.0,-1.0,13.4,0.009,0.306,1.0,2.0,0.0,0.001,36.66,32.68,36.71,35.52,36.9,35.17,35.09,40.36,32.06,34.27,38.89,42.39,37.31,38.65,42.25,41.4,35.29,38.48,40.38
2017-05-04 11:55:00-05:00,540.8178,566.69885,600.85504,528.99194,546.87103,562.60223,514.9854,520.0439,857187.0,27.4,0.0,578.6,553.6,546.6,17.35,353.0,0.0,0.0,0.0,0.0,0.0,0.0,0.0,0.0,351.3,352.4,107.8,-0.498,43.6,44.5,44.62,43.62,0.0,271.0,273.7,274.0,272.7,0.622,0.0,38.31,36.72,-0.108,36.69,0.999,6000.0,403386.0,385.0,335.0,59.94,7.0,45.35,51.0,58.88,17.98,36.93,584.0,45.39,46.25,46.35,60.0,59.5,75.6,1.0,272.9,272.2,272.0,37.52,-1.358,37.55,1915.0,415795.0,13174.0,1912.0,-0.999,0.818,0.791,0.836,29.04,29.04,29.05,21.77,10.25,10.25,10.25,7.685,151.0,151.0,151.0,113.0,2.123,102.2,73.54,5.0,3.5,2.0,-1.0,13.4,-0.004,0.309,1.0,2.0,0.0,0.001,36.57,32.85,36.74,35.73,37.06,35.26,34.96,40.1,31.76,33.91,38.68,42.23,37.0,38.54,42.16,41.25,34.85,38.24,40.18
2017-05-04 11:56:00-05:00,577.9025,605.8324,642.424,564.7436,582.7968,600.5191,554.12683,557.2909,857188.0,27.41,0.0,619.9,592.0,584.5,17.54,353.7,0.0,0.0,0.0,0.0,0.0,0.0,0.0,0.0,351.9,352.9,115.3,-0.498,46.67,47.58,47.75,46.75,0.0,271.0,274.0,274.0,273.0,0.615,0.0,40.99,39.27,-0.203,39.24,0.999,6000.0,403387.0,386.0,335.0,59.96,7.0,45.48,51.0,59.53,18.1,36.92,625.5,48.58,49.44,49.56,60.0,59.5,75.6,1.0,273.0,272.8,272.0,40.15,-1.398,40.17,1915.0,415796.0,13174.0,1912.0,-0.999,0.818,0.791,0.836,31.01,31.01,31.04,23.26,10.97,10.97,10.98,8.23,151.0,151.0,151.0,113.0,2.048,88.3,57.31,4.4,3.5,2.0,-1.0,13.59,0.003,0.309,3.0,2.0,0.0,0.0,36.25,32.95,36.98,35.84,37.15,35.4,35.08,40.02,32.2,34.07,38.64,42.28,37.32,38.61,42.25,41.33,35.37,38.5,40.29
2017-05-04 11:57:00-05:00,613.6274,643.49225,681.26904,599.4359,618.2076,636.40466,590.0064,592.2984,857189.0,27.42,0.0,658.1,628.3,620.2,17.55,350.8,0.0,0.0,0.0,0.0,0.0,0.0,0.0,0.0,349.0,350.1,123.2,-0.492,49.38,50.32,50.57,49.57,0.0,271.0,274.0,274.0,273.0,0.618,0.0,43.42,41.59,-0.272,41.56,0.999,6000.0,403388.0,387.0,335.0,59.97,7.0,45.57,51.0,58.15,17.96,37.38,663.0,51.46,52.32,52.44,60.0,59.5,75.6,1.0,273.0,273.0,272.0,42.53,-1.439,42.55,1915.0,415797.0,13174.0,1912.0,-0.999,0.818,0.791,0.836,33.1,33.1,33.1,24.82,11.61,11.61,11.61,8.71,151.0,151.0,151.0,113.0,2.03,83.9,39.78,5.1,3.502,2.0,-1.0,13.59,0.002,0.311,3.0,2.0,0.0,0.0,36.53,33.11,37.23,36.05,37.46,35.67,35.54,40.22,31.6,34.06,38.85,42.78,37.6,39.19,42.8,41.82,35.85,39.01,40.73
2017-05-04 11:58:00-05:00,615.7288,646.4395,682.9271,603.938,623.3582,641.1443,595.15,598.074,857190.0,27.43,0.0,659.7,633.2,624.9,17.65,350.3,0.0,0.0,0.0,0.0,0.0,0.0,0.0,0.0,348.4,349.5,123.7,-0.483,49.38,50.35,50.63,49.63,0.0,271.0,274.0,274.0,273.0,0.62,0.0,43.49,41.66,-0.3,41.64,0.999,6000.0,403388.0,387.0,335.0,59.98,7.0,45.08,51.0,59.87,18.28,37.64,663.0,51.57,52.41,52.53,60.0,59.5,75.6,1.0,273.0,273.0,272.0,42.63,-1.382,42.65,1915.0,415797.0,13174.0,1912.0,-1.0,0.818,0.791,0.836,33.2,33.19,33.18,24.88,11.63,11.63,11.62,8.72,151.0,151.0,151.0,113.0,3.638,86.8,27.93,6.5,3.5,2.0,-1.0,13.59,0.002,0.311,3.0,2.0,0.0,0.0,36.92,33.47,37.6,36.48,37.93,35.99,35.76,40.48,32.36,34.4,39.0,42.98,37.91,39.47,43.01,41.99,36.02,39.13,40.9
2017-05-04 11:59:00-05:00,612.6384,643.49225,678.78204,603.27594,623.87335,639.11304,591.0101,596.30597,857191.0,27.43,0.0,654.6,630.3,622.0,17.67,348.5,0.0,0.0,0.0,0.0,0.0,0.0,0.0,0.0,346.6,347.6,123.2,-0.435,48.95,49.85,50.33,49.33,0.0,271.0,274.0,274.0,273.0,0.612,0.0,43.12,41.35,-0.3,41.32,0.999,6000.0,403389.0,388.0,335.0,59.98,7.0,45.25,51.0,58.25,17.99,38.06,657.7,51.09,51.97,52.1,60.0,59.5,75.6,1.0,273.0,273.0,272.0,42.25,-1.39,42.27,1915.0,415798.0,13174.0,1912.0,-0.999,0.818,0.791,0.836,33.04,33.04,33.04,24.77,11.51,11.51,11.51,8.63,152.0,152.0,152.0,114.0,2.92,104.4,24.0,5.1,3.502,2.0,-1.0,13.59,0.002,0.311,3.0,2.0,0.0,0.0,37.21,33.27,37.64,36.56,38.41,35.96,35.99,40.9,32.58,35.02,39.47,43.17,38.2,39.82,43.17,42.27,36.23,39.53,41.2
2017-05-04 12:00:00-05:00,604.3562,634.8141,668.9524,593.4773,613.31445,627.264,577.0847,584.5189,857192.0,27.43,0.0,647.0,619.4,611.2,17.68,350.0,0.0,0.0,0.0,0.0,0.0,0.0,0.0,0.0,348.1,349.1,121.0,-0.448,48.35,49.28,49.4,48.4,0.0,271.0,274.0,274.1,273.0,0.625,0.0,42.53,40.77,-0.3,40.74,0.999,6000.0,403390.0,389.0,335.0,59.98,7.0,45.35,51.0,59.08,17.69,38.02,649.9,50.44,51.25,51.39,60.0,59.5,75.6,1.0,273.0,273.0,272.0,41.7,-1.359,41.73,1915.0,415799.0,13174.0,1912.0,-0.999,0.818,0.791,0.836,32.52,32.51,32.51,24.37,11.38,11.38,11.38,8.53,152.0,152.0,152.0,114.0,2.19,79.33,33.92,5.6,3.5,2.0,-1.0,13.4,-0.01,0.31,1.0,2.0,0.0,0.001,37.31,32.96,37.62,36.73,38.6,35.93,35.98,40.76,32.29,35.09,39.2,43.38,37.93,39.95,43.37,42.23,36.15,39.56,41.21
2017-05-04 12:01:00-05:00,613.87463,644.4747,679.2558,603.4083,623.3582,638.0974,587.121,595.36304,857193.0,27.43,0.0,656.5,630.1,621.8,17.8,351.8,0.0,0.0,0.0,0.0,0.0,0.0,0.0,0.0,350.1,351.1,122.2,-0.488,49.27,50.05,50.4,49.4,0.0,271.0,274.0,274.0,273.0,0.618,0.0,43.21,41.43,-0.147,41.4,0.999,6000.0,403390.0,389.0,335.0,59.95,7.0,45.42,51.0,59.43,17.93,38.52,660.2,51.25,52.07,52.22,60.0,59.5,75.6,1.0,273.0,273.0,272.0,42.35,-1.527,42.38,1915.0,415799.0,13174.0,1912.0,-0.999,0.818,0.791,0.836,32.85,32.84,32.82,24.62,11.56,11.55,11.55,8.66,152.0,152.0,152.0,114.0,2.778,111.6,23.56,4.9,3.502,2.0,-1.0,13.52,0.014,0.311,3.0,2.0,0.0,0.0,37.69,33.05,37.85,36.85,38.98,36.02,36.27,41.11,33.81,35.51,39.6,43.81,38.65,40.44,43.79,42.52,36.72,39.88,41.49
2017-05-04 12:02:00-05:00,613.87463,645.1296,679.84796,603.1435,624.13086,637.646,585.741,595.1273,857194.0,27.44,0.0,655.7,628.4,620.0,17.91,347.3,0.0,0.0,0.0,0.0,0.0,0.0,0.0,0.0,345.3,346.3,123.3,-0.413,49.1,49.9,50.18,49.18,0.0,271.0,274.0,274.1,273.0,0.623,0.0,43.03,41.26,-0.177,41.23,0.999,6000.0,403391.0,390.0,335.0,59.95,7.0,45.28,51.0,58.22,18.15,38.52,659.3,51.03,51.91,52.02,60.0,59.5,75.6,1.0,273.0,272.9,272.0,42.18,-1.507,42.21,1915.0,415800.0,13174.0,1912.0,-0.999,0.818,0.791,0.836,33.12,33.12,33.14,24.84,11.5,11.5,11.51,8.63,152.0,152.0,152.0,114.0,1.393,152.7,93.8,2.8,3.499,2.0,-1.0,13.59,0.003,0.311,3.0,2.0,0.0,0.0,37.86,33.66,38.16,37.23,39.39,36.42,36.59,41.81,33.97,35.49,40.3,44.07,38.7,40.71,44.03,42.84,36.64,40.03,41.78
2017-05-04 12:03:00-05:00,616.2233,647.42194,682.45337,604.60004,625.676,639.11304,586.7446,595.8345,857195.0,27.44,0.0,657.8,629.5,621.2,18.09,347.2,0.0,0.0,0.0,0.0,0.0,0.0,0.0,0.0,345.3,346.3,123.8,-0.423,49.08,50.07,50.15,49.15,0.0,271.0,274.0,274.0,273.0,0.615,0.0,43.14,41.35,-0.12,41.33,0.999,6000.0,403392.0,391.0,335.0,59.95,7.0,45.73,51.0,59.9,18.39,38.78,661.8,51.15,52.02,52.14,60.0,59.5,75.6,1.0,273.0,273.0,272.0,42.28,-1.542,42.3,1915.0,415801.0,13174.0,1912.0,-0.999,0.818,0.791,0.836,33.22,33.21,33.21,24.9,11.53,11.53,11.53,8.65,152.0,152.0,152.0,114.0,2.047,71.49,51.07,3.5,3.5,2.0,-1.0,13.59,0.003,0.311,3.0,2.0,0.0,0.0,38.19,34.11,38.39,37.22,39.76,36.68,36.54,41.81,34.13,35.43,40.29,44.29,38.52,40.98,44.23,42.93,36.48,40.0,41.85
2017-05-04 12:04:00-05:00,625.37085,657.41,692.2831,613.869,635.2048,648.25366,595.27545,604.0854,857196.0,27.44,0.0,667.2,638.2,629.7,17.78,350.3,0.0,0.0,0.0,0.0,0.0,0.0,0.0,0.0,348.5,349.4,124.5,-0.482,49.8,50.7,51.02,50.02,0.0,271.0,274.0,274.0,273.0,0.61,0.0,43.79,41.99,-0.065,41.97,0.999,6000.0,403393.0,392.0,335.0,59.94,7.0,45.5,51.0,58.22,18.13,39.07,671.0,51.93,52.8,52.93,60.0,59.5,75.6,1.0,273.0,273.0,272.0,42.92,-1.613,42.95,1915.0,415802.0,13174.0,1912.0,-0.999,0.818,0.791,0.836,33.4,33.39,33.4,25.05,11.7,11.69,11.7,8.78,153.0,153.0,153.0,114.0,2.645,107.6,21.61,5.2,3.5,2.0,-1.0,13.59,0.002,0.311,3.0,2.0,0.0,0.0,38.37,34.19,38.62,37.54,39.98,36.95,36.91,42.05,33.81,35.74,40.54,44.53,39.3,41.36,44.44,43.12,36.84,40.27,42.06
2017-05-04 12:05:00-05:00,621.0443,652.989,687.1906,609.2345,630.56915,643.0627,588.8774,598.4277,857197.0,27.44,0.0,661.1,632.1,623.7,17.68,349.1,0.0,0.0,0.0,0.0,0.0,0.0,0.0,0.0,347.3,348.2,123.7,-0.46,49.33,50.27,50.4,49.4,0.0,271.0,274.0,274.1,273.0,0.617,0.0,43.35,41.56,-0.078,41.53,0.999,6000.0,403393.0,392.0,335.0,59.94,7.0,45.62,51.0,59.22,18.27,39.63,665.1,51.37,52.23,52.36,60.0,59.5,75.6,1.0,273.0,273.0,272.0,42.48,-1.582,42.51,1915.0,415802.0,13174.0,1912.0,-0.999,0.818,0.791,0.836,33.2,33.2,33.19,24.89,11.59,11.59,11.59,8.69,153.0,153.0,153.0,114.0,2.412,78.17,40.28,4.3,3.5,2.0,-1.0,13.59,0.002,0.311,3.0,2.0,0.0,0.0,38.73,34.26,38.75,37.62,40.29,37.11,37.23,42.12,33.38,36.09,40.56,44.84,39.39,41.61,44.75,43.31,37.1,40.44,42.22
2017-05-04 12:06:00-05:00,628.46124,660.8485,695.12537,616.3849,637.3938,650.39777,595.65186,605.382,857198.0,27.44,0.0,667.8,638.8,630.3,17.56,349.7,0.0,0.0,0.0,0.0,0.0,0.0,0.0,0.0,347.9,349.0,124.9,-0.453,49.87,50.82,51.0,50.0,0.0,271.0,274.0,274.6,273.0,0.628,0.0,43.83,41.99,-0.218,41.95,0.999,6000.0,403394.0,393.0,335.0,59.96,7.0,45.83,51.0,59.43,17.87,39.5,672.5,51.89,52.73,52.86,60.0,59.5,75.6,1.0,273.0,273.0,272.0,42.92,-1.49,42.94,1915.0,415803.0,13174.0,1912.0,-0.999,0.818,0.791,0.836,33.49,33.47,33.46,25.11,11.71,11.7,11.7,8.78,153.0,153.0,153.0,115.0,3.173,71.47,30.59,5.6,3.5,2.0,-1.0,13.4,0.002,0.312,1.0,2.0,0.0,0.001,38.81,34.02,38.73,37.34,40.17,36.88,37.14,41.59,32.56,35.46,39.96,44.81,39.31,41.43,44.72,43.12,36.66,40.32,42.06
2017-05-04 12:07:00-05:00,644.0368,677.3861,712.6531,631.2152,652.3307,665.63226,610.83167,620.823,857199.0,27.44,0.0,684.2,653.0,644.2,17.31,351.9,0.0,0.0,0.0,0.0,0.0,0.0,0.0,0.0,350.1,351.2,126.5,-0.5,50.97,51.78,52.17,51.17,0.0,271.1,274.1,274.9,273.0,0.627,0.0,44.74,42.88,-0.272,42.85,0.999,6000.0,403395.0,394.0,335.0,59.97,7.0,45.45,51.0,58.23,17.7,39.65,688.0,53.0,53.82,53.97,60.0,59.5,75.6,1.0,273.0,273.0,272.0,43.84,-1.486,43.87,1915.0,415804.0,13174.0,1912.0,-0.999,0.818,0.791,0.836,33.97,33.96,33.96,25.47,11.95,11.95,11.95,8.96,153.0,153.0,153.0,115.0,3.152,76.25,21.74,6.2,3.502,2.0,-1.0,13.59,0.003,0.312,3.0,2.0,0.0,0.0,39.17,34.24,38.78,37.08,40.09,36.94,37.18,41.34,32.61,35.39,39.58,44.86,39.73,41.59,44.74,43.08,36.84,40.31,42.04
2017-05-04 12:08:00-05:00,673.4573,708.16895,745.69507,660.08136,681.0456,695.87537,642.57135,650.762,857200.0,27.44,0.0,715.6,682.3,673.1,17.55,350.2,0.0,0.0,0.0,0.0,0.0,0.0,0.0,0.0,348.2,349.3,132.8,-0.47,53.23,54.15,54.28,53.28,0.0,271.1,274.0,274.6,273.0,0.628,0.0,46.71,44.74,-0.258,44.72,0.999,6000.0,403395.0,394.0,335.0,59.97,7.0,45.68,51.0,59.97,18.04,39.94,719.5,55.35,56.15,56.3,60.0,59.5,75.6,1.0,273.0,273.0,272.0,45.74,-1.588,45.76,1915.0,415804.0,13174.0,1912.0,-0.999,0.818,0.791,0.836,35.68,35.69,35.66,26.74,12.49,12.5,12.49,9.36,153.0,153.0,153.0,115.0,2.612,94.9,38.53,5.3,3.502,2.0,-1.0,13.59,0.003,0.313,3.0,2.0,0.0,0.0,39.47,34.69,39.05,37.65,40.16,37.22,37.44,41.75,33.81,35.95,40.12,45.16,40.03,41.95,45.02,43.56,37.62,40.86,42.47
2017-05-04 12:09:00-05:00,716.97,754.67065,795.08044,700.59985,723.02344,737.6291,685.3508,692.0167,857201.0,27.45,0.0,762.8,723.1,713.3,17.65,348.6,0.0,0.0,0.0,0.0,0.0,0.0,0.0,0.0,346.6,347.7,141.4,-0.455,56.43,57.37,57.55,56.55,0.0,271.1,274.0,274.6,273.0,0.605,0.0,49.49,47.45,-0.293,47.42,0.999,6000.0,403396.0,395.0,335.0,59.98,7.0,45.57,51.0,58.2,18.05,40.43,766.0,58.72,59.56,59.7,60.0,59.5,75.6,1.0,273.0,273.0,272.0,48.51,-1.666,48.54,1915.0,415805.0,13174.0,1912.0,-0.999,0.818,0.791,0.836,37.97,37.98,37.97,28.46,13.24,13.24,13.24,9.92,154.0,154.0,154.0,115.0,1.655,111.8,63.35,3.4,3.499,2.0,-1.0,13.59,0.002,0.315,3.0,2.0,0.0,0.0,39.9,35.41,39.64,38.2,40.48,37.8,37.9,42.64,34.18,37.02,41.05,45.6,40.32,42.4,45.46,44.21,38.25,41.56,43.07
2017-05-04 12:10:00-05:00,762.0896,800.68115,843.28143,747.739,770.4095,787.50775,737.163,740.3435,857202.0,27.47,0.0,811.0,774.0,763.5,18.05,347.8,0.0,0.0,0.0,0.0,0.0,0.0,0.0,0.0,345.9,346.9,150.4,-0.46,59.87,60.83,60.97,59.97,0.0,271.1,274.0,274.6,273.0,0.61,0.0,52.53,50.33,-0.302,50.29,1.0,6000.0,403397.0,396.0,335.0,59.99,7.0,46.0,51.0,59.17,18.55,40.93,815.0,62.28,63.12,63.24,60.0,59.5,75.6,1.0,273.0,273.0,272.0,51.4,-1.732,51.43,1915.0,415806.0,13174.0,1912.0,-0.999,0.818,0.791,0.836,40.34,40.33,40.33,30.24,14.03,14.03,14.02,10.52,154.0,154.0,154.0,115.0,1.532,26.85,82.3,4.1,3.5,2.0,-1.0,13.59,0.003,0.317,3.0,2.0,0.0,0.0,40.37,36.63,40.44,39.36,41.09,38.82,38.16,43.2,33.95,37.31,41.61,46.2,40.26,42.89,46.09,44.98,38.59,42.21,43.77
2017-05-04 12:11:00-05:00,759.49365,798.7163,840.55756,751.3143,774.9163,793.71436,747.1993,749.6553,857203.0,27.47,0.0,805.0,777.0,766.4,18.57,345.3,0.0,0.0,0.0,0.0,0.0,0.0,0.0,0.0,343.4,344.5,150.4,-0.432,59.43,60.42,60.53,59.53,0.0,271.3,274.0,274.8,273.0,0.598,0.0,52.13,49.97,-0.283,49.95,0.999,6000.0,403398.0,397.0,335.0,59.98,7.0,46.0,51.0,59.75,18.48,41.87,809.0,61.72,62.62,62.74,60.0,59.5,75.6,1.0,273.0,273.0,272.0,51.0,-1.744,51.03,1915.0,415807.0,13174.0,1912.0,-0.999,0.818,0.791,0.836,40.28,40.28,40.28,30.2,13.91,13.91,13.91,10.43,154.0,154.0,154.0,115.0,1.753,60.19,43.63,3.4,3.5,2.0,-1.0,13.38,0.003,0.317,3.0,2.0,0.0,0.001,41.0,37.73,41.38,40.54,41.75,39.86,38.44,43.85,34.59,38.11,42.23,47.11,40.9,43.89,47.01,45.6,38.82,42.94,44.51
2017-05-04 12:12:00-05:00,732.051,770.22577,809.29205,719.535,743.8836,757.94165,706.92883,713.3512,857204.0,27.48,0.0,774.2,741.0,730.8,18.28,341.5,0.0,0.0,0.0,0.0,0.0,0.0,0.0,0.0,339.5,340.5,145.8,-0.4,57.03,57.88,58.18,57.18,0.0,271.1,274.0,274.9,273.0,0.633,0.0,49.97,47.91,-0.293,47.88,0.999,6000.0,403399.0,398.0,335.0,59.98,7.0,45.65,51.0,58.08,18.68,42.36,777.5,59.25,60.13,60.25,60.0,59.5,75.6,1.0,273.0,273.0,272.0,48.97,-1.676,49.0,1915.0,415808.0,13174.0,1912.0,-0.999,0.818,0.791,0.836,39.05,39.04,39.05,29.27,13.33,13.33,13.33,10.0,154.0,154.0,154.0,116.0,2.4,65.26,55.17,4.9,3.5,2.0,-1.0,13.38,0.002,0.317,3.0,2.0,0.0,0.001,41.65,38.36,41.97,41.14,42.22,40.5,39.04,44.55,35.31,38.58,42.9,47.65,41.84,44.68,47.62,46.16,39.51,43.51,45.05
2017-05-04 12:13:00-05:00,702.75415,739.1155,775.7763,688.81506,711.56323,724.9901,672.93097,680.7011,857205.0,27.49,0.0,743.4,709.5,699.7,18.05,344.1,0.0,0.0,0.0,0.0,0.0,0.0,0.0,0.0,342.2,343.3,138.7,-0.407,54.65,55.65,55.82,54.82,0.0,271.0,274.0,274.3,273.0,0.637,0.0,47.93,46.0,-0.235,45.96,0.999,6000.0,403399.0,398.0,335.0,59.97,7.0,46.0,51.0,59.82,18.1,41.81,747.4,56.88,57.73,57.85,60.0,59.5,75.6,1.0,273.0,273.0,272.0,46.98,-1.628,47.01,1915.0,415809.0,13174.0,1912.0,-0.999,0.818,0.791,0.836,37.24,37.24,37.23,27.91,12.81,12.82,12.81,9.61,154.0,154.0,154.0,116.0,3.373,96.7,39.32,7.5,3.5,2.0,-1.0,13.59,0.003,0.314,3.0,2.0,0.0,0.0,41.45,38.31,41.89,40.87,42.15,40.48,39.2,44.22,34.44,37.58,42.58,47.86,41.92,44.54,47.76,46.11,39.14,43.44,45.11
2017-05-04 12:14:00-05:00,769.2593,809.19556,850.9794,748.26874,771.8259,786.0407,731.6431,736.92523,857206.0,27.5,0.0,819.0,772.3,761.7,18.16,342.9,0.0,0.0,0.0,0.0,0.0,0.0,0.0,0.0,340.9,341.8,152.7,-0.402,60.0,60.92,61.1,60.1,0.0,271.0,274.0,274.4,273.0,0.628,0.0,52.53,50.38,-0.167,50.36,0.999,6000.0,403400.0,399.0,335.0,59.95,7.0,46.0,51.0,58.7,17.95,42.08,823.0,62.37,63.23,63.36,60.0,59.5,75.6,1.0,273.0,273.0,272.0,51.48,-1.896,51.51,1915.0,415809.0,13174.0,1912.0,-0.999,0.818,0.791,0.836,41.05,41.06,41.03,30.76,14.07,14.08,14.07,10.54,155.0,155.0,155.0,116.0,1.29,243.1,98.0,3.2,3.5,2.0,-1.0,13.59,0.003,0.316,3.0,2.0,0.0,0.0,41.5,38.49,42.02,41.18,42.11,40.59,39.49,44.45,35.45,38.53,42.89,48.16,42.3,44.75,48.02,46.53,39.75,43.71,45.44
2017-05-04 12:15:00-05:00,799.91595,842.27075,885.91626,793.0245,814.19006,837.16077,793.617,792.4422,857207.0,27.51,0.0,850.0,821.0,810.0,18.53,340.0,0.0,0.0,0.0,0.0,0.0,0.0,0.0,0.0,338.1,339.0,159.8,-0.4,62.32,63.2,63.45,62.45,0.0,271.0,274.0,274.1,273.0,0.615,0.0,54.51,52.29,-0.07,52.26,0.999,6000.0,403401.0,400.0,335.0,59.94,7.0,46.0,51.0,58.78,18.9,42.79,853.0,64.75,65.63,65.74,60.0,59.5,75.6,1.0,273.0,273.0,272.0,53.4,-2.041,53.43,1915.0,415810.0,13174.0,1912.0,-0.999,0.818,0.791,0.836,42.85,42.85,42.83,32.12,14.57,14.57,14.56,10.92,155.0,155.0,155.0,116.0,1.228,348.5,57.58,3.9,3.5,2.0,-1.0,13.59,0.003,0.319,3.0,2.0,0.0,0.0,42.12,39.35,42.96,41.97,43.03,41.56,40.0,45.31,36.34,39.34,43.63,49.05,43.0,45.78,48.91,47.38,39.88,44.63,46.23
2017-05-04 12:16:00-05:00,755.41437,794.78656,834.28076,740.5887,767.5766,778.14136,727.00134,735.7466,857208.0,27.53,0.0,796.1,759.5,748.2,18.6,336.7,0.0,0.0,0.0,0.0,0.0,0.0,0.0,0.0,334.6,335.6,150.6,-0.4,58.15,59.1,59.35,58.35,0.0,271.0,274.0,274.0,273.0,0.62,0.0,50.88,48.82,-0.1,48.78,0.999,6000.0,403402.0,401.0,335.0,59.94,7.0,46.0,51.0,59.95,18.69,43.28,800.0,60.49,61.36,61.46,60.0,59.5,75.6,1.0,273.0,273.0,272.0,49.9,-1.88,49.94,1915.0,415811.0,13174.0,1912.0,-0.999,0.818,0.791,0.836,40.3,40.3,40.3,30.22,13.57,13.57,13.57,10.18,155.0,155.0,155.0,116.0,3.555,93.1,36.05,6.6,3.5,2.0,-1.0,13.59,0.002,0.318,3.0,2.0,0.0,0.0,42.81,39.45,43.32,42.19,43.57,42.02,40.49,46.06,36.91,39.66,44.33,49.77,43.38,46.38,49.59,47.99,40.41,45.13,46.84
2017-05-04 12:17:00-05:00,688.662,723.2329,758.60394,673.3227,696.3688,707.8373,657.8766,667.02814,857209.0,27.55,0.0,725.4,693.7,683.3,18.66,338.9,0.0,0.0,0.0,0.0,0.0,0.0,0.0,0.0,336.9,337.9,137.0,-0.4,53.22,54.18,54.33,53.33,0.0,271.0,273.9,274.0,272.9,0.618,0.0,46.59,44.73,-0.085,44.7,0.999,6000.0,403403.0,402.0,335.0,59.94,7.0,46.0,51.0,57.82,18.64,42.18,730.7,55.4,56.27,56.4,60.0,59.5,75.6,1.0,272.8,272.5,271.9,45.71,-1.716,45.74,1915.0,415812.0,13174.0,1912.0,-0.999,0.818,0.791,0.836,36.79,36.78,36.78,27.58,12.47,12.47,12.47,9.35,155.0,155.0,155.0,116.0,1.537,48.4,85.2,3.5,3.5,2.0,-1.0,13.39,0.002,0.314,3.0,2.0,0.0,0.001,42.08,39.18,43.06,41.92,43.6,41.76,40.11,45.79,36.22,38.98,44.09,49.56,42.77,45.9,49.39,47.55,39.66,44.6,46.42
2017-05-04 12:18:00-05:00,736.1303,775.62915,813.9108,716.8867,741.1795,753.5406,704.29425,710.28656,857210.0,27.56,0.0,782.5,741.4,730.9,18.48,341.4,0.0,0.0,0.0,0.0,0.0,0.0,0.0,0.0,339.6,340.6,146.4,-0.402,57.23,58.13,58.37,57.37,0.0,271.0,274.0,274.0,273.0,0.628,0.0,50.19,48.12,-0.22,48.1,0.999,6000.0,403404.0,402.0,402.0,59.97,7.0,46.0,51.0,59.68,18.37,41.44,784.1,59.57,60.41,60.55,60.0,59.5,75.6,1.0,273.0,273.0,272.0,49.15,-1.75,49.19,1915.0,415813.0,13175.0,1912.0,-0.999,0.818,0.791,0.836,39.26,39.24,39.26,29.46,13.4,13.4,13.4,10.06,156.0,156.0,156.0,117.0,2.44,135.8,70.18,6.5,3.5,2.0,-1.0,13.59,0.003,0.316,3.0,2.0,0.0,0.0,41.33,39.29,42.73,41.92,43.35,41.72,39.78,45.08,34.77,38.49,43.25,49.22,41.92,45.3,48.95,46.91,38.33,43.8,45.83
2017-05-04 12:19:00-05:00,677.53656,712.91736,745.8135,662.59717,687.2264,696.5525,644.4531,654.8875,857211.0,27.59,0.0,714.3,682.7,673.3,18.47,340.1,0.0,0.0,0.0,0.0,0.0,0.0,0.0,0.0,338.2,339.2,134.9,-0.4,52.55,53.5,53.7,52.7,0.0,271.0,274.0,274.1,273.0,0.638,0.0,46.04,44.17,-0.167,44.13,1.0,6000.0,403404.0,1.0,402.0,59.96,7.0,46.0,51.0,59.13,19.07,41.81,717.4,54.67,55.5,55.65,60.0,59.5,75.6,1.0,273.0,272.9,272.0,45.13,-1.618,45.16,1915.0,415813.0,13175.0,1912.0,-0.999,0.818,0.791,0.836,36.19,36.15,36.16,27.12,12.31,12.3,12.3,9.22,156.0,156.0,156.0,117.0,1.502,50.59,76.15,3.1,3.5,2.0,-1.0,13.59,0.003,0.314,3.0,2.0,0.0,0.0,41.45,39.41,42.65,41.42,43.3,41.53,39.48,44.47,34.68,37.8,42.6,48.75,41.71,44.89,48.49,46.25,38.12,43.16,45.23
2017-05-04 12:20:00-05:00,694.5955,728.3087,761.92,690.6688,712.5933,728.14984,680.2073,686.241,857212.0,27.62,0.0,731.7,715.8,706.0,18.48,342.7,0.0,0.0,0.0,0.0,0.0,0.0,0.0,0.0,340.7,341.7,138.1,-0.405,54.22,55.2,55.35,54.35,0.0,271.0,274.0,274.3,273.0,0.637,0.0,47.53,45.6,-0.16,45.57,0.999,6000.0,403405.0,2.0,402.0,59.96,7.0,46.0,51.0,58.43,19.16,41.97,736.9,56.41,57.26,57.41,60.0,59.5,75.6,1.0,273.0,273.0,272.0,46.61,-1.676,46.64,1915.0,415814.0,13175.0,1912.0,-0.999,0.818,0.791,0.836,37.05,37.03,37.06,27.79,12.7,12.69,12.7,9.53,156.0,156.0,156.0,117.0,1.985,46.42,68.51,4.8,3.5,2.0,-1.0,13.59,0.003,0.315,3.0,2.0,0.0,0.0,41.76,39.78,42.87,41.65,43.42,41.59,39.1,43.97,34.33,37.79,42.12,48.4,40.87,44.59,48.22,46.05,37.27,42.89,44.91
2017-05-04 12:21:00-05:00,673.8281,707.3502,739.5367,663.5241,685.6812,698.0195,646.2095,655.5948,857213.0,27.64,0.0,709.8,685.0,675.6,18.11,342.5,0.0,0.0,0.0,0.0,0.0,0.0,0.0,0.0,340.6,341.5,133.6,-0.4,52.33,53.33,53.47,52.47,0.0,271.0,274.0,274.6,273.0,0.627,0.0,45.96,44.08,-0.19,44.05,0.999,6000.0,403406.0,3.0,402.0,59.96,7.0,46.0,51.0,59.97,18.64,42.12,714.2,54.48,55.34,55.46,60.0,59.5,75.6,1.0,273.0,273.0,272.0,45.05,-1.597,45.08,1915.0,415815.0,13175.0,1912.0,-0.999,0.818,0.791,0.836,35.88,35.88,35.87,26.89,12.29,12.29,12.28,9.21,156.0,156.0,156.0,117.0,2.397,89.6,40.05,5.7,3.499,2.0,-1.0,13.59,0.003,0.313,3.0,2.0,0.0,0.0,41.79,39.55,42.75,41.31,43.14,41.37,38.79,43.55,34.79,36.78,41.67,48.02,40.9,44.19,47.82,45.51,37.39,42.49,44.55
2017-05-04 12:22:00-05:00,675.0643,709.6426,742.9712,661.40546,684.3935,695.53687,642.0695,652.41223,857214.0,27.66,0.0,712.4,681.3,671.9,18.01,342.0,0.0,0.0,0.0,0.0,0.0,0.0,0.0,0.0,340.2,341.2,133.9,-0.4,52.45,53.4,53.52,52.52,0.0,271.0,274.0,274.2,273.0,0.62,0.0,45.98,44.12,-0.102,44.07,1.0,6000.0,403406.0,3.0,402.0,59.94,7.0,46.0,51.0,58.1,18.36,42.05,715.0,54.54,55.43,55.54,60.0,59.5,75.6,1.0,273.0,273.0,272.0,45.09,-1.676,45.12,1915.0,415816.0,13175.0,1912.0,-0.999,0.818,0.791,0.836,35.95,35.93,35.92,26.95,12.3,12.29,12.29,9.22,156.0,156.0,156.0,117.0,2.04,112.0,55.49,4.3,3.5,2.0,-1.0,13.46,-0.003,0.313,3.0,2.0,0.0,0.0,41.77,39.22,42.56,41.19,42.94,41.1,38.99,43.72,34.95,37.35,41.89,48.14,41.44,44.53,47.87,45.71,38.27,42.9,44.71
2017-05-04 12:23:00-05:00,707.0807,743.7002,780.1582,691.33093,713.88104,727.02136,675.8164,683.4121,857215.0,27.69,0.0,749.9,714.3,704.5,18.39,342.3,0.0,0.0,0.0,0.0,0.0,0.0,0.0,0.0,340.5,341.5,140.5,-0.4,55.08,56.07,56.18,55.18,0.0,271.0,274.0,274.1,273.0,0.61,0.0,48.32,46.35,-0.132,46.32,0.999,6000.0,403407.0,4.0,402.0,59.95,7.0,46.0,51.0,59.37,18.33,41.93,752.6,57.3,58.17,58.3,60.0,59.5,75.6,1.0,273.0,273.0,272.0,47.34,-1.756,47.38,1915.0,415817.0,13175.0,1912.0,-0.999,0.818,0.791,0.836,37.72,37.75,37.75,28.29,12.91,12.92,12.92,9.68,157.0,157.0,157.0,117.0,1.503,345.3,87.0,3.8,3.5,2.0,-1.0,13.46,0.006,0.316,3.0,2.0,0.0,0.0,41.62,39.36,42.72,41.53,43.02,41.36,38.7,43.74,34.38,37.76,41.96,48.2,40.79,44.32,47.91,45.94,37.77,43.01,44.87
2017-05-04 12:24:00-05:00,680.25616,714.3909,749.7217,670.0123,692.76337,705.6932,658.12756,667.6175,857216.0,27.71,0.0,717.7,690.7,681.2,18.49,340.1,0.0,0.0,0.0,0.0,0.0,0.0,0.0,0.0,338.3,339.3,135.8,-0.4,52.88,53.75,54.0,53.0,0.0,271.0,274.0,274.0,273.0,0.613,0.0,46.38,44.48,-0.09,44.46,0.999,6000.0,403408.0,5.0,402.0,59.95,7.0,46.0,51.0,59.3,18.88,42.01,721.3,55.06,55.91,56.04,60.0,59.5,75.6,1.0,273.0,273.0,272.0,45.46,-1.694,45.49,1915.0,415817.0,13175.0,1912.0,-0.999,0.818,0.791,0.836,36.41,36.41,36.41,27.29,12.38,12.38,12.38,9.28,157.0,157.0,157.0,117.0,1.46,350.4,56.66,3.1,3.502,2.0,-1.0,13.55,0.003,0.315,3.0,2.0,0.0,0.0,41.61,39.89,43.03,41.83,43.11,41.7,38.93,43.75,35.14,38.02,42.04,48.3,41.3,44.51,48.09,45.86,37.53,42.9,44.84
2017-05-04 12:25:00-05:00,681.86316,716.1921,753.86676,665.90753,687.6127,701.5178,657.2493,665.1423,857217.0,27.74,0.0,723.1,687.4,678.2,18.56,343.1,0.0,0.0,0.0,0.0,0.0,0.0,0.0,0.0,341.1,342.1,135.0,-0.4,53.03,54.02,54.18,53.18,0.0,271.0,274.0,274.0,273.0,0.613,0.0,46.5,44.6,-0.19,44.57,0.999,6000.0,403409.0,6.0,402.0,59.96,7.0,46.0,51.0,58.33,19.29,42.19,727.2,55.21,56.05,56.19,60.0,59.5,75.6,1.0,273.0,273.0,272.0,45.58,-1.63,45.61,1915.0,415818.0,13175.0,1912.0,-0.999,0.818,0.791,0.836,36.27,36.26,36.26,27.2,12.44,12.44,12.44,9.33,157.0,157.0,157.0,118.0,1.3,53.69,71.31,3.0,3.5,2.0,-1.0,13.55,0.002,0.314,3.0,2.0,0.0,0.0,41.65,40.13,43.24,41.92,43.46,41.91,38.99,43.82,35.74,38.11,42.13,48.52,41.48,44.62,48.3,45.82,37.59,43.01,44.86
2017-05-04 12:26:00-05:00,737.2429,774.3193,816.6347,721.25635,744.1412,760.08575,719.72504,723.3702,857218.0,27.77,0.0,784.8,746.6,736.5,19.24,342.0,0.0,0.0,0.0,0.0,0.0,0.0,0.0,0.0,340.1,341.1,147.0,-0.4,57.63,58.63,58.72,57.72,0.0,271.0,274.0,274.0,273.0,0.61,0.0,50.48,48.4,-0.138,48.37,0.999,6000.0,403410.0,7.0,402.0,59.95,7.0,46.0,51.0,59.98,18.99,42.05,789.6,59.93,60.77,60.91,60.0,59.5,75.6,1.0,273.0,273.0,272.0,49.44,-1.836,49.47,1915.0,415819.0,13175.0,1912.0,-0.999,0.818,0.791,0.836,39.51,39.47,39.48,29.62,13.51,13.49,13.5,10.13,157.0,157.0,157.0,118.0,1.782,259.0,92.6,4.6,3.5,2.0,-1.0,13.55,0.003,0.317,3.0,2.0,0.0,0.0,41.56,40.28,43.36,42.16,43.83,42.32,39.02,44.26,36.09,38.18,42.63,48.88,41.7,44.91,48.69,46.25,37.91,43.28,45.31
2017-05-04 12:27:00-05:00,718.08246,754.8344,796.1463,706.29364,731.52203,746.4312,709.6888,715.59076,857219.0,27.8,0.0,760.6,729.2,719.2,19.17,341.1,0.0,0.0,0.0,0.0,0.0,0.0,0.0,0.0,339.1,340.1,143.2,-0.4,56.03,56.93,57.08,56.08,0.0,271.0,274.0,274.0,273.0,0.612,0.0,49.03,47.05,-0.113,47.02,0.999,6000.0,403410.0,7.0,402.0,59.95,7.0,46.0,51.0,58.42,18.15,42.2,763.1,58.35,59.17,59.3,60.0,59.5,75.6,1.0,273.0,272.4,272.0,48.09,-1.795,48.12,1915.0,415820.0,13175.0,1912.0,-0.999,0.818,0.791,0.836,38.34,38.35,38.35,28.75,13.08,13.08,13.08,9.81,158.0,158.0,157.0,118.0,2.127,317.1,60.45,4.9,3.5,2.0,-1.0,13.55,0.002,0.317,3.0,2.0,0.0,0.0,41.51,40.58,43.59,42.48,43.94,42.51,38.67,43.99,35.22,38.48,42.39,48.94,40.67,44.92,48.72,46.28,37.35,43.23,45.38
2017-05-04 12:28:00-05:00,665.6695,698.9996,737.0497,654.6524,678.98535,692.1514,656.37115,665.02435,857220.0,27.83,0.0,704.5,675.7,666.7,19.06,340.7,0.0,0.0,0.0,0.0,0.0,0.0,0.0,0.0,338.9,339.9,133.1,-0.4,51.92,52.85,53.08,52.08,0.0,271.0,274.0,274.0,273.0,0.617,0.0,45.52,43.66,-0.217,43.64,0.999,6000.0,403411.0,8.0,402.0,59.96,7.0,46.0,51.0,58.97,18.34,41.61,707.3,54.08,54.92,55.03,60.0,59.5,75.6,1.0,273.0,272.6,272.0,44.63,-1.568,44.66,1915.0,415820.0,13175.0,1912.0,-0.999,0.818,0.791,0.836,35.67,35.65,35.65,26.74,12.15,12.15,12.14,9.11,158.0,158.0,158.0,118.0,2.44,62.23,77.89,4.5,3.5,2.0,-1.0,13.27,-0.049,0.316,1.0,2.0,0.0,0.001,41.07,40.6,43.56,42.42,43.66,42.48,37.91,43.77,35.88,38.28,42.1,48.51,40.55,44.5,48.36,45.84,37.45,43.13,45.0
2017-05-04 12:29:00-05:00,609.6717,640.38116,676.05817,593.7422,616.66235,629.18243,593.01733,603.3782,857221.0,27.87,0.0,645.7,613.4,605.2,18.73,343.0,0.0,0.0,0.0,0.0,0.0,0.0,0.0,0.0,341.2,342.3,120.8,-0.4,47.42,48.27,48.77,47.77,0.0,271.0,273.7,274.0,272.7,0.617,0.0,41.61,39.94,-0.112,39.91,0.999,6000.0,403412.0,9.0,402.0,59.95,7.0,46.0,51.0,59.47,19.31,41.93,648.6,49.45,50.3,50.41,60.0,59.5,75.6,1.0,272.7,272.0,271.9,40.82,-1.493,40.85,1915.0,415821.0,13175.0,1912.0,-0.999,0.818,0.791,0.836,32.46,32.44,32.45,24.34,11.13,11.13,11.13,8.35,158.0,158.0,158.0,118.0,1.685,83.4,43.29,3.0,3.5,2.0,-1.0,13.34,0.053,0.313,1.0,2.0,0.0,0.001,41.11,40.24,43.34,41.81,43.49,42.2,38.21,44.17,36.49,38.85,42.61,48.61,41.14,44.88,48.44,45.98,38.27,43.28,45.13
2017-05-04 12:30:00-05:00,638.59766,669.36285,708.508,624.3297,644.99097,663.03674,629.9005,635.0853,857222.0,27.9,0.0,679.6,649.9,641.0,18.75,344.6,0.0,0.0,0.0,0.0,0.0,0.0,0.0,0.0,342.7,343.7,126.6,-0.4,50.02,50.97,51.17,50.17,0.0,271.0,273.6,274.0,272.6,0.62,0.0,43.82,42.06,-0.075,42.03,0.999,6000.0,403412.0,9.0,402.0,59.94,7.0,46.0,51.0,58.18,19.7,42.3,683.8,52.09,52.95,53.05,60.0,59.5,75.6,1.0,272.6,272.1,271.8,42.98,-1.608,43.01,1915.0,415822.0,13175.0,1912.0,-0.999,0.818,0.791,0.836,34.07,34.07,34.08,25.55,11.74,11.74,11.74,8.8,158.0,158.0,158.0,118.0,1.62,89.2,67.3,2.6,3.5,2.0,-1.0,13.55,0.005,0.312,3.0,2.0,0.0,0.001,41.2,39.9,43.29,42.02,43.48,42.27,38.55,44.52,36.91,38.88,42.97,48.68,41.47,45.1,48.47,46.33,38.96,43.66,45.43
2017-05-04 12:31:00-05:00,695.70807,730.4373,774.7104,679.67847,701.90576,722.2818,692.12537,693.6669,857223.0,27.93,0.0,743.5,708.1,698.3,18.85,342.0,0.0,0.0,0.0,0.0,0.0,0.0,0.0,0.0,340.1,341.1,138.8,-0.4,54.48,55.38,55.55,54.55,0.0,271.0,273.9,274.0,272.9,0.617,0.0,47.67,45.72,-0.085,45.7,0.999,6000.0,403413.0,10.0,402.0,59.94,7.0,46.0,51.0,59.95,19.21,42.84,746.9,56.67,57.5,57.6,60.0,59.5,75.6,1.0,272.9,272.6,272.0,46.73,-1.762,46.76,1915.0,415823.0,13175.0,1912.0,-0.999,0.818,0.791,0.836,37.3,37.3,37.3,27.97,12.76,12.76,12.76,9.57,158.0,158.0,158.0,119.0,1.33,67.37,77.83,3.2,3.5,2.0,-1.0,13.55,0.003,0.315,3.0,2.0,0.0,0.0,41.49,40.28,43.48,42.03,43.78,42.39,38.91,44.62,36.46,38.74,43.05,48.9,42.01,45.53,48.7,46.43,38.55,43.69,45.51
2017-05-04 12:32:00-05:00,694.2247,727.98126,772.57874,684.7102,708.6016,730.4068,705.5488,705.1003,857224.0,27.96,0.0,738.0,713.8,704.1,18.85,341.8,0.0,0.0,0.0,0.0,0.0,0.0,0.0,0.0,339.8,340.8,138.7,-0.4,54.33,55.32,55.42,54.42,0.0,271.0,274.0,274.0,273.0,0.615,0.0,47.58,45.66,-0.113,45.63,0.999,6000.0,403414.0,11.0,402.0,59.95,7.0,46.0,51.0,58.45,19.27,42.91,741.2,56.56,57.41,57.53,60.0,59.5,75.6,1.0,273.0,272.9,272.0,46.67,-1.738,46.7,1915.0,415823.0,13175.0,1912.0,-0.999,0.818,0.791,0.836,37.17,37.17,37.17,27.85,12.71,12.71,12.71,9.52,159.0,159.0,159.0,119.0,1.167,307.2,89.6,2.2,3.5,2.0,-1.0,13.55,0.003,0.317,3.0,2.0,0.0,0.0,41.89,40.59,43.88,42.69,44.08,42.75,39.05,44.8,36.3,39.14,43.26,49.2,41.67,45.71,49.0,46.62,38.25,43.99,45.69
2017-05-04 12:33:00-05:00,613.0093,642.50977,682.33496,600.8925,623.3582,643.8526,618.6098,620.94086,857225.0,28.0,0.0,653.0,629.3,621.0,19.13,343.1,0.0,0.0,0.0,0.0,0.0,0.0,0.0,0.0,341.2,342.2,122.2,-0.4,47.95,48.9,49.08,48.08,0.0,271.0,274.0,274.0,273.0,0.618,0.0,42.09,40.38,-0.183,40.36,0.999,6000.0,403415.0,12.0,402.0,59.96,7.0,46.0,51.0,58.95,19.41,43.26,656.5,49.99,50.83,50.94,60.0,59.5,75.6,1.0,273.0,272.6,272.0,41.29,-1.461,41.32,1915.0,415824.0,13175.0,1912.0,-0.999,0.818,0.791,0.836,32.82,32.8,32.79,24.63,11.26,11.25,11.25,8.45,159.0,159.0,159.0,119.0,1.503,82.2,85.0,3.1,3.5,2.0,-1.0,13.55,0.003,0.312,3.0,2.0,0.0,0.0,41.84,40.33,43.7,42.59,43.81,42.58,38.47,44.15,35.39,38.08,42.57,48.8,41.32,45.15,48.63,46.01,37.82,43.39,45.09
2017-05-04 12:34:00-05:00,588.03894,617.1303,656.04346,574.6746,597.0899,616.9949,589.6301,592.18054,857226.0,28.03,0.0,627.7,603.7,595.5,18.77,342.9,0.0,0.0,0.0,0.0,0.0,0.0,0.0,0.0,341.1,342.1,117.4,-0.4,46.13,47.1,47.15,46.15,0.0,271.0,274.0,274.0,273.0,0.623,0.0,40.43,38.81,-0.175,38.79,0.999,6000.0,403415.0,12.0,402.0,59.96,7.0,46.0,51.0,59.63,19.47,42.96,629.9,48.05,48.85,48.96,60.0,59.5,75.6,1.0,273.0,272.9,272.0,39.69,-1.379,39.72,1915.0,415825.0,13175.0,1912.0,-0.999,0.818,0.791,0.836,31.51,31.51,31.52,23.63,10.81,10.8,10.81,8.1,159.0,159.0,159.0,119.0,3.137,112.3,37.41,5.8,3.5,2.0,-1.0,13.36,0.005,0.31,1.0,2.0,0.0,0.001,41.86,39.51,43.32,42.02,43.32,42.06,38.67,43.7,35.32,37.43,42.07,48.42,41.35,44.89,48.21,45.65,38.04,42.98,44.81
2017-05-04 12:35:00-05:00,543.53735,569.97363,606.066,531.5078,553.05176,571.5172,542.45966,546.5647,857227.0,28.06,0.0,580.1,558.4,551.1,18.25,342.6,0.0,0.0,0.0,0.0,0.0,0.0,0.0,0.0,340.8,341.9,108.8,-0.4,42.58,43.57,43.68,42.68,0.0,271.0,274.0,274.0,273.0,0.613,0.0,37.48,35.98,-0.102,35.96,0.999,6000.0,403416.0,13.0,402.0,59.94,7.0,46.0,51.0,58.0,18.72,42.37,583.1,44.51,45.32,45.42,60.0,59.5,75.6,1.0,273.0,272.7,272.0,36.8,-1.327,36.82,1915.0,415825.0,13175.0,1912.0,-0.999,0.818,0.791,0.836,29.29,29.29,29.28,21.96,10.04,10.03,10.03,7.523,159.0,159.0,159.0,119.0,3.4,94.7,27.47,6.6,3.499,2.0,-1.0,13.36,0.002,0.31,1.0,2.0,0.0,0.001,41.18,38.3,42.49,41.26,42.26,41.2,38.27,43.56,35.45,37.36,42.0,47.72,40.83,44.02,47.48,45.25,38.15,42.44,44.3
2017-05-04 12:36:00-05:00,523.38806,549.17883,584.6301,510.8513,531.9341,549.62476,519.5018,523.4621,857228.0,28.09,0.0,559.2,536.9,529.9,18.28,343.3,0.0,0.0,0.0,0.0,0.0,0.0,0.0,0.0,341.6,342.5,104.6,-0.4,40.95,41.88,42.23,41.23,0.0,271.0,274.0,274.0,273.0,0.63,0.0,36.14,34.68,-0.165,34.67,0.999,6000.0,403416.0,13.0,402.0,59.96,7.0,46.0,51.0,59.97,18.42,41.97,561.6,42.91,43.7,43.8,60.0,59.5,75.6,1.0,273.0,272.7,272.0,35.48,-1.208,35.5,1915.0,415826.0,13175.0,1912.0,-0.999,0.818,0.791,0.836,28.17,28.18,28.17,21.11,9.67,9.67,9.67,7.249,159.0,159.0,159.0,119.0,1.22,108.5,60.33,2.7,3.5,2.0,-1.0,13.59,0.003,0.307,3.0,2.0,0.0,0.0,40.63,38.03,42.02,40.85,41.66,40.62,38.01,43.4,34.83,37.36,41.93,47.12,40.59,43.57,46.86,44.78,38.03,41.94,43.8
2017-05-04 12:37:00-05:00,503.23874,527.56537,561.77313,490.45963,509.915,527.958,497.422,500.47742,857229.0,28.13,0.0,538.6,516.6,509.9,18.51,343.0,0.0,0.0,0.0,0.0,0.0,0.0,0.0,0.0,341.3,342.3,100.8,-0.4,39.48,40.27,40.48,39.48,0.0,271.0,273.9,274.0,272.9,0.625,0.0,34.75,33.37,-0.19,33.35,0.999,6000.0,403417.0,14.0,402.0,59.96,7.0,46.0,51.0,57.75,18.48,41.25,541.9,41.29,42.08,42.18,60.0,59.5,75.6,1.0,272.9,272.4,272.0,34.15,-1.144,34.17,1915.0,415827.0,13175.0,1912.0,-0.999,0.818,0.791,0.836,27.17,27.17,27.18,20.38,9.32,9.32,9.32,6.989,159.0,159.0,159.0,119.0,3.75,109.5,17.68,6.9,3.5,2.0,-1.0,13.59,0.003,0.306,3.0,2.0,0.0,0.0,40.24,37.56,41.74,40.48,41.56,40.33,37.88,43.05,35.45,37.39,41.64,46.78,40.43,43.16,46.52,44.5,38.03,41.57,43.5
2017-05-04 12:38:00-05:00,514.8586,539.682,575.1557,501.18512,519.9588,538.56573,506.58005,507.07812,857230.0,28.16,0.0,552.6,528.8,522.0,17.98,348.6,0.0,0.0,0.0,0.0,0.0,0.0,0.0,0.0,346.8,347.9,102.4,-0.43,40.75,41.68,41.78,40.78,0.0,271.0,274.0,274.0,273.0,0.622,0.0,35.88,34.42,-0.223,34.39,0.999,6000.0,403418.0,15.0,402.0,59.96,7.0,46.0,51.0,59.82,18.36,40.23,555.8,42.58,43.33,43.44,60.0,59.5,75.6,1.0,273.0,273.0,272.0,35.22,-1.161,35.24,1915.0,415827.0,13175.0,1912.0,-0.999,0.818,0.791,0.836,27.57,27.57,27.57,20.68,9.61,9.61,9.61,7.208,160.0,160.0,160.0,119.0,2.075,94.2,32.68,7.0,3.499,2.0,-1.0,13.59,0.003,0.307,3.0,2.0,0.0,0.0,39.5,36.3,40.69,39.08,40.59,39.23,37.39,42.45,33.29,36.56,40.93,46.0,39.64,42.15,45.65,43.87,36.95,40.85,42.88
2017-05-04 12:39:00-05:00,527.8382,552.2899,588.30145,514.42645,532.83545,550.75323,515.8636,515.44696,857231.0,28.19,0.0,565.6,541.9,535.1,18.11,347.8,0.0,0.0,0.0,0.0,0.0,0.0,0.0,0.0,346.0,347.0,105.5,-0.407,41.87,42.82,43.13,42.13,0.0,271.0,274.0,274.0,273.0,0.608,0.0,36.88,35.39,-0.135,35.36,0.999,6000.0,403418.0,15.0,402.0,59.95,7.0,46.0,51.0,58.05,18.71,39.98,569.4,43.8,44.6,44.71,60.0,59.5,75.6,1.0,273.0,272.5,272.0,36.21,-1.267,36.23,1915.0,415828.0,13175.0,1912.0,-0.999,0.818,0.791,0.836,28.38,28.39,28.39,21.28,9.87,9.87,9.87,7.402,160.0,160.0,160.0,120.0,2.035,61.9,73.22,4.1,3.5,2.0,-1.0,13.59,0.003,0.307,3.0,2.0,0.0,0.0,39.07,36.27,40.18,38.64,40.26,38.74,36.56,41.77,33.72,35.97,40.33,45.21,38.46,41.45,44.91,43.01,35.95,40.02,42.04
2017-05-04 12:40:00-05:00,522.1519,546.3953,580.9588,509.39478,527.9423,543.3053,505.20004,506.01733,857232.0,28.21,0.0,558.5,533.5,526.4,18.28,347.7,0.0,0.0,0.0,0.0,0.0,0.0,0.0,0.0,345.9,346.9,104.2,-0.412,41.33,42.33,42.42,41.42,0.0,271.0,273.9,274.0,272.9,0.603,0.0,36.45,34.98,-0.075,34.95,0.999,6000.0,403419.0,16.0,402.0,59.94,7.0,46.0,51.0,59.35,18.73,40.13,562.1,43.29,44.07,44.16,60.0,59.5,75.6,1.0,273.0,272.5,272.0,35.78,-1.299,35.8,1915.0,415828.0,13175.0,1912.0,-0.999,0.818,0.791,0.836,28.07,28.06,28.06,21.05,9.76,9.76,9.76,7.317,160.0,160.0,160.0,120.0,1.483,70.29,44.22,3.3,3.5,2.0,-1.0,13.27,-0.038,0.307,1.0,2.0,0.0,0.001,39.07,35.97,40.0,38.27,40.21,38.48,36.48,41.55,33.79,35.69,40.03,45.0,38.15,41.34,44.79,42.83,36.44,40.11,41.85
2017-05-04 12:41:00-05:00,528.7035,552.9448,586.8803,513.63196,531.0327,545.11084,505.7019,505.3101,857233.0,28.23,0.0,565.0,536.6,529.4,18.22,350.2,0.0,0.0,0.0,0.0,0.0,0.0,0.0,0.0,348.3,349.4,104.9,-0.445,41.88,42.88,42.93,41.93,0.0,271.0,273.9,274.0,272.9,0.605,0.0,36.93,35.43,-0.135,35.4,0.999,6000.0,403419.0,16.0,402.0,59.95,7.0,46.0,51.0,58.5,18.57,39.84,569.7,43.86,44.66,44.76,60.0,59.5,75.6,1.0,273.0,272.3,272.0,36.25,-1.277,36.27,1915.0,415829.0,13175.0,1912.0,-0.999,0.818,0.791,0.836,28.23,28.25,28.24,21.17,9.89,9.89,9.89,7.413,160.0,160.0,160.0,120.0,1.862,91.4,48.92,5.4,3.5,2.0,-1.0,13.29,0.038,0.311,1.0,2.0,0.0,0.001,38.97,35.99,39.88,38.17,40.23,38.41,36.54,41.65,33.9,36.16,40.07,45.05,38.07,41.3,44.8,42.93,36.47,40.34,41.92
2017-05-04 12:42:00-05:00,534.38983,559.6581,593.2756,517.472,535.7971,548.4963,508.83823,508.96402,857234.0,28.26,0.0,571.0,539.7,532.3,17.93,353.9,0.0,0.0,0.0,0.0,0.0,0.0,0.0,0.0,352.0,353.1,104.7,-0.49,42.1,43.08,43.42,42.42,0.0,271.0,273.8,274.0,272.8,0.615,0.0,37.23,35.71,-0.218,35.68,0.999,6000.0,403420.0,17.0,402.0,59.96,7.0,46.0,51.0,58.87,18.03,39.4,575.3,44.2,44.98,45.1,60.0,59.5,75.6,1.0,272.9,272.3,272.0,36.52,-1.216,36.54,1915.0,415830.0,13175.0,1912.0,-0.999,0.818,0.791,0.836,28.17,28.17,28.19,21.13,9.97,9.97,9.97,7.476,160.0,160.0,160.0,120.0,2.565,78.55,40.41,4.1,3.5,2.0,-1.0,13.55,0.006,0.308,3.0,2.0,0.0,0.001,38.54,35.64,39.66,37.9,40.06,38.17,36.48,41.04,32.9,35.32,39.4,44.87,38.15,41.23,44.65,42.61,36.11,40.08,41.67
2017-05-04 12:43:00-05:00,546.875,572.10223,606.066,528.3299,546.3559,559.2168,519.2508,518.62946,857235.0,28.28,0.0,584.4,551.0,543.5,17.6,351.3,0.0,0.0,0.0,0.0,0.0,0.0,0.0,0.0,349.5,350.5,108.2,-0.453,43.53,44.45,44.6,43.6,0.0,271.0,274.0,274.0,273.0,0.61,0.0,38.23,36.67,-0.26,36.65,0.999,6000.0,403421.0,18.0,402.0,59.97,7.0,46.0,51.0,59.38,17.81,39.18,588.5,45.38,46.15,46.26,60.0,59.5,75.6,1.0,273.0,272.9,272.0,37.51,-1.235,37.53,1915.0,415830.0,13175.0,1912.0,-0.999,0.818,0.791,0.836,29.14,29.14,29.13,21.84,10.24,10.24,10.23,7.673,160.0,160.0,160.0,120.0,2.875,91.6,34.74,5.2,3.499,2.0,-1.0,13.55,0.003,0.308,3.0,2.0,0.0,0.0,38.52,35.32,39.24,37.5,39.55,37.73,36.61,40.7,32.02,35.05,39.0,44.79,38.53,41.26,44.56,42.54,36.1,40.03,41.61
2017-05-04 12:44:00-05:00,589.39874,616.3116,652.609,570.7022,588.4625,603.11456,563.5358,560.0019,857236.0,28.3,0.0,630.8,595.6,587.5,17.63,350.5,0.0,0.0,0.0,0.0,0.0,0.0,0.0,0.0,348.7,349.7,117.5,-0.463,47.05,48.02,48.13,47.13,0.0,271.0,274.0,274.1,273.0,0.608,0.0,41.35,39.64,-0.238,39.61,0.999,6000.0,403421.0,18.0,402.0,59.97,7.0,46.0,51.0,58.25,17.75,38.61,634.4,49.12,49.9,50.0,60.0,59.5,75.6,1.0,273.0,273.0,272.0,40.59,-1.373,40.61,1915.0,415831.0,13175.0,1912.0,-0.999,0.818,0.791,0.836,31.6,31.6,31.59,23.69,11.08,11.08,11.07,8.31,161.0,161.0,161.0,120.0,3.982,101.4,24.83,7.1,3.5,2.0,-1.0,13.55,0.003,0.31,3.0,2.0,0.0,0.0,38.24,34.68,38.79,36.87,39.18,37.23,36.51,40.39,31.97,34.57,38.75,44.5,38.17,40.95,44.34,42.44,36.16,39.77,41.41
2017-05-04 12:45:00-05:00,625.7417,655.1176,693.34894,603.80554,622.58563,636.40466,595.9027,591.1196,857237.0,28.32,0.0,670.1,629.1,620.5,17.64,351.7,0.0,0.0,0.0,0.0,0.0,0.0,0.0,0.0,349.7,350.8,124.2,-0.478,49.87,50.82,50.97,49.97,0.0,271.0,274.0,274.7,273.0,0.61,0.0,43.86,42.04,-0.273,42.0,0.999,6000.0,403422.0,19.0,402.0,59.97,7.0,46.0,51.0,59.9,18.01,38.73,673.1,51.96,52.8,52.9,60.0,59.5,75.6,1.0,273.0,273.0,272.0,42.97,-1.458,43.0,1915.0,415832.0,13175.0,1912.0,-0.999,0.818,0.791,0.836,33.4,33.38,33.37,25.03,11.74,11.74,11.73,8.8,161.0,161.0,161.0,120.0,2.633,84.4,27.31,5.5,3.5,2.0,-1.0,13.55,0.003,0.311,3.0,2.0,0.0,0.0,38.22,34.32,38.47,36.32,38.82,36.69,36.56,40.45,31.64,34.7,38.8,44.5,38.61,41.01,44.34,42.5,36.3,39.86,41.5
2017-05-04 12:46:00-05:00,659.9832,692.2863,731.9572,635.18756,654.00464,668.002,627.26605,621.29443,857238.0,28.33,0.0,707.3,660.2,651.3,17.84,349.6,0.0,0.0,0.0,0.0,0.0,0.0,0.0,0.0,347.7,348.7,131.1,-0.46,52.4,53.4,53.53,52.53,0.0,271.2,274.0,274.8,273.0,0.612,0.0,46.03,44.14,-0.087,44.11,0.999,6000.0,403423.0,20.0,402.0,59.94,7.0,46.0,51.0,58.18,18.49,39.43,708.4,54.54,55.43,55.53,60.0,59.5,75.6,1.0,273.0,273.0,272.1,45.11,-1.688,45.14,1915.0,415832.0,13175.0,1912.0,-0.999,0.818,0.791,0.836,35.22,35.23,35.22,26.41,12.31,12.31,12.31,9.23,161.0,161.0,161.0,121.0,2.287,83.7,49.28,4.8,3.499,2.0,-1.0,13.55,0.004,0.313,3.0,2.0,0.0,0.0,38.72,34.5,38.89,36.95,39.23,37.0,37.02,40.54,31.84,34.85,38.95,44.87,39.3,41.45,44.71,42.71,36.35,40.12,41.69
2017-05-04 12:47:00-05:00,675.18787,707.514,746.8794,657.03577,675.7662,692.0386,651.47845,646.283,857239.0,28.33,0.0,720.6,682.3,673.1,17.88,350.6,0.0,0.0,0.0,0.0,0.0,0.0,0.0,0.0,348.7,349.8,133.7,-0.482,53.65,54.6,54.7,53.7,0.0,271.0,274.0,274.4,273.0,0.612,0.0,47.06,45.11,-0.005,45.08,0.999,6000.0,403423.0,20.0,402.0,59.93,7.0,46.0,51.0,59.43,18.15,39.07,722.7,55.77,56.63,56.75,60.0,59.5,75.6,1.0,273.0,273.0,272.0,46.08,-1.786,46.12,1915.0,415833.0,13175.0,1912.0,-0.999,0.818,0.791,0.836,35.86,35.87,35.86,26.88,12.57,12.58,12.57,9.43,161.0,161.0,161.0,121.0,2.372,140.2,67.24,4.5,3.499,2.0,-1.0,13.39,0.001,0.315,3.0,2.0,0.0,0.001,38.79,34.9,39.04,37.43,39.56,37.4,37.25,40.87,32.52,35.24,39.26,45.24,39.53,41.81,45.09,43.19,36.66,40.55,42.01
2017-05-04 12:48:00-05:00,672.8392,705.5491,743.8002,652.2689,672.0319,685.7191,643.19855,640.38947,857240.0,28.36,0.0,717.8,676.5,667.4,18.04,350.8,0.0,0.0,0.0,0.0,0.0,0.0,0.0,0.0,349.0,350.0,132.4,-0.482,53.13,54.08,54.28,53.28,0.0,271.1,274.0,274.6,273.0,0.608,0.0,46.65,44.73,-0.047,44.71,0.999,6000.0,403424.0,21.0,402.0,59.94,7.0,46.0,51.0,59.15,18.61,39.96,720.3,55.28,56.16,56.3,60.0,59.5,75.6,1.0,273.0,273.0,272.0,45.71,-1.743,45.74,1915.0,415834.0,13175.0,1912.0,-0.999,0.818,0.791,0.836,35.59,35.58,35.59,26.68,12.48,12.48,12.48,9.36,161.0,161.0,161.0,121.0,2.963,84.6,45.7,5.4,3.5,2.0,-1.0,13.55,0.003,0.314,3.0,2.0,0.0,0.0,39.4,34.92,39.3,37.96,40.07,37.81,37.74,41.24,33.33,35.47,39.68,45.6,39.96,42.18,45.49,43.81,37.49,41.09,42.69
2017-05-04 12:49:00-05:00,723.7688,760.23773,801.47565,699.80536,722.25085,734.9207,690.74536,687.65546,857241.0,28.36,0.0,772.8,724.9,715.1,17.93,345.3,0.0,0.0,0.0,0.0,0.0,0.0,0.0,0.0,343.3,344.3,144.6,-0.408,57.07,58.07,58.2,57.2,0.0,271.8,274.2,275.0,273.2,0.613,0.0,50.14,48.06,-0.16,48.02,1.0,6000.0,403425.0,22.0,402.0,59.96,7.0,46.0,51.0,58.45,18.37,40.35,774.7,59.34,60.25,60.35,60.0,59.5,75.6,1.0,273.4,273.0,272.6,49.09,-1.78,49.12,1915.0,415835.0,13175.0,1912.0,-0.999,0.818,0.791,0.836,38.81,38.82,38.8,29.09,13.4,13.41,13.4,10.05,162.0,162.0,162.0,121.0,2.148,113.9,77.3,5.6,3.502,2.0,-1.0,13.55,0.003,0.316,3.0,2.0,0.0,0.0,39.98,35.19,39.65,38.4,40.37,38.12,38.21,42.07,33.76,36.44,40.51,46.16,40.76,42.77,46.03,44.4,38.33,41.74,43.26
2017-05-04 12:50:00-05:00,767.4051,807.8856,851.8084,745.48804,766.4177,783.67096,742.30664,736.10016,857242.0,28.37,0.0,822.0,773.8,763.2,18.02,344.0,0.0,0.0,0.0,0.0,0.0,0.0,0.0,0.0,342.0,343.0,153.1,-0.408,60.27,61.23,61.4,60.4,0.0,271.5,274.0,274.8,273.0,0.61,0.0,52.82,50.64,-0.223,50.61,0.999,6000.0,403426.0,23.0,402.0,59.96,7.0,46.0,51.0,60.02,18.79,41.6,822.0,62.62,63.5,63.63,60.0,59.5,75.6,1.0,273.1,273.0,272.2,51.74,-1.867,51.77,1915.0,415835.0,13175.0,1912.0,-0.999,0.818,0.791,0.836,41.12,41.09,41.09,30.84,14.15,14.13,14.13,10.61,162.0,162.0,162.0,121.0,1.695,97.0,40.76,4.2,3.5,2.0,-1.0,13.55,0.003,0.318,3.0,2.0,0.0,0.0,40.94,36.34,40.56,39.52,41.11,39.09,38.9,43.08,35.16,37.08,41.46,47.08,41.66,43.88,46.98,45.39,39.16,42.79,44.23
2017-05-04 12:51:00-05:00,786.5654,828.51666,872.5337,768.13074,789.33813,809.06165,769.27905,762.0317,857243.0,28.39,0.0,840.0,796.2,785.1,18.28,341.9,0.0,0.0,0.0,0.0,0.0,0.0,0.0,0.0,339.8,340.8,156.8,-0.4,61.32,62.25,62.43,61.43,0.0,271.4,274.1,275.0,273.1,0.617,0.0,53.78,51.56,-0.17,51.54,0.999,6000.0,403427.0,24.0,402.0,59.96,7.0,46.0,51.0,58.47,19.3,42.94,839.0,63.78,64.67,64.8,60.0,59.5,75.6,1.0,273.0,273.0,272.1,52.7,-1.949,52.73,1915.0,415836.0,13175.0,1912.0,-0.999,0.818,0.791,0.836,42.04,42.05,42.01,31.51,14.37,14.38,14.36,10.77,162.0,162.0,162.0,121.0,1.603,114.9,37.11,4.3,3.5,2.0,-1.0,13.55,0.003,0.319,3.0,2.0,0.0,0.0,42.27,37.62,41.83,40.93,42.39,40.4,39.91,44.28,35.76,38.78,42.75,48.09,43.01,44.86,48.01,46.42,39.93,43.83,45.22
2017-05-04 12:52:00-05:00,824.1446,867.97766,913.51056,805.8686,827.8393,848.4455,809.42413,799.9859,857244.0,28.4,0.0,879.0,834.0,823.0,18.49,338.8,0.0,0.0,0.0,0.0,0.0,0.0,0.0,0.0,336.7,337.6,164.8,-0.4,63.88,64.85,65.03,64.03,0.0,271.8,274.7,274.9,273.7,0.632,0.0,56.05,53.75,-0.172,53.71,1.0,6000.0,403428.0,25.0,402.0,59.96,7.0,46.0,51.0,59.07,19.12,42.85,879.0,66.42,67.31,67.41,60.0,59.5,75.6,1.0,273.7,273.4,272.7,54.88,-2.036,54.92,1915.0,415837.0,13175.0,1912.0,-0.999,0.818,0.791,0.836,44.16,44.19,44.17,33.12,14.96,14.97,14.96,11.22,162.0,162.0,162.0,122.0,2.243,58.88,80.7,4.2,3.5,2.0,-1.0,13.38,-0.011,0.32,3.0,2.0,0.0,0.001,42.73,38.44,42.6,41.62,43.2,41.19,40.87,45.36,36.15,39.33,43.77,49.15,43.5,45.87,49.05,47.43,40.89,44.75,46.18
2017-05-04 12:53:00-05:00,827.60583,868.7964,914.45795,805.2065,828.74066,845.6243,804.155,796.92126,857245.0,28.4,0.0,881.0,833.0,821.0,18.82,337.8,0.0,0.0,0.0,0.0,0.0,0.0,0.0,0.0,335.7,336.7,165.2,-0.4,63.83,64.78,64.93,63.93,0.0,271.8,274.6,275.0,273.6,0.618,0.0,56.0,53.7,-0.175,53.67,0.999,6000.0,403428.0,25.0,402.0,59.96,7.0,46.0,51.0,59.92,19.16,44.19,883.0,66.33,67.21,67.31,60.0,59.5,75.6,1.0,273.6,273.4,272.8,54.82,-2.018,54.86,1915.0,415838.0,13175.0,1912.0,-0.999,0.818,0.791,0.836,44.26,44.24,44.26,33.2,14.95,14.94,14.95,11.21,163.0,163.0,163.0,122.0,1.663,90.2,29.85,3.7,3.5,2.0,-1.0,13.38,0.017,0.322,3.0,2.0,0.0,0.001,43.32,39.14,43.38,42.17,44.21,41.89,41.4,46.26,36.93,40.25,44.59,50.11,44.59,46.9,50.01,48.25,41.55,45.48,46.99
2017-05-04 12:54:00-05:00,782.60974,825.0782,868.15173,757.8025,781.6122,796.987,760.121,751.3054,857246.0,28.42,0.0,833.0,782.3,770.9,18.67,338.7,0.0,0.0,0.0,0.0,0.0,0.0,0.0,0.0,336.6,337.6,155.8,-0.4,60.32,61.25,61.5,60.5,0.0,271.5,274.2,275.0,273.2,0.622,0.0,52.9,50.75,-0.153,50.73,0.999,6000.0,403429.0,26.0,402.0,59.95,7.0,46.0,51.0,57.82,18.97,44.61,835.0,62.35,63.25,63.35,60.0,59.5,75.6,1.0,273.2,273.1,272.5,51.54,-1.909,51.58,1915.0,415839.0,13175.0,1912.0,-0.999,0.818,0.791,0.836,41.55,41.57,41.58,31.15,14.07,14.08,14.08,10.55,163.0,163.0,163.0,122.0,3.293,93.7,37.35,7.7,3.5,2.0,-1.0,13.55,0.003,0.319,3.0,2.0,0.0,0.0,44.02,39.11,43.74,42.49,44.65,42.23,41.72,46.6,36.32,40.05,44.91,50.45,44.84,47.12,50.27,48.56,41.72,45.81,47.33
2017-05-04 12:55:00-05:00,715.4866,752.21454,791.0538,696.3626,719.16046,731.3096,691.1217,687.41974,857247.0,28.43,0.0,758.6,717.5,707.5,18.33,338.3,0.0,0.0,0.0,0.0,0.0,0.0,0.0,0.0,336.4,337.4,142.6,-0.4,55.2,56.17,56.27,55.27,0.0,271.4,274.0,275.0,273.0,0.612,0.0,48.42,46.44,-0.253,46.42,0.999,6000.0,403430.0,27.0,402.0,59.97,7.0,46.0,51.28,59.77,18.7,44.31,759.3,57.38,58.26,58.34,60.0,59.5,75.6,1.0,273.0,273.0,272.2,47.44,-1.658,47.47,1915.0,415840.0,13176.0,1912.0,-0.999,0.818,0.791,0.836,38.2,38.22,38.19,28.63,12.92,12.93,12.92,9.69,163.0,163.0,163.0,122.0,4.035,82.1,29.47,7.2,3.5,2.0,-1.0,13.55,0.003,0.316,3.0,2.0,0.0,0.0,43.86,38.62,43.55,42.34,44.58,41.85,41.51,46.24,35.66,39.67,44.3,50.1,43.92,46.44,49.91,48.3,41.21,45.22,47.07
2017-05-04 12:56:00-05:00,650.09393,681.47955,716.4429,634.65796,654.6485,666.87354,628.52057,624.9484,857248.0,28.45,0.0,686.8,654.3,645.4,18.18,342.4,0.0,0.0,0.0,0.0,0.0,0.0,0.0,0.0,340.5,341.4,128.6,-0.4,50.42,51.37,51.52,50.52,0.0,271.3,274.0,275.0,273.0,0.622,0.0,44.24,42.45,-0.3,42.42,0.999,6000.0,403431.0,28.0,402.0,59.98,7.0,46.0,51.18,58.58,18.24,43.54,689.9,52.42,53.32,53.4,60.0,59.5,75.6,1.0,273.0,273.0,272.2,43.39,-1.44,43.42,1915.0,415841.0,13176.0,1912.0,-0.999,0.818,0.791,0.836,34.54,34.55,34.55,25.9,11.83,11.83,11.83,8.87,163.0,163.0,163.0,122.0,2.54,86.0,41.21,5.5,3.5,2.0,-1.0,13.55,0.003,0.313,3.0,2.0,0.0,0.0,43.22,37.68,42.89,41.41,43.65,40.99,40.83,45.87,35.94,39.39,43.88,49.35,43.58,45.64,49.15,47.84,41.03,44.88,46.6
2017-05-04 12:57:00-05:00,678.15466,711.6074,750.19543,656.63855,675.1223,688.54034,650.0985,642.629,857249.0,28.46,0.0,721.1,677.0,668.2,18.56,343.1,0.0,0.0,0.0,0.0,0.0,0.0,0.0,0.0,341.2,342.2,134.3,-0.4,52.7,53.63,53.83,52.83,0.0,271.6,274.0,275.0,273.0,0.603,0.0,46.28,44.39,-0.305,44.35,0.999,6000.0,403431.0,28.0,402.0,59.99,7.0,46.0,51.52,58.78,18.66,43.13,723.0,54.78,55.67,55.76,60.0,59.5,75.6,1.0,273.2,273.0,272.6,45.34,-1.463,45.36,1915.0,415841.0,13176.0,1912.0,-0.999,0.818,0.791,0.836,36.09,36.09,36.09,27.06,12.38,12.38,12.38,9.28,163.0,163.0,163.0,122.0,2.673,104.7,60.34,6.5,3.5,2.0,-1.0,13.55,0.003,0.314,3.0,2.0,0.0,0.0,42.84,37.78,42.62,41.43,43.29,40.93,40.42,45.44,35.73,39.43,43.56,48.84,42.52,45.33,48.56,47.52,40.09,44.35,46.19
2017-05-04 12:58:00-05:00,672.2211,703.91174,742.0237,658.22754,676.7963,691.5872,654.9912,649.1119,857250.0,28.47,0.0,711.9,679.8,671.7,18.31,343.8,0.0,0.0,0.0,0.0,0.0,0.0,0.0,0.0,341.8,342.8,133.3,-0.402,52.38,53.37,53.43,52.43,0.0,271.8,274.1,275.0,273.1,0.607,0.0,46.0,44.12,-0.313,44.09,0.999,6000.0,403432.0,29.0,402.0,59.99,7.0,46.0,51.9,59.77,18.44,43.15,715.5,54.47,55.35,55.43,60.0,59.5,75.6,1.0,273.6,273.0,272.9,45.09,-1.436,45.11,1915.0,415842.0,13176.0,1912.0,-1.0,0.818,0.791,0.836,35.76,35.75,35.75,26.81,12.29,12.29,12.29,9.22,164.0,164.0,164.0,123.0,3.117,84.4,31.33,5.7,3.5,2.0,-1.0,13.38,-0.004,0.315,3.0,2.0,0.0,0.001,42.68,37.25,42.38,41.37,43.06,40.75,40.24,44.82,34.64,38.45,43.01,48.51,42.66,44.91,48.17,47.15,39.85,43.98,45.88
2017-05-04 12:59:00-05:00,750.4697,787.58203,831.79376,727.8771,747.2315,764.26117,726.4995,717.35876,857251.0,28.5,0.0,803.0,754.5,744.7,18.08,340.8,0.0,0.0,0.0,0.0,0.0,0.0,0.0,0.0,338.8,339.8,150.2,-0.4,58.57,59.57,59.68,58.68,0.0,271.8,274.2,275.0,273.2,0.617,0.0,51.37,49.26,-0.307,49.24,0.999,6000.0,403433.0,30.0,402.0,59.99,7.0,46.0,51.97,58.18,18.79,43.56,807.0,60.91,61.83,61.9,60.0,59.5,75.6,1.0,273.6,273.0,272.9,50.41,-1.676,50.44,1915.0,415843.0,13176.0,1912.0,-0.999,0.818,0.791,0.836,40.48,40.49,40.49,30.35,13.79,13.79,13.79,10.34,164.0,164.0,164.0,123.0,3.363,80.6,45.26,8.5,3.5,2.0,-1.0,13.55,0.009,0.317,3.0,2.0,0.0,0.0,42.8,36.97,42.17,41.12,42.86,40.37,40.11,44.63,34.93,38.33,42.79,48.28,42.32,44.68,47.99,46.98,39.76,43.92,45.77
2017-05-04 13:00:00-05:00,741.3222,780.0501,821.7272,724.4343,748.00415,761.66565,722.10864,716.1801,857252.0,28.52,0.0,788.4,748.5,738.5,18.12,340.9,0.0,0.0,0.0,0.0,0.0,0.0,0.0,0.0,338.9,339.8,147.9,-0.4,57.57,58.57,58.67,57.67,0.0,271.8,274.2,275.0,273.2,0.62,0.0,50.56,48.5,-0.305,48.47,0.999,6000.0,403434.0,31.0,402.0,59.98,7.0,46.32,52.0,59.78,18.72,43.9,786.6,59.93,60.81,60.88,60.0,59.5,75.6,1.0,273.4,273.0,272.9,49.56,-1.662,49.58,1915.0,415844.0,13176.0,1912.0,-0.999,0.818,0.791,0.836,39.59,39.58,39.58,29.67,13.49,13.49,13.49,10.11,164.0,164.0,164.0,123.0,2.255,72.43,35.73,4.8,3.499,2.0,-1.0,13.55,0.003,0.318,3.0,2.0,0.0,0.0,43.16,37.72,42.59,41.38,43.16,40.73,40.46,44.93,34.98,38.97,43.0,48.79,42.9,45.27,48.52,47.43,40.47,44.55,46.23
2017-05-04 13:01:00-05:00,794.2296,837.3585,882.3634,760.186,782.1272,795.74567,753.72284,744.11536,857253.0,28.53,0.0,851.0,786.4,775.8,18.35,340.9,0.0,0.0,0.0,0.0,0.0,0.0,0.0,0.0,338.9,339.9,156.6,-0.407,61.07,62.03,62.13,61.13,0.0,271.9,274.3,275.0,273.3,0.627,0.0,53.56,51.38,-0.308,51.33,0.999,6000.0,403435.0,32.0,402.0,59.99,7.0,46.38,52.0,58.77,19.29,44.31,848.0,63.64,64.52,64.6,60.0,59.5,75.6,1.0,273.6,273.0,273.0,52.61,-1.785,52.64,1915.0,415845.0,13176.0,1912.0,-0.999,0.818,0.791,0.836,42.19,42.21,42.2,31.63,14.38,14.39,14.39,10.78,164.0,164.0,164.0,123.0,2.63,110.1,28.76,6.1,3.5,2.0,-1.0,13.55,0.003,0.318,3.0,2.0,0.0,0.0,43.59,38.18,42.91,41.89,43.38,41.14,40.83,45.27,36.12,38.94,43.41,49.2,43.52,45.73,48.94,47.71,40.53,44.84,46.53
2017-05-04 13:02:00-05:00,825.50433,867.97766,913.62897,804.80927,827.968,844.49585,801.8969,794.32806,857254.0,28.55,0.0,880.0,834.0,822.0,18.43,336.1,0.0,0.0,0.0,0.0,0.0,0.0,0.0,0.0,334.1,335.1,165.4,-0.4,63.73,64.72,64.82,63.82,0.0,271.5,274.1,274.9,273.1,0.62,0.0,55.81,53.53,-0.173,53.49,1.0,6000.0,403436.0,33.0,402.0,59.96,7.0,46.65,52.0,58.97,19.04,44.65,882.0,66.23,67.14,67.19,60.0,59.5,75.6,1.0,273.3,273.0,272.5,54.69,-2.018,54.73,1915.0,415846.0,13176.0,1912.0,-0.999,0.818,0.791,0.836,44.37,44.32,44.33,33.26,14.92,14.9,14.9,11.18,165.0,165.0,165.0,123.0,3.052,93.2,30.44,5.0,3.5,2.0,-1.0,13.55,0.003,0.321,3.0,2.0,0.0,0.0,43.81,38.53,43.48,42.5,44.08,41.45,41.34,45.7,35.75,39.09,43.89,49.74,44.04,46.27,49.51,48.33,41.22,45.37,47.15
2017-05-04 13:03:00-05:00,706.58624,743.86395,778.5002,695.43567,720.9632,728.82697,685.1,686.59467,857255.0,28.56,0.0,744.8,714.6,704.7,18.38,340.8,0.0,0.0,0.0,0.0,0.0,0.0,0.0,0.0,338.9,339.9,139.9,-0.4,54.58,55.47,55.63,54.63,0.0,271.0,274.0,274.6,273.0,0.63,0.0,47.83,45.89,-0.21,45.87,0.999,6000.0,403436.0,33.0,402.0,59.96,7.0,46.97,52.0,60.02,18.71,44.58,744.1,56.8,57.65,57.74,60.0,59.5,75.6,1.0,273.0,273.0,272.0,46.92,-1.66,46.95,1915.0,415846.0,13176.0,1912.0,-0.999,0.818,0.791,0.836,37.35,37.36,37.36,28.0,12.73,12.73,12.73,9.54,165.0,165.0,165.0,123.0,3.008,86.5,27.3,4.8,3.5,2.0,-1.0,13.55,0.004,0.317,3.0,2.0,0.0,0.0,44.01,38.95,43.75,42.78,44.19,41.74,41.73,46.06,36.98,40.11,44.31,50.02,44.53,46.64,49.75,48.77,41.97,45.81,47.58
2017-05-04 13:04:00-05:00,584.82495,614.3468,640.4107,572.02637,592.71185,597.1336,554.12683,559.4126,857256.0,28.58,0.0,614.3,588.4,580.1,18.38,342.0,0.0,0.0,0.0,0.0,0.0,0.0,0.0,0.0,340.1,341.2,115.5,-0.4,45.12,46.05,46.2,45.2,0.0,271.1,274.0,274.6,273.0,0.62,0.0,39.67,38.07,-0.272,38.05,0.999,6000.0,403437.0,34.0,402.0,59.97,7.0,46.85,52.0,57.85,18.37,43.78,615.5,47.02,47.92,48.01,60.0,59.5,75.6,1.0,273.0,273.0,272.0,38.96,-1.29,38.98,1915.0,415847.0,13176.0,1912.0,-0.999,0.818,0.791,0.836,30.98,30.97,30.97,23.22,10.59,10.59,10.59,7.94,165.0,165.0,165.0,124.0,3.883,77.42,34.04,6.5,3.502,2.0,-1.0,13.42,0.001,0.31,1.0,2.0,0.0,0.001,43.34,37.99,43.17,41.92,43.43,41.03,41.26,45.57,36.02,39.32,43.81,49.56,43.63,46.01,49.34,48.22,41.46,45.21,47.1
2017-05-04 13:05:00-05:00,520.9158,546.23157,569.11584,505.55478,524.46564,527.39374,482.24213,489.75122,857257.0,28.59,0.0,545.1,519.0,512.7,18.22,341.6,0.0,0.0,0.0,0.0,0.0,0.0,0.0,0.0,339.9,340.9,102.5,-0.4,39.85,40.85,40.9,39.9,0.0,271.0,274.0,274.3,273.0,0.608,0.0,35.22,33.82,-0.258,33.78,0.999,6000.0,403438.0,35.0,402.0,59.97,7.0,47.0,52.0,59.58,18.35,42.92,548.7,41.7,42.58,42.66,60.0,59.5,75.6,1.0,273.0,273.0,272.0,34.58,-1.104,34.59,1915.0,415848.0,13176.0,1912.0,-0.999,0.818,0.791,0.836,27.61,27.6,27.6,20.69,9.43,9.43,9.43,7.068,165.0,165.0,165.0,124.0,2.613,83.8,42.04,5.1,3.5,2.0,-1.0,13.55,0.003,0.308,3.0,2.0,0.0,0.001,42.22,36.98,42.13,40.83,42.36,39.87,40.28,44.59,34.79,38.16,42.99,48.52,42.79,44.8,48.25,47.1,40.54,43.97,45.99
2017-05-04 13:06:00-05:00,520.6685,547.86896,571.9581,502.37686,521.89026,525.5882,479.35672,487.15802,857258.0,28.6,0.0,549.6,519.5,513.0,18.42,348.5,0.0,0.0,0.0,0.0,0.0,0.0,0.0,0.0,346.7,347.8,101.5,-0.425,40.4,41.37,41.47,40.47,0.0,271.0,274.0,274.4,273.0,0.62,0.0,35.6,34.15,-0.285,34.13,0.999,6000.0,403438.0,35.0,402.0,59.97,7.0,47.0,52.0,58.33,18.45,41.6,552.2,42.11,43.0,43.09,60.0,59.5,75.6,1.0,273.0,273.0,272.0,34.92,-1.106,34.94,1915.0,415848.0,13176.0,1912.0,-1.0,0.818,0.791,0.836,27.35,27.35,27.35,20.51,9.53,9.53,9.53,7.148,165.0,165.0,165.0,124.0,2.73,81.6,60.63,5.9,3.5,2.0,-1.0,13.55,0.003,0.307,3.0,2.0,0.0,0.0,41.36,36.23,41.44,40.17,41.64,39.29,39.06,43.77,34.44,36.94,42.1,47.37,41.18,43.53,47.07,46.15,39.58,42.95,45.02
2017-05-04 13:07:00-05:00,519.4324,545.74036,569.35266,502.50925,521.24646,526.0396,479.85852,486.68658,857259.0,28.62,0.0,547.5,519.3,513.0,18.25,353.7,0.0,0.0,0.0,0.0,0.0,0.0,0.0,0.0,352.0,353.1,99.7,-0.48,40.07,41.05,41.15,40.15,0.0,271.0,274.0,274.0,273.0,0.607,0.0,35.44,33.98,-0.235,33.95,0.999,6000.0,403439.0,36.0,402.0,59.97,7.0,47.0,52.0,59.08,18.68,41.39,550.2,41.92,42.79,42.89,60.0,59.5,75.6,1.0,273.0,272.9,272.0,34.75,-1.132,34.76,1915.0,415849.0,13176.0,1912.0,-0.999,0.818,0.791,0.836,26.81,26.81,26.81,20.11,9.48,9.48,9.48,7.111,165.0,165.0,165.0,124.0,2.24,93.8,34.95,5.3,3.5,2.0,-1.0,13.55,0.003,0.307,3.0,2.0,0.0,0.0,40.65,35.3,40.74,39.46,40.88,38.59,38.19,42.72,33.1,36.26,41.01,46.54,40.51,42.79,46.17,45.39,38.98,42.11,44.29
2017-05-04 13:08:00-05:00,517.5781,543.7755,567.2209,500.52304,519.05743,524.6854,475.84402,483.2683,857260.0,28.65,0.0,546.6,517.8,511.8,18.24,354.5,0.0,0.0,0.0,0.0,0.0,0.0,0.0,0.0,352.9,353.9,98.9,-0.492,40.0,41.0,41.0,40.0,0.0,271.0,274.0,274.0,273.0,0.598,0.0,35.29,33.82,-0.237,33.79,0.999,6000.0,403439.0,36.0,402.0,59.97,7.0,47.0,52.0,59.05,19.0,41.61,548.7,41.72,42.6,42.71,60.0,59.5,75.6,1.0,273.0,273.0,272.0,34.58,-1.121,34.6,1915.0,415849.0,13176.0,1912.0,-0.999,0.818,0.791,0.836,26.61,26.6,26.61,19.95,9.43,9.43,9.43,7.072,166.0,166.0,166.0,124.0,1.033,26.79,44.15,2.4,3.499,2.0,-1.0,13.55,0.003,0.307,3.0,2.0,0.0,0.0,40.6,35.44,40.4,39.12,40.67,38.37,37.71,41.98,32.7,36.01,40.32,46.21,40.06,42.59,45.89,44.76,38.23,41.65,43.73
2017-05-04 13:09:00-05:00,521.28656,547.5415,571.2475,504.62787,522.6629,528.97363,478.85492,486.68658,857261.0,28.66,0.0,550.0,522.4,515.9,18.38,352.7,0.0,0.0,0.0,0.0,0.0,0.0,0.0,0.0,351.0,352.0,100.7,-0.468,40.3,41.23,41.72,40.72,0.0,271.0,274.0,274.0,273.0,0.602,0.0,35.69,34.23,-0.282,34.21,0.999,6000.0,403440.0,37.0,402.0,59.97,7.0,47.0,52.0,58.47,18.99,40.99,552.9,42.28,43.12,43.23,60.0,59.5,75.6,1.0,273.0,272.9,272.0,35.01,-1.112,35.03,1915.0,415850.0,13176.0,1912.0,-1.0,0.818,0.791,0.836,27.07,27.09,27.09,20.3,9.55,9.56,9.55,7.159,166.0,166.0,166.0,124.0,2.312,74.01,49.11,6.0,3.5,2.0,-1.0,13.46,-0.001,0.307,3.0,2.0,0.0,0.0,40.52,35.73,40.51,39.39,40.55,38.66,37.51,41.42,32.65,35.1,39.74,45.91,39.78,42.51,45.65,44.21,37.7,41.24,43.27
2017-05-04 13:10:00-05:00,520.0505,546.559,569.9448,503.9658,521.89026,527.958,477.60037,486.4508,857262.0,28.66,0.0,548.7,521.0,514.6,18.12,351.6,0.0,0.0,0.0,0.0,0.0,0.0,0.0,0.0,349.9,350.9,101.3,-0.458,40.72,41.73,41.8,40.8,0.0,271.0,273.9,274.0,272.9,0.6,0.0,35.82,34.35,-0.267,34.33,0.999,6000.0,403440.0,37.0,402.0,59.97,7.0,47.0,52.0,59.7,18.18,40.29,551.2,42.48,43.27,43.37,60.0,59.5,75.6,1.0,273.0,272.7,272.0,35.15,-1.121,35.16,1915.0,415850.0,13176.0,1912.0,-1.0,0.818,0.791,0.836,27.25,27.27,27.25,20.44,9.58,9.59,9.58,7.185,166.0,166.0,166.0,124.0,3.007,93.8,30.51,5.3,3.502,2.0,-1.0,13.53,0.006,0.307,3.0,2.0,0.0,0.0,39.83,35.19,40.06,38.46,39.96,38.23,37.27,40.94,32.24,34.92,39.29,45.25,39.53,41.76,44.94,43.52,37.15,40.59,42.65
2017-05-04 13:11:00-05:00,507.81253,533.6237,556.4438,491.51895,509.27118,514.7548,464.9296,475.01743,857263.0,28.67,0.0,535.1,507.4,501.4,17.87,352.9,0.0,0.0,0.0,0.0,0.0,0.0,0.0,0.0,351.2,352.1,98.5,-0.462,39.67,40.57,40.73,39.73,0.0,271.0,273.9,274.0,272.9,0.608,0.0,34.97,33.53,-0.238,33.5,0.999,6000.0,403441.0,38.0,402.0,59.97,7.0,47.0,52.0,57.95,17.6,40.06,537.6,41.44,42.28,42.39,60.0,59.5,75.6,1.0,273.0,272.5,272.0,34.31,-1.114,34.33,1915.0,415851.0,13176.0,1912.0,-0.999,0.818,0.791,0.836,26.51,26.5,26.51,19.89,9.35,9.35,9.35,7.017,166.0,166.0,166.0,124.0,2.232,63.18,60.24,4.3,3.5,2.0,-1.0,13.55,0.003,0.307,3.0,2.0,0.0,0.0,39.28,34.92,39.44,38.21,39.2,37.75,36.9,40.73,32.43,34.7,39.2,44.8,39.29,41.49,44.53,43.02,36.92,40.27,42.15
2017-05-04 13:12:00-05:00,492.4842,517.2499,539.38983,476.02655,493.56168,498.73047,449.1225,459.69427,857264.0,28.68,0.0,518.6,491.4,485.6,17.92,352.1,0.0,0.0,0.0,0.0,0.0,0.0,0.0,0.0,350.4,351.4,95.7,-0.457,38.42,39.37,39.5,38.5,0.0,271.0,274.0,274.0,273.0,0.607,0.0,33.89,32.49,-0.288,32.47,0.999,6000.0,403441.0,38.0,402.0,59.98,7.0,47.0,52.0,59.95,18.24,40.13,521.3,40.08,40.95,41.06,60.0,59.5,75.6,1.0,273.0,272.8,272.0,33.23,-1.011,33.25,1915.0,415852.0,13176.0,1912.0,-1.0,0.818,0.791,0.836,25.76,25.76,25.77,19.32,9.07,9.07,9.07,6.802,166.0,166.0,166.0,124.0,1.77,105.1,38.22,3.7,3.5,2.0,-1.0,13.55,0.003,0.306,3.0,2.0,0.0,0.0,39.13,34.74,39.42,38.38,39.11,37.64,36.64,40.75,32.76,34.99,39.28,44.37,38.76,40.99,44.11,42.77,37.08,40.02,41.84
2017-05-04 13:13:00-05:00,476.90863,500.71228,521.9806,460.26935,477.46588,482.02896,431.9354,442.6031,857265.0,28.69,0.0,502.1,475.3,469.7,18.21,350.6,0.0,0.0,0.0,0.0,0.0,0.0,0.0,0.0,349.0,350.0,93.1,-0.417,37.18,38.2,38.35,37.35,0.0,271.0,273.9,274.0,272.9,0.597,0.0,32.86,31.51,-0.24,31.48,0.999,6000.0,403442.0,39.0,402.0,59.96,7.0,47.0,52.0,57.7,18.06,39.12,505.2,38.86,39.78,39.88,60.0,59.5,75.6,1.0,273.0,272.5,272.0,32.24,-1.038,32.26,1915.0,415852.0,13176.0,1912.0,-0.999,0.818,0.791,0.836,25.11,25.11,25.1,18.83,8.8,8.8,8.8,6.601,166.0,166.0,166.0,125.0,1.79,33.94,48.68,3.9,3.5,2.0,-1.0,13.55,0.003,0.305,3.0,2.0,0.0,0.0,38.57,34.78,39.07,38.16,38.82,37.42,36.15,40.18,31.69,34.91,38.73,43.92,38.27,40.47,43.69,42.37,36.33,39.59,41.42
2017-05-04 13:14:00-05:00,463.1873,486.30328,506.7031,446.10107,463.04404,466.9074,416.1283,427.2799,857266.0,28.69,0.0,488.1,461.2,455.7,18.53,350.2,0.0,0.0,0.0,0.0,0.0,0.0,0.0,0.0,348.4,349.4,90.8,-0.405,36.12,37.1,37.27,36.27,0.0,271.0,274.0,274.0,273.0,0.598,0.0,31.95,30.66,-0.165,30.62,0.999,6000.0,403443.0,40.0,402.0,59.95,7.0,47.0,52.0,59.93,18.57,38.82,491.5,37.77,38.67,38.77,60.0,59.5,75.6,1.0,273.0,272.8,272.0,31.35,-1.052,31.37,1915.0,415853.0,13176.0,1912.0,-0.999,0.818,0.791,0.836,24.46,24.47,24.47,18.34,8.57,8.57,8.57,6.422,167.0,166.0,166.0,125.0,1.718,100.1,39.91,3.4,3.502,2.0,-1.0,13.55,0.005,0.304,3.0,2.0,0.0,0.0,37.83,34.72,38.71,37.48,38.55,37.18,35.68,39.9,32.15,34.42,38.49,43.71,37.98,40.36,43.56,42.21,36.39,39.44,41.26
2017-05-04 13:15:00-05:00,451.56744,474.0229,493.67584,433.78665,450.94,453.59137,402.7048,415.13928,857267.0,28.69,0.0,476.5,449.4,444.1,18.49,349.5,0.0,0.0,0.0,0.0,0.0,0.0,0.0,0.0,348.0,348.9,88.6,-0.402,35.28,36.13,36.33,35.33,0.0,271.0,273.9,274.0,272.9,0.59,0.0,31.2,29.92,-0.157,29.91,0.999,6000.0,403443.0,40.0,402.0,59.95,7.0,47.0,52.0,57.7,18.61,37.92,480.0,36.87,37.81,37.89,60.0,59.5,75.6,1.0,273.0,272.2,272.0,30.62,-1.031,30.64,1915.0,415853.0,13176.0,1912.0,-0.999,0.818,0.791,0.836,23.94,23.94,23.94,17.95,8.37,8.37,8.37,6.274,167.0,167.0,167.0,125.0,1.883,26.86,80.3,4.5,3.5,2.0,-1.0,13.38,0.0,0.305,3.0,2.0,0.0,0.001,37.42,34.36,38.34,36.87,38.34,36.84,34.99,39.06,31.15,33.53,37.67,43.15,37.33,39.86,43.08,41.68,35.03,38.82,40.7
2017-05-04 13:16:00-05:00,441.92545,463.8711,483.25397,423.85562,441.15375,443.77365,391.41403,405.1203,857268.0,28.71,0.0,466.8,439.9,434.8,18.31,349.6,0.0,0.0,0.0,0.0,0.0,0.0,0.0,0.0,348.0,349.0,86.9,-0.402,34.53,35.58,35.82,34.82,0.0,271.0,273.9,274.0,272.9,0.587,0.0,30.56,29.33,-0.087,29.31,0.999,6000.0,403443.0,40.0,402.0,59.94,7.0,47.0,52.0,59.9,18.72,37.71,470.5,36.11,37.03,37.11,60.0,59.5,75.6,1.0,273.0,272.5,272.0,29.99,-1.05,30.01,1915.0,415854.0,13176.0,1912.0,-0.999,0.818,0.791,0.836,23.46,23.46,23.46,17.59,8.2,8.2,8.2,6.147,167.0,167.0,167.0,125.0,1.665,197.5,90.5,3.3,3.5,2.0,-1.0,13.55,0.004,0.303,3.0,2.0,0.0,0.0,37.16,34.16,37.73,36.56,37.86,36.42,34.63,38.54,31.14,33.05,37.17,42.73,36.89,39.47,42.6,41.1,34.82,38.36,40.11
2017-05-04 13:17:00-05:00,434.3849,456.17538,475.31915,416.30807,433.6853,436.21283,383.385,397.93024,857269.0,28.72,0.0,459.8,433.0,427.9,18.61,349.8,0.0,0.0,0.0,0.0,0.0,0.0,0.0,0.0,348.2,349.2,85.6,-0.405,34.0,35.0,35.0,34.0,0.0,271.0,273.9,274.0,272.9,0.585,0.0,30.1,28.9,-0.138,28.88,0.999,6000.0,403444.0,41.0,402.0,59.95,7.0,47.0,52.0,57.6,18.37,37.19,463.7,35.57,36.52,36.61,60.0,59.5,75.6,1.0,273.0,272.6,272.0,29.58,-1.005,29.59,1915.0,415854.0,13176.0,1912.0,-0.999,0.818,0.791,0.836,23.11,23.12,23.12,17.33,8.09,8.09,8.09,6.062,167.0,167.0,167.0,125.0,1.745,250.9,53.9,4.0,3.5,2.0,-1.0,13.55,0.003,0.303,3.0,2.0,0.0,0.0,36.69,34.25,37.39,36.56,37.68,36.3,34.28,37.88,30.27,32.89,36.57,42.43,36.37,38.9,42.32,40.68,34.35,38.05,39.69
2017-05-04 13:18:00-05:00,429.44025,451.09952,470.34512,411.54117,428.7922,431.24756,378.86868,393.2154,857270.0,28.72,0.0,455.6,428.4,423.4,18.44,349.6,0.0,0.0,0.0,0.0,0.0,0.0,0.0,0.0,348.0,349.0,84.7,-0.403,34.0,35.0,35.0,34.0,0.0,271.0,273.6,274.0,272.6,0.598,0.0,29.83,28.63,-0.092,28.61,0.999,6000.0,403444.0,41.0,402.0,59.94,7.0,47.0,52.0,59.93,18.37,36.75,459.2,35.25,36.17,36.25,60.0,59.5,75.6,1.0,273.0,272.1,272.0,29.28,-1.022,29.29,1915.0,415855.0,13176.0,1912.0,-0.983,0.818,0.791,0.836,22.91,22.91,22.91,17.18,8.01,8.01,8.01,6.005,167.0,167.0,167.0,125.0,1.182,302.8,65.95,3.0,3.502,2.0,-1.0,13.55,0.003,0.302,3.0,2.0,0.0,0.0,36.24,34.21,36.94,36.17,37.32,36.0,33.43,37.56,31.34,32.6,36.26,41.93,35.71,38.44,41.9,40.1,33.61,37.44,39.14
2017-05-04 13:19:00-05:00,426.10266,447.49725,466.91064,408.36325,425.83057,427.74927,375.85782,390.62225,857271.0,28.72,0.0,452.7,425.4,420.4,18.59,350.7,0.0,0.0,0.0,0.0,0.0,0.0,0.0,0.0,349.0,350.0,84.0,-0.407,33.8,34.85,35.0,34.0,0.0,271.0,273.9,274.0,272.9,0.592,0.0,29.69,28.51,-0.208,28.49,0.999,6000.0,403445.0,42.0,402.0,59.96,7.0,47.0,52.0,57.85,18.59,35.92,456.5,35.11,36.04,36.14,60.0,59.5,75.6,1.0,273.0,272.3,272.0,29.18,-0.925,29.2,1915.0,415855.0,13176.0,1912.0,-0.999,0.818,0.791,0.836,22.76,22.76,22.76,17.06,7.981,7.982,7.981,5.983,167.0,167.0,167.0,125.0,1.612,285.7,56.35,4.0,3.5,2.0,-1.0,13.55,0.003,0.303,3.0,2.0,0.0,0.0,35.64,34.17,36.81,36.13,37.41,35.94,33.0,37.01,30.31,32.32,35.76,41.44,35.07,37.69,41.43,39.64,32.9,36.92,38.75
2017-05-04 13:20:00-05:00,422.76505,443.56754,463.23932,404.7881,422.48264,424.25098,372.47058,387.79337,857272.0,28.72,0.0,449.8,422.1,417.2,18.51,351.9,0.0,0.0,0.0,0.0,0.0,0.0,0.0,0.0,350.4,351.4,83.5,-0.425,33.13,34.03,34.8,33.8,0.0,271.0,273.8,274.0,272.8,0.585,0.0,29.6,28.38,-0.207,28.36,0.999,6000.0,403445.0,42.0,402.0,59.96,7.0,47.0,52.0,59.9,18.63,35.79,453.5,34.95,35.88,35.97,60.0,59.5,75.6,1.0,273.0,272.2,272.0,29.04,-0.921,29.06,1915.0,415856.0,13176.0,1912.0,-0.999,0.818,0.791,0.836,22.57,22.58,22.58,16.93,7.945,7.947,7.946,5.958,167.0,167.0,167.0,125.0,1.715,61.93,59.44,3.9,3.5,2.0,-1.0,13.37,-0.008,0.302,3.0,2.0,0.0,0.001,35.27,33.96,36.59,35.72,37.3,35.76,32.66,36.57,30.18,31.79,35.33,41.07,34.85,37.56,41.12,39.13,32.62,36.62,38.29
2017-05-04 13:21:00-05:00,419.18018,439.9653,459.568,400.9481,418.49084,420.527,368.9579,384.61087,857273.0,28.72,0.0,446.7,418.7,413.9,18.69,351.4,0.0,0.0,0.0,0.0,0.0,0.0,0.0,0.0,349.9,350.9,83.0,-0.412,33.0,34.0,34.0,33.0,0.0,271.0,273.6,274.0,272.6,0.563,0.0,29.36,28.16,-0.215,28.14,0.999,6000.0,403446.0,43.0,402.0,59.96,7.0,47.0,52.0,57.67,18.83,35.59,450.5,34.69,35.64,35.71,60.0,59.5,75.6,1.0,273.0,272.0,272.0,28.83,-0.921,28.85,1915.0,415856.0,13176.0,1912.0,-1.0,0.818,0.791,0.836,22.45,22.45,22.44,16.82,7.888,7.888,7.886,5.912,167.0,167.0,167.0,125.0,0.968,118.2,50.98,2.4,3.5,2.0,-1.0,13.37,0.014,0.304,3.0,2.0,0.0,0.001,34.95,33.86,36.48,35.62,37.43,35.64,32.71,36.42,30.39,31.56,35.2,41.01,35.16,37.59,41.03,38.94,32.87,36.61,38.1
2017-05-04 13:22:00-05:00,415.10086,435.21686,454.71234,396.1812,413.21146,415.22318,363.93976,379.54245,857274.0,28.72,0.0,442.5,414.1,409.2,18.69,350.3,0.0,0.0,0.0,0.0,0.0,0.0,0.0,0.0,348.7,349.7,82.2,-0.41,32.88,33.88,34.0,33.0,0.0,271.0,273.5,274.0,272.5,0.583,0.0,28.99,27.83,-0.208,27.81,0.999,6000.0,403446.0,43.0,402.0,59.96,7.0,47.0,52.0,59.95,18.85,35.36,446.4,34.28,35.2,35.28,60.0,59.5,75.6,1.0,273.0,272.0,272.0,28.48,-0.911,28.49,1915.0,415857.0,13176.0,1912.0,-1.0,0.818,0.791,0.836,22.25,22.25,22.25,16.68,7.793,7.793,7.795,5.842,168.0,168.0,168.0,126.0,1.548,64.22,61.19,2.9,3.5,2.0,-1.0,13.55,0.003,0.302,3.0,2.0,0.0,0.0,34.63,33.84,36.27,35.52,37.31,35.63,32.79,36.36,30.18,31.49,35.06,41.03,35.39,37.38,41.03,38.89,32.65,36.54,38.07
2017-05-04 13:23:00-05:00,408.54926,428.33987,446.89597,389.03085,405.87173,407.54953,355.78528,372.5881,857275.0,28.72,0.0,435.5,407.1,402.2,18.75,351.0,0.0,0.0,0.0,0.0,0.0,0.0,0.0,0.0,349.5,350.4,80.9,-0.418,32.0,33.0,33.35,32.35,0.0,271.0,273.2,274.0,272.2,0.592,0.0,28.56,27.41,-0.088,27.4,0.999,6000.0,403447.0,44.0,402.0,59.94,7.0,47.0,52.0,57.63,18.68,35.27,439.5,33.77,34.71,34.79,60.0,59.5,75.6,1.0,272.8,272.0,271.8,28.07,-0.972,28.08,1915.0,415857.0,13176.0,1912.0,-0.999,0.818,0.791,0.836,21.87,21.87,21.87,16.4,7.678,7.677,7.678,5.757,168.0,168.0,168.0,126.0,1.055,304.9,82.5,3.0,3.5,2.0,-1.0,13.55,0.003,0.302,3.0,2.0,0.0,0.0,34.68,33.79,36.22,35.47,37.23,35.48,32.85,36.1,30.19,31.36,34.83,40.89,35.38,37.52,40.84,38.57,32.91,36.33,37.74
2017-05-04 13:24:00-05:00,401.37955,420.4804,438.60587,381.3509,397.88824,398.86026,347.7563,365.8695,857276.0,28.72,0.0,428.1,399.3,394.5,18.81,352.1,0.0,0.0,0.0,0.0,0.0,0.0,0.0,0.0,350.5,351.5,79.25,-0.417,31.8,32.95,33.0,32.0,0.0,271.0,273.2,274.0,272.2,0.58,0.0,28.13,27.01,-0.165,26.97,0.999,6000.0,403447.0,44.0,402.0,59.95,7.0,47.0,52.0,59.95,18.25,34.85,432.3,33.22,34.17,34.25,60.0,59.5,75.6,1.0,272.9,272.0,271.6,27.62,-0.908,27.64,1915.0,415857.0,13176.0,1912.0,-0.999,0.818,0.791,0.836,21.48,21.49,21.48,16.1,7.563,7.566,7.565,5.67,168.0,168.0,168.0,126.0,1.972,108.0,39.31,5.4,3.5,2.0,-1.0,13.55,0.003,0.302,3.0,2.0,0.0,0.0,34.39,33.22,35.91,35.36,36.87,35.23,32.71,36.21,30.56,31.41,35.0,40.7,35.26,37.46,40.67,38.45,32.74,36.19,37.62
2017-05-04 13:25:00-05:00,395.81686,414.4221,433.15808,375.65714,392.09375,393.66925,343.4909,361.1547,857277.0,28.72,0.0,423.1,394.3,389.6,18.67,351.6,0.0,0.0,0.0,0.0,0.0,0.0,0.0,0.0,350.0,351.0,78.23,-0.413,31.0,32.0,32.4,31.4,0.0,270.7,273.0,273.7,272.0,0.572,0.0,27.74,26.64,-0.163,26.63,0.999,6000.0,403448.0,45.0,402.0,59.96,7.0,47.0,52.0,57.65,18.35,34.85,427.6,32.81,33.77,33.85,60.0,59.5,75.6,1.0,272.2,272.0,271.0,27.27,-0.867,27.28,1915.0,415858.0,13176.0,1912.0,-1.0,0.818,0.791,0.836,21.23,21.24,21.23,15.92,7.465,7.469,7.466,5.596,168.0,168.0,168.0,126.0,0.762,332.0,82.6,1.8,3.5,2.0,-1.0,13.55,0.003,0.302,3.0,2.0,0.0,0.0,34.26,33.05,35.63,35.23,36.73,34.98,32.74,36.2,29.8,31.56,34.95,40.54,35.33,37.35,40.52,38.18,32.88,35.95,37.37
2017-05-04 13:26:00-05:00,392.47922,410.81985,430.43417,372.4792,388.74582,391.75085,343.11453,359.62238,857278.0,28.72,0.0,420.9,392.6,387.9,19.03,352.3,0.0,0.0,0.0,0.0,0.0,0.0,0.0,0.0,350.5,351.6,78.0,-0.428,31.0,32.0,32.0,31.0,0.0,270.6,273.0,273.6,272.0,0.548,0.0,27.61,26.55,-0.202,26.53,0.999,6000.0,403448.0,45.0,402.0,59.96,7.0,47.0,52.0,59.95,18.93,34.84,425.7,32.68,33.61,33.67,60.0,59.5,75.6,1.0,272.1,272.0,271.0,27.14,-0.848,27.15,1915.0,415858.0,13176.0,1912.0,-1.0,0.818,0.791,0.836,21.11,21.11,21.11,15.83,7.435,7.435,7.436,5.576,168.0,168.0,168.0,126.0,1.043,12.9,100.5,2.8,3.5,2.0,-1.0,13.38,-0.012,0.301,3.0,2.0,0.0,0.001,34.27,33.26,35.75,35.3,36.84,35.08,32.69,36.0,29.79,31.62,34.7,40.45,34.8,37.28,40.41,38.09,32.59,35.94,37.28
2017-05-04 13:27:00-05:00,390.37775,408.52753,429.013,370.89023,387.20062,391.1866,344.4945,359.74023,857279.0,28.72,0.0,420.0,392.1,387.5,19.5,353.3,0.0,0.0,0.0,0.0,0.0,0.0,0.0,0.0,351.8,352.8,77.97,-0.445,31.0,32.0,32.0,31.0,0.0,270.8,273.0,273.7,272.0,0.562,0.0,27.61,26.51,-0.117,26.5,0.999,6000.0,403449.0,46.0,402.0,59.95,7.0,47.0,52.0,57.63,19.06,34.93,425.0,32.63,33.59,33.68,60.0,59.5,75.6,1.0,272.3,272.0,271.1,27.13,-0.898,27.14,1915.0,415859.0,13176.0,1912.0,-0.999,0.818,0.791,0.836,21.03,21.03,21.03,15.77,7.431,7.429,7.428,5.57,168.0,168.0,168.0,126.0,1.01,86.1,74.08,2.5,3.502,2.0,-1.0,13.38,0.018,0.302,3.0,2.0,0.0,0.001,34.35,33.21,35.83,35.34,36.92,35.06,32.43,35.75,29.54,31.34,34.41,40.19,34.52,37.16,40.19,37.78,32.24,35.6,37.05
2017-05-04 13:28:00-05:00,391.11945,409.01874,430.9079,372.2144,388.87457,393.5564,348.88538,362.687,857280.0,28.72,0.0,422.0,394.4,389.7,19.25,353.2,0.0,0.0,0.0,0.0,0.0,0.0,0.0,0.0,351.5,352.5,78.0,-0.432,31.02,32.08,32.25,31.25,0.0,270.9,273.1,273.9,272.1,0.572,0.0,27.74,26.63,-0.075,26.62,0.999,6000.0,403449.0,46.0,402.0,59.94,7.0,47.0,52.0,59.93,18.69,34.41,427.1,32.78,33.73,33.81,60.0,59.5,75.6,1.0,272.4,272.0,271.1,27.25,-0.941,27.26,1915.0,415859.0,13176.0,1912.0,-0.999,0.818,0.791,0.836,21.13,21.13,21.13,15.84,7.464,7.464,7.464,5.597,168.0,168.0,168.0,126.0,1.532,265.6,63.82,4.1,3.5,2.0,-1.0,13.55,0.003,0.302,3.0,2.0,0.0,0.0,34.06,33.18,35.7,35.23,36.59,34.97,32.35,35.35,29.2,30.9,34.06,39.83,34.08,36.73,39.8,37.46,31.56,35.24,36.74
2017-05-04 13:29:00-05:00,394.45706,413.11218,436.11884,376.31918,393.12387,398.86026,355.65985,368.10904,857281.0,28.71,0.0,427.1,399.4,394.9,19.08,356.3,0.0,0.0,0.0,0.0,0.0,0.0,0.0,0.0,354.4,355.6,78.42,-0.48,32.0,33.0,33.0,32.0,0.0,270.6,273.0,273.6,272.0,0.56,0.0,28.17,27.02,-0.1,27.01,0.999,6000.0,403449.0,46.0,402.0,59.95,7.0,47.0,52.0,57.78,18.67,34.24,432.2,33.29,34.24,34.33,60.0,59.5,75.6,1.0,272.0,272.0,271.0,27.66,-0.942,27.67,1915.0,415860.0,13176.0,1912.0,-0.999,0.818,0.791,0.836,21.26,21.25,21.25,15.93,7.573,7.57,7.569,5.675,168.0,168.0,168.0,126.0,1.29,46.02,81.5,3.2,3.5,2.0,-1.0,13.55,0.003,0.302,3.0,2.0,0.0,0.0,33.69,32.97,35.6,35.08,36.48,34.84,32.3,34.95,28.97,30.55,33.69,39.58,34.21,36.58,39.56,37.1,31.56,35.02,36.39
2017-05-04 13:30:00-05:00,401.62677,420.64413,445.1195,383.99918,400.46356,407.88806,365.4452,376.71356,857282.0,28.7,0.0,435.9,408.3,403.7,18.62,357.0,0.0,0.0,0.0,0.0,0.0,0.0,0.0,0.0,355.1,356.3,80.2,-0.495,32.52,33.53,33.67,32.67,0.0,270.7,273.0,273.8,272.0,0.575,0.0,28.8,27.6,-0.252,27.57,0.999,6000.0,403450.0,47.0,402.0,59.97,7.0,47.0,52.0,59.87,18.29,34.1,441.0,34.02,34.93,35.03,60.0,59.5,75.6,1.0,272.2,272.0,271.1,28.24,-0.836,28.26,1915.0,415860.0,13176.0,1912.0,-1.0,0.818,0.791,0.836,21.69,21.68,21.7,16.26,7.742,7.738,7.744,5.805,169.0,169.0,169.0,126.0,2.237,104.5,64.96,5.3,3.5,2.0,-1.0,13.55,0.003,0.302,3.0,2.0,0.0,0.0,33.44,32.84,35.36,34.9,36.07,34.64,32.15,34.62,28.51,30.48,33.4,39.31,33.86,36.24,39.29,36.85,31.1,34.58,36.05
2017-05-04 13:31:00-05:00,412.1341,431.77838,457.6731,394.59225,411.27994,420.18848,378.24142,388.50058,857283.0,28.69,0.0,448.0,420.4,415.6,18.13,358.0,0.0,0.0,0.0,0.0,0.0,0.0,0.0,0.0,356.3,357.4,82.3,-0.498,33.48,34.48,34.6,33.6,0.0,270.9,273.0,274.0,272.0,0.575,0.0,29.67,28.43,-0.282,28.41,0.999,6000.0,403450.0,47.0,402.0,59.98,7.0,47.0,52.0,57.9,18.42,34.12,453.1,35.05,35.96,36.05,60.0,59.5,75.6,1.0,272.4,272.0,271.6,29.09,-0.851,29.1,1915.0,415861.0,13176.0,1912.0,-1.0,0.818,0.791,0.836,22.23,22.23,22.23,16.67,7.959,7.958,7.96,5.968,169.0,169.0,169.0,126.0,2.955,87.0,34.48,5.9,3.5,2.0,-1.0,13.55,0.003,0.302,3.0,2.0,0.0,0.0,33.59,32.56,35.11,34.56,35.65,34.4,32.04,34.48,28.73,30.12,33.24,39.08,33.93,36.08,39.04,36.72,31.3,34.5,36.0
2017-05-04 13:32:00-05:00,423.01227,443.24005,470.34512,405.1853,422.2251,432.15033,390.53586,400.28763,857284.0,28.69,0.0,460.0,431.9,427.0,17.78,357.8,0.0,0.0,0.0,0.0,0.0,0.0,0.0,0.0,356.0,357.2,84.6,-0.497,34.47,35.4,35.63,34.63,0.0,270.9,273.0,274.0,272.0,0.573,0.0,30.5,29.22,-0.212,29.2,0.999,6000.0,403451.0,48.0,402.0,59.96,7.0,47.0,52.0,59.92,18.22,34.05,464.9,36.03,36.94,37.03,60.0,59.5,75.6,1.0,272.4,272.0,271.3,29.88,-0.945,29.9,1915.0,415861.0,13176.0,1912.0,-1.0,0.818,0.791,0.836,22.88,22.88,22.88,17.15,8.19,8.19,8.19,6.135,169.0,169.0,169.0,126.0,1.972,134.4,65.02,4.4,3.502,2.0,-1.0,13.38,-0.002,0.303,3.0,2.0,0.0,0.001,33.59,32.24,34.76,34.01,35.49,33.89,31.96,34.61,28.79,30.36,33.4,38.94,34.01,35.85,38.87,36.77,31.58,34.52,36.02
2017-05-04 13:33:00-05:00,434.26126,455.02924,483.37244,416.17566,433.299,444.11218,403.3321,412.66403,857285.0,28.69,0.0,472.6,443.9,438.9,17.98,357.6,0.0,0.0,0.0,0.0,0.0,0.0,0.0,0.0,355.9,357.1,87.1,-0.5,35.47,36.37,36.57,35.57,0.0,270.9,273.1,274.0,272.1,0.595,0.0,31.39,30.07,-0.11,30.05,0.999,6000.0,403451.0,48.0,402.0,59.95,7.0,46.97,52.0,57.83,18.15,33.98,477.2,37.1,38.01,38.11,60.0,59.5,75.6,1.0,272.4,272.0,271.4,30.76,-1.069,30.78,1915.0,415862.0,13176.0,1912.0,-0.999,0.818,0.791,0.836,23.53,23.53,23.52,17.64,8.41,8.41,8.41,6.31,169.0,169.0,169.0,127.0,1.68,331.9,87.4,3.7,3.5,2.0,-1.0,13.55,0.008,0.303,3.0,2.0,0.0,0.0,33.58,32.29,34.67,34.17,35.4,33.88,31.87,34.38,28.56,30.16,33.19,38.82,33.76,35.61,38.79,36.58,31.04,34.32,35.83
2017-05-04 13:34:00-05:00,448.9715,470.09317,499.36047,430.34387,447.59207,459.34662,419.39008,427.2799,857286.0,28.69,0.0,488.8,459.2,454.1,17.86,358.9,0.0,0.0,0.0,0.0,0.0,0.0,0.0,0.0,357.2,358.3,89.9,-0.5,36.8,37.78,38.02,37.02,0.0,270.5,273.0,273.7,272.0,0.592,0.0,32.47,31.09,-0.055,31.07,0.999,6000.0,403452.0,49.0,402.0,59.94,7.0,47.0,52.0,59.88,18.33,33.96,493.4,38.42,39.32,39.43,60.0,59.5,75.6,1.0,272.0,272.0,271.0,31.81,-1.15,31.83,1915.0,415862.0,13176.0,1912.0,-0.999,0.818,0.791,0.836,24.24,24.25,24.25,18.18,8.7,8.7,8.7,6.523,169.0,169.0,169.0,127.0,3.33,82.8,19.8,5.5,3.5,2.0,-1.0,13.55,0.003,0.304,3.0,2.0,0.0,0.0,33.65,32.01,34.64,33.97,35.15,33.84,31.92,34.38,28.13,30.25,33.04,38.62,33.6,35.44,38.54,36.46,31.11,34.33,35.71
2017-05-04 13:35:00-05:00,458.48993,480.4087,510.6113,439.74527,457.37833,469.61575,429.3009,436.35596,857287.0,28.69,0.0,498.7,468.6,463.4,17.95,357.6,0.0,0.0,0.0,0.0,0.0,0.0,0.0,0.0,355.7,356.9,92.0,-0.5,37.48,38.5,38.57,37.57,0.0,270.7,273.1,273.9,272.1,0.592,0.0,33.13,31.73,-0.02,31.71,0.999,6000.0,403452.0,49.0,402.0,59.93,7.0,46.72,52.0,57.87,18.43,34.15,502.4,39.2,40.13,40.22,60.0,59.5,75.6,1.0,272.1,272.0,271.1,32.47,-1.209,32.49,1915.0,415863.0,13176.0,1912.0,-0.999,0.818,0.791,0.836,24.83,24.83,24.82,18.6,8.88,8.88,8.87,6.652,169.0,169.0,169.0,127.0,1.497,103.2,33.83,2.6,3.5,2.0,-1.0,13.55,0.003,0.304,3.0,2.0,0.0,0.0,33.8,31.98,34.63,34.01,35.05,33.67,32.13,34.72,28.96,30.6,33.42,38.77,34.11,35.83,38.77,36.7,31.64,34.62,35.94
2017-05-04 13:36:00-05:00,482.3477,504.80573,536.78436,463.9769,481.07135,495.345,455.14423,460.4015,857288.0,28.68,0.0,525.1,494.5,488.9,18.18,355.0,0.0,0.0,0.0,0.0,0.0,0.0,0.0,0.0,353.2,354.4,97.5,-0.49,39.53,40.57,40.6,39.6,0.0,271.0,273.4,274.0,272.4,0.58,0.0,34.84,33.38,-0.148,33.34,0.999,6000.0,403453.0,50.0,402.0,59.95,7.0,47.0,52.0,59.83,18.25,34.49,529.0,41.18,42.11,42.21,60.0,59.5,75.6,1.0,272.7,272.1,271.5,34.11,-1.189,34.13,1915.0,415863.0,13176.0,1912.0,-0.999,0.818,0.791,0.836,26.29,26.28,26.29,19.71,9.33,9.33,9.33,6.996,169.0,169.0,169.0,127.0,2.642,100.1,36.02,5.9,3.5,2.0,-1.0,13.55,0.003,0.305,3.0,2.0,0.0,0.0,34.27,32.18,34.97,34.45,35.35,34.04,32.55,35.3,29.67,31.23,34.06,39.04,34.36,35.96,39.01,37.17,32.43,35.16,36.37
2017-05-04 13:37:00-05:00,511.76816,536.571,570.5369,493.3727,510.94513,526.9424,487.63663,490.3405,857289.0,28.66,0.0,557.7,525.6,519.6,18.21,356.3,0.0,0.0,0.0,0.0,0.0,0.0,0.0,0.0,354.6,355.7,103.2,-0.5,41.88,42.92,43.23,42.23,0.0,271.0,273.6,274.0,272.6,0.585,0.0,37.02,35.44,-0.263,35.42,0.999,6000.0,403454.0,51.0,402.0,59.97,7.0,46.8,52.0,58.18,17.98,34.78,560.0,43.79,44.71,44.84,60.0,59.5,75.6,1.0,272.8,272.0,271.5,36.25,-1.169,36.27,1915.0,415864.0,13176.0,1912.0,-0.999,0.818,0.791,0.836,27.78,27.78,27.78,20.83,9.9,9.9,9.9,7.422,170.0,170.0,170.0,127.0,2.377,96.4,39.19,4.8,3.5,2.0,-1.0,13.55,0.005,0.307,3.0,2.0,0.0,0.0,34.47,32.13,35.18,34.68,35.29,34.17,32.99,35.93,30.23,31.9,34.74,39.32,34.94,36.27,39.26,37.64,33.04,35.49,36.78
2017-05-04 13:38:00-05:00,555.7753,581.9266,618.61957,541.17395,556.3997,576.70825,538.94696,536.6636,857290.0,28.66,0.0,605.0,575.4,568.8,18.34,355.1,0.0,0.0,0.0,0.0,0.0,0.0,0.0,0.0,353.3,354.3,112.7,-0.5,45.67,46.65,46.8,45.8,0.0,271.0,273.9,274.0,272.9,0.597,0.0,40.21,38.5,-0.282,38.47,0.999,6000.0,403454.0,51.0,402.0,59.97,7.0,46.62,52.0,59.23,18.4,35.15,608.4,47.58,48.47,48.6,60.0,59.5,75.6,1.0,273.0,272.5,271.9,39.35,-1.287,39.37,1915.0,415865.0,13176.0,1912.0,-0.999,0.818,0.791,0.836,30.32,30.33,30.33,22.73,10.77,10.77,10.77,8.07,170.0,170.0,170.0,127.0,1.46,109.2,90.8,3.9,3.5,2.0,-1.0,13.39,0.0,0.309,3.0,2.0,0.0,0.001,34.86,32.4,35.44,34.93,35.69,34.32,33.23,36.54,30.51,32.61,35.4,39.67,35.08,36.61,39.62,38.2,33.14,35.99,37.34
2017-05-04 13:39:00-05:00,618.4484,649.2231,688.73016,603.1435,619.23773,641.25714,604.0572,599.48846,857291.0,28.66,0.0,672.2,638.5,631.1,18.45,354.0,0.0,0.0,0.0,0.0,0.0,0.0,0.0,0.0,352.2,353.2,125.1,-0.498,50.6,51.6,51.82,50.82,0.0,271.0,274.0,274.0,273.0,0.597,0.0,44.51,42.63,-0.272,42.6,0.999,6000.0,403455.0,52.0,402.0,59.97,7.0,46.38,52.0,59.15,18.47,35.93,674.5,52.7,53.6,53.72,60.0,59.5,75.6,1.0,273.0,273.0,272.0,43.58,-1.48,43.61,1915.0,415865.0,13176.0,1912.0,-0.999,0.818,0.791,0.836,33.62,33.63,33.63,25.21,11.9,11.9,11.9,8.92,170.0,170.0,170.0,127.0,2.117,96.4,36.36,4.7,3.5,2.0,-1.0,13.55,0.004,0.312,3.0,2.0,0.0,0.0,35.67,33.07,36.02,35.46,36.44,34.88,33.75,37.02,30.39,32.87,35.77,40.29,35.74,37.44,40.25,38.65,33.46,36.45,37.85
2017-05-04 13:40:00-05:00,633.5295,664.7782,703.2971,620.7545,639.19653,659.877,622.74976,619.88,857292.0,28.65,0.0,684.0,655.0,647.4,18.38,352.7,0.0,0.0,0.0,0.0,0.0,0.0,0.0,0.0,350.8,351.9,127.9,-0.5,51.55,52.5,52.73,51.73,0.0,271.0,274.0,274.0,273.0,0.595,0.0,45.3,43.4,-0.277,43.37,0.999,6000.0,403456.0,53.0,402.0,59.97,7.0,46.18,52.0,58.55,18.82,36.47,685.5,53.72,54.63,54.75,60.0,59.5,75.6,1.0,273.0,272.8,272.0,44.38,-1.497,44.4,1915.0,415866.0,13176.0,1912.0,-0.999,0.818,0.791,0.836,34.26,34.26,34.26,25.68,12.08,12.09,12.08,9.06,170.0,170.0,170.0,127.0,1.15,159.4,73.95,3.0,3.5,2.0,-1.0,13.55,0.003,0.313,3.0,2.0,0.0,0.0,36.3,33.84,36.73,36.02,37.14,35.58,34.45,37.7,31.11,33.62,36.44,41.02,36.03,38.09,41.0,39.29,34.1,37.11,38.33
2017-05-04 13:41:00-05:00,599.16437,628.2645,663.2677,581.95734,601.08167,616.6563,574.45026,577.32886,857293.0,28.64,0.0,645.4,612.1,605.1,18.53,352.2,0.0,0.0,0.0,0.0,0.0,0.0,0.0,0.0,350.5,351.5,120.3,-0.497,48.45,49.38,49.57,48.57,0.0,271.0,273.7,274.0,272.7,0.602,0.0,42.58,40.79,-0.058,40.76,0.999,6000.0,403456.0,53.0,402.0,59.94,7.0,46.37,52.0,59.93,18.92,37.11,647.2,50.48,51.39,51.5,60.0,59.5,75.6,1.0,272.8,272.0,271.7,41.69,-1.559,41.72,1915.0,415867.0,13176.0,1912.0,-0.999,0.818,0.791,0.836,32.31,32.31,32.31,24.23,11.38,11.38,11.38,8.53,170.0,170.0,170.0,128.0,2.64,109.4,20.52,4.3,3.502,2.0,-1.0,13.55,0.003,0.311,3.0,2.0,0.0,0.0,36.81,34.27,37.15,36.43,37.74,36.01,34.95,38.4,31.93,33.89,37.07,41.68,36.96,38.8,41.65,40.06,34.97,37.96,39.12
2017-05-04 13:42:00-05:00,666.65845,700.63696,739.77356,646.3103,664.94977,684.3649,643.3241,641.0967,857294.0,28.62,0.0,721.7,681.7,673.8,18.7,350.8,0.0,0.0,0.0,0.0,0.0,0.0,0.0,0.0,349.0,350.0,134.3,-0.485,53.92,54.87,55.07,54.07,0.0,271.0,273.9,274.0,272.9,0.613,0.0,47.32,45.32,-0.175,45.29,0.999,6000.0,403457.0,54.0,402.0,59.96,7.0,46.0,52.0,58.35,19.19,37.37,722.6,56.09,56.99,57.1,60.0,59.5,75.6,1.0,273.0,272.6,272.0,46.3,-1.672,46.33,1915.0,415868.0,13176.0,1912.0,-0.999,0.818,0.791,0.836,36.13,36.13,36.16,27.1,12.67,12.67,12.68,9.51,171.0,171.0,171.0,128.0,2.047,119.6,34.82,4.6,3.5,2.0,-1.0,13.55,0.003,0.313,3.0,2.0,0.0,0.0,37.28,34.42,37.61,36.76,38.14,36.34,35.56,39.01,32.21,34.13,37.69,42.3,37.72,39.49,42.18,40.67,35.23,38.54,39.74
2017-05-04 13:43:00-05:00,813.63727,859.1358,907.7074,799.91,821.916,849.6869,807.16595,801.5182,857295.0,28.62,0.0,881.0,843.0,833.0,18.56,346.0,0.0,0.0,0.0,0.0,0.0,0.0,0.0,0.0,344.0,345.0,165.3,-0.453,65.48,66.52,66.62,65.62,0.0,271.0,274.0,274.0,273.0,0.602,0.0,57.39,54.96,-0.113,54.93,0.999,6000.0,403458.0,55.0,402.0,59.95,7.0,46.0,52.0,59.35,19.09,38.5,879.0,68.1,69.02,69.11,60.0,59.5,75.6,1.0,273.0,272.9,272.0,56.12,-2.13,56.16,1915.0,415868.0,13176.0,1912.0,-0.999,0.818,0.791,0.836,44.34,44.33,44.34,33.25,15.34,15.34,15.34,11.5,171.0,171.0,171.0,128.0,2.23,103.4,61.09,4.9,3.5,2.0,-1.0,13.5,0.001,0.32,3.0,2.0,0.0,0.0,38.21,35.53,38.55,37.54,38.94,37.32,36.69,40.22,33.59,35.43,38.93,43.57,38.69,40.82,43.46,41.64,36.07,39.51,40.64
2017-05-04 13:44:00-05:00,823.4029,868.7964,915.7606,824.8037,851.0173,883.0898,846.9346,841.712,857296.0,28.62,0.0,886.0,870.0,859.0,18.49,344.9,0.0,0.0,0.0,0.0,0.0,0.0,0.0,0.0,342.8,343.9,167.2,-0.442,66.17,67.17,67.28,66.28,0.0,271.0,274.0,274.0,273.0,0.603,0.0,57.85,55.44,-0.04,55.4,1.0,6000.0,403459.0,56.0,402.0,59.93,7.0,46.0,52.0,59.88,18.82,39.45,883.0,68.76,69.67,69.77,60.0,59.5,75.6,1.0,273.0,272.4,272.0,56.62,-2.211,56.67,1915.0,415869.0,13176.0,1912.0,-0.999,0.818,0.791,0.836,44.79,44.78,44.78,33.59,15.45,15.45,15.45,11.59,171.0,171.0,171.0,128.0,2.5,104.6,25.06,4.7,3.502,2.0,-1.0,13.5,0.005,0.322,3.0,2.0,0.0,0.0,39.19,36.2,39.84,38.81,40.41,38.47,37.84,41.79,34.8,36.62,40.53,44.88,39.75,42.06,44.8,43.13,37.45,40.89,42.1
2017-05-04 13:45:00-05:00,685.5716,722.0867,757.3012,679.67847,703.4509,721.15326,682.5909,686.241,857297.0,28.6,0.0,728.4,708.6,699.6,18.41,346.1,0.0,0.0,0.0,0.0,0.0,0.0,0.0,0.0,344.2,345.2,137.0,-0.418,54.3,55.3,55.5,54.5,0.0,271.0,274.0,274.0,273.0,0.6,0.0,47.61,45.65,-0.035,45.62,0.999,6000.0,403460.0,57.0,402.0,59.93,7.0,46.05,52.0,58.02,19.07,39.92,726.2,56.55,57.47,57.59,60.0,59.5,75.6,1.0,273.0,272.6,272.0,46.68,-1.798,46.71,1915.0,415870.0,13177.0,1912.0,-0.999,0.818,0.791,0.836,36.61,36.61,36.6,27.44,12.67,12.67,12.67,9.5,171.0,171.0,171.0,128.0,2.797,95.1,29.82,5.6,3.5,2.0,-1.0,13.55,0.003,0.316,3.0,2.0,0.0,0.0,39.71,36.85,40.57,39.57,41.19,39.15,38.5,42.85,35.22,37.79,41.49,45.69,40.49,42.83,45.62,43.92,37.99,41.58,42.94
2017-05-04 13:46:00-05:00,576.1719,606.65106,634.2523,562.2278,584.08453,593.6354,552.99774,561.29846,857298.0,28.59,0.0,611.5,584.9,577.7,18.41,343.2,0.0,0.0,0.0,0.0,0.0,0.0,0.0,0.0,341.3,342.4,115.0,-0.402,45.23,46.13,46.28,45.28,0.0,271.0,273.8,274.0,272.8,0.603,0.0,39.66,38.08,-0.183,38.04,0.999,6000.0,403460.0,57.0,402.0,59.96,7.0,46.88,52.0,59.7,19.05,40.12,610.5,47.07,47.96,48.06,60.0,59.5,75.6,1.0,272.9,272.4,271.9,38.92,-1.358,38.94,1915.0,415871.0,13177.0,1912.0,-0.999,0.818,0.791,0.836,30.89,30.89,30.88,23.16,10.6,10.6,10.6,7.947,171.0,171.0,171.0,128.0,2.602,90.6,28.5,5.3,3.5,2.0,-1.0,13.55,0.003,0.31,3.0,2.0,0.0,0.0,39.87,36.98,40.71,39.68,41.4,39.14,38.38,42.86,34.55,37.42,41.48,45.65,40.46,42.65,45.51,43.71,37.9,41.33,42.82
2017-05-04 13:47:00-05:00,579.8803,610.41705,638.6343,565.6705,585.7585,597.585,556.2595,562.71295,857299.0,28.59,0.0,618.4,591.0,583.8,18.54,348.0,0.0,0.0,0.0,0.0,0.0,0.0,0.0,0.0,346.1,347.1,115.1,-0.422,45.77,46.73,46.9,45.9,0.0,271.0,274.0,274.0,273.0,0.618,0.0,40.25,38.63,-0.28,38.59,1.0,6000.0,403461.0,58.0,402.0,59.97,7.0,46.92,52.0,58.45,19.1,39.95,617.7,47.73,48.63,48.74,60.0,59.5,75.6,1.0,273.0,272.9,272.0,39.5,-1.297,39.52,1915.0,415872.0,13177.0,1912.0,-0.999,0.818,0.791,0.836,30.98,30.97,30.95,23.22,10.78,10.77,10.77,8.08,172.0,172.0,172.0,129.0,1.875,78.13,38.04,4.3,3.5,2.0,-1.0,13.55,0.003,0.31,3.0,2.0,0.0,0.0,39.65,36.76,40.52,39.56,41.22,39.01,38.14,42.54,34.05,37.22,41.01,45.32,40.6,42.44,45.08,43.39,37.58,41.12,42.54
2017-05-04 13:48:00-05:00,563.0686,592.7333,619.567,551.3698,570.30646,583.3663,543.83966,549.3936,857300.0,28.59,0.0,599.5,576.8,569.9,18.36,347.4,0.0,0.0,0.0,0.0,0.0,0.0,0.0,0.0,345.4,346.4,112.0,-0.407,44.48,45.4,45.6,44.6,0.0,271.0,274.0,274.0,273.0,0.623,0.0,39.08,37.51,-0.215,37.49,0.999,6000.0,403462.0,59.0,402.0,59.96,7.0,47.0,52.0,58.88,19.03,40.35,598.5,46.35,47.23,47.33,60.0,59.5,75.6,1.0,273.0,272.8,272.0,38.34,-1.302,38.36,1915.0,415872.0,13177.0,1912.0,-0.999,0.818,0.791,0.836,30.1,30.09,30.09,22.58,10.45,10.45,10.45,7.845,172.0,172.0,172.0,129.0,2.572,81.8,29.9,4.1,3.502,2.0,-1.0,13.55,0.003,0.31,3.0,2.0,0.0,0.0,39.76,36.9,40.63,39.47,41.29,38.97,38.17,42.55,34.84,36.98,41.02,45.34,40.44,42.25,45.09,43.4,37.74,41.1,42.54
2017-05-04 13:49:00-05:00,528.2091,556.38336,580.6035,514.5589,533.09296,543.7567,502.81644,509.67126,857301.0,28.59,0.0,561.8,537.3,531.1,18.45,347.2,0.0,0.0,0.0,0.0,0.0,0.0,0.0,0.0,345.3,346.3,104.9,-0.4,41.58,42.53,42.65,41.65,0.0,271.0,274.0,274.0,273.0,0.617,0.0,36.6,35.1,-0.202,35.07,0.999,6000.0,403462.0,59.0,402.0,59.96,7.0,47.0,52.0,59.43,18.64,40.01,560.0,43.34,44.23,44.31,60.0,59.5,75.6,1.0,273.0,272.6,272.0,35.88,-1.207,35.9,1915.0,415873.0,13177.0,1912.0,-0.999,0.818,0.791,0.836,28.17,28.17,28.18,21.12,9.78,9.78,9.78,7.334,172.0,172.0,172.0,129.0,2.717,107.6,23.68,5.9,3.502,2.0,-1.0,13.36,0.002,0.309,3.0,2.0,0.0,0.001,39.67,36.38,40.38,39.28,40.79,38.69,38.06,42.5,34.01,37.31,40.97,45.32,40.46,42.18,45.05,43.5,37.89,41.23,42.62
2017-05-04 13:50:00-05:00,490.8772,516.26746,537.2581,476.68863,493.56168,502.6801,461.4169,469.24176,857302.0,28.6,0.0,520.6,498.0,492.2,18.61,347.6,0.0,0.0,0.0,0.0,0.0,0.0,0.0,0.0,345.9,346.8,97.3,-0.4,38.58,39.47,39.82,38.82,0.0,271.0,273.8,274.0,272.8,0.632,0.0,33.99,32.61,-0.24,32.58,0.999,6000.0,403463.0,60.0,402.0,59.97,7.0,47.0,52.0,58.1,18.84,39.41,520.4,40.26,41.12,41.2,60.0,59.5,75.6,1.0,272.9,272.2,272.0,33.34,-1.066,33.36,1915.0,415873.0,13177.0,1912.0,-0.999,0.818,0.791,0.836,26.21,26.2,26.21,19.65,9.11,9.11,9.11,6.83,172.0,172.0,172.0,129.0,1.802,103.9,42.06,3.8,3.5,2.0,-1.0,13.55,0.004,0.306,3.0,2.0,0.0,0.0,38.95,35.99,39.64,38.58,40.13,38.06,37.8,42.28,34.39,36.83,40.83,45.03,40.03,41.64,44.68,43.37,38.05,40.99,42.44
2017-05-04 13:51:00-05:00,489.3938,514.63007,534.29736,475.6293,493.0466,501.4388,459.40964,467.8273,857303.0,28.62,0.0,518.7,497.9,492.2,18.96,345.2,0.0,0.0,0.0,0.0,0.0,0.0,0.0,0.0,343.4,344.4,97.4,-0.4,38.37,39.28,39.43,38.43,0.0,271.0,274.0,274.1,273.0,0.625,0.0,33.8,32.45,-0.297,32.42,0.999,6000.0,403463.0,60.0,402.0,59.98,7.0,47.0,52.0,59.73,19.03,39.52,517.7,40.03,40.9,40.99,60.0,59.5,75.6,1.0,273.0,272.8,272.0,33.18,-1.002,33.2,1915.0,415874.0,13177.0,1912.0,-1.0,0.818,0.791,0.836,26.23,26.23,26.23,19.67,9.06,9.06,9.06,6.79,172.0,172.0,172.0,129.0,1.3,105.3,81.4,4.4,3.5,2.0,-1.0,13.55,0.003,0.306,3.0,2.0,0.0,0.0,38.66,35.82,39.42,38.52,39.92,38.0,37.53,42.07,34.53,36.67,40.58,44.82,39.7,41.43,44.47,43.22,37.76,40.74,42.31
2017-05-04 13:52:00-05:00,453.42166,476.6427,492.96524,439.08316,456.47696,461.94208,418.76282,430.4624,857304.0,28.62,0.0,479.3,459.7,454.4,18.84,344.1,0.0,0.0,0.0,0.0,0.0,0.0,0.0,0.0,342.4,343.4,89.8,-0.4,35.18,36.15,36.28,35.28,0.0,271.0,273.7,274.0,272.7,0.597,0.0,31.11,29.9,-0.285,29.89,0.999,6000.0,403464.0,61.0,402.0,59.98,7.0,47.0,52.0,57.8,19.0,39.08,478.8,36.87,37.78,37.86,60.0,59.5,75.6,1.0,273.0,272.1,272.0,30.6,-0.917,30.62,1915.0,415874.0,13177.0,1912.0,-1.0,0.818,0.791,0.836,24.27,24.27,24.27,18.2,8.35,8.35,8.35,6.262,172.0,172.0,172.0,129.0,2.497,107.9,32.22,5.1,3.5,2.0,-1.0,13.55,0.003,0.305,3.0,2.0,0.0,0.0,38.46,35.16,39.02,37.84,39.62,37.49,37.03,41.48,32.82,35.77,39.98,44.29,39.13,40.62,43.94,42.82,37.3,40.07,41.9
2017-05-04 13:53:00-05:00,429.8111,451.59073,466.08167,416.0432,432.9127,437.67987,393.7976,407.59558,857305.0,28.62,0.0,454.3,437.0,432.0,18.91,343.7,0.0,0.0,0.0,0.0,0.0,0.0,0.0,0.0,342.0,343.0,85.2,-0.4,33.48,34.47,34.55,33.55,0.0,271.0,273.9,274.0,272.9,0.62,0.0,29.44,28.32,-0.28,28.3,0.999,6000.0,403464.0,61.0,402.0,59.97,7.0,47.0,52.0,59.77,18.85,38.4,453.9,34.9,35.78,35.87,60.0,59.5,75.6,1.0,273.0,272.4,272.0,28.99,-0.865,29.0,1915.0,415875.0,13177.0,1912.0,-1.0,0.818,0.791,0.836,23.05,23.05,23.04,17.28,7.921,7.921,7.921,5.939,173.0,173.0,173.0,129.0,1.865,84.4,48.28,5.6,3.5,2.0,-1.0,13.55,0.003,0.303,3.0,2.0,0.0,0.0,37.66,34.46,38.36,37.12,39.07,36.87,36.43,40.53,32.52,35.4,39.03,43.46,38.35,39.92,43.12,42.03,36.53,39.38,41.1
2017-05-04 13:54:00-05:00,398.16553,418.67932,430.67105,383.99918,401.36493,404.05127,359.298,375.6527,857306.0,28.62,0.0,420.3,404.1,399.5,18.97,344.5,0.0,0.0,0.0,0.0,0.0,0.0,0.0,0.0,342.7,343.7,78.67,-0.4,30.78,31.75,31.82,30.82,0.0,271.0,273.9,274.0,272.9,0.615,0.0,27.25,26.21,-0.2,26.2,0.999,6000.0,403465.0,62.0,402.0,59.96,7.0,47.0,52.0,57.8,19.26,37.78,420.0,32.31,33.16,33.26,60.0,59.5,75.6,1.0,273.0,272.5,272.0,26.85,-0.839,26.87,1915.0,415875.0,13177.0,1912.0,-1.0,0.818,0.791,0.836,21.3,21.3,21.3,15.97,7.336,7.335,7.337,5.501,173.0,173.0,173.0,129.0,2.19,97.4,46.87,5.4,3.5,2.0,-1.0,13.5,0.017,0.302,3.0,2.0,0.0,0.001,37.03,34.09,37.96,36.78,38.86,36.44,35.9,39.69,31.3,34.03,38.17,43.06,37.84,39.46,42.66,41.52,36.01,38.9,40.6
2017-05-04 13:55:00-05:00,373.0716,392.48114,403.55054,358.8406,375.74042,377.19348,331.9492,349.6034,857307.0,28.62,0.0,394.9,378.5,374.3,18.79,344.9,0.0,0.0,0.0,0.0,0.0,0.0,0.0,0.0,343.3,344.3,73.65,-0.4,28.77,29.73,29.92,28.92,0.0,271.0,273.9,274.0,272.9,0.615,0.0,25.58,24.61,-0.24,24.58,0.999,6000.0,403465.0,62.0,402.0,59.97,7.0,47.0,52.0,59.57,19.42,37.33,394.9,30.26,31.14,31.23,60.0,59.5,75.6,1.0,273.0,272.4,272.0,25.2,-0.719,25.21,1915.0,415876.0,13177.0,1912.0,-1.0,0.818,0.791,0.836,20.0,20.0,20.0,14.99,6.898,6.898,6.897,5.172,173.0,173.0,173.0,129.0,2.858,97.5,29.58,5.4,3.5,2.0,-1.0,13.39,-0.017,0.302,3.0,2.0,0.0,0.001,36.7,33.43,37.39,36.08,38.2,35.69,35.27,38.52,30.66,33.19,36.99,42.28,37.2,38.72,41.87,40.53,34.87,37.84,39.7
2017-05-04 13:56:00-05:00,354.77652,372.99628,384.00958,340.83237,356.81177,358.0094,312.88028,330.9799,857308.0,28.62,0.0,376.4,359.7,355.8,18.53,347.5,0.0,0.0,0.0,0.0,0.0,0.0,0.0,0.0,345.8,346.8,69.92,-0.4,27.45,28.43,28.62,27.62,0.0,271.0,274.0,274.0,273.0,0.61,0.0,24.48,23.54,-0.292,23.54,0.999,6000.0,403465.0,62.0,402.0,59.98,7.0,47.0,52.0,58.12,19.06,36.48,376.9,28.94,29.81,29.93,60.0,59.5,75.6,1.0,273.0,272.7,272.0,24.12,-0.639,24.13,1915.0,415876.0,13177.0,1912.0,-1.0,0.818,0.791,0.836,19.02,19.02,19.03,14.26,6.61,6.61,6.611,4.956,173.0,173.0,173.0,130.0,2.438,72.99,52.3,4.9,3.5,2.0,-1.0,13.55,0.004,0.3,3.0,2.0,0.0,0.0,35.94,32.52,36.59,35.35,37.65,34.92,34.52,37.56,29.37,32.6,35.95,41.45,36.23,38.02,41.03,39.5,33.94,36.9,38.68
2017-05-04 13:57:00-05:00,344.2692,361.6983,373.23245,330.76895,345.99536,347.6274,303.59677,320.9609,857309.0,28.62,0.0,366.4,350.0,346.2,18.3,347.5,0.0,0.0,0.0,0.0,0.0,0.0,0.0,0.0,345.8,346.8,68.07,-0.4,26.88,27.75,27.93,26.93,0.0,271.0,273.7,274.0,272.7,0.623,0.0,23.79,22.91,-0.258,22.9,0.999,6000.0,403466.0,63.0,402.0,59.97,7.0,47.0,52.0,59.03,18.64,35.89,367.0,28.19,29.04,29.14,60.0,59.5,75.6,1.0,272.9,272.2,272.0,23.49,-0.642,23.49,1915.0,415877.0,13177.0,1912.0,-1.0,0.818,0.791,0.836,18.52,18.52,18.52,13.89,6.437,6.437,6.437,4.826,173.0,173.0,173.0,130.0,1.517,108.8,86.9,3.4,3.502,2.0,-1.0,13.55,0.003,0.299,3.0,2.0,0.0,0.0,35.24,32.27,35.87,34.84,36.71,34.33,33.62,36.65,29.63,31.41,35.11,40.61,35.43,37.32,40.25,38.61,32.88,35.9,37.83
2017-05-04 13:58:00-05:00,334.62717,351.21902,362.92905,321.36758,335.8228,337.69678,293.3096,310.11682,857310.0,28.62,0.0,357.1,341.0,337.3,18.32,346.6,0.0,0.0,0.0,0.0,0.0,0.0,0.0,0.0,345.0,346.0,66.38,-0.4,26.0,27.0,27.0,26.0,0.0,271.0,273.7,274.0,272.7,0.627,0.0,23.16,22.29,-0.275,22.27,0.999,6000.0,403466.0,63.0,402.0,59.97,7.0,47.0,52.0,58.97,19.05,35.6,358.1,27.41,28.24,28.36,60.0,59.5,75.6,1.0,272.9,272.1,272.0,22.84,-0.612,22.85,1915.0,415877.0,13177.0,1912.0,-1.0,0.818,0.791,0.836,18.08,18.08,18.08,13.55,6.267,6.266,6.266,4.698,173.0,173.0,173.0,130.0,1.715,75.55,89.6,4.4,3.502,2.0,-1.0,13.55,0.003,0.299,3.0,2.0,0.0,0.0,35.0,31.81,35.42,34.38,36.22,33.96,32.88,35.98,28.91,30.86,34.55,39.97,34.74,36.72,39.64,38.03,32.55,35.37,37.22
2017-05-04 13:59:00-05:00,330.42426,346.7981,358.19183,317.2628,331.31598,333.07,288.16605,303.63394,857311.0,28.62,0.0,353.4,337.1,333.5,18.49,346.2,0.0,0.0,0.0,0.0,0.0,0.0,0.0,0.0,344.5,345.5,65.43,-0.4,26.0,27.0,27.0,26.0,0.0,270.7,273.2,274.0,272.2,0.615,0.0,22.86,22.02,-0.3,22.02,0.999,6000.0,403467.0,64.0,402.0,59.98,7.0,47.0,52.0,58.15,19.0,35.03,354.5,27.09,27.98,28.09,60.0,59.5,75.6,1.0,272.5,272.0,271.6,22.58,-0.562,22.59,1915.0,415877.0,13177.0,1912.0,-1.0,0.818,0.791,0.836,17.9,17.9,17.9,13.42,6.198,6.198,6.198,4.647,173.0,173.0,173.0,130.0,1.397,339.5,97.7,3.8,3.502,2.0,-1.0,13.55,0.003,0.299,3.0,2.0,0.0,0.0,34.55,31.7,35.09,34.22,35.96,33.71,32.46,35.32,28.59,30.61,33.91,39.34,34.12,36.3,39.09,37.31,31.84,34.7,36.56
2017-05-04 14:00:00-05:00,326.7158,342.86838,353.92834,313.6876,327.453,328.44327,283.27335,297.3868,857312.0,28.62,0.0,349.6,332.8,329.3,18.46,345.4,0.0,0.0,0.0,0.0,0.0,0.0,0.0,0.0,343.8,344.8,64.88,-0.4,25.3,26.2,26.77,25.77,0.0,270.5,273.0,274.0,272.0,0.608,0.0,22.58,21.75,-0.272,21.74,0.999,6000.0,403467.0,64.0,402.0,59.97,7.0,47.0,52.0,59.98,18.67,33.86,350.6,26.75,27.61,27.74,60.0,59.5,75.6,1.0,272.1,272.0,271.1,22.3,-0.596,22.3,1915.0,415878.0,13177.0,1912.0,-1.0,0.818,0.791,0.836,17.72,17.72,17.72,13.29,6.12,6.12,6.12,4.589,173.0,173.0,173.0,130.0,1.788,208.3,58.37,3.8,3.5,2.0,-1.0,13.38,-0.01,0.298,3.0,2.0,0.0,0.001,33.48,31.31,34.32,33.47,35.41,33.17,31.82,34.47,28.28,29.85,33.09,38.59,33.0,35.15,38.4,36.39,30.62,33.92,35.63
2017-05-04 14:01:00-05:00,321.77118,337.79248,348.83585,308.9207,322.30234,323.2523,277.00067,291.37546,857313.0,28.62,0.0,344.7,327.5,324.1,18.55,344.0,0.0,0.0,0.0,0.0,0.0,0.0,0.0,0.0,342.4,343.5,63.93,-0.4,25.0,26.0,26.0,25.0,0.0,270.4,273.0,273.9,272.0,0.61,0.0,22.18,21.36,-0.177,21.36,0.999,6000.0,403467.0,64.0,402.0,59.95,7.0,47.0,52.0,57.73,18.42,33.24,345.8,26.28,27.15,27.28,60.0,59.5,75.6,1.0,272.0,272.0,271.0,21.91,-0.665,21.92,1915.0,415878.0,13177.0,1912.0,-1.0,0.818,0.791,0.836,17.48,17.48,17.48,13.11,6.014,6.013,6.013,4.508,173.0,173.0,173.0,130.0,1.692,70.9,94.4,3.8,3.502,2.0,-1.0,13.43,0.016,0.299,3.0,2.0,0.0,0.001,32.88,30.94,33.81,32.83,35.15,32.75,31.17,33.68,27.39,29.39,32.28,37.96,32.39,34.65,37.79,35.64,29.89,33.38,34.96
2017-05-04 14:02:00-05:00,316.5793,332.22537,343.5065,303.49176,316.63663,317.83557,271.10437,286.66064,857314.0,28.6,0.0,339.6,322.2,319.0,18.42,344.1,0.0,0.0,0.0,0.0,0.0,0.0,0.0,0.0,342.4,343.4,63.0,-0.4,24.55,25.37,26.0,25.0,0.0,270.4,273.1,274.0,272.1,0.622,0.0,21.82,21.03,-0.245,21.01,0.999,6000.0,403468.0,65.0,402.0,59.97,7.0,47.0,52.0,59.93,18.5,33.12,340.8,25.86,26.71,26.86,60.0,59.5,75.6,1.0,272.0,272.0,271.1,21.57,-0.589,21.58,1915.0,415878.0,13177.0,1912.0,-1.0,0.818,0.791,0.836,17.22,17.22,17.22,12.91,5.925,5.925,5.925,4.442,174.0,174.0,174.0,130.0,1.74,349.8,81.7,4.6,3.5,2.0,-1.0,13.55,0.003,0.298,3.0,2.0,0.0,0.0,32.43,30.71,33.37,32.3,35.06,32.33,30.87,33.18,27.37,29.05,31.78,37.47,32.16,34.5,37.32,35.1,29.62,32.95,34.46
2017-05-04 14:03:00-05:00,317.1974,332.8803,344.8092,303.62415,317.28046,318.06128,271.10437,288.31082,857315.0,28.59,0.0,341.1,322.6,319.6,18.35,343.6,0.0,0.0,0.0,0.0,0.0,0.0,0.0,0.0,342.0,342.9,63.22,-0.4,24.85,25.78,26.0,25.0,0.0,270.2,273.0,273.9,272.0,0.62,0.0,21.86,21.11,-0.142,21.1,0.999,6000.0,403468.0,65.0,402.0,59.95,7.0,47.0,52.0,57.92,18.32,32.62,342.0,25.95,26.81,26.94,60.0,59.5,75.6,1.0,272.0,272.0,271.1,21.64,-0.673,21.65,1915.0,415879.0,13177.0,1912.0,-1.0,0.818,0.791,0.836,17.3,17.3,17.3,12.97,5.945,5.945,5.945,4.457,174.0,174.0,174.0,130.0,1.825,312.6,72.6,3.7,3.502,2.0,-1.0,13.55,0.003,0.298,3.0,2.0,0.0,0.0,32.25,30.57,32.97,32.11,34.98,32.07,30.58,32.91,27.27,28.83,31.53,37.12,31.95,34.32,37.05,34.73,29.31,32.52,34.08
2017-05-04 14:04:00-05:00,322.51285,338.7749,351.086,308.65588,322.8174,323.02658,277.00067,295.61877,857316.0,28.59,0.0,347.2,327.8,324.8,18.33,342.5,0.0,0.0,0.0,0.0,0.0,0.0,0.0,0.0,340.9,341.9,64.38,-0.4,25.0,26.0,26.0,25.0,0.0,270.3,273.0,274.0,272.0,0.61,0.0,22.2,21.45,-0.192,21.45,0.999,6000.0,403468.0,65.0,402.0,59.96,7.0,47.0,52.0,59.1,18.31,32.14,347.7,26.36,27.23,27.38,60.0,59.5,75.6,1.0,272.0,272.0,271.0,21.98,-0.638,21.99,1915.0,415879.0,13177.0,1912.0,-1.0,0.818,0.791,0.836,17.63,17.62,17.62,13.21,6.038,6.036,6.036,4.525,174.0,174.0,174.0,130.0,1.228,53.3,77.03,3.4,3.5,2.0,-1.0,13.55,0.003,0.298,3.0,2.0,0.0,0.0,32.08,30.53,32.59,31.68,34.79,31.71,30.06,32.48,26.78,28.47,31.11,36.72,31.48,33.98,36.65,34.3,28.89,32.19,33.71
2017-05-04 14:05:00-05:00,326.0977,342.70465,355.11264,312.36346,326.93793,327.5405,281.517,300.6872,857317.0,28.59,0.0,351.1,331.9,328.2,18.43,337.3,0.0,0.0,0.0,0.0,0.0,0.0,0.0,0.0,335.8,336.8,65.0,-0.4,25.0,26.0,26.0,25.0,0.0,271.0,273.8,274.0,272.7,0.615,0.0,22.16,21.42,-0.24,21.41,0.999,6000.0,403469.0,66.0,402.0,59.97,7.0,47.0,52.0,59.03,18.57,32.17,351.3,26.26,27.14,27.28,60.0,59.5,75.6,1.0,272.6,272.1,271.8,21.93,-0.598,21.94,1915.0,415879.0,13177.0,1912.0,-1.0,0.818,0.791,0.836,17.85,17.85,17.85,13.38,6.022,6.022,6.022,4.515,174.0,174.0,174.0,130.0,1.467,168.3,91.5,2.9,3.5,2.0,-1.0,13.55,0.003,0.298,3.0,2.0,0.0,0.0,31.89,30.4,32.4,31.56,34.98,31.51,29.73,32.32,26.97,28.55,30.95,36.23,31.29,33.6,36.2,34.08,29.27,31.98,33.5
2017-05-04 14:06:00-05:00,327.7047,344.34204,357.2444,314.08484,328.35437,328.55612,282.3952,300.92294,857318.0,28.58,0.0,353.6,333.4,328.2,18.67,336.6,0.0,0.0,0.0,0.0,0.0,0.0,0.0,0.0,335.1,336.1,65.62,-0.4,25.08,26.03,26.18,25.18,0.0,270.8,273.3,274.0,272.3,0.613,0.0,22.3,21.52,-0.25,21.52,0.999,6000.0,403469.0,66.0,402.0,59.97,7.0,47.0,52.0,58.37,18.65,31.77,353.8,26.4,27.3,27.45,60.0,59.5,75.6,1.0,272.5,272.0,271.5,22.05,-0.608,22.06,1915.0,415880.0,13177.0,1912.0,-1.0,0.818,0.791,0.836,17.99,17.99,17.99,13.49,6.054,6.055,6.054,4.539,174.0,174.0,174.0,130.0,2.48,48.44,69.4,6.9,3.502,2.0,-1.0,13.36,-0.006,0.299,3.0,2.0,0.0,0.001,31.57,30.43,32.43,31.6,35.44,31.57,29.74,32.34,27.16,28.41,31.02,36.31,31.47,33.71,36.28,34.26,29.65,32.04,33.6
2017-05-04 14:07:00-05:00,334.37997,351.21902,364.58704,320.44067,334.6639,334.08566,288.91873,306.69858,857319.0,28.56,0.0,360.9,339.4,334.0,18.46,342.0,0.0,0.0,0.0,0.0,0.0,0.0,0.0,0.0,340.4,341.3,67.1,-0.4,25.98,26.98,27.07,26.07,0.0,270.9,273.5,274.0,272.5,0.62,0.0,23.11,22.31,-0.225,22.3,0.999,6000.0,403469.0,66.0,402.0,59.97,7.0,47.0,52.0,59.9,18.57,31.56,361.1,27.39,28.29,28.42,60.0,59.5,75.6,1.0,272.5,272.0,271.4,22.85,-0.649,22.86,1915.0,415880.0,13177.0,1912.0,-1.0,0.818,0.791,0.836,18.34,18.34,18.34,13.75,6.273,6.274,6.273,4.703,174.0,174.0,174.0,130.0,1.97,88.1,44.23,4.0,3.5,2.0,-1.0,13.49,0.012,0.299,3.0,2.0,0.0,0.0,31.37,30.09,32.22,31.24,35.66,31.39,29.73,32.09,26.59,28.05,30.79,36.05,31.2,33.45,36.02,33.98,29.1,31.75,33.38
2017-05-04 14:08:00-05:00,342.90942,360.0609,373.82462,328.1207,342.26114,341.98502,296.94775,315.06738,857320.0,28.56,0.0,370.2,347.3,341.7,18.31,351.1,0.0,0.0,0.0,0.0,0.0,0.0,0.0,0.0,349.3,350.4,68.65,-0.437,27.4,28.22,28.5,27.5,0.0,271.0,274.0,274.0,273.0,0.625,0.0,24.29,23.38,-0.243,23.35,0.999,6000.0,403470.0,67.0,402.0,59.97,7.0,47.0,52.0,57.62,18.45,31.46,370.2,28.71,29.58,29.73,60.0,59.5,75.6,1.0,273.0,272.8,272.0,23.94,-0.679,23.95,1915.0,415881.0,13177.0,1912.0,-1.0,0.818,0.791,0.836,18.71,18.71,18.71,14.03,6.569,6.57,6.569,4.925,174.0,174.0,174.0,130.0,1.497,124.1,71.05,3.8,3.5,2.0,-1.0,13.55,0.003,0.299,3.0,2.0,0.0,0.0,31.21,29.92,32.01,31.02,35.68,31.25,29.6,31.52,25.94,27.62,30.31,35.72,31.01,33.23,35.74,33.53,28.67,31.39,32.93
2017-05-04 14:09:00-05:00,348.59573,365.79175,379.86453,333.2848,348.44193,347.96594,302.96948,321.43237,857321.0,28.53,0.0,375.8,352.9,347.2,18.3,364.3,0.0,0.0,0.0,0.0,0.0,0.0,0.0,0.0,362.7,363.8,68.15,-0.498,28.0,29.0,29.0,28.0,0.0,270.6,273.4,273.9,272.4,0.627,0.0,25.04,23.95,-0.23,23.93,0.999,6000.0,403470.0,67.0,402.0,59.97,7.0,47.0,52.0,59.95,18.31,31.52,375.6,29.49,30.35,30.49,60.0,59.5,75.6,1.0,272.4,272.0,271.5,24.54,-0.708,24.55,1915.0,415881.0,13177.0,1912.0,-1.0,0.818,0.791,0.836,18.46,18.45,18.46,13.84,6.725,6.723,6.727,5.043,174.0,174.0,174.0,131.0,1.865,320.7,103.1,3.7,3.5,2.0,-1.0,13.55,0.003,0.299,3.0,2.0,0.0,0.0,31.2,29.95,31.98,30.99,35.14,31.21,29.51,31.32,26.07,27.9,30.1,35.52,31.02,33.11,35.56,33.3,28.63,31.21,32.67
2017-05-04 14:10:00-05:00,342.7858,360.0609,374.06143,327.3262,342.77618,342.2107,296.94775,315.8925,857322.0,28.53,0.0,370.2,347.1,341.6,18.25,366.0,0.0,0.0,0.0,0.0,0.0,0.0,0.0,0.0,364.5,365.5,66.4,-0.5,27.16,28.0,28.65,27.65,0.0,270.9,273.6,274.0,272.6,0.624,0.0,24.49,23.42,-0.276,23.4,0.999,6000.0,403471.0,68.0,402.0,59.97,7.0,46.18,52.0,57.55,18.78,31.81,370.2,28.81,29.66,29.83,60.0,59.5,75.6,1.0,272.7,272.0,271.9,24.0,-0.645,24.01,1915.0,415881.0,13177.0,1912.0,-1.0,0.818,0.791,0.836,17.98,17.98,17.98,13.49,6.583,6.582,6.58,4.937,174.0,174.0,174.0,131.0,1.078,89.8,43.35,2.1,3.5,2.0,-1.0,13.55,0.003,0.299,3.0,2.0,0.0,0.0,31.32,29.77,31.98,31.05,34.87,31.18,29.62,31.52,26.84,27.99,30.32,35.47,31.3,33.25,35.54,33.38,29.08,31.44,32.76
2017-05-04 14:11:00-05:00,345.7526,363.3357,378.4434,329.84207,345.094,345.70898,301.84042,320.25366,857323.0,28.51,0.0,374.8,350.7,345.2,18.28,366.3,0.0,0.0,0.0,0.0,0.0,0.0,0.0,0.0,364.9,365.9,67.18,-0.5,27.9,28.75,29.0,28.0,0.0,270.5,273.2,274.0,272.2,0.622,0.0,24.76,23.67,-0.173,23.66,0.999,6000.0,403471.0,68.0,402.0,59.96,7.0,46.73,52.0,59.55,18.55,31.84,375.1,29.15,29.99,30.15,60.0,59.5,75.6,1.0,272.1,272.0,271.4,24.25,-0.734,24.26,1915.0,415882.0,13177.0,1912.0,-1.0,0.818,0.791,0.836,18.14,18.16,18.14,13.6,6.646,6.652,6.646,4.981,174.0,174.0,174.0,131.0,1.972,103.5,36.69,4.1,3.5,2.0,-1.0,13.55,0.003,0.299,3.0,2.0,0.0,0.0,31.46,29.77,32.06,31.18,34.56,31.2,29.84,31.67,26.43,28.04,30.43,35.61,31.5,33.41,35.69,33.49,29.11,31.57,32.86
2017-05-04 14:12:00-05:00,352.42783,370.04895,386.97034,336.46274,351.2748,354.05972,313.63303,328.97607,857324.0,28.49,0.0,383.7,359.6,354.0,18.4,362.8,0.0,0.0,0.0,0.0,0.0,0.0,0.0,0.0,361.2,362.3,69.77,-0.497,28.65,29.58,29.8,28.8,0.0,271.0,273.9,274.0,272.9,0.633,0.0,25.49,24.41,-0.14,24.39,0.999,6000.0,403471.0,68.0,402.0,59.95,7.0,46.08,52.0,58.33,18.81,31.81,384.5,30.02,30.89,31.03,60.0,59.5,75.6,1.0,272.9,272.1,272.0,25.0,-0.813,25.01,1915.0,415882.0,13177.0,1912.0,-0.999,0.818,0.791,0.836,18.94,18.93,18.94,14.2,6.868,6.864,6.869,5.151,175.0,175.0,175.0,131.0,0.975,67.6,62.24,2.1,3.502,2.0,-1.0,13.38,0.002,0.3,3.0,2.0,0.0,0.001,31.39,29.87,32.21,31.44,34.28,31.36,29.95,31.89,26.81,28.49,30.71,35.67,31.63,33.44,35.72,33.63,29.39,31.75,32.96
2017-05-04 14:13:00-05:00,387.5346,407.54507,427.23657,371.02264,386.04175,392.20224,353.9035,364.9265,857325.0,28.46,0.0,424.1,398.3,392.1,18.36,360.9,0.0,0.0,0.0,0.0,0.0,0.0,0.0,0.0,359.2,360.3,78.07,-0.5,32.02,32.97,33.13,32.13,0.0,270.7,273.4,274.0,272.3,0.62,0.0,28.38,27.19,-0.087,27.17,0.999,6000.0,403472.0,69.0,402.0,59.94,7.0,46.0,52.0,59.35,18.43,31.69,423.9,33.5,34.36,34.49,60.0,59.5,75.6,1.0,272.2,272.0,271.7,27.81,-0.967,27.83,1915.0,415883.0,13177.0,1912.0,-0.999,0.818,0.791,0.836,21.12,21.12,21.12,15.83,7.621,7.622,7.623,5.713,175.0,175.0,175.0,131.0,2.527,75.09,54.31,4.5,3.5,2.0,-1.0,13.55,0.004,0.301,3.0,2.0,0.0,0.0,31.33,29.78,32.22,31.57,34.01,31.44,30.21,32.08,26.75,28.4,30.86,35.78,32.0,33.67,35.81,33.73,29.41,31.91,33.09
2017-05-04 14:14:00-05:00,399.27808,419.82547,439.90857,385.3233,399.81973,407.66235,369.7106,379.89606,857326.0,28.46,0.0,436.1,413.4,406.9,18.1,359.9,0.0,0.0,0.0,0.0,0.0,0.0,0.0,0.0,358.2,359.2,80.7,-0.5,33.03,34.0,34.2,33.2,0.0,270.5,273.2,274.0,272.1,0.623,0.0,29.25,28.02,-0.153,28.01,0.999,6000.0,403472.0,69.0,402.0,59.95,7.0,46.0,52.0,58.38,18.13,31.98,435.6,34.56,35.42,35.57,60.0,59.5,75.6,1.0,272.0,272.0,271.2,28.67,-0.958,28.69,1915.0,415883.0,13177.0,1912.0,-0.999,0.818,0.791,0.836,21.83,21.82,21.82,16.36,7.855,7.852,7.853,5.888,175.0,175.0,175.0,131.0,2.222,67.34,41.04,5.7,3.502,2.0,-1.0,13.55,0.003,0.302,3.0,2.0,0.0,0.0,31.38,29.9,32.26,31.41,33.7,31.38,30.5,32.28,26.71,28.62,31.0,35.96,32.25,33.72,35.87,33.81,29.63,31.99,33.16
2017-05-04 14:15:00-05:00,404.8408,425.72006,444.88266,391.94397,406.9019,413.75616,375.98325,386.37894,857327.0,28.45,0.0,440.5,418.7,412.2,18.28,357.0,0.0,0.0,0.0,0.0,0.0,0.0,0.0,0.0,355.3,356.3,82.1,-0.5,33.42,34.37,34.52,33.52,0.0,270.5,273.1,273.8,272.1,0.623,0.0,29.51,28.29,-0.253,28.27,0.999,6000.0,403473.0,70.0,402.0,59.97,7.0,46.0,52.0,59.42,18.51,32.38,439.3,34.9,35.78,35.92,60.0,59.5,75.6,1.0,272.0,272.0,271.0,28.95,-0.884,28.97,1915.0,415884.0,13177.0,1912.0,-1.0,0.818,0.791,0.836,22.2,22.19,22.19,16.65,7.923,7.921,7.922,5.942,175.0,175.0,175.0,131.0,1.125,106.4,62.97,3.0,3.5,2.0,-1.0,13.55,0.003,0.302,3.0,2.0,0.0,0.0,31.74,30.24,32.49,31.68,33.65,31.7,30.74,32.62,27.03,29.25,31.38,36.11,32.59,33.99,36.01,33.96,29.78,32.19,33.28
2017-05-04 14:16:00-05:00,414.97726,435.87183,454.5939,402.9343,417.84705,425.37946,387.65042,397.57663,857328.0,28.43,0.0,450.8,431.0,424.3,18.27,357.9,0.0,0.0,0.0,0.0,0.0,0.0,0.0,0.0,356.1,357.2,84.0,-0.5,34.27,35.25,35.4,34.4,0.0,270.8,273.6,274.0,272.5,0.62,0.0,30.24,28.99,-0.12,28.97,0.999,6000.0,403473.0,70.0,402.0,59.95,7.0,46.0,52.0,58.25,18.55,32.47,449.2,35.78,36.63,36.8,60.0,59.5,75.6,1.0,272.2,272.1,271.4,29.68,-1.02,29.69,1915.0,415884.0,13177.0,1912.0,-0.999,0.818,0.791,0.836,22.67,22.66,22.67,17.0,8.12,8.11,8.11,6.084,175.0,175.0,175.0,131.0,2.998,99.9,30.06,5.0,3.498,2.0,-1.0,13.55,0.003,0.302,3.0,2.0,0.0,0.0,31.97,29.89,32.59,31.8,33.76,31.7,30.97,32.83,27.09,29.12,31.57,36.33,32.45,34.22,36.24,34.13,29.87,32.35,33.44
2017-05-04 14:17:00-05:00,389.51245,408.36374,424.27582,376.98126,391.5787,396.82898,357.54166,369.05197,857329.0,28.41,0.0,420.3,401.7,395.5,18.17,356.7,0.0,0.0,0.0,0.0,0.0,0.0,0.0,0.0,355.1,356.1,78.45,-0.5,31.71,32.65,32.87,31.87,0.0,270.5,273.5,273.9,272.3,0.631,0.0,28.17,26.99,-0.184,26.97,0.999,6000.0,403474.0,71.0,402.0,59.96,7.0,46.0,52.0,59.51,18.78,32.75,419.4,33.27,34.14,34.28,60.0,59.5,75.6,1.0,272.0,272.0,271.4,27.63,-0.876,27.64,1915.0,415885.0,13177.0,1912.0,-0.981,0.818,0.791,0.836,21.16,21.16,21.16,15.86,7.549,7.549,7.547,5.659,175.0,175.0,175.0,131.0,1.88,93.0,28.54,5.0,3.498,2.0,-1.0,13.5,0.018,0.301,3.0,2.0,0.0,0.001,32.31,29.75,32.61,31.79,33.84,31.52,31.03,33.0,27.65,29.39,31.77,36.33,32.75,34.24,36.25,34.22,30.17,32.51,33.52
2017-05-04 14:18:00-05:00,355.7654,372.50504,386.25977,342.42133,356.68298,359.58926,317.77298,330.9799,857330.0,28.4,0.0,382.5,364.2,358.6,18.14,356.9,0.0,0.0,0.0,0.0,0.0,0.0,0.0,0.0,355.2,356.4,70.98,-0.492,28.68,29.6,29.83,28.83,0.0,270.5,273.3,274.0,272.2,0.632,0.0,25.54,24.47,-0.258,24.45,0.999,6000.0,403474.0,71.0,402.0,59.97,7.0,46.0,52.0,58.1,18.59,32.7,382.1,30.15,31.01,31.16,60.0,59.5,75.6,1.0,272.1,272.0,271.2,25.08,-0.714,25.09,1915.0,415885.0,13177.0,1912.0,-1.0,0.818,0.791,0.836,19.21,19.21,19.21,14.41,6.858,6.857,6.857,5.142,175.0,175.0,175.0,131.0,0.87,78.38,95.8,3.3,3.499,2.0,-1.0,13.39,-0.017,0.301,3.0,2.0,0.0,0.001,32.32,29.8,32.66,31.82,33.88,31.57,30.97,33.11,27.98,29.56,31.9,36.31,32.69,34.15,36.19,34.22,30.24,32.48,33.53
2017-05-04 14:19:00-05:00,328.69363,344.6695,358.78397,314.48206,328.48315,330.5874,287.53876,301.8659,857331.0,28.37,0.0,355.6,335.0,330.0,18.36,356.8,0.0,0.0,0.0,0.0,0.0,0.0,0.0,0.0,355.1,356.4,65.53,-0.452,26.35,27.22,27.45,26.45,0.0,270.7,273.4,273.9,272.3,0.623,0.0,23.6,22.6,-0.3,22.58,0.999,6000.0,403475.0,72.0,402.0,59.98,7.0,46.0,52.0,59.13,18.63,32.59,355.8,27.8,28.68,28.82,60.0,59.5,75.6,1.0,272.4,272.1,271.5,23.17,-0.569,23.18,1915.0,415885.0,13177.0,1912.0,-1.0,0.818,0.791,0.836,17.82,17.82,17.82,13.36,6.357,6.357,6.357,4.767,175.0,175.0,175.0,131.0,1.24,243.2,91.1,3.5,3.5,2.0,-1.0,13.55,0.004,0.298,3.0,2.0,0.0,0.0,32.19,29.96,32.69,32.06,33.86,31.73,30.81,32.91,27.39,29.42,31.68,36.3,32.56,34.06,36.16,34.15,30.28,32.44,33.42
2017-05-04 14:20:00-05:00,333.26743,349.74542,365.88977,318.05722,331.7023,335.21414,293.56052,307.64157,857332.0,28.35,0.0,361.9,339.1,334.0,18.42,360.6,0.0,0.0,0.0,0.0,0.0,0.0,0.0,0.0,359.1,360.1,65.82,-0.493,26.95,27.83,28.02,27.02,0.0,270.5,273.0,274.0,272.0,0.615,0.0,23.96,22.95,-0.162,22.93,0.999,6000.0,403475.0,72.0,402.0,59.95,7.0,46.0,52.0,58.72,18.75,32.42,362.2,28.21,29.1,29.22,60.0,59.5,75.6,1.0,272.1,272.0,271.2,23.5,-0.742,23.51,1915.0,415886.0,13177.0,1912.0,-1.0,0.818,0.791,0.836,17.9,17.9,17.91,13.43,6.453,6.453,6.456,4.841,176.0,176.0,176.0,131.0,1.447,351.7,44.56,2.7,3.5,2.0,-1.0,13.55,0.003,0.298,3.0,2.0,0.0,0.0,32.08,30.14,32.65,32.06,33.79,31.78,30.66,32.8,27.29,29.4,31.61,36.24,32.11,34.04,36.07,34.14,30.07,32.46,33.4
2017-05-04 14:21:00-05:00,356.87796,374.46988,393.48398,340.96478,354.3652,360.94342,319.7802,332.51218,857333.0,28.33,0.0,388.3,363.8,358.3,18.62,359.7,0.0,0.0,0.0,0.0,0.0,0.0,0.0,0.0,357.9,359.0,71.17,-0.493,29.02,29.97,30.1,29.1,0.0,270.6,273.1,273.9,272.1,0.613,0.0,25.78,24.7,-0.197,24.68,0.999,6000.0,403475.0,72.0,402.0,59.96,7.0,46.0,52.0,58.57,18.8,32.46,388.6,30.39,31.28,31.42,60.0,59.5,75.6,1.0,272.2,272.0,271.2,25.29,-0.778,25.3,1915.0,415886.0,13177.0,1912.0,-1.0,0.818,0.791,0.836,19.31,19.31,19.32,14.49,6.945,6.945,6.95,5.212,176.0,176.0,176.0,132.0,0.857,327.5,100.6,2.4,3.502,2.0,-1.0,13.55,0.003,0.3,3.0,2.0,0.0,0.0,32.13,30.27,32.73,32.14,33.9,31.96,30.6,32.74,27.34,29.51,31.53,36.19,31.92,34.05,36.06,34.07,29.95,32.48,33.35
2017-05-04 14:22:00-05:00,411.88687,434.3982,457.08096,392.73846,407.80325,416.12595,373.976,385.20023,857334.0,28.33,0.0,450.6,418.8,412.4,18.79,360.5,0.0,0.0,0.0,0.0,0.0,0.0,0.0,0.0,358.6,359.8,82.4,-0.5,33.65,34.58,34.82,33.82,0.0,271.0,273.8,274.0,272.8,0.605,0.0,29.87,28.61,-0.132,28.58,0.999,6000.0,403476.0,73.0,402.0,59.95,7.0,46.0,52.0,59.35,18.76,32.33,448.0,35.23,36.1,36.23,60.0,59.5,75.6,1.0,273.0,272.3,272.0,29.25,-0.989,29.27,1915.0,415887.0,13177.0,1912.0,-0.999,0.818,0.791,0.836,22.27,22.25,22.26,16.69,8.03,8.02,8.02,6.017,176.0,176.0,176.0,132.0,1.687,110.0,91.4,4.7,3.5,2.0,-1.0,13.55,0.003,0.302,3.0,2.0,0.0,0.0,32.05,30.57,32.87,32.12,33.98,32.17,30.86,32.89,27.38,29.47,31.72,36.37,32.03,34.19,36.24,34.31,30.04,32.71,33.6
2017-05-04 14:23:00-05:00,427.70966,450.1171,471.41098,414.05704,429.436,438.58264,397.3103,408.3028,857335.0,28.3,0.0,462.2,439.1,432.2,18.61,363.9,0.0,0.0,0.0,0.0,0.0,0.0,0.0,0.0,362.2,363.3,83.9,-0.5,34.88,35.8,36.0,35.0,0.0,271.0,273.9,274.0,272.9,0.618,0.0,30.76,29.44,-0.262,29.41,0.999,6000.0,403476.0,73.0,402.0,59.97,7.0,46.0,52.0,58.55,18.42,32.45,459.8,36.28,37.17,37.31,60.0,59.5,75.6,1.0,273.0,272.6,272.0,30.13,-0.917,30.15,1915.0,415887.0,13177.0,1912.0,-1.0,0.818,0.791,0.836,22.63,22.61,22.61,16.96,8.24,8.23,8.23,6.173,176.0,176.0,176.0,132.0,1.75,78.02,69.43,4.6,3.502,2.0,-1.0,13.38,-0.009,0.303,3.0,2.0,0.0,0.001,32.25,30.78,32.99,32.17,33.96,32.29,30.85,32.99,27.28,29.65,31.81,36.38,32.09,34.29,36.3,34.36,29.73,32.68,33.68
2017-05-04 14:24:00-05:00,427.3388,449.29837,467.9765,414.18945,429.17847,436.88992,394.4249,406.18115,857336.0,28.3,0.0,458.4,436.8,430.1,18.37,365.5,0.0,0.0,0.0,0.0,0.0,0.0,0.0,0.0,363.8,364.9,82.4,-0.5,34.0,35.0,35.31,34.31,0.0,271.0,274.0,274.0,273.0,0.604,0.0,30.29,28.99,-0.071,28.98,0.999,6000.0,403477.0,74.0,402.0,59.94,7.0,46.0,52.0,58.87,19.13,32.75,455.9,35.75,36.61,36.74,60.0,59.5,75.6,1.0,273.0,272.6,272.0,29.68,-1.047,29.7,1915.0,415888.0,13177.0,1912.0,-0.999,0.818,0.791,0.836,22.21,22.2,22.2,16.65,8.12,8.12,8.12,6.084,176.0,176.0,176.0,132.0,2.502,79.13,37.33,5.0,3.502,2.0,-1.0,13.44,0.014,0.303,3.0,2.0,0.0,0.001,32.45,30.91,33.12,32.2,33.99,32.29,31.19,33.29,28.11,29.53,32.11,36.57,32.41,34.52,36.48,34.57,30.09,32.9,33.87
2017-05-04 14:25:00-05:00,421.03442,442.5851,459.2127,407.17154,422.35385,427.97495,384.38864,396.98724,857337.0,28.27,0.0,449.4,428.0,421.3,18.2,366.4,0.0,0.0,0.0,0.0,0.0,0.0,0.0,0.0,364.9,365.9,80.0,-0.5,33.35,34.28,34.5,33.5,0.0,271.0,273.5,274.0,272.5,0.6,0.0,29.51,28.26,-0.085,28.23,0.999,6000.0,403477.0,74.0,402.0,59.94,7.0,46.0,52.0,58.77,18.88,33.01,446.6,34.84,35.73,35.84,60.0,59.5,75.6,1.0,272.8,272.1,271.9,28.93,-1.008,28.95,1915.0,415888.0,13177.0,1912.0,-0.999,0.818,0.791,0.836,21.57,21.56,21.57,16.17,7.903,7.899,7.903,5.926,176.0,176.0,176.0,132.0,2.643,69.21,21.74,7.5,3.502,2.0,-1.0,13.55,0.003,0.302,3.0,2.0,0.0,0.0,32.64,31.09,33.38,32.47,33.94,32.51,31.34,33.55,28.0,29.95,32.39,36.69,32.56,34.7,36.63,34.7,30.27,33.0,34.03
2017-05-04 14:26:00-05:00,398.66003,418.67932,432.92123,384.66122,399.56223,403.37418,357.79254,371.88086,857338.0,28.27,0.0,423.6,403.4,397.2,18.01,367.1,0.0,0.0,0.0,0.0,0.0,0.0,0.0,0.0,365.5,366.5,74.82,-0.5,31.13,32.07,32.18,31.18,0.0,271.0,273.4,274.0,272.4,0.608,0.0,27.68,26.5,-0.158,26.48,0.999,6000.0,403478.0,75.0,402.0,59.96,7.0,46.0,52.0,58.85,18.79,33.42,421.6,32.65,33.51,33.65,60.0,59.5,75.6,1.0,272.9,272.1,271.9,27.13,-0.875,27.14,1915.0,415889.0,13177.0,1912.0,-0.999,0.818,0.791,0.836,20.22,20.22,20.17,15.14,7.42,7.421,7.404,5.557,176.0,176.0,176.0,132.0,3.14,73.43,14.51,5.0,3.499,2.0,-1.0,13.55,0.003,0.301,3.0,2.0,0.0,0.0,33.0,31.0,33.42,32.32,33.8,32.53,31.44,33.55,27.75,30.07,32.35,36.64,32.76,34.52,36.51,34.58,30.29,32.87,33.93
2017-05-04 14:27:00-05:00,373.68967,392.15366,404.73483,359.10544,373.68015,375.95218,329.31467,344.29922,857339.0,28.24,0.0,396.7,376.8,371.0,17.93,366.6,0.0,0.0,0.0,0.0,0.0,0.0,0.0,0.0,365.1,366.1,70.22,-0.5,29.13,30.08,30.4,29.4,0.0,270.9,273.0,274.0,272.0,0.572,0.0,25.96,24.82,-0.213,24.8,0.999,6000.0,403478.0,75.0,402.0,59.96,7.0,46.0,52.0,58.65,18.59,33.19,395.3,30.61,31.48,31.6,60.0,59.5,75.6,1.0,272.2,272.0,271.1,25.45,-0.769,25.46,1915.0,415889.0,13177.0,1912.0,-1.0,0.818,0.791,0.836,19.0,19.01,18.98,14.23,6.965,6.968,6.957,5.217,176.0,176.0,176.0,132.0,2.58,88.5,51.7,5.3,3.499,2.0,-1.0,13.55,0.003,0.3,3.0,2.0,0.0,0.0,32.83,30.48,33.1,31.91,33.52,32.13,31.3,33.32,27.31,29.68,32.04,36.37,32.75,34.3,36.21,34.35,30.03,32.62,33.7
2017-05-04 14:28:00-05:00,357.37244,374.46988,386.8519,342.42133,356.03915,357.8965,312.00214,327.208,857340.0,28.23,0.0,380.3,360.0,354.6,18.13,366.2,0.0,0.0,0.0,0.0,0.0,0.0,0.0,0.0,364.8,365.8,67.52,-0.5,28.0,29.0,29.02,28.02,0.0,270.2,273.0,273.5,272.0,0.585,0.0,24.93,23.83,-0.245,23.82,0.999,6000.0,403478.0,75.0,402.0,59.97,7.0,46.0,52.0,59.12,18.62,32.95,379.4,29.38,30.22,30.36,60.0,59.5,75.6,1.0,272.0,272.0,271.0,24.42,-0.699,24.43,1915.0,415889.0,13177.0,1912.0,-1.0,0.818,0.791,0.836,18.27,18.28,18.28,13.7,6.69,6.693,6.692,5.016,177.0,177.0,177.0,132.0,1.972,84.4,55.46,6.2,3.5,2.0,-1.0,13.55,0.003,0.299,3.0,2.0,0.0,0.0,32.45,30.27,32.79,31.44,33.23,31.73,31.13,33.02,27.43,29.48,31.78,36.22,32.45,34.21,36.07,34.09,29.75,32.37,33.46
2017-05-04 14:29:00-05:00,354.77652,371.68634,384.36487,339.77304,352.69122,355.30103,312.00214,325.32208,857341.0,28.2,0.0,379.0,358.6,353.3,18.18,364.3,0.0,0.0,0.0,0.0,0.0,0.0,0.0,0.0,362.6,363.7,68.1,-0.5,28.18,29.2,29.37,28.37,0.0,270.2,273.0,273.6,272.0,0.592,0.0,25.03,23.97,-0.227,23.95,0.999,6000.0,403479.0,76.0,402.0,59.96,7.0,46.0,52.0,58.5,18.5,32.86,378.6,29.52,30.4,30.55,60.0,59.5,75.6,1.0,272.0,272.0,271.0,24.56,-0.723,24.57,1915.0,415890.0,13177.0,1912.0,-1.0,0.818,0.791,0.836,18.5,18.5,18.48,13.85,6.741,6.739,6.733,5.045,177.0,177.0,177.0,132.0,4.535,101.2,22.64,7.3,3.5,2.0,-1.0,13.37,0.002,0.3,3.0,2.0,0.0,0.001,32.43,29.61,32.44,31.24,32.88,31.37,30.95,32.69,26.83,29.03,31.41,36.0,32.25,33.95,35.87,33.87,29.61,32.09,33.25
2017-05-04 14:30:00-05:00,362.8115,380.20074,393.1287,347.45303,360.4172,364.216,321.53656,332.39432,857342.0,28.2,0.0,387.5,367.7,362.2,18.05,360.2,0.0,0.0,0.0,0.0,0.0,0.0,0.0,0.0,358.5,359.8,71.23,-0.5,29.02,30.03,30.17,29.17,0.0,270.2,273.0,273.3,272.0,0.593,0.0,25.83,24.72,-0.22,24.71,0.999,6000.0,403479.0,76.0,402.0,59.96,7.0,46.0,52.0,59.5,18.4,32.16,387.2,30.46,31.34,31.48,60.0,59.5,75.6,1.0,272.0,272.0,271.0,25.32,-0.767,25.33,1915.0,415890.0,13177.0,1912.0,-1.0,0.818,0.791,0.836,19.28,19.29,19.28,14.45,6.946,6.948,6.945,5.207,177.0,177.0,177.0,132.0,2.015,101.9,58.91,6.2,3.5,2.0,-1.0,13.55,0.005,0.299,3.0,2.0,0.0,0.0,32.03,29.3,32.04,30.88,32.43,30.89,30.61,32.24,26.4,28.65,31.0,35.65,32.01,33.67,35.55,33.66,29.45,31.92,33.03
2017-05-04 14:31:00-05:00,371.34097,389.3701,401.89255,356.05994,368.65826,372.11536,327.4329,337.10913,857343.0,28.18,0.0,396.8,376.3,370.7,18.04,361.4,0.0,0.0,0.0,0.0,0.0,0.0,0.0,0.0,359.7,360.9,72.82,-0.5,30.0,30.95,31.0,30.0,0.0,270.1,273.0,273.1,272.0,0.592,0.0,26.51,25.36,-0.177,25.35,0.999,6000.0,403480.0,77.0,402.0,59.96,7.0,46.0,52.0,57.93,18.33,32.08,396.1,31.3,32.16,32.31,60.0,59.5,75.6,1.0,272.0,272.0,271.0,25.99,-0.819,26.0,1915.0,415891.0,13177.0,1912.0,-0.999,0.818,0.791,0.836,19.72,19.7,19.7,14.78,7.124,7.12,7.119,5.341,177.0,177.0,177.0,132.0,2.34,122.0,41.24,5.1,3.5,2.0,-1.0,13.55,0.003,0.3,3.0,2.0,0.0,0.0,31.81,29.3,32.01,30.94,32.39,30.94,30.66,32.13,26.28,28.71,30.85,35.77,32.17,33.75,35.67,33.67,29.49,31.92,33.04
2017-05-04 14:32:00-05:00,383.82614,402.9604,414.56454,368.10953,380.89105,382.72302,336.59097,348.30682,857344.0,28.17,0.0,409.7,387.9,382.0,17.9,360.2,0.0,0.0,0.0,0.0,0.0,0.0,0.0,0.0,358.5,359.6,75.75,-0.5,30.87,31.8,31.95,30.95,0.0,270.3,273.0,273.4,272.0,0.6,0.0,27.45,26.28,-0.157,26.27,0.999,6000.0,403480.0,77.0,402.0,59.95,7.0,46.0,52.0,59.9,18.09,31.72,408.4,32.39,33.27,33.41,60.0,59.5,75.6,1.0,272.0,272.0,271.0,26.9,-0.875,26.91,1915.0,415891.0,13177.0,1912.0,-0.999,0.818,0.791,0.836,20.48,20.47,20.48,15.36,7.377,7.374,7.377,5.532,177.0,177.0,177.0,133.0,3.107,118.1,43.96,8.4,3.5,2.0,-1.0,13.55,0.003,0.3,3.0,2.0,0.0,0.0,31.59,29.06,31.78,30.91,32.04,30.77,30.62,32.13,26.76,28.58,30.89,35.68,32.0,33.51,35.59,33.65,29.5,31.87,33.0
2017-05-04 14:33:00-05:00,389.51245,409.18246,419.8939,373.6709,387.07187,387.80118,339.10004,351.9608,857345.0,28.14,0.0,414.6,392.4,386.4,18.0,361.8,0.0,0.0,0.0,0.0,0.0,0.0,0.0,0.0,360.2,361.3,76.22,-0.5,31.0,32.0,32.05,31.05,0.0,270.7,273.1,273.7,272.1,0.585,0.0,27.74,26.55,-0.153,26.55,0.999,6000.0,403481.0,78.0,402.0,59.96,7.0,46.0,52.0,57.77,18.32,31.73,413.0,32.72,33.62,33.76,60.0,59.5,75.6,1.0,272.2,272.0,271.0,27.19,-0.869,27.2,1915.0,415892.0,13177.0,1912.0,-1.0,0.818,0.791,0.836,20.55,20.55,20.56,15.41,7.433,7.435,7.438,5.575,177.0,177.0,177.0,133.0,2.09,80.2,39.26,5.0,3.5,2.0,-1.0,13.55,0.003,0.301,3.0,2.0,0.0,0.0,31.55,29.22,31.96,31.07,32.23,30.94,30.61,32.19,26.73,28.79,30.98,35.59,32.27,33.52,35.5,33.68,29.62,31.94,33.02
2017-05-04 14:34:00-05:00,393.83902,413.76712,424.86798,377.5109,391.32114,391.97653,342.86362,356.08627,857346.0,28.13,0.0,419.9,397.0,391.0,17.9,361.7,0.0,0.0,0.0,0.0,0.0,0.0,0.0,0.0,360.1,361.2,77.02,-0.5,31.7,32.68,32.88,31.88,0.0,270.6,273.0,273.6,272.0,0.583,0.0,28.08,26.87,-0.138,26.86,0.999,6000.0,403481.0,78.0,402.0,59.95,7.0,46.0,52.0,59.88,18.3,31.99,418.2,33.13,34.02,34.16,60.0,59.5,75.6,1.0,272.1,272.0,271.0,27.51,-0.909,27.52,1915.0,415892.0,13177.0,1912.0,-0.983,0.818,0.791,0.836,20.84,20.85,20.85,15.62,7.539,7.542,7.542,5.651,177.0,177.0,177.0,133.0,3.23,84.0,30.19,5.9,3.502,2.0,-1.0,13.55,0.003,0.301,3.0,2.0,0.0,0.001,31.73,29.12,31.94,30.97,32.34,30.92,30.74,32.29,26.91,28.51,31.12,35.63,32.1,33.57,35.56,33.67,29.76,31.96,33.01
2017-05-04 14:35:00-05:00,407.80756,428.66733,441.21133,391.28192,405.74298,407.32385,359.7998,371.52725,857347.0,28.1,0.0,436.0,412.4,406.2,17.92,358.8,0.0,0.0,0.0,0.0,0.0,0.0,0.0,0.0,357.1,358.1,80.8,-0.5,32.97,33.97,34.12,33.12,0.0,270.9,273.1,273.8,272.1,0.58,0.0,29.2,27.97,-0.248,27.95,0.999,6000.0,403482.0,79.0,402.0,59.97,7.0,46.0,52.0,57.92,18.26,32.14,434.5,34.48,35.39,35.53,60.0,59.5,75.6,1.0,272.2,272.0,271.0,28.64,-0.873,28.65,1915.0,415893.0,13177.0,1912.0,-1.0,0.818,0.791,0.836,21.85,21.85,21.85,16.38,7.841,7.841,7.84,5.876,177.0,177.0,177.0,133.0,1.547,35.09,63.05,4.1,3.5,2.0,-1.0,13.37,0.005,0.302,3.0,2.0,0.0,0.001,31.78,29.09,31.83,30.87,32.3,30.79,30.52,32.35,26.82,28.78,31.15,35.44,31.85,33.39,35.37,33.55,29.32,31.79,32.9
2017-05-04 14:36:00-05:00,422.3942,444.05878,457.08096,407.30392,422.2251,425.4923,378.11597,388.26486,857348.0,28.08,0.0,450.6,429.4,423.0,17.98,367.6,0.0,0.0,0.0,0.0,0.0,0.0,0.0,0.0,365.9,367.0,80.6,-0.5,33.65,34.65,34.75,33.75,0.0,270.8,273.3,273.9,272.3,0.587,0.0,29.8,28.54,-0.275,28.52,0.999,6000.0,403482.0,79.0,402.0,59.97,7.0,46.0,52.0,59.83,18.48,32.19,448.4,35.19,36.07,36.22,60.0,59.5,75.6,1.0,272.5,272.0,271.1,29.21,-0.87,29.22,1915.0,415893.0,13177.0,1912.0,-1.0,0.818,0.791,0.836,21.7,21.7,21.7,16.27,7.977,7.978,7.977,5.981,178.0,178.0,178.0,133.0,2.213,11.24,81.4,4.9,3.5,2.0,-1.0,13.55,0.004,0.302,3.0,2.0,0.0,0.0,31.93,29.38,31.85,30.89,32.47,30.94,30.58,32.38,26.75,29.04,31.18,35.53,32.02,33.35,35.46,33.46,29.07,31.74,32.83
2017-05-04 14:37:00-05:00,412.25772,433.25204,445.0011,398.1674,412.5676,415.44885,366.82516,378.01013,857349.0,28.07,0.0,438.3,418.8,412.6,18.1,370.6,0.0,0.0,0.0,0.0,0.0,0.0,0.0,0.0,368.7,370.1,76.65,-0.5,32.37,33.22,33.53,32.53,0.0,270.4,273.0,273.6,272.0,0.583,0.0,28.62,27.39,-0.17,27.38,0.999,6000.0,403482.0,79.0,402.0,59.96,7.0,46.0,52.0,57.88,18.34,32.17,436.5,33.79,34.68,34.84,60.0,59.5,75.6,1.0,272.0,272.0,271.0,28.05,-0.901,28.06,1915.0,415894.0,13177.0,1912.0,-0.999,0.818,0.791,0.836,20.69,20.66,20.67,15.51,7.666,7.657,7.661,5.746,178.0,178.0,178.0,133.0,2.03,326.9,73.33,5.2,3.5,2.0,-1.0,13.55,0.003,0.302,3.0,2.0,0.0,0.0,32.01,29.72,31.92,31.05,32.37,31.08,30.35,32.01,26.38,28.64,30.84,35.51,31.73,33.26,35.35,33.22,28.71,31.46,32.65
2017-05-04 14:38:00-05:00,397.053,417.20566,427.7103,383.3371,397.50195,399.65018,350.76715,364.3372,857350.0,28.04,0.0,421.6,403.1,397.1,18.2,371.3,0.0,0.0,0.0,0.0,0.0,0.0,0.0,0.0,369.9,370.9,73.05,-0.5,30.77,31.65,31.88,30.88,0.0,270.2,273.0,273.3,272.0,0.573,0.0,27.37,26.19,-0.143,26.17,0.999,6000.0,403483.0,80.0,402.0,59.95,7.0,46.0,52.0,59.82,18.66,32.16,420.1,32.3,33.19,33.33,60.0,59.5,75.6,1.0,272.0,272.0,271.0,26.81,-0.889,26.83,1915.0,415894.0,13177.0,1912.0,-0.999,0.818,0.791,0.836,19.72,19.73,19.75,14.8,7.324,7.326,7.335,5.496,178.0,178.0,178.0,133.0,2.213,107.5,93.0,5.5,3.502,2.0,-1.0,13.55,0.003,0.301,3.0,2.0,0.0,0.0,31.99,29.88,31.98,31.2,32.4,31.27,30.28,31.83,26.47,28.4,30.65,35.36,31.6,33.02,35.21,33.09,28.61,31.38,32.51
2017-05-04 14:39:00-05:00,375.17307,394.11853,402.72153,361.48886,376.38425,376.7421,327.18198,342.8848,857351.0,28.02,0.0,397.5,380.6,374.9,17.95,371.4,0.0,0.0,0.0,0.0,0.0,0.0,0.0,0.0,369.9,370.9,68.95,-0.5,28.92,29.93,30.15,29.15,0.0,270.2,273.0,273.1,272.0,0.573,0.0,25.8,24.67,-0.2,24.66,0.999,6000.0,403483.0,80.0,402.0,59.96,7.0,46.0,52.0,57.75,18.3,32.18,396.3,30.41,31.31,31.45,60.0,59.5,75.6,1.0,272.0,272.0,271.0,25.29,-0.768,25.3,1915.0,415894.0,13177.0,1912.0,-1.0,0.818,0.791,0.836,18.62,18.61,18.62,13.96,6.915,6.911,6.913,5.185,178.0,178.0,178.0,133.0,2.947,73.05,46.75,5.6,3.5,2.0,-1.0,13.55,0.003,0.3,3.0,2.0,0.0,0.0,31.88,29.7,31.82,30.88,32.16,31.03,30.1,31.6,26.42,28.31,30.46,35.11,31.32,32.75,34.91,32.96,28.75,31.28,32.37
2017-05-04 14:40:00-05:00,347.35956,364.80936,371.57443,333.54962,348.44193,345.82184,296.32047,313.4172,857352.0,28.01,0.0,367.6,350.5,345.3,17.89,371.6,0.0,0.0,0.0,0.0,0.0,0.0,0.0,0.0,370.0,371.2,63.3,-0.5,26.58,27.57,27.7,26.7,0.0,270.4,273.0,273.3,272.0,0.545,0.0,23.74,22.7,-0.232,22.69,0.999,6000.0,403484.0,81.0,402.0,59.96,7.0,46.0,52.0,59.97,18.08,32.03,366.7,27.94,28.83,28.96,60.0,59.5,75.6,1.0,272.0,272.0,271.0,23.26,-0.672,23.27,1915.0,415895.0,13177.0,1912.0,-1.0,0.818,0.791,0.836,17.15,17.14,17.15,12.85,6.372,6.37,6.372,4.775,178.0,178.0,178.0,133.0,2.363,136.3,71.24,6.0,3.5,2.0,-1.0,13.36,-0.013,0.299,1.0,2.0,0.0,0.001,31.71,29.57,31.63,30.73,31.99,30.87,29.8,31.53,26.35,28.1,30.38,34.78,31.05,32.34,34.62,32.74,28.66,31.07,32.16
2017-05-04 14:41:00-05:00,318.6808,334.68146,340.7826,304.0214,318.05307,314.3373,266.58807,283.36026,857353.0,27.98,0.0,338.4,320.1,315.3,17.87,372.1,0.0,0.0,0.0,0.0,0.0,0.0,0.0,0.0,370.2,371.9,57.9,-0.5,24.23,25.27,25.37,24.37,0.0,270.2,272.9,273.3,271.9,0.55,0.0,21.71,20.73,-0.238,20.72,0.999,6000.0,403484.0,81.0,402.0,59.96,7.0,46.0,52.0,57.55,17.97,31.7,338.2,25.5,26.39,26.51,60.0,59.5,75.6,1.0,272.0,272.0,271.0,21.27,-0.593,21.28,1915.0,415895.0,13177.0,1912.0,-1.0,0.818,0.791,0.836,15.69,15.68,15.67,11.76,5.838,5.835,5.83,4.374,178.0,178.0,178.0,133.0,3.383,83.8,36.91,6.6,3.502,2.0,-1.0,13.41,0.02,0.298,3.0,2.0,0.0,0.001,31.34,29.24,31.37,30.3,31.81,30.59,29.66,31.44,26.39,28.03,30.34,34.61,31.01,32.21,34.45,32.66,28.81,31.02,32.05
2017-05-04 14:42:00-05:00,303.22885,318.3076,325.0314,288.1318,300.92712,298.2001,253.03911,268.74432,857354.0,27.96,0.0,323.7,305.0,300.4,17.67,373.2,0.0,0.0,0.0,0.0,0.0,0.0,0.0,0.0,371.5,372.8,54.78,-0.5,22.85,23.83,24.02,23.02,0.0,270.6,273.0,273.6,272.0,0.578,0.0,20.64,19.72,-0.247,19.72,0.999,6000.0,403484.0,81.0,402.0,59.97,7.0,46.0,52.0,59.75,17.62,31.13,324.0,24.2,25.08,25.22,60.0,59.5,75.6,1.0,272.2,272.0,271.0,20.22,-0.522,20.23,1915.0,415895.0,13177.0,1912.0,-1.0,0.818,0.791,0.836,14.9,14.91,14.91,11.17,5.56,5.564,5.564,4.169,178.0,178.0,178.0,133.0,2.523,103.4,43.35,5.2,3.502,2.0,-1.0,13.55,0.004,0.297,3.0,2.0,0.0,0.0,30.73,28.58,30.75,29.75,30.99,29.97,29.37,31.11,26.02,27.46,30.05,34.22,30.74,31.81,34.04,32.37,28.46,30.67,31.76
2017-05-04 14:43:00-05:00,296.80084,311.59433,319.22833,282.1732,294.1025,292.33203,246.39009,261.3185,857355.0,27.94,0.0,317.9,299.2,294.9,17.75,373.2,0.0,0.0,0.0,0.0,0.0,0.0,0.0,0.0,371.7,372.7,54.0,-0.498,22.92,23.7,24.0,23.0,0.0,270.3,273.0,273.3,272.0,0.578,0.0,20.32,19.4,-0.188,19.4,0.999,6000.0,403485.0,82.0,402.0,59.96,7.0,46.0,52.0,58.1,17.85,30.59,319.0,23.84,24.74,24.87,60.0,59.5,75.6,1.0,272.1,272.0,271.0,19.93,-0.556,19.94,1915.0,415896.0,13177.0,1912.0,-1.0,0.818,0.791,0.836,14.73,14.71,14.7,11.03,5.496,5.49,5.485,4.115,178.0,178.0,178.0,134.0,3.113,130.6,58.12,6.7,3.5,2.0,-1.0,13.55,0.003,0.297,3.0,2.0,0.0,0.0,30.18,28.12,30.28,29.42,30.56,29.54,29.19,30.85,25.9,27.36,29.82,33.87,30.12,31.46,33.68,32.09,28.25,30.31,31.5
2017-05-04 14:44:00-05:00,297.9134,312.7405,322.54437,282.83527,294.36005,293.12195,248.39735,261.78998,857356.0,27.92,0.0,321.5,300.3,296.7,17.71,369.0,0.0,0.0,0.0,0.0,0.0,0.0,0.0,0.0,367.4,368.6,56.6,-0.5,23.37,24.37,24.6,23.6,0.0,270.4,273.0,273.3,272.0,0.563,0.0,21.08,20.14,-0.293,20.12,0.999,6000.0,403485.0,82.0,402.0,59.98,7.0,46.0,52.0,58.87,17.97,30.23,322.9,24.71,25.61,25.76,60.0,59.5,75.6,1.0,272.0,272.0,271.0,20.65,-0.483,20.66,1915.0,415896.0,13177.0,1912.0,-1.0,0.818,0.791,0.836,15.41,15.41,15.42,11.57,5.686,5.685,5.688,4.267,178.0,178.0,178.0,134.0,3.73,96.1,28.0,7.3,3.5,2.0,-1.0,13.55,0.003,0.297,3.0,2.0,0.0,0.0,29.81,27.72,29.98,28.94,30.17,29.2,28.82,30.4,25.01,27.06,29.32,33.47,29.86,31.09,33.27,31.62,27.67,29.85,31.01
2017-05-04 14:45:00-05:00,313.36533,329.60556,341.4932,297.9304,309.55447,309.8234,266.839,280.64923,857357.0,27.9,0.0,340.0,316.9,312.2,17.57,364.4,0.0,0.0,0.0,0.0,0.0,0.0,0.0,0.0,362.9,364.0,61.87,-0.5,25.38,26.38,26.53,25.53,0.0,270.1,273.0,273.3,272.0,0.572,0.0,22.73,21.72,-0.243,21.71,0.999,6000.0,403485.0,82.0,402.0,59.97,7.0,46.0,52.0,59.5,17.97,30.15,340.8,26.71,27.61,27.72,60.0,59.5,75.6,1.0,272.0,272.0,271.0,22.26,-0.612,22.27,1915.0,415897.0,13177.0,1912.0,-1.0,0.818,0.791,0.836,16.81,16.81,16.82,12.6,6.123,6.124,6.128,4.59,178.0,178.0,178.0,134.0,3.573,108.5,23.38,6.0,3.5,2.0,-1.0,13.55,0.003,0.297,3.0,2.0,0.0,0.0,29.65,27.2,29.6,28.53,29.86,28.66,28.57,29.97,25.11,26.51,28.88,33.05,29.6,30.79,32.89,31.17,27.63,29.42,30.54
2017-05-04 14:46:00-05:00,337.8412,355.47623,368.85052,322.6917,334.92145,336.79404,292.1805,306.10925,857358.0,27.88,0.0,366.5,343.5,338.4,17.57,363.4,0.0,0.0,0.0,0.0,0.0,0.0,0.0,0.0,361.8,362.9,67.05,-0.498,27.58,28.57,28.75,27.75,0.0,270.3,273.0,273.4,272.0,0.57,0.0,24.58,23.53,-0.225,23.51,0.999,6000.0,403486.0,83.0,402.0,59.96,7.0,46.0,52.0,57.93,17.98,30.15,367.0,28.94,29.85,29.99,60.0,59.5,75.6,1.0,272.0,272.0,271.0,24.1,-0.707,24.11,1915.0,415897.0,13177.0,1912.0,-1.0,0.818,0.791,0.836,18.22,18.21,18.21,13.66,6.62,6.617,6.619,4.963,179.0,179.0,179.0,134.0,2.643,109.4,40.34,5.2,3.497,2.0,-1.0,13.37,0.0,0.299,1.0,2.0,0.0,0.001,29.73,26.93,29.49,28.57,29.86,28.52,28.5,30.06,25.22,26.83,29.05,32.81,29.43,30.62,32.7,31.12,27.73,29.31,30.41
2017-05-04 14:47:00-05:00,363.80045,382.16562,396.68158,348.24753,360.93225,363.31323,316.51843,329.56543,857359.0,27.85,0.0,393.2,369.5,364.1,17.61,366.4,0.0,0.0,0.0,0.0,0.0,0.0,0.0,0.0,364.7,365.8,71.52,-0.5,29.72,30.72,30.88,29.88,0.0,270.7,273.1,273.8,272.1,0.587,0.0,26.42,25.29,-0.222,25.26,0.999,6000.0,403486.0,83.0,402.0,59.96,7.0,46.0,52.0,59.98,17.97,30.11,393.4,31.12,32.0,32.14,60.0,59.5,75.6,1.0,272.2,272.0,271.0,25.88,-0.801,25.89,1915.0,415897.0,13177.0,1912.0,-1.0,0.818,0.791,0.836,19.36,19.37,19.37,14.52,7.093,7.097,7.095,5.319,179.0,179.0,179.0,134.0,2.237,112.6,80.7,5.7,3.502,2.0,-1.0,13.55,0.009,0.299,3.0,2.0,0.0,0.0,29.81,26.91,29.41,28.52,29.92,28.42,28.53,30.06,24.73,26.66,29.0,32.92,29.45,30.79,32.84,31.17,27.64,29.36,30.44
2017-05-04 14:48:00-05:00,377.02728,396.24713,410.4195,360.16473,373.80893,374.93652,326.55472,340.88098,857360.0,27.82,0.0,405.4,380.0,374.1,17.78,365.1,0.0,0.0,0.0,0.0,0.0,0.0,0.0,0.0,363.5,364.6,74.12,-0.5,30.9,31.73,31.92,30.92,0.0,270.7,273.2,273.9,272.2,0.612,0.0,27.3,26.12,-0.237,26.1,0.999,6000.0,403487.0,84.0,402.0,59.96,7.0,46.0,52.0,57.7,17.86,30.25,405.0,32.19,33.06,33.22,60.0,59.5,75.6,1.0,272.4,272.0,271.4,26.75,-0.818,26.77,1915.0,415898.0,13177.0,1912.0,-1.0,0.818,0.791,0.836,20.05,20.05,20.05,15.04,7.321,7.321,7.323,5.491,179.0,179.0,179.0,134.0,1.508,14.05,101.1,4.1,3.502,2.0,-1.0,13.59,0.004,0.299,3.0,2.0,0.0,0.0,30.01,27.38,29.51,28.7,29.97,28.64,28.51,30.05,24.96,27.01,29.03,32.9,29.13,30.82,32.8,31.18,27.62,29.46,30.48
2017-05-04 14:49:00-05:00,365.7783,384.45795,397.0369,348.51233,362.86377,361.95905,314.38574,330.0369,857361.0,27.8,0.0,391.7,366.4,360.6,17.89,360.7,0.0,0.0,0.0,0.0,0.0,0.0,0.0,0.0,359.1,360.1,72.35,-0.5,29.5,30.52,30.7,29.7,0.0,270.8,273.1,274.0,272.1,0.597,0.0,26.28,25.19,-0.153,25.17,0.999,6000.0,403487.0,84.0,402.0,59.95,7.0,46.0,52.0,59.98,18.1,30.58,391.1,31.02,31.91,32.04,60.0,59.5,75.6,1.0,272.4,272.0,271.1,25.8,-0.826,25.81,1915.0,415898.0,13177.0,1912.0,-0.999,0.818,0.791,0.836,19.59,19.59,19.59,14.69,7.066,7.066,7.065,5.298,179.0,179.0,179.0,134.0,1.868,98.0,41.83,3.9,3.5,2.0,-1.0,13.59,0.003,0.299,3.0,2.0,0.0,0.0,30.32,27.44,29.67,28.89,30.12,28.84,28.72,30.15,25.22,26.74,29.11,33.12,29.54,31.14,33.03,31.27,27.7,29.62,30.6
2017-05-04 14:50:00-05:00,362.44067,381.34692,393.9577,343.74545,358.872,358.0094,310.4967,327.32587,857362.0,27.77,0.0,388.9,362.5,356.7,17.96,362.2,0.0,0.0,0.0,0.0,0.0,0.0,0.0,0.0,360.5,361.6,71.5,-0.5,29.22,30.17,30.33,29.33,0.0,270.9,273.6,274.0,272.6,0.588,0.0,26.09,24.96,-0.22,24.94,0.999,6000.0,403487.0,84.0,402.0,59.96,7.0,46.0,52.0,57.58,18.15,30.53,388.2,30.78,31.62,31.77,60.0,59.5,75.6,1.0,272.7,272.1,271.5,25.6,-0.765,25.61,1915.0,415899.0,13177.0,1912.0,-1.0,0.818,0.791,0.836,19.36,19.36,19.36,14.51,7.011,7.012,7.011,5.256,179.0,179.0,179.0,134.0,1.308,80.9,82.6,3.8,3.5,2.0,-1.0,13.59,0.003,0.298,3.0,2.0,0.0,0.0,30.45,27.84,29.72,29.05,30.26,29.01,28.84,30.29,25.52,27.32,29.29,33.33,29.47,31.31,33.25,31.45,27.83,29.92,30.78
2017-05-04 14:51:00-05:00,374.30777,394.28226,407.45874,355.9275,372.00616,372.56674,326.68018,343.1205,857363.0,27.74,0.0,401.7,376.9,370.8,18.15,365.7,0.0,0.0,0.0,0.0,0.0,0.0,0.0,0.0,363.9,365.1,72.87,-0.5,30.18,31.13,31.37,30.37,0.0,271.0,273.6,273.9,272.6,0.588,0.0,26.84,25.69,-0.23,25.68,0.999,6000.0,403488.0,85.0,402.0,59.96,7.0,46.0,52.0,59.88,17.97,30.58,400.9,31.64,32.52,32.69,60.0,59.5,75.6,1.0,272.8,272.2,271.2,26.32,-0.794,26.33,1915.0,415899.0,13177.0,1912.0,-1.0,0.818,0.791,0.836,19.72,19.71,19.69,14.77,7.21,7.206,7.201,5.401,179.0,179.0,179.0,134.0,1.927,109.0,36.66,3.6,3.5,2.0,-1.0,13.59,0.003,0.299,3.0,2.0,0.0,0.0,30.51,27.92,30.07,29.28,30.69,29.2,29.17,30.46,26.05,27.58,29.46,33.59,30.11,31.64,33.51,31.68,28.11,30.13,30.99
2017-05-04 14:52:00-05:00,375.29666,396.41086,409.82733,357.51648,374.45273,375.61362,329.69104,346.4209,857364.0,27.71,0.0,403.9,380.1,373.9,18.13,371.3,0.0,0.0,0.0,0.0,0.0,0.0,0.0,0.0,369.4,370.7,70.72,-0.5,29.63,30.63,30.98,29.98,0.0,270.9,273.4,274.0,272.4,0.587,0.0,26.45,25.31,-0.202,25.3,0.999,6000.0,403488.0,85.0,402.0,59.96,7.0,46.0,52.0,57.87,18.46,30.96,402.4,31.17,32.05,32.23,60.0,59.5,75.6,1.0,272.5,272.0,271.1,25.94,-0.805,25.95,1915.0,415900.0,13177.0,1912.0,-1.0,0.818,0.791,0.836,19.12,19.15,19.13,14.32,7.099,7.108,7.102,5.315,179.0,179.0,179.0,134.0,2.162,88.9,40.85,4.1,3.5,2.0,-1.0,13.46,0.002,0.3,3.0,2.0,0.0,0.0,30.81,28.36,30.34,29.61,30.82,29.42,29.36,30.82,26.33,27.73,29.78,33.84,30.42,31.92,33.76,32.03,28.49,30.46,31.34
2017-05-04 14:53:00-05:00,372.45352,392.64487,405.56384,355.6627,371.8774,373.4695,328.4365,343.35626,857365.0,27.69,0.0,400.2,378.1,371.9,18.09,373.0,0.0,0.0,0.0,0.0,0.0,0.0,0.0,0.0,371.3,372.5,69.1,-0.5,29.25,30.15,30.37,29.37,0.0,270.6,273.1,273.6,272.1,0.583,0.0,25.95,24.84,-0.193,24.83,0.999,6000.0,403489.0,86.0,402.0,59.96,7.0,46.0,52.0,59.72,18.56,31.07,399.7,30.59,31.46,31.64,60.0,59.5,75.6,1.0,272.1,272.0,271.0,25.44,-0.783,25.46,1915.0,415900.0,13177.0,1912.0,-1.0,0.818,0.791,0.836,18.69,18.69,18.68,14.0,6.97,6.971,6.965,5.223,179.0,179.0,179.0,134.0,3.407,89.5,42.49,9.1,3.502,2.0,-1.0,13.55,0.003,0.3,3.0,2.0,0.0,0.0,31.03,28.47,30.42,29.81,30.76,29.52,29.52,31.04,26.22,27.58,30.0,33.95,30.48,31.99,33.83,32.15,28.51,30.51,31.46
2017-05-04 14:54:00-05:00,380.36493,401.323,414.68298,364.13715,380.5048,382.15878,336.4655,350.19272,857366.0,27.67,0.0,409.2,386.9,380.5,17.88,365.2,0.0,0.0,0.0,0.0,0.0,0.0,0.0,0.0,363.5,364.7,74.2,-0.5,30.75,31.58,31.95,30.95,0.0,270.8,273.3,273.8,272.3,0.585,0.0,27.29,26.12,-0.262,26.1,0.999,6000.0,403489.0,86.0,402.0,59.97,7.0,46.0,52.0,58.03,18.03,31.11,408.6,32.17,33.07,33.22,60.0,59.5,75.6,1.0,272.4,272.0,271.1,26.75,-0.774,26.76,1915.0,415900.0,13177.0,1912.0,-1.0,0.818,0.791,0.836,20.09,20.09,20.09,15.06,7.335,7.335,7.334,5.498,180.0,180.0,180.0,134.0,3.003,106.7,38.97,7.0,3.502,2.0,-1.0,13.55,0.003,0.3,3.0,2.0,0.0,0.0,31.06,28.15,30.27,29.46,30.5,29.36,29.5,31.2,26.07,27.86,30.14,33.8,30.5,31.74,33.67,32.13,28.42,30.47,31.45
2017-05-04 14:55:00-05:00,396.68216,417.5331,433.03964,379.89435,395.18414,398.40887,352.5235,363.62994,857367.0,27.64,0.0,427.9,404.0,397.3,17.89,364.8,0.0,0.0,0.0,0.0,0.0,0.0,0.0,0.0,363.1,364.3,78.18,-0.5,32.38,33.38,33.47,32.47,0.0,270.8,273.1,273.6,272.1,0.567,0.0,28.71,27.48,-0.277,27.47,0.999,6000.0,403490.0,87.0,402.0,59.97,7.0,46.0,52.0,59.6,18.05,31.06,428.5,33.95,34.77,34.93,60.0,59.5,75.6,1.0,272.3,272.0,271.0,28.16,-0.827,28.17,1915.0,415901.0,13177.0,1912.0,-1.0,0.818,0.791,0.836,21.16,21.15,21.17,15.87,7.719,7.716,7.721,5.788,180.0,180.0,180.0,135.0,3.272,107.2,28.6,5.7,3.5,2.0,-1.0,13.55,0.003,0.301,3.0,2.0,0.0,0.0,31.05,28.05,30.14,29.36,30.56,29.28,29.57,31.24,26.29,27.92,30.16,33.75,30.75,31.71,33.58,32.06,28.46,30.47,31.41
2017-05-04 14:56:00-05:00,433.1487,456.17538,474.727,417.7646,433.55655,439.4854,392.5431,401.34845,857368.0,27.62,0.0,467.3,444.0,436.6,17.91,362.3,0.0,0.0,0.0,0.0,0.0,0.0,0.0,0.0,360.5,361.6,86.3,-0.5,35.62,36.55,36.85,35.85,0.0,270.6,273.1,273.7,272.1,0.57,0.0,31.47,30.14,-0.198,30.12,0.999,6000.0,403490.0,87.0,402.0,59.96,7.0,46.0,52.0,58.2,18.18,31.31,468.1,37.27,38.09,38.25,60.0,59.5,75.6,1.0,272.2,272.0,271.0,30.86,-1.002,30.87,1915.0,415901.0,13177.0,1912.0,-0.999,0.818,0.791,0.836,23.29,23.28,23.3,17.46,8.44,8.43,8.44,6.325,180.0,180.0,180.0,135.0,2.375,83.3,38.12,5.7,3.5,2.0,-1.0,13.55,0.003,0.302,3.0,2.0,0.0,0.0,31.18,28.07,30.36,29.67,30.86,29.33,29.77,31.49,26.17,28.32,30.38,33.97,30.84,31.89,33.77,32.27,28.72,30.67,31.57
2017-05-04 14:57:00-05:00,467.01938,491.70663,512.62463,451.39764,467.42212,475.48386,427.04272,433.52704,857369.0,27.58,0.0,504.0,478.7,470.8,17.91,361.9,0.0,0.0,0.0,0.0,0.0,0.0,0.0,0.0,360.1,361.2,93.3,-0.5,38.43,39.4,39.57,38.57,0.0,271.0,273.7,274.0,272.7,0.6,0.0,33.96,32.5,-0.243,32.47,0.999,6000.0,403491.0,88.0,402.0,59.96,7.0,46.0,52.0,59.68,18.09,31.61,505.2,40.19,40.97,41.14,60.0,59.5,75.6,1.0,272.6,272.2,271.3,33.23,-1.074,33.25,1915.0,415902.0,13177.0,1912.0,-0.999,0.818,0.791,0.836,25.13,25.13,25.12,18.84,9.09,9.1,9.09,6.817,180.0,180.0,180.0,135.0,2.188,76.5,37.85,5.2,3.5,2.0,-1.0,13.37,-0.011,0.304,1.0,2.0,0.0,0.001,31.47,28.64,30.92,30.24,31.39,29.94,30.09,31.79,26.48,28.68,30.67,34.32,31.33,32.33,34.14,32.54,29.04,31.02,31.84
2017-05-04 14:58:00-05:00,500.39554,526.58295,549.6933,485.1631,501.67398,511.48224,462.04416,467.23798,857370.0,27.56,0.0,538.2,512.9,504.3,17.93,362.1,0.0,0.0,0.0,0.0,0.0,0.0,0.0,0.0,360.1,361.3,99.5,-0.5,41.02,41.98,42.23,41.23,0.0,270.9,273.6,273.9,272.6,0.593,0.0,36.26,34.71,-0.185,34.69,0.999,6000.0,403491.0,88.0,402.0,59.96,7.0,46.0,52.0,58.05,18.17,32.11,539.0,42.99,43.79,43.95,60.0,59.5,75.6,1.0,272.4,272.1,271.1,35.52,-1.215,35.54,1915.0,415903.0,13178.0,1912.0,-0.999,0.818,0.791,0.836,26.82,26.82,26.79,20.08,9.71,9.71,9.7,7.271,180.0,180.0,180.0,135.0,2.988,97.2,36.25,5.1,3.499,2.0,-1.0,13.42,0.018,0.306,3.0,2.0,0.0,0.001,31.9,29.02,31.42,30.84,32.01,30.45,30.59,32.44,26.91,29.2,31.3,34.87,31.94,33.02,34.69,33.15,29.54,31.63,32.42
2017-05-04 14:59:00-05:00,536.49133,564.57025,590.55164,521.0471,538.11487,550.6404,500.68378,503.77777,857371.0,27.54,0.0,576.2,549.9,540.7,18.06,360.2,0.0,0.0,0.0,0.0,0.0,0.0,0.0,0.0,358.4,359.5,106.9,-0.5,43.95,44.88,45.13,44.13,0.0,271.0,273.9,274.0,272.9,0.598,0.0,38.74,37.11,-0.243,37.08,0.999,6000.0,403492.0,89.0,402.0,59.97,7.0,46.0,52.0,59.92,18.23,32.49,576.8,45.95,46.73,46.91,60.0,59.5,75.6,1.0,272.8,272.3,271.2,37.95,-1.27,37.97,1915.0,415903.0,13178.0,1912.0,-0.999,0.818,0.791,0.836,28.78,28.79,28.78,21.58,10.37,10.37,10.37,7.773,180.0,180.0,180.0,135.0,2.67,98.3,29.66,4.8,3.5,2.0,-1.0,13.55,0.004,0.307,3.0,2.0,0.0,0.0,32.42,29.44,31.99,31.29,32.56,30.94,31.08,33.13,27.6,29.88,32.03,35.57,32.59,33.7,35.41,33.81,30.26,32.32,33.07
2017-05-04 15:00:00-05:00,562.45056,592.07837,619.8039,546.4705,564.8983,578.40094,528.158,530.1807,857372.0,27.52,0.0,602.0,574.9,565.3,18.19,362.2,0.0,0.0,0.0,0.0,0.0,0.0,0.0,0.0,360.4,361.4,110.9,-0.5,45.78,46.73,47.05,46.05,0.0,271.0,274.0,274.0,273.0,0.602,0.0,40.37,38.64,-0.255,38.62,0.999,6000.0,403492.0,89.0,402.0,59.97,7.0,46.0,52.0,57.93,18.24,33.01,602.7,47.87,48.65,48.84,60.0,59.5,75.6,1.0,273.0,272.5,271.4,39.53,-1.324,39.55,1915.0,415904.0,13178.0,1912.0,-0.999,0.818,0.791,0.836,29.77,29.8,29.78,22.32,10.78,10.79,10.79,8.08,180.0,180.0,180.0,135.0,2.748,100.1,34.88,5.5,3.499,2.0,-1.0,13.55,0.003,0.308,3.0,2.0,0.0,0.0,33.0,29.96,32.49,31.83,33.05,31.35,31.67,33.92,28.18,30.28,32.8,36.17,33.25,34.22,35.99,34.5,30.89,32.88,33.69
2017-05-04 15:01:00-05:00,578.2733,608.1247,636.7394,563.4195,582.02423,596.90796,547.9796,547.9791,857373.0,27.49,0.0,615.1,589.8,580.0,18.23,361.7,0.0,0.0,0.0,0.0,0.0,0.0,0.0,0.0,359.9,361.0,113.1,-0.5,46.73,47.72,47.95,46.95,0.0,271.0,274.0,274.0,273.0,0.587,0.0,41.13,39.34,-0.268,39.32,0.999,6000.0,403493.0,90.0,402.0,59.97,7.0,46.0,52.0,59.68,18.39,33.68,615.3,48.8,49.57,49.74,60.0,59.5,75.6,1.0,272.9,272.5,271.5,40.28,-1.334,40.3,1915.0,415904.0,13178.0,1912.0,-0.999,0.818,0.791,0.836,30.35,30.34,30.36,22.75,10.98,10.97,10.98,8.23,181.0,181.0,181.0,135.0,1.51,95.1,55.87,3.9,3.5,2.0,-1.0,13.55,0.003,0.309,3.0,2.0,0.0,0.0,33.61,30.45,33.1,32.4,33.64,31.98,32.31,34.73,28.99,31.39,33.65,36.93,34.02,35.04,36.72,35.17,31.55,33.59,34.37
2017-05-04 15:02:00-05:00,562.69775,592.4058,620.6329,544.6167,564.1257,577.27246,530.1652,530.7701,857374.0,27.47,0.0,598.7,569.8,560.3,18.45,363.6,0.0,0.0,0.0,0.0,0.0,0.0,0.0,0.0,361.9,363.0,107.9,-0.5,44.77,45.75,45.87,44.87,0.0,271.0,274.0,274.0,273.0,0.598,0.0,39.43,37.77,-0.287,37.74,0.999,6000.0,403494.0,91.0,402.0,59.97,7.0,46.0,52.0,58.78,18.9,34.33,597.3,46.8,47.58,47.76,60.0,59.5,75.6,1.0,273.0,272.6,271.7,38.65,-1.257,38.67,1915.0,415905.0,13178.0,1912.0,-0.999,0.818,0.791,0.836,28.98,28.99,29.0,21.73,10.54,10.54,10.54,7.901,181.0,181.0,181.0,135.0,2.32,108.9,63.46,4.4,3.502,2.0,-1.0,13.55,0.003,0.308,3.0,2.0,0.0,0.0,34.1,31.05,33.75,33.07,34.43,32.64,33.04,35.53,29.74,31.95,34.4,37.85,34.8,35.99,37.66,36.04,32.52,34.43,35.21
2017-05-04 15:03:00-05:00,575.55383,605.66864,635.91034,558.6525,578.0324,594.76385,549.48505,547.3898,857375.0,27.44,0.0,610.7,585.3,575.5,18.57,357.9,0.0,0.0,0.0,0.0,0.0,0.0,0.0,0.0,356.0,357.1,113.1,-0.5,46.12,47.12,47.42,46.42,0.0,271.0,273.9,274.0,272.9,0.597,0.0,40.67,38.94,-0.275,38.9,1.0,6000.0,403494.0,91.0,402.0,59.97,7.0,46.0,52.0,58.65,18.87,34.84,611.2,48.25,49.04,49.21,60.0,59.5,75.6,1.0,272.9,272.5,271.6,39.84,-1.32,39.86,1915.0,415906.0,13178.0,1912.0,-0.999,0.818,0.791,0.836,30.38,30.37,30.37,22.77,10.87,10.87,10.87,8.15,181.0,181.0,181.0,136.0,3.558,98.8,44.65,7.1,3.5,2.0,-1.0,13.37,0.002,0.309,1.0,2.0,0.0,0.001,34.67,31.37,34.22,33.57,34.9,33.02,33.76,36.14,30.09,32.47,35.03,38.6,35.2,36.65,38.41,36.85,33.36,35.18,35.97
2017-05-04 15:04:00-05:00,552.9321,580.7804,609.9742,537.7312,556.78595,572.6457,530.91797,527.94116,857376.0,27.44,0.0,583.8,560.3,550.8,18.4,358.7,0.0,0.0,0.0,0.0,0.0,0.0,0.0,0.0,357.0,358.1,107.6,-0.5,44.0,45.0,45.18,44.18,0.0,271.0,273.8,274.0,272.8,0.567,0.0,38.81,37.15,-0.225,37.13,0.999,6000.0,403495.0,92.0,402.0,59.96,7.0,46.0,52.0,59.83,18.6,35.36,583.4,45.95,46.85,47.0,60.0,59.5,75.6,1.0,273.0,272.3,271.5,38.01,-1.282,38.03,1915.0,415906.0,13178.0,1912.0,-0.999,0.818,0.791,0.836,28.86,28.85,28.83,21.64,10.35,10.35,10.34,7.762,181.0,181.0,181.0,136.0,2.522,84.8,33.12,6.1,3.502,2.0,-1.0,13.55,0.005,0.308,3.0,2.0,0.0,0.0,35.2,31.77,34.59,33.63,35.08,33.26,34.07,36.49,29.72,32.72,35.29,38.87,35.66,36.89,38.61,37.2,33.42,35.43,36.33
2017-05-04 15:05:00-05:00,508.55417,536.4072,562.7205,494.56445,514.80817,527.958,487.63663,487.3938,857377.0,27.42,0.0,537.5,516.2,507.6,18.41,358.6,0.0,0.0,0.0,0.0,0.0,0.0,0.0,0.0,357.0,358.1,98.6,-0.5,40.37,41.37,41.53,40.53,0.0,271.0,273.6,274.0,272.6,0.567,0.0,35.61,34.08,-0.243,34.06,0.999,6000.0,403496.0,93.0,402.0,59.97,7.0,46.0,52.0,57.75,18.53,35.51,534.9,42.09,43.0,43.17,60.0,59.5,75.6,1.0,272.8,272.2,271.3,34.86,-1.125,34.88,1915.0,415907.0,13178.0,1912.0,-0.999,0.818,0.791,0.836,26.46,26.45,26.46,19.85,9.49,9.49,9.49,7.12,181.0,181.0,181.0,136.0,2.228,98.2,35.17,5.2,3.5,2.0,-1.0,13.55,0.003,0.306,3.0,2.0,0.0,0.0,35.38,31.71,34.63,33.6,35.14,33.31,34.23,36.44,29.94,32.52,35.23,38.94,35.39,36.95,38.71,37.3,33.5,35.46,36.38
2017-05-04 15:06:00-05:00,447.73535,469.43823,491.89935,434.05148,449.65234,461.49072,424.91003,423.27234,857378.0,27.4,0.0,471.7,452.7,445.5,18.51,355.7,0.0,0.0,0.0,0.0,0.0,0.0,0.0,0.0,354.0,355.1,87.2,-0.5,35.1,36.1,36.42,35.42,0.0,271.0,273.9,274.0,272.9,0.575,0.0,31.2,29.88,-0.188,29.86,0.999,6000.0,403496.0,93.0,402.0,59.96,7.0,46.0,52.0,59.95,18.98,35.52,471.1,36.79,37.72,37.87,60.0,59.5,75.6,1.0,273.0,272.7,271.7,30.57,-0.979,30.59,1915.0,415908.0,13178.0,1912.0,-0.999,0.818,0.791,0.836,23.49,23.48,23.49,17.61,8.35,8.35,8.35,6.263,181.0,181.0,181.0,136.0,1.142,69.71,84.5,2.1,3.5,2.0,-1.0,13.55,0.003,0.303,3.0,2.0,0.0,0.0,35.27,31.83,34.67,33.83,35.2,33.34,34.15,36.42,30.02,32.77,35.2,38.88,35.21,36.89,38.63,37.38,33.56,35.54,36.47
2017-05-04 15:07:00-05:00,491.1244,520.03345,546.73254,477.08588,496.00824,510.57947,471.20224,468.53452,857379.0,27.39,0.0,523.3,500.6,492.4,18.85,355.9,0.0,0.0,0.0,0.0,0.0,0.0,0.0,0.0,353.9,355.0,96.5,-0.5,39.0,40.02,40.22,39.22,0.0,271.0,274.0,274.0,273.0,0.562,0.0,34.5,33.06,-0.208,33.04,0.999,6000.0,403497.0,94.0,402.0,59.96,7.0,46.0,52.0,57.8,19.35,35.8,519.9,40.81,41.71,41.86,60.0,59.5,75.6,1.0,273.0,272.3,271.5,33.82,-1.114,33.84,1915.0,415908.0,13178.0,1912.0,-0.999,0.818,0.791,0.836,25.99,25.98,25.98,19.48,9.25,9.25,9.25,6.935,182.0,182.0,182.0,136.0,0.947,122.6,54.53,2.0,3.502,2.0,-1.0,13.55,0.003,0.305,3.0,2.0,0.0,0.0,35.39,32.27,34.94,34.18,35.64,33.73,34.1,36.54,30.43,32.73,35.33,39.03,35.34,37.03,38.78,37.65,33.69,35.8,36.68
2017-05-04 15:08:00-05:00,471.0987,498.41995,524.3492,458.94522,477.98096,491.84677,453.01154,451.91483,857380.0,27.37,0.0,501.2,481.5,473.6,19.07,359.7,0.0,0.0,0.0,0.0,0.0,0.0,0.0,0.0,357.9,359.0,90.7,-0.5,37.17,38.18,38.35,37.35,0.0,271.0,273.8,274.0,272.8,0.565,0.0,32.84,31.46,-0.145,31.44,0.999,6000.0,403497.0,94.0,402.0,59.95,7.0,46.0,52.0,59.83,19.26,36.09,498.7,38.9,39.72,39.88,60.0,59.5,75.6,1.0,272.9,272.1,271.2,32.21,-1.091,32.23,1915.0,415909.0,13178.0,1912.0,-0.999,0.818,0.791,0.836,24.42,24.43,24.42,18.3,8.78,8.79,8.78,6.582,182.0,182.0,182.0,136.0,1.33,109.6,65.05,3.4,3.5,2.0,-1.0,13.55,0.003,0.305,3.0,2.0,0.0,0.001,35.6,32.72,35.26,34.41,35.97,33.99,34.38,37.03,31.39,33.52,35.87,39.45,36.0,37.29,39.15,38.04,34.27,36.26,37.13
2017-05-04 15:09:00-05:00,445.3867,467.47336,492.60992,435.6404,450.29617,465.2147,430.3045,425.7476,857381.0,27.37,0.0,470.8,455.3,448.0,18.87,362.7,0.0,0.0,0.0,0.0,0.0,0.0,0.0,0.0,361.1,362.2,84.3,-0.5,34.72,35.72,35.83,34.83,0.0,270.9,273.3,273.8,272.3,0.562,0.0,30.77,29.49,-0.203,29.47,0.999,6000.0,403498.0,95.0,402.0,59.96,7.0,46.0,52.0,57.95,18.8,35.95,472.2,36.46,37.29,37.47,60.0,59.5,75.6,1.0,272.6,272.0,271.0,30.22,-0.978,30.23,1915.0,415909.0,13178.0,1912.0,-0.999,0.818,0.791,0.836,22.72,22.71,22.67,17.0,8.24,8.24,8.22,6.168,182.0,182.0,182.0,136.0,1.842,108.7,90.6,4.6,3.5,2.0,-1.0,13.36,0.003,0.304,1.0,2.0,0.0,0.001,35.48,32.74,35.28,34.52,35.89,34.12,34.44,37.3,31.01,33.28,36.18,39.62,35.8,37.37,39.25,38.29,34.12,36.34,37.37
2017-05-04 15:10:00-05:00,421.03442,442.4214,467.02908,410.87912,424.1566,438.35693,404.96298,400.16974,857382.0,27.37,0.0,447.8,430.2,423.4,18.68,356.0,0.0,0.0,0.0,0.0,0.0,0.0,0.0,0.0,354.1,355.2,82.5,-0.5,33.3,34.35,34.55,33.55,0.0,271.0,273.4,273.8,272.4,0.555,0.0,29.54,28.3,-0.23,28.29,0.999,6000.0,403498.0,95.0,402.0,59.96,7.0,46.0,52.0,59.6,18.62,35.4,449.2,34.95,35.8,35.96,60.0,59.5,75.6,1.0,272.7,272.0,271.1,29.01,-0.915,29.02,1915.0,415910.0,13178.0,1912.0,-1.0,0.818,0.791,0.836,22.29,22.29,22.29,16.71,7.936,7.935,7.934,5.949,182.0,182.0,182.0,136.0,1.465,90.0,63.43,3.5,3.5,2.0,-1.0,13.55,0.004,0.302,3.0,2.0,0.0,0.0,35.12,32.79,35.0,34.26,35.61,34.02,34.06,37.11,31.09,32.98,36.02,39.37,35.52,37.0,38.98,37.88,33.63,35.94,37.01
2017-05-04 15:11:00-05:00,439.70038,461.74252,488.22806,428.88736,441.28253,457.99243,424.03186,417.0252,857383.0,27.35,0.0,468.5,449.7,442.5,18.76,357.2,0.0,0.0,0.0,0.0,0.0,0.0,0.0,0.0,355.5,356.6,86.2,-0.5,34.95,35.98,36.18,35.18,0.0,270.8,273.2,273.5,272.2,0.558,0.0,30.98,29.68,-0.282,29.66,0.999,6000.0,403499.0,96.0,402.0,59.98,7.0,46.0,52.0,58.02,18.64,35.09,470.5,36.66,37.53,37.66,60.0,59.5,75.6,1.0,272.4,272.0,271.0,30.38,-0.909,30.39,1915.0,415910.0,13178.0,1912.0,-1.0,0.818,0.791,0.836,23.24,23.25,23.26,17.43,8.3,8.31,8.31,6.228,182.0,182.0,182.0,136.0,1.813,17.52,76.64,5.0,3.5,2.0,-1.0,13.55,0.003,0.303,3.0,2.0,0.0,0.0,34.78,32.53,34.75,34.07,35.18,33.86,33.88,37.12,30.83,32.93,36.01,39.16,35.23,36.82,38.8,37.8,33.48,35.8,36.92
2017-05-04 15:12:00-05:00,473.94186,499.5661,528.139,462.52036,478.1097,496.4735,459.66055,452.50418,857384.0,27.34,0.0,506.0,486.8,479.0,19.02,358.9,0.0,0.0,0.0,0.0,0.0,0.0,0.0,0.0,357.0,358.1,92.7,-0.5,37.87,38.95,39.17,38.17,0.0,270.8,273.1,273.4,272.1,0.547,0.0,33.48,32.07,-0.275,32.05,0.999,6000.0,403499.0,96.0,402.0,59.97,7.0,46.0,52.0,59.62,18.96,34.88,506.3,39.67,40.52,40.66,60.0,59.5,75.6,1.0,272.3,272.0,271.0,32.82,-1.013,32.84,1915.0,415911.0,13178.0,1912.0,-1.0,0.818,0.791,0.836,24.96,24.96,24.97,18.72,8.96,8.96,8.96,6.719,182.0,182.0,182.0,137.0,1.442,358.0,63.16,2.7,3.499,2.0,-1.0,13.55,0.003,0.305,3.0,2.0,0.0,0.0,34.72,32.85,34.94,34.35,35.29,34.12,33.58,37.02,30.42,33.28,35.93,39.21,35.08,36.86,38.84,37.8,33.32,35.91,36.93
2017-05-04 15:13:00-05:00,477.77393,502.02216,529.6786,467.8169,481.71518,500.31033,464.4278,455.45093,857385.0,27.34,0.0,506.6,490.0,482.2,18.87,358.3,0.0,0.0,0.0,0.0,0.0,0.0,0.0,0.0,356.7,357.7,93.3,-0.5,38.02,38.97,39.17,38.17,0.0,270.8,273.3,273.6,272.3,0.573,0.0,33.61,32.19,-0.235,32.16,0.999,6000.0,403500.0,97.0,402.0,59.97,7.0,46.0,52.0,58.22,19.08,34.85,507.3,39.84,40.67,40.82,60.0,59.5,75.6,1.0,272.3,272.0,271.0,32.95,-1.061,32.97,1915.0,415911.0,13178.0,1912.0,-0.999,0.818,0.791,0.836,25.08,25.11,25.1,18.8,8.99,9.0,8.99,6.735,183.0,182.0,182.0,137.0,1.843,68.42,52.47,3.4,3.499,2.0,-1.0,13.55,0.003,0.305,3.0,2.0,0.0,0.0,34.7,32.98,35.02,34.25,35.52,34.3,33.53,36.84,30.36,33.03,35.7,39.39,35.31,37.14,39.06,37.76,33.07,35.9,36.92
2017-05-04 15:14:00-05:00,456.7593,479.0988,504.45297,444.2473,455.70435,472.32407,437.20444,428.34076,857386.0,27.34,0.0,484.1,463.9,456.6,18.74,356.3,0.0,0.0,0.0,0.0,0.0,0.0,0.0,0.0,354.4,355.5,89.2,-0.5,36.25,37.15,37.42,36.42,0.0,270.3,273.0,273.3,272.0,0.592,0.0,32.02,30.67,-0.087,30.65,0.999,6000.0,403500.0,97.0,402.0,59.94,7.0,46.0,52.0,59.2,19.13,34.96,485.0,37.95,38.74,38.9,60.0,59.5,75.6,1.0,272.0,272.0,271.0,31.38,-1.111,31.4,1915.0,415912.0,13178.0,1912.0,-0.999,0.818,0.791,0.836,24.12,24.11,24.11,18.08,8.59,8.59,8.59,6.442,183.0,183.0,183.0,137.0,2.102,98.7,43.88,4.1,3.5,2.0,-1.0,13.37,-0.012,0.303,1.0,2.0,0.0,0.001,34.65,32.88,34.93,33.96,35.35,34.17,33.61,36.65,29.89,32.71,35.42,39.26,35.09,36.91,38.92,37.47,32.87,35.55,36.64
2017-05-04 15:15:00-05:00,502.24982,529.694,557.8649,492.84308,508.49857,527.958,489.39297,480.91092,857387.0,27.34,0.0,532.5,516.0,507.7,18.6,354.6,0.0,0.0,0.0,0.0,0.0,0.0,0.0,0.0,352.7,353.8,98.9,-0.5,39.73,40.77,41.17,40.17,0.0,271.0,273.3,273.9,272.3,0.578,0.0,35.26,33.79,-0.147,33.77,0.999,6000.0,403501.0,98.0,402.0,59.96,7.0,46.0,52.0,58.58,19.11,35.32,530.5,41.83,42.67,42.8,60.0,59.5,75.6,1.0,272.5,272.0,271.1,34.59,-1.174,34.61,1915.0,415912.0,13178.0,1912.0,-0.999,0.818,0.791,0.836,26.59,26.6,26.59,19.93,9.43,9.43,9.43,7.067,183.0,183.0,183.0,137.0,1.86,82.6,55.67,3.9,3.5,2.0,-1.0,13.4,0.019,0.307,3.0,2.0,0.0,0.001,34.95,32.87,35.0,33.94,35.54,34.19,33.66,36.53,29.84,32.17,35.2,39.3,35.31,36.97,38.97,37.52,32.91,35.66,36.72
2017-05-04 15:16:00-05:00,488.5285,513.97504,540.69257,478.41,492.6603,510.918,472.20587,464.05545,857388.0,27.34,0.0,517.0,500.1,492.2,18.74,358.5,0.0,0.0,0.0,0.0,0.0,0.0,0.0,0.0,356.7,357.8,95.1,-0.5,38.93,39.95,40.02,39.02,0.0,271.0,273.5,274.0,272.5,0.567,0.0,34.27,32.83,-0.178,32.81,0.999,6000.0,403501.0,98.0,402.0,59.96,7.0,46.0,52.0,58.92,19.03,34.85,517.0,40.61,41.44,41.58,60.0,59.5,75.6,1.0,272.8,272.0,271.1,33.6,-1.131,33.62,1915.0,415913.0,13178.0,1912.0,-0.999,0.818,0.791,0.836,25.6,25.63,25.63,19.18,9.17,9.19,9.19,6.875,183.0,183.0,183.0,137.0,2.317,26.89,91.3,5.7,3.495,2.0,-1.0,13.55,0.004,0.305,3.0,2.0,0.0,0.0,34.83,32.97,35.11,34.12,35.66,34.38,33.41,36.42,29.46,32.33,35.21,39.18,34.58,36.73,38.86,37.4,32.47,35.46,36.57
2017-05-04 15:17:00-05:00,444.15054,464.03485,486.33313,434.84598,446.43317,461.0393,425.66275,417.3788,857389.0,27.34,0.0,464.9,450.1,443.1,18.79,355.0,0.0,0.0,0.0,0.0,0.0,0.0,0.0,0.0,353.2,354.3,86.6,-0.498,34.92,35.9,36.17,35.17,0.0,270.7,273.2,273.7,272.2,0.58,0.0,30.94,29.63,-0.142,29.61,0.999,6000.0,403502.0,99.0,402.0,59.96,7.0,46.0,52.0,59.1,18.9,34.65,466.7,36.68,37.51,37.65,60.0,59.5,75.6,1.0,272.3,272.0,271.0,30.37,-1.009,30.39,1915.0,415913.0,13178.0,1912.0,-0.999,0.818,0.791,0.836,23.32,23.31,23.31,17.48,8.28,8.27,8.28,6.204,183.0,183.0,183.0,137.0,1.802,43.41,64.43,5.7,3.5,2.0,-1.0,13.55,0.003,0.304,3.0,2.0,0.0,0.0,34.51,32.9,35.06,34.04,35.53,34.33,32.83,35.79,28.44,31.69,34.46,38.88,34.3,36.58,38.65,37.04,31.94,35.11,36.19
2017-05-04 15:18:00-05:00,480.6171,504.80573,530.0338,472.319,485.32065,503.80862,464.67868,456.27603,857390.0,27.34,0.0,505.4,492.8,485.0,18.87,356.4,0.0,0.0,0.0,0.0,0.0,0.0,0.0,0.0,354.5,355.6,94.1,-0.5,38.18,39.05,39.43,38.43,0.0,271.0,273.7,274.0,272.7,0.585,0.0,33.76,32.36,-0.137,32.35,0.999,6000.0,403502.0,99.0,402.0,59.95,7.0,46.0,52.0,58.52,18.95,34.51,506.4,40.07,40.89,41.04,60.0,59.5,75.6,1.0,273.0,272.2,271.5,33.17,-1.141,33.19,1915.0,415914.0,13178.0,1912.0,-0.999,0.818,0.791,0.836,25.31,25.29,25.28,18.97,9.02,9.01,9.01,6.759,183.0,183.0,183.0,137.0,1.937,91.5,66.18,4.4,3.5,2.0,-1.0,13.55,0.003,0.305,3.0,2.0,0.0,0.0,34.33,33.1,35.03,34.07,35.59,34.42,32.65,35.52,28.85,31.49,34.17,38.81,34.24,36.55,38.47,36.84,32.0,35.01,36.0
2017-05-04 15:19:00-05:00,389.7597,407.05386,425.22327,376.71643,387.7157,396.3776,360.80344,356.79346,857391.0,27.34,0.0,407.5,388.9,383.0,18.77,358.1,0.0,0.0,0.0,0.0,0.0,0.0,0.0,0.0,356.4,357.5,74.47,-0.5,30.33,31.35,31.45,30.45,0.0,270.9,273.3,273.8,272.3,0.568,0.0,26.88,25.75,-0.138,25.74,0.999,6000.0,403503.0,100.0,402.0,59.95,7.0,46.0,52.0,59.58,18.72,34.66,408.5,31.73,32.59,32.71,60.0,59.5,75.6,1.0,272.6,272.0,271.1,26.36,-0.86,26.37,1915.0,415914.0,13178.0,1912.0,-0.999,0.818,0.791,0.836,20.16,20.15,20.15,15.12,7.217,7.217,7.217,5.414,183.0,183.0,183.0,137.0,3.178,99.9,33.63,5.2,3.499,2.0,-1.0,13.55,0.003,0.301,3.0,2.0,0.0,0.0,34.39,32.76,34.95,33.97,35.47,34.3,32.68,35.51,29.09,31.61,34.18,38.65,34.18,36.34,38.37,36.84,32.5,35.02,36.0
2017-05-04 15:20:00-05:00,486.79785,512.3377,537.1397,470.86243,482.7453,499.74606,457.02603,448.96805,857392.0,27.34,0.0,518.1,493.4,485.6,18.5,357.4,0.0,0.0,0.0,0.0,0.0,0.0,0.0,0.0,355.5,356.5,95.4,-0.5,38.82,39.85,40.13,39.13,0.0,271.0,273.4,274.0,272.4,0.572,0.0,34.3,32.87,-0.247,32.85,0.999,6000.0,403503.0,100.0,402.0,59.97,7.0,46.0,52.0,58.08,18.51,34.43,518.6,40.62,41.45,41.59,60.0,59.5,75.6,1.0,272.7,272.0,271.2,33.62,-1.086,33.63,1915.0,415915.0,13178.0,1912.0,-0.999,0.818,0.791,0.836,25.82,25.82,25.82,19.36,9.23,9.23,9.23,6.919,184.0,184.0,183.0,137.0,3.433,75.3,36.56,6.6,3.5,2.0,-1.0,13.38,0.002,0.304,1.0,2.0,0.0,0.001,34.29,32.56,34.82,33.71,35.27,34.04,32.69,35.15,28.27,31.27,33.78,38.4,34.12,36.02,38.1,36.78,32.08,34.9,35.92
2017-05-04 15:21:00-05:00,470.2334,496.9463,518.6646,459.21005,476.1782,489.1384,443.10074,445.1962,857393.0,27.34,0.0,496.9,479.6,471.9,18.47,355.8,0.0,0.0,0.0,0.0,0.0,0.0,0.0,0.0,354.0,355.1,92.2,-0.5,37.3,38.37,38.48,37.48,0.0,271.0,273.4,273.9,272.4,0.563,0.0,33.0,31.62,-0.165,31.59,0.999,6000.0,403504.0,101.0,402.0,59.95,7.0,46.0,52.0,59.88,18.42,34.69,493.0,39.1,39.95,40.08,60.0,59.5,75.6,1.0,272.8,272.1,271.2,32.38,-1.094,32.4,1915.0,415915.0,13178.0,1912.0,-0.999,0.818,0.791,0.836,24.81,24.8,24.81,18.61,8.83,8.83,8.83,6.621,184.0,184.0,184.0,138.0,2.422,93.9,48.58,5.3,3.499,2.0,-1.0,13.55,0.008,0.305,3.0,2.0,0.0,0.0,34.36,32.36,34.79,33.6,35.18,34.0,32.76,35.2,29.09,31.3,33.88,38.44,34.27,36.02,38.14,36.79,32.35,34.88,35.94
2017-05-04 15:22:00-05:00,473.6946,499.23862,521.0332,466.36038,481.5864,495.57074,449.74976,449.20383,857394.0,27.34,0.0,497.4,484.3,476.5,18.62,355.5,0.0,0.0,0.0,0.0,0.0,0.0,0.0,0.0,353.8,354.8,92.7,-0.5,37.47,38.43,38.8,37.8,0.0,271.0,273.5,274.0,272.5,0.575,0.0,33.2,31.8,-0.188,31.79,0.999,6000.0,403504.0,101.0,402.0,59.96,7.0,46.0,52.0,57.92,18.67,34.66,494.6,39.4,40.25,40.39,60.0,59.5,75.6,1.0,272.9,272.0,271.0,32.62,-1.088,32.64,1915.0,415916.0,13178.0,1912.0,-0.999,0.818,0.791,0.836,24.93,24.92,24.92,18.69,8.86,8.86,8.86,6.644,184.0,184.0,184.0,138.0,1.277,26.25,61.26,2.4,3.5,2.0,-1.0,13.55,0.004,0.305,3.0,2.0,0.0,0.0,34.43,32.41,34.93,33.66,35.39,34.04,32.83,35.58,29.36,31.68,34.28,38.7,34.65,36.26,38.43,37.03,32.7,35.24,36.15
2017-05-04 15:23:00-05:00,433.27237,456.3391,475.43756,419.35358,432.9127,441.5167,396.3067,396.98724,857395.0,27.34,0.0,457.3,435.4,428.6,18.82,354.8,0.0,0.0,0.0,0.0,0.0,0.0,0.0,0.0,353.0,354.1,84.5,-0.497,34.05,35.08,35.2,34.2,0.0,270.9,273.2,273.8,272.2,0.565,0.0,30.18,28.94,-0.175,28.92,0.999,6000.0,403505.0,102.0,402.0,59.96,7.0,46.0,52.0,59.9,19.17,34.93,455.3,35.73,36.57,36.7,60.0,59.5,75.6,1.0,272.5,272.0,271.0,29.61,-0.961,29.62,1915.0,415917.0,13178.0,1912.0,-0.999,0.818,0.791,0.836,22.83,22.81,22.83,17.11,8.1,8.1,8.1,6.074,184.0,184.0,184.0,138.0,1.065,151.1,90.3,2.2,3.5,2.0,-1.0,13.55,0.003,0.303,3.0,2.0,0.0,0.0,34.62,32.71,35.11,33.93,35.58,34.12,33.09,35.85,29.79,32.18,34.63,38.94,34.72,36.58,38.63,37.25,33.0,35.41,36.39
2017-05-04 15:24:00-05:00,486.79785,511.0278,532.9946,476.02655,488.1535,503.13153,458.65695,453.44714,857396.0,27.34,0.0,513.4,496.9,488.9,19.02,355.0,0.0,0.0,0.0,0.0,0.0,0.0,0.0,0.0,353.3,354.4,95.8,-0.495,38.72,39.7,39.95,38.95,0.0,270.8,273.6,273.7,272.6,0.585,0.0,34.22,32.79,-0.155,32.77,0.999,6000.0,403505.0,102.0,402.0,59.95,7.0,46.0,52.0,57.77,19.38,35.28,513.7,40.61,41.44,41.59,60.0,59.5,75.6,1.0,272.6,272.2,271.3,33.59,-1.151,33.61,1915.0,415917.0,13178.0,1912.0,-0.999,0.818,0.791,0.836,25.81,25.82,25.8,19.34,9.16,9.17,9.16,6.865,184.0,184.0,184.0,138.0,1.223,42.05,71.44,2.2,3.5,2.0,-1.0,13.55,0.003,0.305,3.0,2.0,0.0,0.0,34.88,33.03,35.51,34.55,36.0,34.56,33.29,36.15,30.13,32.38,34.94,39.13,35.14,36.8,38.85,37.51,33.36,35.7,36.65
2017-05-04 15:25:00-05:00,423.1359,443.56754,460.27856,411.54117,422.48264,431.24756,387.3995,386.1432,857397.0,27.34,0.0,445.7,427.6,420.8,19.18,355.4,0.0,0.0,0.0,0.0,0.0,0.0,0.0,0.0,353.6,354.7,82.4,-0.498,33.2,34.25,34.5,33.5,0.0,270.9,273.2,273.8,272.2,0.575,0.0,29.47,28.26,-0.11,28.25,0.999,6000.0,403506.0,103.0,402.0,59.95,7.0,46.0,52.0,59.72,19.39,35.72,446.1,34.9,35.74,35.88,60.0,59.5,75.6,1.0,272.5,272.0,271.0,28.92,-0.992,28.94,1915.0,415918.0,13178.0,1912.0,-0.999,0.818,0.791,0.836,22.24,22.22,22.22,16.66,7.903,7.897,7.898,5.922,184.0,184.0,184.0,138.0,1.218,68.14,31.88,2.5,3.495,2.0,-1.0,13.55,0.006,0.303,3.0,2.0,0.0,0.0,35.03,33.34,35.83,34.92,36.45,34.95,33.71,36.47,30.0,32.94,35.26,39.56,35.35,37.11,39.3,37.83,33.89,36.05,36.99
2017-05-04 15:26:00-05:00,374.80222,391.6624,406.51132,362.6806,374.06644,378.99905,335.83823,338.52356,857398.0,27.35,0.0,394.7,377.0,371.0,19.0,356.7,0.0,0.0,0.0,0.0,0.0,0.0,0.0,0.0,355.0,356.0,72.55,-0.478,29.18,30.18,30.57,29.57,0.0,270.7,273.1,273.3,272.1,0.558,0.0,26.06,24.97,-0.233,24.96,0.999,6000.0,403506.0,103.0,402.0,59.97,7.0,46.0,52.0,57.9,19.2,35.67,395.6,30.85,31.71,31.88,60.0,59.5,75.6,1.0,272.1,272.0,271.0,25.64,-0.76,25.65,1915.0,415918.0,13178.0,1912.0,-1.0,0.818,0.791,0.836,19.53,19.54,19.54,14.65,6.966,6.969,6.971,5.226,184.0,184.0,184.0,138.0,2.953,88.9,33.15,5.7,3.502,2.0,-1.0,13.39,0.001,0.302,1.0,2.0,0.0,0.001,35.27,33.19,35.76,34.62,36.26,34.8,33.71,36.33,29.88,32.68,35.08,39.51,35.4,36.91,39.22,37.78,33.76,36.01,36.97
2017-05-04 15:27:00-05:00,282.9559,293.91058,307.03,268.7994,277.2341,279.5802,244.2574,247.76341,857399.0,27.37,0.0,300.5,280.9,276.6,18.82,355.5,0.0,0.0,0.0,0.0,0.0,0.0,0.0,0.0,354.0,355.0,54.72,-0.403,21.75,22.75,22.87,21.87,0.0,270.8,273.0,273.6,272.0,0.578,0.0,19.59,18.74,-0.272,18.73,0.999,6000.0,403507.0,104.0,402.0,59.98,7.0,46.0,52.0,59.9,19.03,35.09,303.4,23.0,23.87,24.02,60.0,59.5,75.6,1.0,272.2,272.0,271.0,19.25,-0.442,19.25,1915.0,415918.0,13178.0,1912.0,-1.0,0.818,0.791,0.836,14.87,14.87,14.87,11.14,5.286,5.288,5.288,3.962,184.0,184.0,184.0,138.0,1.557,125.9,59.5,3.5,3.5,2.0,-1.0,13.55,0.004,0.297,3.0,2.0,0.0,0.0,34.6,32.7,35.09,34.1,35.43,34.23,32.97,35.63,29.56,31.67,34.4,38.75,34.83,36.15,38.41,37.16,33.09,35.36,36.34
2017-05-04 15:28:00-05:00,269.72906,279.9928,295.187,255.02841,262.8123,268.634,237.48293,239.39464,857400.0,27.37,0.0,290.5,271.2,267.0,18.6,355.1,0.0,0.0,0.0,0.0,0.0,0.0,0.0,0.0,353.4,354.6,52.83,-0.402,20.97,21.98,22.05,21.05,0.0,270.2,273.0,273.1,272.0,0.555,0.0,18.91,18.12,-0.282,18.12,0.999,6000.0,403507.0,104.0,402.0,59.97,7.0,46.0,52.0,57.45,18.9,34.5,294.0,22.23,23.11,23.26,60.0,59.5,75.6,1.0,272.0,272.0,271.0,18.61,-0.421,18.62,1915.0,415919.0,13178.0,1912.0,-1.0,0.818,0.791,0.836,14.44,14.44,14.44,10.83,5.128,5.128,5.127,3.844,185.0,185.0,184.0,138.0,3.458,92.4,26.74,6.8,3.495,2.0,-1.0,13.55,0.003,0.296,3.0,2.0,0.0,0.0,33.88,31.46,34.31,33.2,34.67,33.33,32.31,34.95,28.75,31.27,33.72,38.04,34.15,35.33,37.65,36.44,32.52,34.49,35.58
2017-05-04 15:29:00-05:00,268.12204,278.51917,295.66074,254.49876,262.8123,270.89093,241.8738,243.8737,857401.0,27.37,0.0,290.9,273.4,269.2,18.71,360.2,0.0,0.0,0.0,0.0,0.0,0.0,0.0,0.0,358.6,359.7,51.97,-0.433,20.87,21.83,21.98,20.98,0.0,270.8,273.0,273.8,272.0,0.583,0.0,18.9,18.07,-0.263,18.06,0.999,6000.0,403507.0,104.0,402.0,59.97,7.0,46.0,52.0,59.52,19.08,33.76,293.8,22.15,23.03,23.17,60.0,59.5,75.6,1.0,272.4,272.0,271.1,18.56,-0.445,18.56,1915.0,415919.0,13178.0,1912.0,-1.0,0.818,0.791,0.836,14.18,14.18,14.19,10.63,5.105,5.106,5.109,3.828,185.0,185.0,185.0,138.0,1.05,313.3,93.7,2.5,3.5,2.0,-1.0,13.55,0.003,0.296,3.0,2.0,0.0,0.0,33.22,30.92,33.64,32.59,33.95,32.62,31.69,34.36,28.8,30.57,33.13,37.17,33.36,34.6,36.79,35.72,31.87,33.79,34.89
2017-05-04 15:30:00-05:00,270.71796,281.46646,299.92422,256.48495,264.87253,274.16354,246.51556,247.29195,857402.0,27.37,0.0,295.2,276.5,272.3,19.03,359.2,0.0,0.0,0.0,0.0,0.0,0.0,0.0,0.0,357.7,358.7,53.08,-0.433,21.23,22.23,22.3,21.3,0.0,270.6,273.0,273.8,272.0,0.592,0.0,19.26,18.41,-0.272,18.4,0.999,6000.0,403508.0,105.0,402.0,59.97,7.0,46.0,52.0,58.72,19.4,33.46,297.9,22.56,23.41,23.55,60.0,59.5,75.6,1.0,272.3,272.0,271.1,18.88,-0.459,18.89,1915.0,415919.0,13178.0,1912.0,-1.0,0.818,0.791,0.836,14.51,14.51,14.51,10.88,5.213,5.212,5.211,3.906,185.0,185.0,185.0,138.0,0.972,45.07,55.89,2.3,3.5,2.0,-1.0,13.55,0.003,0.296,3.0,2.0,0.0,0.0,32.86,30.83,33.34,32.43,33.51,32.43,31.26,34.02,28.22,30.19,32.85,36.74,32.94,34.23,36.33,35.34,31.52,33.43,34.55
2017-05-04 15:31:00-05:00,285.181,298.00403,316.386,272.6394,281.99847,292.5577,264.5808,267.3299,857403.0,27.37,0.0,309.9,293.6,289.1,19.02,357.1,0.0,0.0,0.0,0.0,0.0,0.0,0.0,0.0,355.5,356.6,56.48,-0.425,22.55,23.53,23.68,22.68,0.0,270.9,273.2,273.9,272.2,0.587,0.0,20.32,19.45,-0.227,19.43,0.999,6000.0,403508.0,105.0,402.0,59.97,7.0,46.0,52.0,58.37,19.44,33.34,310.8,23.85,24.73,24.87,60.0,59.5,75.6,1.0,272.6,272.0,271.1,19.95,-0.523,19.95,1915.0,415920.0,13178.0,1912.0,-1.0,0.818,0.791,0.836,15.38,15.39,15.38,11.53,5.491,5.493,5.49,4.115,185.0,185.0,185.0,138.0,1.35,136.7,37.27,3.4,3.502,2.0,-1.0,13.38,-0.008,0.296,1.0,2.0,0.0,0.001,32.63,30.85,33.31,32.46,33.26,32.4,31.13,33.75,28.18,30.15,32.57,36.49,33.06,34.28,36.12,35.05,31.37,33.24,34.26
2017-05-04 15:32:00-05:00,281.10168,293.41934,309.87234,270.7856,280.3245,289.62366,258.93542,264.9725,857404.0,27.37,0.0,303.3,290.3,285.9,18.89,356.3,0.0,0.0,0.0,0.0,0.0,0.0,0.0,0.0,354.9,355.9,55.62,-0.417,22.25,23.17,23.38,22.38,0.0,270.8,273.3,274.0,272.3,0.608,0.0,19.99,19.13,-0.15,19.12,0.999,6000.0,403508.0,105.0,402.0,59.95,7.0,46.0,52.0,60.02,19.12,32.95,304.1,23.43,24.33,24.49,60.0,59.5,75.6,1.0,272.5,272.0,271.1,19.62,-0.569,19.63,1915.0,415920.0,13178.0,1912.0,-1.0,0.818,0.791,0.836,15.15,15.15,15.15,11.36,5.4,5.398,5.399,4.048,185.0,185.0,185.0,138.0,2.203,92.0,46.13,4.6,3.5,2.0,-1.0,13.38,0.015,0.298,3.0,2.0,0.0,0.001,32.31,30.36,32.91,31.99,32.86,31.97,31.09,33.54,27.62,29.69,32.35,36.34,32.72,34.11,35.96,34.83,31.08,33.03,34.06
2017-05-04 15:33:00-05:00,268.98737,280.8115,296.72662,257.9415,267.57663,274.61493,243.00287,249.29573,857405.0,27.37,0.0,291.3,276.3,272.1,18.45,356.3,0.0,0.0,0.0,0.0,0.0,0.0,0.0,0.0,354.8,355.8,53.42,-0.402,21.07,22.0,22.27,21.27,0.0,270.6,273.1,273.9,272.1,0.6,0.0,19.15,18.35,-0.173,18.34,0.999,6000.0,403508.0,105.0,402.0,59.96,7.0,46.0,52.0,57.55,18.94,32.75,292.2,22.47,23.36,23.52,60.0,59.5,75.6,1.0,272.2,272.0,271.0,18.83,-0.532,18.84,1915.0,415920.0,13178.0,1912.0,-1.0,0.818,0.791,0.836,14.56,14.56,14.56,10.92,5.188,5.187,5.187,3.89,185.0,185.0,185.0,139.0,3.335,81.4,26.45,5.9,3.5,2.0,-1.0,13.55,0.004,0.296,3.0,2.0,0.0,0.0,32.05,29.48,32.31,31.41,32.44,31.32,30.75,32.97,26.83,29.25,31.78,35.75,32.24,33.57,35.41,34.31,30.48,32.49,33.54
2017-05-04 15:34:00-05:00,282.33783,294.4018,310.46448,272.24216,281.4834,290.63928,260.9427,265.3261,857406.0,27.37,0.0,304.8,292.8,288.3,18.33,358.9,0.0,0.0,0.0,0.0,0.0,0.0,0.0,0.0,357.4,358.5,55.77,-0.457,22.37,23.35,23.43,22.43,0.0,270.7,273.2,273.8,272.2,0.58,0.0,20.16,19.29,-0.3,19.27,0.999,6000.0,403509.0,106.0,402.0,59.98,7.0,46.0,52.0,59.52,18.91,32.34,306.0,23.64,24.53,24.68,60.0,59.5,75.6,1.0,272.3,272.0,271.2,19.79,-0.443,19.79,1915.0,415921.0,13178.0,1912.0,-1.0,0.818,0.791,0.836,15.19,15.19,15.19,11.39,5.452,5.451,5.451,4.087,185.0,185.0,185.0,139.0,1.655,96.0,40.38,2.3,3.5,2.0,-1.0,13.55,0.003,0.296,3.0,2.0,0.0,0.0,31.69,28.99,31.87,30.9,32.01,30.82,30.44,32.44,26.71,28.84,31.22,35.29,31.89,33.17,34.95,33.81,30.13,32.02,33.04
2017-05-04 15:35:00-05:00,297.66614,311.10312,325.74197,287.86697,297.5792,306.77652,273.86435,279.3527,857407.0,27.37,0.0,319.9,308.6,303.9,18.56,359.2,0.0,0.0,0.0,0.0,0.0,0.0,0.0,0.0,357.3,358.5,58.63,-0.453,23.68,24.68,24.73,23.73,0.0,270.9,273.3,274.0,272.3,0.577,0.0,21.24,20.31,-0.232,20.3,0.999,6000.0,403509.0,106.0,402.0,59.97,7.0,46.0,52.0,58.73,19.02,32.23,319.6,24.88,25.8,25.94,60.0,59.5,75.6,1.0,272.7,272.0,271.2,20.81,-0.558,20.82,1915.0,415921.0,13178.0,1912.0,-1.0,0.818,0.791,0.836,15.96,15.95,15.96,11.96,5.732,5.73,5.732,4.297,185.0,185.0,185.0,139.0,0.805,95.0,68.81,1.8,3.495,2.0,-1.0,13.55,0.003,0.297,3.0,2.0,0.0,0.0,31.62,29.06,31.83,31.02,32.04,30.8,30.36,32.39,27.05,28.75,31.23,35.2,31.81,33.09,34.87,33.75,30.35,32.09,32.94
2017-05-04 15:36:00-05:00,292.96875,307.1734,319.70206,283.4973,294.23126,300.1185,263.45175,270.63025,857408.0,27.37,0.0,313.6,302.0,297.4,18.61,364.8,0.0,0.0,0.0,0.0,0.0,0.0,0.0,0.0,363.2,364.3,55.88,-0.5,23.03,24.02,24.1,23.1,0.0,270.9,273.2,274.0,272.2,0.582,0.0,20.58,19.69,-0.222,19.67,0.999,6000.0,403509.0,106.0,402.0,59.96,7.0,46.0,52.0,58.43,19.2,31.89,311.9,24.11,25.05,25.17,60.0,59.5,75.6,1.0,272.8,272.0,271.3,20.2,-0.55,20.2,1915.0,415921.0,13178.0,1912.0,-1.0,0.818,0.791,0.836,15.22,15.21,15.22,11.41,5.551,5.55,5.554,4.163,185.0,185.0,185.0,139.0,2.657,97.2,25.78,4.4,3.5,2.0,-1.0,13.55,0.003,0.297,3.0,2.0,0.0,0.0,31.43,28.92,31.69,30.86,31.95,30.7,30.2,32.4,26.74,28.87,31.21,35.16,31.85,32.94,34.86,33.79,30.12,32.19,33.04
2017-05-04 15:37:00-05:00,287.28244,300.95132,312.24097,276.4794,286.5053,290.52646,253.54095,261.4364,857409.0,27.37,0.0,307.0,293.5,289.0,18.43,364.4,0.0,0.0,0.0,0.0,0.0,0.0,0.0,0.0,363.0,364.1,55.02,-0.497,22.02,23.05,23.9,22.9,0.0,270.9,273.0,273.8,272.0,0.567,0.0,20.24,19.32,-0.225,19.32,0.999,6000.0,403510.0,107.0,402.0,59.97,7.0,46.0,52.0,59.95,18.87,31.71,305.7,23.64,24.57,24.71,60.0,59.5,75.6,1.0,272.4,272.0,271.1,19.8,-0.515,19.81,1915.0,415922.0,13178.0,1912.0,-1.0,0.818,0.791,0.836,14.95,14.98,14.98,11.21,5.448,5.459,5.458,4.085,185.0,185.0,185.0,139.0,1.923,98.7,18.36,3.8,3.5,2.0,-1.0,13.46,0.003,0.297,3.0,2.0,0.0,0.0,31.24,28.23,31.3,30.48,31.65,30.23,30.12,32.05,26.34,28.44,30.84,34.88,31.54,32.72,34.6,33.37,29.64,31.73,32.64
2017-05-04 15:38:00-05:00,289.26028,303.4074,313.6621,277.5387,287.66418,291.76776,254.04276,262.02573,857410.0,27.37,0.0,309.0,295.5,291.0,18.34,361.8,0.0,0.0,0.0,0.0,0.0,0.0,0.0,0.0,360.4,361.5,56.1,-0.483,22.92,23.97,24.0,23.0,0.0,270.8,273.2,273.8,272.2,0.578,0.0,20.49,19.59,-0.13,19.57,0.999,6000.0,403510.0,107.0,402.0,59.95,7.0,46.0,52.0,57.72,18.75,31.57,307.0,23.97,24.91,25.05,60.0,59.5,75.6,1.0,272.5,272.0,271.1,20.08,-0.614,20.09,1915.0,415922.0,13178.0,1912.0,-1.0,0.818,0.791,0.836,15.27,15.27,15.26,11.44,5.525,5.525,5.522,4.14,185.0,185.0,185.0,139.0,1.835,114.3,38.81,3.6,3.5,2.0,-1.0,13.55,0.004,0.297,3.0,2.0,0.0,0.0,31.17,28.12,31.14,30.28,31.48,30.07,29.91,31.67,26.04,28.24,30.43,34.57,31.35,32.4,34.29,33.07,29.45,31.44,32.32
2017-05-04 15:39:00-05:00,280.36,293.5831,302.5297,268.667,278.39297,280.483,240.87016,250.00296,857411.0,27.37,0.0,298.3,284.4,280.2,18.31,358.6,0.0,0.0,0.0,0.0,0.0,0.0,0.0,0.0,357.1,358.1,54.75,-0.438,21.92,22.83,23.4,22.4,0.0,271.0,273.2,273.9,272.2,0.56,0.0,19.81,18.96,-0.3,18.95,0.999,6000.0,403510.0,107.0,402.0,59.99,7.0,46.0,52.0,59.8,18.7,31.4,296.6,23.21,24.14,24.29,60.0,59.5,75.6,1.0,272.7,272.0,271.0,19.46,-0.407,19.46,1915.0,415922.0,13178.0,1912.0,-1.0,0.818,0.791,0.836,14.93,14.94,14.94,11.19,5.356,5.357,5.357,4.015,186.0,185.0,185.0,139.0,1.93,103.5,45.49,3.6,3.5,2.0,-1.0,13.55,0.003,0.296,3.0,2.0,0.0,0.0,30.99,27.83,30.78,29.87,31.11,29.73,29.74,31.32,26.09,27.91,30.15,34.24,31.1,32.14,34.0,32.8,29.31,31.12,32.08
2017-05-04 15:40:00-05:00,261.69403,273.607,281.92285,248.9374,258.8205,258.0263,220.4213,229.965,857412.0,27.35,0.0,278.7,262.8,258.9,18.25,356.9,0.0,0.0,0.0,0.0,0.0,0.0,0.0,0.0,355.3,356.4,51.08,-0.405,20.35,21.35,21.6,20.6,0.0,270.6,273.2,273.6,272.2,0.575,0.0,18.4,17.65,-0.3,17.65,0.999,6000.0,403511.0,108.0,402.0,59.98,7.0,46.0,52.0,58.12,18.63,31.15,277.2,21.58,22.51,22.67,60.0,59.5,75.6,1.0,272.4,272.0,271.1,18.11,-0.361,18.12,1915.0,415923.0,13178.0,1912.0,-1.0,0.818,0.791,0.836,13.99,13.99,13.99,10.49,4.992,4.991,4.992,3.743,186.0,186.0,186.0,139.0,1.242,76.98,87.9,2.9,3.5,2.0,-1.0,13.55,0.003,0.295,3.0,2.0,0.0,0.0,30.73,27.65,30.43,29.58,30.72,29.39,29.48,30.98,25.71,27.6,29.81,33.85,30.68,31.72,33.63,32.39,28.87,30.72,31.68
2017-05-04 15:41:00-05:00,236.22923,246.26268,255.15764,222.18987,231.77956,233.08696,199.34515,209.21983,857413.0,27.34,0.0,254.0,238.9,235.4,18.3,357.7,0.0,0.0,0.0,0.0,0.0,0.0,0.0,0.0,356.2,357.4,46.17,-0.405,18.33,19.35,19.47,18.47,0.0,270.9,273.1,273.8,272.1,0.562,0.0,16.71,16.0,-0.297,16.0,0.999,6000.0,403511.0,108.0,402.0,59.98,7.0,46.0,52.0,58.65,18.23,30.72,253.1,19.49,20.43,20.59,60.0,59.5,75.6,1.0,272.8,272.0,271.1,16.43,-0.321,16.43,1915.0,415923.0,13178.0,1912.0,-1.0,0.818,0.791,0.836,12.7,12.7,12.7,9.52,4.543,4.544,4.543,3.406,186.0,186.0,186.0,139.0,2.828,100.9,32.42,4.9,3.5,2.0,-1.0,13.55,0.003,0.294,3.0,2.0,0.0,0.0,30.29,27.31,30.1,29.22,30.49,29.13,29.24,30.73,25.82,27.51,29.58,33.62,30.55,31.48,33.37,32.06,28.62,30.43,31.38
2017-05-04 15:42:00-05:00,225.22745,235.12846,245.09108,212.39127,222.37961,224.17198,195.4561,203.67992,857414.0,27.34,0.0,244.6,230.6,227.2,18.02,358.8,0.0,0.0,0.0,0.0,0.0,0.0,0.0,0.0,357.4,358.4,44.47,-0.4,17.73,18.58,18.88,17.88,0.0,271.0,273.2,274.0,272.2,0.555,0.0,16.1,15.38,-0.308,15.38,0.999,6000.0,403511.0,108.0,402.0,59.99,7.0,46.0,52.0,60.12,18.16,30.22,243.4,18.74,19.65,19.82,60.0,59.5,75.6,1.0,272.8,272.0,271.1,15.81,-0.231,15.81,1915.0,415923.0,13178.0,1912.0,-1.0,0.818,0.791,0.836,12.21,12.21,12.21,9.15,4.381,4.381,4.38,3.284,186.0,186.0,186.0,139.0,2.917,83.6,35.04,6.3,3.497,2.0,-1.0,13.55,0.019,0.293,1.0,2.0,0.0,0.001,29.82,26.87,29.71,28.79,29.98,28.7,28.82,30.46,25.53,26.93,29.34,33.13,30.03,31.02,32.92,31.68,28.39,30.03,30.97
2017-05-04 15:43:00-05:00,215.9563,225.79536,236.20885,205.10852,214.26732,217.51398,190.81433,197.31493,857415.0,27.33,0.0,236.2,224.1,220.9,18.02,358.5,0.0,0.0,0.0,0.0,0.0,0.0,0.0,0.0,357.0,358.0,42.98,-0.4,17.0,18.0,18.0,17.0,0.0,271.0,273.3,274.0,272.3,0.558,0.0,15.5,14.85,-0.3,14.86,0.998,6000.0,403511.0,108.0,402.0,59.99,7.0,46.0,52.0,57.62,17.93,29.69,234.4,18.06,19.01,19.16,60.0,59.5,75.6,1.0,272.8,272.0,271.2,15.27,-0.211,15.27,1915.0,415923.0,13178.0,1912.0,-1.0,0.818,0.791,0.836,11.81,11.81,11.81,8.86,4.235,4.235,4.235,3.174,186.0,186.0,186.0,139.0,1.763,121.8,77.66,4.2,3.502,2.0,-1.0,13.37,-0.012,0.294,1.0,2.0,0.0,0.001,29.45,26.51,29.25,28.48,29.45,28.35,28.41,30.07,25.26,26.63,28.98,32.63,29.55,30.49,32.41,31.28,27.95,29.6,30.58
2017-05-04 15:44:00-05:00,215.58545,225.4679,236.0904,206.56508,215.29745,220.78656,194.57793,200.6153,857416.0,27.31,0.0,236.5,227.4,224.1,18.1,358.4,0.0,0.0,0.0,0.0,0.0,0.0,0.0,0.0,357.0,358.0,43.0,-0.402,17.0,18.0,18.0,17.0,0.0,270.9,273.1,273.8,272.1,0.55,0.0,15.57,14.91,-0.3,14.9,0.999,6000.0,403512.0,109.0,402.0,59.99,7.0,46.0,52.0,59.05,17.95,29.17,234.8,18.14,19.12,19.24,60.0,59.5,75.6,1.0,272.6,272.0,271.0,15.34,-0.219,15.34,1915.0,415924.0,13178.0,1912.0,-1.0,0.818,0.791,0.836,11.87,11.87,11.87,8.9,4.254,4.254,4.254,3.189,186.0,186.0,186.0,139.0,1.618,101.3,34.65,4.7,3.502,2.0,-1.0,13.55,0.004,0.293,3.0,2.0,0.0,0.0,28.91,26.3,28.96,28.16,29.2,28.02,28.06,29.74,25.28,26.46,28.66,32.29,29.38,30.19,32.06,30.87,27.71,29.26,30.2
2017-05-04 15:45:00-05:00,215.83267,225.63162,235.85355,208.94852,217.22896,222.47928,192.82158,198.84724,857417.0,27.31,0.0,236.4,229.0,225.6,18.07,358.4,0.0,0.0,0.0,0.0,0.0,0.0,0.0,0.0,357.0,358.0,43.0,-0.405,17.0,18.0,18.0,17.0,0.0,270.9,273.2,273.8,272.2,0.552,0.0,15.59,14.94,-0.3,14.93,0.999,6000.0,403512.0,109.0,402.0,59.98,7.0,46.0,52.0,59.97,17.98,28.68,234.6,18.21,19.15,19.28,60.0,59.5,75.6,1.0,272.7,272.0,271.4,15.38,-0.256,15.38,1915.0,415924.0,13178.0,1912.0,-1.0,0.818,0.791,0.836,11.9,11.9,11.9,8.92,4.266,4.265,4.266,3.198,186.0,186.0,186.0,139.0,0.917,67.59,56.95,2.4,3.5,2.0,-1.0,13.55,0.004,0.293,3.0,2.0,0.0,0.0,28.51,26.24,28.72,27.82,28.96,27.89,27.94,29.69,25.36,26.57,28.64,32.07,29.16,29.96,31.87,30.72,27.72,29.14,30.04
2017-05-04 15:46:00-05:00,212.61867,222.19313,231.82692,206.16783,213.75226,217.40112,186.67438,194.48604,857418.0,27.3,0.0,232.4,224.1,220.9,18.21,358.9,0.0,0.0,0.0,0.0,0.0,0.0,0.0,0.0,357.4,358.4,42.53,-0.403,16.95,18.0,18.0,17.0,0.0,271.0,273.3,273.9,272.3,0.55,0.0,15.37,14.74,-0.3,14.74,0.999,6000.0,403512.0,109.0,402.0,59.98,7.0,46.0,52.0,57.77,18.26,28.64,230.5,17.91,18.87,18.98,60.0,59.5,75.6,1.0,272.8,272.0,271.6,15.15,-0.254,15.15,1915.0,415924.0,13178.0,1912.0,-1.0,0.818,0.791,0.836,11.7,11.7,11.69,8.77,4.199,4.198,4.197,3.148,186.0,186.0,186.0,139.0,0.993,103.5,66.34,1.6,3.5,2.0,-1.0,13.55,0.003,0.293,3.0,2.0,0.0,0.0,28.37,26.39,28.68,27.86,28.92,27.86,27.89,29.7,25.53,26.68,28.69,31.96,29.16,29.9,31.75,30.65,27.74,29.11,29.97
2017-05-04 15:47:00-05:00,205.6962,214.82489,223.5368,197.95819,206.02628,208.26047,176.88904,185.99937,857419.0,27.28,0.0,224.6,215.4,212.3,18.27,359.5,0.0,0.0,0.0,0.0,0.0,0.0,0.0,0.0,358.0,359.0,40.92,-0.403,16.0,17.02,17.22,16.22,0.0,271.0,273.1,274.0,272.1,0.545,0.0,14.86,14.2,-0.3,14.2,0.999,6000.0,403512.0,109.0,402.0,59.98,7.0,46.0,52.0,59.4,18.71,28.56,222.8,17.25,18.22,18.33,60.0,59.5,75.6,1.0,273.0,272.0,271.4,14.61,-0.231,14.61,1915.0,415924.0,13178.0,1912.0,-1.0,0.818,0.791,0.836,11.28,11.28,11.28,8.46,4.056,4.055,4.055,3.04,186.0,186.0,186.0,139.0,1.873,59.0,41.07,4.6,3.502,2.0,-1.0,13.55,0.003,0.293,3.0,2.0,0.0,0.0,28.24,26.25,28.58,27.69,28.89,27.8,27.7,29.65,25.22,26.56,28.69,31.73,28.84,29.69,31.54,30.5,27.6,28.96,29.84
2017-05-04 15:48:00-05:00,201.6169,210.73143,218.56274,192.79407,200.61809,202.16669,171.36908,180.10587,857420.0,27.27,0.0,219.7,209.4,206.5,18.09,360.3,0.0,0.0,0.0,0.0,0.0,0.0,0.0,0.0,358.9,359.9,39.73,-0.41,15.9,16.95,17.0,16.0,0.0,271.0,273.1,274.0,272.1,0.568,0.0,14.5,13.87,-0.258,13.87,0.999,6000.0,403513.0,110.0,402.0,59.97,7.0,46.0,52.0,59.62,18.36,28.26,217.6,16.84,17.79,17.9,60.0,59.5,75.6,1.0,272.9,272.0,271.2,14.26,-0.272,14.26,1915.0,415925.0,13178.0,1912.0,-1.0,0.818,0.791,0.836,11.0,11.0,11.0,8.25,3.963,3.962,3.962,2.972,186.0,186.0,186.0,139.0,1.957,161.6,57.63,3.9,3.5,2.0,-1.0,13.39,0.012,0.292,1.0,2.0,0.0,0.001,27.91,26.14,28.23,27.37,28.58,27.54,27.52,29.23,24.71,26.42,28.3,31.41,28.4,29.4,31.24,30.16,26.98,28.63,29.52
2017-05-04 15:49:00-05:00,192.0985,200.9071,208.02246,183.2603,190.44554,191.67184,161.20738,168.79031,857421.0,27.25,0.0,209.5,199.0,196.5,18.25,360.3,0.0,0.0,0.0,0.0,0.0,0.0,0.0,0.0,358.9,359.9,37.9,-0.402,14.87,15.92,16.13,15.13,0.0,271.0,273.1,274.0,272.1,0.567,0.0,13.77,13.18,-0.198,13.18,0.998,6000.0,403513.0,110.0,402.0,59.96,7.0,46.0,52.0,57.53,18.35,28.19,207.6,15.96,16.92,17.05,60.0,59.5,75.6,1.0,272.9,272.0,271.2,13.56,-0.3,13.56,1915.0,415925.0,13178.0,1912.0,-1.0,0.818,0.791,0.836,10.46,10.47,10.47,7.84,3.768,3.772,3.771,2.825,186.0,186.0,186.0,139.0,0.545,173.6,79.49,2.0,3.5,2.0,-1.0,13.39,-0.006,0.294,1.0,2.0,0.0,0.001,27.75,26.05,28.03,27.23,28.41,27.33,27.34,28.92,24.74,26.14,27.94,31.11,28.18,29.12,30.97,29.88,26.87,28.42,29.24
2017-05-04 15:50:00-05:00,180.97311,189.28168,196.41632,171.6079,178.3415,179.14575,149.9166,158.06412,857422.0,27.24,0.0,198.6,186.9,185.2,18.28,359.9,0.0,0.0,0.0,0.0,0.0,0.0,0.0,0.0,358.5,359.5,35.5,-0.402,14.0,15.0,15.08,14.08,0.0,270.9,273.1,273.9,272.1,0.55,0.0,12.96,12.41,-0.143,12.42,0.998,6000.0,403513.0,110.0,402.0,59.95,7.0,46.0,52.0,59.25,18.5,28.1,196.8,15.02,15.98,16.11,60.0,59.5,75.6,1.0,272.7,272.0,271.2,12.78,-0.299,12.78,1915.0,415925.0,13178.0,1912.0,-1.0,0.818,0.791,0.836,9.9,9.9,9.89,7.419,3.562,3.562,3.561,2.67,186.0,186.0,186.0,140.0,1.44,105.1,50.21,2.4,3.502,2.0,-1.0,13.55,0.004,0.292,3.0,2.0,0.0,0.0,27.78,26.01,27.99,27.17,28.35,27.24,27.24,28.76,24.89,25.9,27.79,30.98,28.2,29.09,30.85,29.66,26.78,28.26,29.05
2017-05-04 15:51:00-05:00,175.78125,183.55084,190.8501,166.44379,172.547,174.40614,147.03116,156.17818,857423.0,27.21,0.0,193.5,182.4,180.9,18.38,358.2,0.0,0.0,0.0,0.0,0.0,0.0,0.0,0.0,356.8,358.0,35.0,-0.4,13.55,14.65,15.0,14.0,0.0,271.0,273.1,273.8,272.1,0.557,0.0,12.65,12.07,-0.208,12.07,0.998,6000.0,403513.0,110.0,402.0,59.96,7.0,46.0,52.0,60.17,18.65,27.83,191.9,14.58,15.54,15.67,60.0,59.5,75.6,1.0,272.8,272.0,271.1,12.42,-0.24,12.42,1915.0,415925.0,13178.0,1912.0,-1.0,0.818,0.791,0.836,9.68,9.69,9.68,7.261,3.469,3.471,3.469,2.601,186.0,186.0,186.0,140.0,1.005,285.2,96.5,1.8,3.502,2.0,-1.0,13.55,0.004,0.291,3.0,2.0,0.0,0.0,27.59,25.93,27.88,27.16,28.3,27.21,27.08,28.62,24.78,25.89,27.69,30.79,27.98,28.84,30.66,29.49,26.67,28.12,28.86
2017-05-04 15:52:00-05:00,169.60048,177.00131,184.33646,161.01483,167.26758,169.10231,139.62943,149.45956,857424.0,27.19,0.0,187.3,177.1,175.4,18.39,358.6,0.0,0.0,0.0,0.0,0.0,0.0,0.0,0.0,357.1,358.2,33.55,-0.402,13.0,14.0,14.1,13.1,0.0,271.0,273.4,273.9,272.4,0.538,0.0,12.21,11.67,-0.167,11.68,0.998,6000.0,403514.0,111.0,402.0,59.95,7.0,46.0,52.0,57.83,18.63,27.75,185.8,14.06,15.04,15.19,60.0,59.5,75.6,1.0,272.8,272.2,271.3,12.01,-0.256,12.01,1915.0,415925.0,13178.0,1912.0,-1.0,0.818,0.791,0.836,9.36,9.36,9.36,7.019,3.357,3.357,3.357,2.517,186.0,186.0,186.0,140.0,0.962,116.9,50.52,2.4,3.495,2.0,-1.0,13.55,0.003,0.291,3.0,2.0,0.0,0.0,27.55,25.98,27.72,26.95,28.19,27.03,26.92,28.48,24.67,25.65,27.55,30.62,27.81,28.76,30.5,29.33,26.5,27.98,28.71
2017-05-04 15:53:00-05:00,167.62263,174.87271,182.67842,158.23415,164.82103,166.28111,138.75125,148.75235,857425.0,27.18,0.0,186.4,175.0,173.1,18.4,359.5,0.0,0.0,0.0,0.0,0.0,0.0,0.0,0.0,358.0,359.0,33.37,-0.4,13.0,14.0,14.0,13.0,0.0,271.0,273.9,274.0,272.9,0.567,0.0,12.11,11.6,-0.178,11.61,0.998,6000.0,403514.0,111.0,402.0,59.96,7.0,46.0,52.0,58.57,18.63,27.62,184.8,13.96,14.94,15.08,60.0,59.5,75.6,1.0,273.0,272.6,271.9,11.94,-0.238,11.94,1915.0,415926.0,13178.0,1912.0,-1.0,0.818,0.791,0.836,9.3,9.3,9.3,6.969,3.341,3.341,3.342,2.505,186.0,186.0,186.0,140.0,1.138,99.9,46.25,2.6,3.502,2.0,-1.0,13.55,0.003,0.291,3.0,2.0,0.0,0.0,27.37,25.85,27.55,26.88,27.93,26.92,26.71,28.18,24.22,25.33,27.24,30.36,27.66,28.54,30.25,29.08,26.28,27.76,28.47
2017-05-04 15:54:00-05:00,170.96025,178.63869,186.46819,161.94173,168.94154,171.13356,144.14574,154.29225,857426.0,27.16,0.0,190.3,179.8,177.6,18.29,357.3,0.0,0.0,0.0,0.0,0.0,0.0,0.0,0.0,355.9,357.1,34.15,-0.4,13.0,14.0,14.58,13.58,0.0,271.0,274.0,274.0,273.0,0.572,0.0,12.43,11.88,-0.08,11.89,0.999,6000.0,403514.0,111.0,402.0,59.94,7.0,46.0,52.0,59.73,18.32,27.31,188.1,14.31,15.29,15.44,60.0,59.5,75.6,1.0,273.0,272.7,272.0,12.23,-0.335,12.23,1915.0,415926.0,13178.0,1912.0,-1.0,0.818,0.791,0.836,9.57,9.56,9.57,7.172,3.417,3.417,3.418,2.562,187.0,186.0,186.0,140.0,1.478,91.8,50.35,3.6,3.498,2.0,-1.0,13.39,-0.008,0.291,1.0,2.0,0.0,0.001,27.07,25.6,27.36,26.7,27.62,26.75,26.43,27.95,24.2,25.32,27.0,30.01,27.22,28.19,29.9,28.78,26.08,27.5,28.17
2017-05-04 15:55:00-05:00,169.47687,177.16504,184.45486,160.22034,167.65388,169.10231,142.51485,152.1706,857427.0,27.14,0.0,188.1,177.9,175.6,18.15,357.1,0.0,0.0,0.0,0.0,0.0,0.0,0.0,0.0,355.7,356.9,33.95,-0.4,13.0,14.0,14.03,13.03,0.0,271.0,274.0,274.0,273.0,0.577,0.0,12.28,11.74,-0.158,11.75,0.998,6000.0,403514.0,111.0,402.0,59.95,7.0,46.0,52.0,59.55,18.19,27.1,185.7,14.13,15.09,15.24,60.0,59.5,75.6,1.0,273.0,273.0,272.0,12.08,-0.272,12.08,1915.0,415926.0,13178.0,1912.0,-1.0,0.818,0.791,0.836,9.46,9.46,9.46,7.09,3.378,3.378,3.377,2.532,187.0,187.0,187.0,140.0,2.223,91.9,26.05,3.6,3.499,2.0,-1.0,13.45,0.015,0.291,3.0,2.0,0.0,0.001,26.79,25.25,27.16,26.47,27.5,26.49,26.3,27.74,23.94,25.2,26.8,29.8,27.25,28.06,29.71,28.61,26.06,27.3,27.99
2017-05-04 15:56:00-05:00,162.43077,169.63306,176.04634,153.73209,160.70049,161.7672,135.11311,144.39114,857428.0,27.12,0.0,179.8,170.5,168.3,18.04,358.1,0.0,0.0,0.0,0.0,0.0,0.0,0.0,0.0,356.7,357.8,32.23,-0.4,12.53,13.43,13.67,12.67,0.0,271.0,274.0,274.0,273.0,0.575,0.0,11.73,11.21,-0.167,11.22,0.998,6000.0,403514.0,111.0,402.0,59.95,7.0,46.0,52.0,57.73,18.21,26.83,177.5,13.49,14.44,14.59,60.0,59.5,75.6,1.0,273.0,272.7,271.9,11.54,-0.24,11.55,1915.0,415926.0,13178.0,1912.0,-1.0,0.818,0.791,0.836,9.02,9.02,9.03,6.767,3.231,3.231,3.232,2.423,187.0,187.0,187.0,140.0,1.952,89.8,98.7,4.4,3.502,2.0,-1.0,13.55,0.004,0.291,3.0,2.0,0.0,0.0,26.61,25.04,26.89,26.17,27.21,26.2,26.02,27.26,23.25,24.88,26.31,29.5,26.82,27.68,29.38,28.21,25.47,26.88,27.6
2017-05-04 15:57:00-05:00,151.429,158.00763,163.61118,142.74176,149.36905,150.25674,124.07323,132.95773,857429.0,27.1,0.0,167.5,158.8,156.7,18.01,357.9,0.0,0.0,0.0,0.0,0.0,0.0,0.0,0.0,356.6,357.7,30.02,-0.4,11.5,12.53,12.72,11.72,0.0,271.0,273.7,274.0,272.7,0.57,0.0,10.88,10.39,-0.083,10.41,0.997,6000.0,403514.0,111.0,402.0,59.94,7.0,46.0,52.0,59.1,18.1,26.41,165.4,12.46,13.43,13.56,60.0,59.5,75.6,1.0,273.0,272.3,271.7,10.7,-0.264,10.7,1915.0,415926.0,13178.0,1912.0,-1.0,0.818,0.791,0.836,8.39,8.39,8.4,6.294,3.004,3.004,3.006,2.253,187.0,187.0,187.0,140.0,2.857,83.6,29.37,4.3,3.5,2.0,-1.0,13.55,0.003,0.29,3.0,2.0,0.0,0.0,26.17,24.65,26.51,25.8,26.92,25.89,25.64,26.76,23.34,24.52,25.83,29.14,26.37,27.36,28.97,27.71,25.0,26.44,27.13
2017-05-04 15:58:00-05:00,140.05637,146.05472,151.29445,131.3542,137.78008,138.52058,112.40607,122.34941,857430.0,27.07,0.0,155.4,147.1,145.2,17.91,357.9,0.0,0.0,0.0,0.0,0.0,0.0,0.0,0.0,356.6,357.7,27.68,-0.4,10.47,11.47,11.73,10.73,0.0,271.0,274.0,274.0,273.0,0.568,0.0,10.05,9.55,-0.262,9.58,0.997,6000.0,403515.0,112.0,402.0,59.97,7.0,46.0,52.0,60.0,18.07,26.21,153.7,11.44,12.4,12.55,60.0,59.5,75.6,1.0,273.0,272.7,272.0,9.87,-0.082,9.87,1915.0,415927.0,13178.0,1912.0,-0.667,0.818,0.791,0.836,7.772,7.772,7.776,5.829,2.782,2.782,2.783,2.086,187.0,187.0,187.0,140.0,2.81,110.7,16.17,4.3,3.5,2.0,-1.0,13.55,0.003,0.29,3.0,2.0,0.0,0.0,25.94,24.29,26.2,25.54,26.64,25.54,25.43,26.66,23.58,24.56,25.77,28.81,26.18,27.09,28.65,27.44,25.02,26.19,26.87
2017-05-04 15:59:00-05:00,127.69483,132.95564,137.79343,118.907326,125.28973,125.76878,100.237114,111.97681,857431.0,27.05,0.0,142.0,134.3,132.8,17.86,356.3,0.0,0.0,0.0,0.0,0.0,0.0,0.0,0.0,355.0,356.1,25.22,-0.4,9.42,10.43,10.57,9.57,0.0,271.0,273.7,274.0,272.7,0.553,0.0,9.11,8.67,-0.3,8.69,0.996,6000.0,403515.0,112.0,402.0,59.98,7.0,45.85,52.0,59.3,17.85,25.81,140.6,10.33,11.28,11.45,60.0,59.5,75.6,1.0,273.0,272.1,271.7,8.95,0.009,8.95,1915.0,415927.0,13178.0,1912.0,0.033,0.818,0.791,0.836,7.118,7.117,7.118,5.338,2.537,2.536,2.537,1.902,187.0,187.0,187.0,140.0,2.055,108.0,43.47,4.3,3.502,2.0,-1.0,13.55,0.003,0.289,3.0,2.0,0.0,0.0,25.69,23.96,25.85,25.19,26.27,25.13,25.22,26.43,23.1,24.35,25.56,28.6,25.96,26.88,28.44,27.29,24.87,26.01,26.71
2017-05-04 16:00:00-05:00,110.51226,114.78067,119.55518,101.42874,108.29256,108.503075,84.30455,96.18218,857432.0,27.03,0.0,124.0,117.1,115.8,17.85,357.0,0.0,0.0,0.0,0.0,0.0,0.0,0.0,0.0,355.4,356.7,21.55,-0.4,7.9,8.92,9.15,8.15,0.0,271.0,273.6,273.9,272.6,0.567,0.0,7.832,7.435,-0.303,7.472,0.994,6000.0,403515.0,112.0,402.0,59.99,7.0,45.62,52.0,57.63,18.08,25.51,122.8,8.82,9.76,9.93,60.0,59.5,75.6,1.0,272.9,272.3,271.6,7.699,0.103,7.7,1915.0,415927.0,13178.0,1912.0,1.0,0.818,0.791,0.836,6.164,6.159,6.16,4.62,2.2,2.199,2.199,1.649,187.0,187.0,187.0,140.0,2.665,109.1,48.98,5.3,3.502,2.0,-1.0,13.38,0.002,0.289,1.0,2.0,0.0,0.001,25.36,23.57,25.44,24.83,25.98,24.74,24.94,26.14,22.8,24.06,25.27,28.36,25.71,26.67,28.2,27.08,24.64,25.77,26.5
2017-05-04 16:01:00-05:00,95.80201,99.22552,104.86985,86.995674,93.22688,93.60718,72.01014,83.33432,857433.0,27.0,0.0,109.7,102.4,101.3,17.72,357.1,0.0,0.0,0.0,0.0,0.0,0.0,0.0,0.0,355.8,357.0,18.88,-0.4,6.717,7.767,8.0,7.0,0.0,270.9,273.2,273.8,272.2,0.567,0.0,6.817,6.45,-0.307,6.507,0.99,6000.0,403515.0,112.0,402.0,59.99,7.0,45.8,52.0,58.72,17.8,25.14,108.9,7.61,8.55,8.74,60.0,59.5,75.6,1.0,272.7,272.0,271.1,6.694,0.143,6.696,1915.0,415927.0,13178.0,1912.0,1.0,0.818,0.791,0.836,5.412,5.409,5.409,4.055,1.932,1.931,1.932,1.448,187.0,187.0,187.0,140.0,2.707,89.7,34.1,6.2,3.5,2.0,-1.0,13.55,0.005,0.288,3.0,2.0,0.0,0.0,25.02,23.12,24.97,24.28,25.5,24.23,24.61,25.65,22.18,23.61,24.74,27.92,25.44,26.22,27.74,26.63,24.13,25.33,26.1
2017-05-04 16:02:00-05:00,87.025314,89.72868,96.22445,78.91845,84.59954,86.384926,66.866554,75.67275,857434.0,26.98,0.0,101.3,94.8,93.8,17.69,356.8,0.0,0.0,0.0,0.0,0.0,0.0,0.0,0.0,355.6,356.8,17.18,-0.4,6.0,7.0,7.067,6.067,0.0,271.0,273.9,274.0,272.9,0.58,0.0,6.268,5.875,-0.3,5.952,0.988,6000.0,403515.0,112.0,402.0,59.99,7.0,45.08,52.0,59.0,17.9,24.86,100.9,6.903,7.845,8.04,60.0,59.5,75.6,1.0,273.0,272.6,271.9,6.116,0.155,6.118,1915.0,415927.0,13178.0,1912.0,1.0,0.818,0.791,0.836,4.986,4.983,4.985,3.738,1.779,1.778,1.779,1.334,187.0,187.0,187.0,140.0,1.7,78.75,22.3,2.7,3.5,2.0,-1.0,13.55,0.004,0.287,3.0,2.0,0.0,0.0,24.65,22.84,24.61,23.96,25.07,23.88,24.26,25.16,21.9,23.23,24.25,27.47,25.11,25.84,27.29,26.18,23.75,24.91,25.65
2017-05-04 16:03:00-05:00,82.82239,85.47149,92.434685,75.60811,80.09271,83.22519,65.110214,71.9009,857435.0,26.94,0.0,97.6,91.6,90.6,17.62,356.2,0.0,0.0,0.0,0.0,0.0,0.0,0.0,0.0,355.0,356.0,16.5,-0.4,6.0,7.0,7.0,6.0,0.0,271.0,274.0,274.0,273.0,0.577,0.0,5.99,5.62,-0.287,5.695,0.987,6000.0,403515.0,112.0,402.0,59.98,7.0,45.3,52.0,59.55,17.8,24.62,97.4,6.598,7.55,7.738,60.0,59.5,75.6,1.0,273.0,272.7,272.0,5.873,0.107,5.874,1915.0,415927.0,13178.0,1912.0,1.0,0.818,0.791,0.836,4.813,4.811,4.813,3.606,1.715,1.714,1.715,1.285,187.0,187.0,187.0,140.0,2.222,88.3,15.84,4.4,3.502,2.0,-1.0,13.55,0.003,0.287,3.0,2.0,0.0,0.0,24.45,22.68,24.35,23.68,24.84,23.63,24.01,24.86,21.76,22.92,23.96,27.13,24.84,25.49,26.95,25.83,23.56,24.63,25.32
2017-05-04 16:04:00-05:00,80.720924,83.179146,90.18452,73.886734,78.16122,81.53247,63.102966,70.25072,857436.0,26.92,0.0,95.4,89.7,88.7,17.56,356.3,0.0,0.0,0.0,0.0,0.0,0.0,0.0,0.0,355.0,356.1,16.0,-0.4,5.583,6.983,7.0,6.0,0.0,271.0,274.0,274.0,273.0,0.577,0.0,5.877,5.52,-0.267,5.578,0.987,6000.0,403515.0,112.0,402.0,59.97,7.0,45.02,52.0,60.0,17.64,24.29,95.2,6.435,7.407,7.567,60.0,59.5,75.6,1.0,273.0,272.8,272.0,5.737,0.084,5.738,1915.0,415927.0,13178.0,1912.0,1.0,0.818,0.791,0.836,4.708,4.707,4.71,3.53,1.677,1.677,1.678,1.258,187.0,187.0,187.0,140.0,2.72,107.9,27.5,4.8,3.495,2.0,-1.0,13.55,0.003,0.287,3.0,2.0,0.0,0.0,24.16,22.34,24.07,23.36,24.48,23.34,23.76,24.61,21.72,22.59,23.74,26.75,24.44,25.17,26.55,25.52,23.38,24.33,25.03
2017-05-04 16:05:00-05:00,77.50692,79.5769,86.86848,70.17915,74.942055,77.69565,59.590275,66.7146,857437.0,26.88,0.0,92.0,85.8,84.8,17.59,357.3,0.0,0.0,0.0,0.0,0.0,0.0,0.0,0.0,355.7,357.1,15.48,-0.4,5.0,6.067,6.483,5.483,0.0,271.0,274.0,274.0,273.0,0.572,0.0,5.613,5.268,-0.173,5.327,0.986,6000.0,403515.0,112.0,402.0,59.96,7.0,45.0,52.0,60.0,17.66,23.98,91.8,6.132,7.108,7.268,60.0,59.5,75.6,1.0,273.0,272.7,272.0,5.488,0.034,5.488,1915.0,415927.0,13178.0,1912.0,1.0,0.818,0.791,0.836,4.514,4.51,4.507,3.381,1.613,1.611,1.61,1.208,187.0,187.0,187.0,140.0,1.77,93.8,35.3,3.4,3.5,2.0,-1.0,13.55,0.005,0.286,3.0,2.0,0.0,0.0,23.88,22.05,23.75,23.1,24.14,23.05,23.51,24.42,21.63,22.5,23.58,26.41,24.25,24.84,26.22,25.26,23.3,24.04,24.73
2017-05-04 16:06:00-05:00,75.899925,78.26699,85.802605,68.72261,73.39686,76.905716,59.339367,66.24312,857438.0,26.85,0.0,91.0,85.0,84.0,17.58,356.4,0.0,0.0,0.0,0.0,0.0,0.0,0.0,0.0,355.2,356.3,15.13,-0.4,5.0,6.0,6.083,5.083,0.0,271.0,274.0,274.0,273.0,0.568,0.0,5.587,5.222,-0.217,5.293,0.985,6000.0,403515.0,112.0,402.0,59.96,7.0,45.0,52.0,60.0,17.69,23.72,90.7,6.05,7.038,7.185,60.0,59.5,75.6,1.0,273.0,272.9,272.0,5.428,0.028,5.428,1915.0,415927.0,13178.0,1912.0,1.0,0.818,0.791,0.836,4.48,4.478,4.476,3.357,1.597,1.596,1.596,1.197,187.0,187.0,187.0,140.0,2.035,92.3,30.02,3.7,3.497,2.0,-1.0,13.59,0.004,0.286,3.0,2.0,0.0,0.0,23.66,21.94,23.56,22.89,23.9,22.82,23.33,24.21,21.34,22.4,23.4,26.12,24.06,24.57,25.92,25.08,23.23,23.85,24.53
2017-05-04 16:07:00-05:00,78.37223,80.72306,88.408066,71.238464,75.97218,79.38837,61.973885,68.364784,857439.0,26.81,0.0,93.5,87.6,86.6,17.55,356.9,0.0,0.0,0.0,0.0,0.0,0.0,0.0,0.0,355.7,356.7,16.0,-0.4,5.0,6.733,7.0,6.0,0.0,271.0,274.0,274.0,273.0,0.567,0.0,5.76,5.372,-0.213,5.472,0.985,6000.0,403516.0,113.0,402.0,59.96,7.0,45.0,52.0,60.0,17.75,23.59,93.0,6.275,7.267,7.44,60.0,59.5,75.6,1.0,273.0,272.9,272.0,5.62,0.033,5.62,1915.0,415928.0,13178.0,1912.0,0.867,0.818,0.791,0.836,4.617,4.613,4.615,3.463,1.648,1.647,1.647,1.236,187.0,187.0,187.0,140.0,1.815,81.3,35.07,3.5,3.5,2.0,-1.0,13.59,0.004,0.286,3.0,2.0,0.0,0.0,23.46,21.81,23.35,22.66,23.69,22.68,23.19,24.07,21.38,22.25,23.28,25.87,23.86,24.36,25.67,24.91,23.01,23.7,24.37
2017-05-04 16:08:00-05:00,78.37223,80.88681,88.289635,71.37087,75.97218,79.04983,61.722977,68.24692,857440.0,26.78,0.0,93.2,87.1,86.2,17.5,358.1,0.0,0.0,0.0,0.0,0.0,0.0,0.0,0.0,356.8,357.8,15.8,-0.4,5.0,6.683,6.833,5.833,0.0,271.0,273.6,273.9,272.6,0.562,0.0,5.718,5.357,-0.107,5.422,0.988,6000.0,403516.0,113.0,402.0,59.95,7.0,45.0,52.0,60.07,17.65,23.41,92.5,6.245,7.228,7.395,60.0,59.5,75.6,1.0,272.9,272.3,271.4,5.586,-0.036,5.586,1915.0,415928.0,13178.0,1912.0,-1.0,0.818,0.791,0.836,4.578,4.578,4.577,3.432,1.639,1.639,1.639,1.229,187.0,187.0,187.0,140.0,2.543,62.92,17.92,4.5,3.502,2.0,-1.0,13.59,0.003,0.286,3.0,2.0,0.0,0.0,23.32,21.73,23.15,22.48,23.51,22.5,23.03,23.85,21.03,22.0,23.08,25.63,23.65,24.15,25.44,24.68,22.83,23.51,24.15
2017-05-04 16:09:00-05:00,74.540146,76.79334,84.02615,67.53088,72.10919,75.4387,58.210285,65.5359,857441.0,26.73,0.0,89.1,83.4,82.5,17.49,359.4,0.0,0.0,0.0,0.0,0.0,0.0,0.0,0.0,358.0,359.1,14.9,-0.4,5.0,6.0,6.0,5.0,0.0,271.0,273.7,274.0,272.7,0.563,0.0,5.385,5.038,-0.138,5.12,0.984,6000.0,403516.0,113.0,402.0,59.95,7.0,45.0,52.0,58.03,17.69,23.22,88.4,5.868,6.857,7.002,60.0,59.5,75.6,1.0,273.0,272.1,271.5,5.267,0.005,5.267,1915.0,415928.0,13178.0,1912.0,0.1,0.818,0.791,0.836,4.315,4.312,4.317,3.238,1.551,1.55,1.552,1.164,187.0,187.0,187.0,140.0,2.115,99.8,33.53,4.3,3.497,2.0,-1.0,13.59,0.003,0.286,3.0,2.0,0.0,0.0,23.11,21.65,23.01,22.37,23.27,22.37,22.88,23.66,21.05,21.88,22.91,25.41,23.46,23.99,25.21,24.46,22.69,23.32,23.93
2017-05-04 16:10:00-05:00,71.57338,73.354836,80.94697,65.14744,69.662636,73.52029,55.826675,63.41423,857442.0,26.7,0.0,86.2,81.7,80.6,17.55,359.4,0.0,0.0,0.0,0.0,0.0,0.0,0.0,0.0,358.1,359.1,14.03,-0.4,5.0,6.0,6.0,5.0,0.0,271.0,273.7,274.0,272.7,0.558,0.0,5.193,4.84,-0.262,4.942,0.982,6000.0,403516.0,113.0,402.0,59.97,7.0,45.0,52.0,58.1,17.66,22.98,85.5,5.628,6.598,6.763,60.0,59.5,75.6,1.0,273.0,272.4,271.6,5.059,0.117,5.061,1915.0,415928.0,13178.0,1912.0,1.0,0.818,0.791,0.836,4.167,4.166,4.165,3.121,1.498,1.497,1.497,1.122,187.0,187.0,187.0,140.0,1.803,104.1,35.28,3.7,3.498,2.0,-1.0,13.31,-0.013,0.288,1.0,2.0,0.0,0.001,22.85,21.54,22.85,22.33,23.09,22.26,22.72,23.54,20.87,21.85,22.8,25.24,23.36,23.83,25.03,24.33,22.54,23.18,23.79
2017-05-04 16:11:00-05:00,69.595535,71.226234,78.81522,63.028828,67.60236,70.81194,53.693974,60.821083,857443.0,26.66,0.0,84.1,78.8,77.95,17.48,358.1,0.0,0.0,0.0,0.0,0.0,0.0,0.0,0.0,356.9,357.9,14.0,-0.4,4.95,6.0,6.0,5.0,0.0,270.8,273.4,273.7,272.4,0.565,0.0,5.075,4.73,-0.135,4.835,0.982,6000.0,403516.0,113.0,402.0,59.95,7.0,45.0,52.0,59.0,17.58,22.8,83.6,5.505,6.498,6.658,60.0,59.5,75.6,1.0,272.7,272.2,271.2,4.964,0.015,4.965,1915.0,415928.0,13178.0,1912.0,0.167,0.818,0.791,0.836,4.107,4.104,4.105,3.078,1.471,1.47,1.47,1.102,187.0,187.0,187.0,140.0,1.368,102.2,49.83,3.4,3.502,2.0,-1.0,13.4,0.021,0.287,3.0,2.0,0.0,0.001,22.64,21.37,22.67,22.15,22.91,22.12,22.59,23.36,20.72,21.72,22.65,25.05,23.23,23.67,24.85,24.18,22.45,23.04,23.63
2017-05-04 16:12:00-05:00,68.235756,69.91633,77.86778,61.439865,65.79964,69.683464,53.317616,59.64238,857444.0,26.62,0.0,83.0,77.55,76.61,17.49,358.2,0.0,0.0,0.0,0.0,0.0,0.0,0.0,0.0,357.0,358.0,13.68,-0.4,4.2,6.0,6.0,5.0,0.0,270.6,273.1,273.3,272.1,0.58,0.0,5.0,4.7,-0.095,4.723,0.981,6000.0,403516.0,113.0,402.0,59.94,7.0,45.0,52.0,59.0,17.55,22.62,82.5,5.403,6.4,6.557,60.0,59.5,75.6,1.0,272.1,272.0,271.0,4.881,-0.014,4.881,1915.0,415928.0,13178.0,1912.0,-0.533,0.818,0.791,0.836,4.044,4.044,4.046,3.031,1.448,1.449,1.449,1.086,187.0,187.0,187.0,140.0,1.363,70.12,37.5,2.3,3.502,2.0,-1.0,13.59,0.004,0.286,3.0,2.0,0.0,0.0,22.52,21.26,22.52,22.04,22.78,21.96,22.49,23.19,20.62,21.57,22.49,24.84,23.12,23.52,24.65,24.0,22.3,22.9,23.46
2017-05-04 16:13:00-05:00,68.73022,70.40755,78.57837,62.36676,66.314705,70.81194,55.19941,60.938957,857445.0,26.56,0.0,83.8,78.65,77.82,17.48,358.2,0.0,0.0,0.0,0.0,0.0,0.0,0.0,0.0,357.0,358.0,13.95,-0.4,4.95,6.0,6.0,5.0,0.0,270.7,273.1,273.4,272.1,0.563,0.0,5.045,4.725,-0.097,4.813,0.98,6000.0,403516.0,113.0,402.0,59.94,7.0,45.0,52.0,59.0,17.5,22.44,83.3,5.485,6.473,6.635,60.0,59.5,75.6,1.0,272.3,272.0,271.0,4.945,-0.018,4.946,1915.0,415928.0,13178.0,1912.0,-0.1,0.818,0.791,0.836,4.096,4.092,4.096,3.069,1.467,1.466,1.467,1.099,187.0,187.0,187.0,140.0,2.392,106.8,39.81,4.9,3.502,2.0,-1.0,13.59,0.004,0.286,3.0,2.0,0.0,0.0,22.38,21.18,22.39,21.94,22.62,21.88,22.36,23.01,20.47,21.44,22.33,24.69,22.96,23.4,24.5,23.83,22.07,22.76,23.3
2017-05-04 16:14:00-05:00,70.70807,72.69988,80.94697,64.61778,68.6325,73.63313,57.95938,63.296364,857446.0,26.51,0.0,86.1,81.4,80.5,17.46,358.6,0.0,0.0,0.0,0.0,0.0,0.0,0.0,0.0,357.2,358.3,14.22,-0.4,5.0,6.0,6.0,5.0,0.0,270.6,273.1,273.5,272.1,0.592,0.0,5.25,4.925,-0.042,4.99,0.984,6000.0,403516.0,113.0,402.0,59.93,7.0,45.0,52.0,59.0,17.58,22.32,85.5,5.703,6.68,6.835,60.0,59.5,75.6,1.0,272.4,272.0,271.0,5.119,-0.072,5.119,1915.0,415928.0,13178.0,1912.0,-1.0,0.818,0.791,0.836,4.221,4.219,4.22,3.163,1.513,1.513,1.513,1.134,187.0,187.0,187.0,140.0,1.653,60.16,69.92,3.4,3.5,2.0,-1.0,13.59,0.004,0.286,3.0,2.0,0.0,0.0,22.17,21.13,22.23,21.76,22.44,21.7,22.25,22.87,20.42,21.35,22.18,24.51,22.77,23.19,24.33,23.67,22.0,22.62,23.15
2017-05-04 16:15:00-05:00,72.68591,74.66474,83.07871,66.86882,70.82153,75.89009,59.84118,65.5359,857447.0,26.46,0.0,88.1,83.7,82.7,17.45,360.2,0.0,0.0,0.0,0.0,0.0,0.0,0.0,0.0,358.9,359.9,14.92,-0.4,5.0,6.0,6.0,5.0,0.0,270.2,273.0,273.1,272.0,0.578,0.0,5.35,5.007,-0.015,5.083,0.985,6000.0,403516.0,113.0,402.0,59.93,7.0,45.0,52.0,59.25,17.54,22.13,87.4,5.85,6.85,6.973,60.0,59.5,75.6,1.0,272.0,272.0,271.0,5.245,-0.1,5.246,1915.0,415928.0,13178.0,1912.0,-1.0,0.818,0.791,0.836,4.295,4.297,4.299,3.221,1.547,1.548,1.548,1.16,187.0,187.0,187.0,140.0,2.467,99.9,30.21,5.4,3.497,2.0,-1.0,13.59,0.004,0.286,3.0,2.0,0.0,0.0,22.05,21.06,22.13,21.71,22.33,21.6,22.17,22.78,20.38,21.26,22.09,24.4,22.7,23.11,24.23,23.57,21.87,22.52,23.05
2017-05-04 16:16:00-05:00,72.19145,74.337265,82.48656,66.604,70.692764,75.4387,59.339367,65.18228,857448.0,26.41,0.0,87.4,83.1,82.2,17.42,360.1,0.0,0.0,0.0,0.0,0.0,0.0,0.0,0.0,358.8,359.8,14.6,-0.4,5.0,6.0,6.0,5.0,0.0,270.9,273.1,273.5,272.1,0.565,0.0,5.312,4.977,-0.088,5.072,0.982,6000.0,403516.0,113.0,402.0,59.94,7.0,45.0,52.0,60.0,17.37,22.0,86.7,5.798,6.797,6.93,60.0,59.5,75.6,1.0,272.6,272.0,271.0,5.203,-0.037,5.203,1915.0,415928.0,13178.0,1912.0,-0.6,0.818,0.791,0.836,4.26,4.257,4.261,3.194,1.534,1.533,1.535,1.15,187.0,187.0,187.0,140.0,2.537,96.9,32.02,4.2,3.495,2.0,-1.0,13.3,-0.024,0.287,1.0,2.0,0.0,0.001,21.9,20.94,21.96,21.6,22.19,21.49,22.1,22.71,20.28,21.13,22.02,24.26,22.59,23.0,24.08,23.5,21.88,22.44,22.96
2017-05-04 16:17:00-05:00,69.84276,71.71745,80.11796,64.22055,68.2462,72.8432,57.206657,62.707012,857449.0,26.37,0.0,85.0,80.4,79.52,17.36,357.2,0.0,0.0,0.0,0.0,0.0,0.0,0.0,0.0,355.9,357.0,14.0,-0.4,5.0,6.0,6.0,5.0,0.0,271.0,273.1,273.6,272.1,0.55,0.0,5.19,4.855,-0.255,4.968,0.982,6000.0,403516.0,113.0,402.0,59.97,7.0,45.0,52.0,60.0,17.37,21.85,84.4,5.627,6.615,6.792,60.0,59.5,75.6,1.0,272.7,272.0,271.0,5.072,0.098,5.073,1915.0,415928.0,13178.0,1912.0,1.0,0.818,0.791,0.836,4.204,4.201,4.201,3.15,1.502,1.501,1.501,1.125,187.0,187.0,187.0,140.0,2.942,102.2,27.8,5.0,3.495,2.0,-1.0,13.39,0.03,0.286,3.0,2.0,0.0,0.001,21.79,20.84,21.86,21.49,22.05,21.39,22.02,22.63,20.29,21.14,21.97,24.16,22.49,22.9,23.97,23.43,21.88,22.37,22.91
2017-05-04 16:18:00-05:00,72.19145,74.17353,82.96028,66.736404,70.43523,75.66439,60.844807,65.65377,857450.0,26.33,0.0,88.0,83.5,82.6,17.34,356.4,0.0,0.0,0.0,0.0,0.0,0.0,0.0,0.0,355.0,356.1,14.95,-0.4,5.0,6.0,6.117,5.117,0.0,270.8,273.0,273.5,272.0,0.558,0.0,5.418,5.065,-0.27,5.147,0.982,6000.0,403516.0,113.0,402.0,59.97,7.0,45.0,52.0,60.0,17.41,21.72,87.4,5.895,6.885,7.057,60.0,59.5,75.6,1.0,272.6,272.0,271.0,5.292,0.103,5.293,1915.0,415928.0,13178.0,1912.0,1.0,0.818,0.791,0.836,4.379,4.379,4.382,3.283,1.561,1.561,1.562,1.17,187.0,187.0,187.0,140.0,1.912,89.0,24.0,3.2,3.499,2.0,-1.0,13.59,0.004,0.286,3.0,2.0,0.0,0.0,21.63,20.74,21.71,21.37,21.93,21.21,21.91,22.5,20.16,20.97,21.84,23.99,22.37,22.8,23.8,23.3,21.75,22.25,22.78
2017-05-04 16:19:00-05:00,78.61946,80.88681,89.71079,73.357086,77.00232,82.209564,66.866554,71.42941,857451.0,26.28,0.0,94.9,90.3,89.3,17.35,358.9,0.0,0.0,0.0,0.0,0.0,0.0,0.0,0.0,357.4,358.5,16.17,-0.4,5.517,6.767,7.0,6.0,0.0,271.0,273.4,273.7,272.3,0.558,0.0,5.893,5.537,-0.232,5.607,0.988,6000.0,403517.0,114.0,402.0,59.97,7.0,45.0,52.0,60.0,17.57,21.67,94.2,6.463,7.455,7.625,60.0,59.5,75.6,1.0,272.9,272.0,271.1,5.768,0.058,5.769,1915.0,415929.0,13178.0,1912.0,1.0,0.818,0.791,0.836,4.708,4.708,4.708,3.53,1.69,1.689,1.69,1.267,187.0,187.0,187.0,140.0,1.86,117.5,46.9,4.2,3.502,2.0,-1.0,13.59,0.004,0.286,3.0,2.0,0.0,0.0,21.62,20.68,21.65,21.32,21.91,21.14,21.88,22.41,20.11,21.06,21.74,23.9,22.33,22.73,23.71,23.23,21.68,22.19,22.7
2017-05-04 16:20:00-05:00,85.2947,87.92756,96.69817,79.97775,83.698166,88.52903,73.13922,77.205055,857452.0,26.23,0.0,101.9,96.9,95.7,17.42,359.2,0.0,0.0,0.0,0.0,0.0,0.0,0.0,0.0,357.8,358.9,17.45,-0.4,6.0,7.083,7.4,6.4,0.0,271.0,273.3,273.9,272.3,0.563,0.0,6.397,6.023,-0.178,6.092,0.988,6000.0,403517.0,114.0,402.0,59.96,7.0,45.0,52.0,60.0,17.6,21.69,101.0,7.072,8.06,8.21,60.0,59.5,75.6,1.0,272.9,272.0,271.1,6.267,-0.012,6.267,1915.0,415929.0,13178.0,1912.0,-0.367,0.818,0.791,0.836,5.075,5.068,5.074,3.807,1.823,1.82,1.822,1.367,187.0,187.0,187.0,140.0,1.042,118.0,71.61,2.3,3.5,2.0,-1.0,13.59,0.004,0.286,3.0,2.0,0.0,0.0,21.62,20.69,21.62,21.32,22.01,21.13,21.91,22.37,20.19,21.02,21.7,23.88,22.22,22.73,23.71,23.17,21.63,22.15,22.65
2017-05-04 16:21:00-05:00,89.99209,92.67597,101.19852,84.74464,88.33376,93.49433,77.028275,81.684135,857453.0,26.18,0.0,106.2,101.8,100.6,17.45,358.2,0.0,0.0,0.0,0.0,0.0,0.0,0.0,0.0,356.8,357.9,18.58,-0.4,6.767,8.0,8.0,7.0,0.0,271.0,273.4,274.0,272.4,0.573,0.0,6.733,6.34,-0.135,6.412,0.991,6000.0,403517.0,114.0,402.0,59.95,7.0,45.0,52.0,60.13,17.56,21.7,105.3,7.452,8.45,8.6,60.0,59.5,75.6,1.0,273.0,272.0,271.1,6.584,-0.047,6.584,1915.0,415929.0,13178.0,1912.0,-1.0,0.818,0.791,0.836,5.323,5.323,5.323,3.989,1.907,1.907,1.907,1.429,187.0,187.0,187.0,140.0,1.868,116.7,47.27,2.8,3.502,2.0,-1.0,13.59,0.004,0.286,3.0,2.0,0.0,0.0,21.62,20.74,21.63,21.34,22.01,21.13,21.97,22.42,20.26,21.11,21.76,23.82,22.23,22.76,23.69,23.16,21.69,22.2,22.65
2017-05-04 16:22:00-05:00,89.37401,92.18477,100.25107,84.21499,87.94746,92.253006,74.64465,79.680336,857454.0,26.14,0.0,105.2,100.3,99.1,17.4,358.2,0.0,0.0,0.0,0.0,0.0,0.0,0.0,0.0,356.8,358.0,18.32,-0.4,6.333,7.8,8.0,7.0,0.0,271.0,273.7,273.9,272.7,0.563,0.0,6.667,6.263,-0.197,6.332,0.991,6000.0,403517.0,114.0,402.0,59.96,7.0,45.0,52.0,57.8,17.47,21.71,104.4,7.373,8.37,8.52,60.0,59.5,75.6,1.0,272.8,272.3,271.4,6.522,0.0,6.522,1915.0,415929.0,13178.0,1912.0,0.3,0.818,0.791,0.836,5.274,5.275,5.273,3.952,1.889,1.89,1.889,1.416,187.0,187.0,187.0,140.0,2.775,87.6,25.41,4.5,3.5,2.0,-1.0,13.29,-0.025,0.288,1.0,2.0,0.0,0.001,21.75,20.63,21.6,21.31,22.04,21.13,21.98,22.42,20.22,21.03,21.75,23.79,22.27,22.72,23.66,23.13,21.64,22.21,22.64
2017-05-04 16:23:00-05:00,87.890625,90.71112,98.82992,82.22878,86.01597,90.334595,73.39012,78.26589,857455.0,26.09,0.0,103.7,98.1,96.9,17.31,361.0,0.0,0.0,0.0,0.0,0.0,0.0,0.0,0.0,359.6,360.8,17.77,-0.403,6.0,7.033,7.917,6.917,0.0,271.0,274.0,274.0,273.0,0.553,0.0,6.507,6.177,-0.2,6.193,0.991,6000.0,403517.0,114.0,402.0,59.96,7.0,45.0,52.0,58.0,17.43,21.64,103.2,7.192,8.19,8.35,60.0,59.5,75.6,1.0,273.0,272.7,271.8,6.385,0.008,6.385,1915.0,415929.0,13178.0,1912.0,0.233,0.818,0.791,0.836,5.128,5.121,5.131,3.849,1.851,1.849,1.852,1.389,187.0,187.0,187.0,140.0,1.502,79.04,67.98,3.6,3.5,2.0,-1.0,13.41,0.031,0.287,3.0,2.0,0.0,0.001,21.69,20.64,21.52,21.32,21.99,21.13,21.98,22.32,20.22,21.08,21.67,23.71,22.25,22.67,23.57,23.02,21.55,22.11,22.53
2017-05-04 16:24:00-05:00,88.385086,90.874855,99.65892,82.890854,86.53103,91.23737,75.27193,78.73737,857456.0,26.04,0.0,104.3,98.9,97.7,17.33,362.3,0.0,0.0,0.0,0.0,0.0,0.0,0.0,0.0,361.0,362.1,17.83,-0.41,6.0,7.367,8.0,7.0,0.0,270.9,273.8,273.9,272.8,0.585,0.0,6.538,6.198,-0.12,6.212,0.991,6000.0,403517.0,114.0,402.0,59.95,7.0,45.0,52.0,58.95,17.4,21.62,103.9,7.255,8.23,8.39,60.0,59.5,75.6,1.0,272.9,272.4,271.6,6.42,-0.058,6.42,1915.0,415929.0,13178.0,1912.0,-1.0,0.818,0.791,0.836,5.141,5.138,5.138,3.852,1.863,1.862,1.862,1.396,187.0,187.0,187.0,140.0,2.568,83.3,45.99,5.3,3.497,2.0,-1.0,13.59,0.004,0.286,3.0,2.0,0.0,0.0,21.7,20.64,21.52,21.21,21.91,21.05,21.92,22.26,20.01,21.09,21.58,23.65,22.17,22.63,23.48,22.93,21.5,22.04,22.45
2017-05-04 16:25:00-05:00,90.1157,92.839714,101.790665,85.00947,88.07623,93.381485,77.404625,80.6233,857457.0,25.99,0.0,106.4,100.9,99.7,17.34,359.1,0.0,0.0,0.0,0.0,0.0,0.0,0.0,0.0,357.6,358.8,18.6,-0.4,6.683,8.0,8.0,7.0,0.0,271.0,273.6,274.0,272.6,0.568,0.0,6.752,6.352,-0.188,6.43,0.99,6000.0,403517.0,114.0,402.0,59.96,7.0,45.0,52.0,59.0,17.41,21.59,105.9,7.465,8.46,8.6,60.0,59.5,75.6,1.0,273.0,272.2,271.2,6.593,-0.025,6.593,1915.0,415929.0,13178.0,1912.0,-0.667,0.818,0.791,0.836,5.316,5.315,5.318,3.984,1.909,1.909,1.91,1.431,187.0,187.0,187.0,140.0,1.902,72.84,34.41,3.3,3.498,2.0,-1.0,13.59,0.004,0.286,3.0,2.0,0.0,0.0,21.69,20.61,21.47,21.14,21.86,21.01,21.87,22.21,20.06,21.04,21.54,23.6,22.24,22.62,23.44,22.88,21.45,22.0,22.4
2017-05-04 16:26:00-05:00,89.62125,92.3485,101.67223,84.87705,87.689926,93.381485,77.90644,80.85904,857458.0,25.94,0.0,105.9,100.6,99.5,17.28,357.9,0.0,0.0,0.0,0.0,0.0,0.0,0.0,0.0,356.6,357.7,18.57,-0.4,6.417,8.0,8.0,7.0,0.0,271.0,273.7,274.0,272.7,0.552,0.0,6.715,6.307,-0.26,6.385,0.99,6000.0,403517.0,114.0,402.0,59.97,7.0,44.27,52.0,59.17,17.33,21.56,105.7,7.423,8.41,8.56,60.0,59.5,75.6,1.0,272.9,272.3,271.5,6.563,0.038,6.563,1915.0,415929.0,13178.0,1912.0,0.8,0.818,0.791,0.836,5.307,5.304,5.307,3.978,1.9,1.899,1.9,1.424,188.0,188.0,187.0,140.0,1.985,96.8,27.7,3.4,3.498,2.0,-1.0,13.59,0.004,0.286,3.0,2.0,0.0,0.0,21.62,20.55,21.42,21.11,21.89,20.94,21.92,22.16,20.11,20.86,21.49,23.56,22.16,22.61,23.41,22.82,21.41,21.95,22.35
2017-05-04 16:27:00-05:00,89.86847,92.3485,102.14596,85.27429,88.07623,94.28426,79.03552,80.976906,857459.0,25.9,0.0,106.3,101.3,100.1,17.25,358.6,0.0,0.0,0.0,0.0,0.0,0.0,0.0,0.0,357.0,358.2,18.77,-0.4,6.817,8.0,8.0,7.0,0.0,271.0,273.8,274.0,272.8,0.552,0.0,6.765,6.345,-0.3,6.42,0.991,6000.0,403517.0,114.0,402.0,59.98,7.0,44.0,52.0,60.0,17.32,21.52,106.1,7.468,8.46,8.6,60.0,59.5,75.6,1.0,273.0,272.2,271.5,6.592,0.094,6.593,1915.0,415929.0,13178.0,1912.0,1.0,0.818,0.791,0.836,5.327,5.327,5.326,3.991,1.91,1.91,1.91,1.431,188.0,188.0,188.0,140.0,3.537,104.2,22.08,7.3,3.5,2.0,-1.0,13.59,0.003,0.286,3.0,2.0,0.0,0.0,21.62,20.42,21.36,21.07,21.86,20.89,21.82,22.1,19.95,20.78,21.41,23.5,21.97,22.53,23.35,22.74,21.27,21.87,22.27
2017-05-04 16:28:00-05:00,91.10462,93.82215,103.80398,86.73084,89.62142,95.41274,79.53733,81.684135,857460.0,25.85,0.0,107.6,102.3,101.1,17.23,363.0,0.0,0.0,0.0,0.0,0.0,0.0,0.0,0.0,361.5,362.6,18.6,-0.42,7.0,8.0,8.0,7.0,0.0,271.0,273.8,274.0,272.8,0.562,0.0,6.8,6.42,-0.3,6.487,0.99,6000.0,403517.0,114.0,402.0,59.98,7.0,44.0,52.0,60.0,17.43,21.47,107.5,7.548,8.51,8.68,60.0,59.5,75.6,1.0,273.0,272.3,271.6,6.655,0.113,6.656,1915.0,415930.0,13178.0,1912.0,1.0,0.818,0.791,0.836,5.307,5.304,5.306,3.978,1.926,1.925,1.926,1.444,188.0,188.0,188.0,141.0,1.625,66.95,40.47,2.9,3.502,2.0,-1.0,13.41,0.001,0.287,3.0,2.0,0.0,0.001,21.57,20.38,21.23,20.97,21.68,20.77,21.8,22.02,19.94,20.76,21.35,23.42,21.9,22.44,23.24,22.63,21.23,21.78,22.17
2017-05-04 16:29:00-05:00,92.58801,95.2958,105.225136,87.65774,90.65156,96.08983,80.03915,82.15562,857461.0,25.8,0.0,108.8,102.7,101.5,17.26,364.6,0.0,0.0,0.0,0.0,0.0,0.0,0.0,0.0,363.3,364.5,18.75,-0.442,7.0,8.0,8.0,7.0,0.0,270.9,273.1,273.4,272.1,0.57,0.0,6.858,6.488,-0.168,6.507,0.991,6000.0,403518.0,115.0,402.0,59.95,7.0,44.0,52.0,60.0,17.34,21.46,108.7,7.617,8.59,8.77,60.0,59.5,75.6,1.0,272.4,272.0,271.0,6.717,-0.049,6.717,1915.0,415930.0,13178.0,1912.0,-0.6,0.818,0.791,0.836,5.333,5.332,5.328,3.996,1.944,1.944,1.943,1.457,188.0,188.0,188.0,141.0,2.122,96.0,46.34,3.9,3.502,2.0,-1.0,13.59,0.007,0.286,3.0,2.0,0.0,0.0,21.53,20.45,21.29,21.03,21.62,20.82,21.75,21.96,19.92,20.71,21.29,23.33,21.85,22.39,23.16,22.53,21.14,21.69,22.07
2017-05-04 16:30:00-05:00,94.071396,96.93318,106.6463,88.71705,91.939224,97.10545,80.79186,82.62709,857462.0,25.75,0.0,110.2,103.6,102.3,17.17,369.7,0.0,0.0,0.0,0.0,0.0,0.0,0.0,0.0,368.2,369.4,18.25,-0.443,6.833,8.0,8.0,7.0,0.0,270.7,273.1,273.1,272.1,0.57,0.0,6.818,6.408,-0.235,6.46,0.991,6000.0,403518.0,115.0,402.0,59.96,7.0,44.1,52.0,60.08,17.24,21.41,110.1,7.552,8.5,8.69,60.0,59.5,75.6,1.0,272.2,272.0,271.0,6.649,0.012,6.649,1915.0,415930.0,13178.0,1912.0,0.567,0.818,0.791,0.836,5.209,5.206,5.202,3.903,1.925,1.924,1.923,1.442,188.0,188.0,188.0,141.0,3.247,89.7,27.98,6.6,3.502,2.0,-1.0,13.59,0.004,0.286,3.0,2.0,0.0,0.0,21.49,20.41,21.19,20.9,21.53,20.74,21.69,21.9,19.85,20.77,21.23,23.24,21.82,22.26,23.04,22.45,21.18,21.61,21.97
2017-05-04 16:31:00-05:00,95.55479,98.7343,108.18589,89.77635,93.22688,98.34679,81.16823,83.68793,857463.0,25.7,0.0,111.8,104.9,103.7,17.16,371.4,0.0,0.0,0.0,0.0,0.0,0.0,0.0,0.0,369.9,371.1,18.28,-0.428,6.95,8.0,8.0,7.0,0.0,271.0,273.8,273.9,272.8,0.573,0.0,6.868,6.435,-0.278,6.5,0.99,6000.0,403518.0,115.0,402.0,59.97,7.0,44.4,52.0,58.2,17.17,21.28,111.8,7.593,8.55,8.74,60.0,59.5,75.6,1.0,272.8,272.2,271.2,6.696,0.046,6.697,1915.0,415930.0,13178.0,1912.0,1.0,0.818,0.791,0.836,5.231,5.234,5.228,3.918,1.943,1.944,1.941,1.455,188.0,188.0,188.0,141.0,2.068,84.4,45.86,5.2,3.497,2.0,-1.0,13.59,0.003,0.286,3.0,2.0,0.0,0.0,21.36,20.31,21.06,20.79,21.39,20.63,21.62,21.86,19.82,20.66,21.19,23.14,21.8,22.18,22.93,22.4,21.12,21.57,21.92
2017-05-04 16:32:00-05:00,97.90348,101.19038,110.90978,91.63014,95.67345,101.05513,83.67729,87.10617,857464.0,25.66,0.0,114.4,107.7,106.4,17.23,362.3,0.0,0.0,0.0,0.0,0.0,0.0,0.0,0.0,360.9,362.1,19.62,-0.428,7.0,8.0,8.37,7.367,0.0,270.9,273.3,273.6,272.3,0.563,0.0,7.213,6.8,-0.15,6.86,0.992,6000.0,403518.0,115.0,402.0,59.95,7.0,44.27,52.0,58.37,17.28,21.19,114.6,8.03,9.02,9.18,60.0,59.5,75.6,1.0,272.6,272.0,271.1,7.062,-0.067,7.063,1915.0,415930.0,13178.0,1912.0,-0.7,0.818,0.791,0.836,5.624,5.623,5.626,4.216,2.037,2.036,2.037,1.527,188.0,188.0,188.0,141.0,2.608,101.5,24.69,4.9,3.502,2.0,-1.0,13.59,0.003,0.286,3.0,2.0,0.0,0.0,21.24,20.26,20.98,20.74,21.32,20.55,21.55,21.85,19.95,20.66,21.19,23.09,21.63,22.16,22.89,22.36,21.17,21.53,21.86
2017-05-04 16:33:00-05:00,101.2411,104.95636,114.581116,95.20531,99.53644,105.117645,87.31543,91.23163,857465.0,25.61,0.0,118.2,112.0,110.6,17.27,359.2,0.0,0.0,0.0,0.0,0.0,0.0,0.0,0.0,357.8,358.8,20.55,-0.433,7.417,8.7,8.98,7.983,0.0,270.9,273.4,273.7,272.4,0.565,0.0,7.493,7.097,-0.087,7.14,0.994,6000.0,403518.0,115.0,402.0,59.94,7.0,44.0,52.0,59.0,17.31,21.16,118.2,8.36,9.37,9.52,60.0,59.5,75.6,1.0,272.7,272.1,271.1,7.346,-0.133,7.347,1915.0,415930.0,13178.0,1912.0,-1.0,0.818,0.791,0.836,5.871,5.87,5.872,4.401,2.108,2.108,2.109,1.581,188.0,188.0,188.0,141.0,2.78,80.4,30.53,5.2,3.497,2.0,-1.0,13.59,0.005,0.286,3.0,2.0,0.0,0.0,21.24,20.3,21.0,20.72,21.38,20.55,21.51,21.86,19.89,20.62,21.19,22.99,21.54,22.08,22.81,22.31,21.05,21.48,21.82
2017-05-04 16:34:00-05:00,105.938484,110.03226,119.31833,99.97219,104.6871,109.857254,91.07903,95.47496,857466.0,25.56,0.0,123.0,117.0,115.5,17.22,371.0,0.0,0.0,0.0,0.0,0.0,0.0,0.0,0.0,369.6,370.7,20.53,-0.47,7.833,9.0,9.0,8.0,0.0,270.9,273.5,273.8,272.5,0.578,0.0,7.76,7.313,-0.068,7.352,0.994,6000.0,403518.0,115.0,402.0,59.94,7.0,44.0,52.0,59.3,17.24,21.13,122.9,8.67,9.65,9.8,60.0,59.5,75.6,1.0,272.8,272.1,271.0,7.578,-0.149,7.579,1915.0,415930.0,13178.0,1912.0,-1.0,0.818,0.791,0.836,5.861,5.86,5.856,4.392,2.174,2.174,2.173,1.629,188.0,188.0,188.0,141.0,2.647,102.0,32.37,5.3,3.497,2.0,-1.0,13.31,0.0,0.289,1.0,2.0,0.0,0.001,21.17,20.22,20.94,20.68,21.37,20.48,21.44,21.84,19.9,20.59,21.17,22.91,21.5,22.03,22.74,22.23,20.97,21.44,21.75
2017-05-04 16:35:00-05:00,110.75949,115.27189,124.2924,104.87149,109.708984,114.48401,94.84262,99.24681,857467.0,25.51,0.0,128.0,121.6,120.1,17.16,372.4,0.0,0.0,0.0,0.0,0.0,0.0,0.0,0.0,370.9,372.1,21.17,-0.46,8.0,9.02,9.15,8.15,0.0,271.0,274.0,274.0,273.0,0.55,0.0,8.06,7.625,-0.058,7.65,0.996,6000.0,403518.0,115.0,402.0,59.94,7.0,44.0,52.0,60.0,17.22,21.16,127.8,9.02,10.02,10.15,60.0,59.5,75.6,1.0,273.0,272.8,271.8,7.884,-0.167,7.886,1915.0,415930.0,13178.0,1912.0,-1.0,0.818,0.791,0.836,6.071,6.068,6.07,4.552,2.261,2.26,2.26,1.695,188.0,188.0,188.0,141.0,2.857,55.45,32.99,5.2,3.502,2.0,-1.0,13.59,0.005,0.287,3.0,2.0,0.0,0.0,21.22,20.28,20.99,20.76,21.43,20.52,21.46,21.86,19.93,20.61,21.2,22.92,21.56,22.0,22.74,22.21,21.01,21.42,21.73
2017-05-04 16:36:00-05:00,114.71519,119.20161,128.20059,108.57907,113.314445,117.86945,97.47714,102.54718,857468.0,25.46,0.0,131.7,125.0,123.4,17.15,369.8,0.0,0.0,0.0,0.0,0.0,0.0,0.0,0.0,368.2,369.5,22.38,-0.482,8.58,9.65,9.95,8.95,0.0,271.0,274.0,274.0,273.0,0.545,0.0,8.45,7.998,-0.138,8.02,0.996,6000.0,403518.0,115.0,402.0,59.95,7.0,44.0,52.0,60.0,17.33,21.17,131.6,9.48,10.48,10.63,60.0,59.5,75.6,1.0,273.0,272.8,271.8,8.28,-0.12,8.28,1915.0,415930.0,13178.0,1912.0,-1.0,0.818,0.791,0.836,6.391,6.394,6.394,4.79,2.363,2.364,2.364,1.771,188.0,188.0,188.0,141.0,1.515,103.0,57.75,3.8,3.497,2.0,-1.0,13.59,0.004,0.287,3.0,2.0,0.0,0.0,21.24,20.38,21.02,20.81,21.41,20.58,21.43,21.89,19.94,20.64,21.23,22.93,21.61,22.06,22.75,22.2,20.96,21.42,21.73
2017-05-04 16:37:00-05:00,116.56942,121.33021,130.2139,110.16804,114.98841,119.562164,99.10803,104.78672,857469.0,25.42,0.0,133.7,126.6,124.9,17.22,359.3,0.0,0.0,0.0,0.0,0.0,0.0,0.0,0.0,358.0,359.1,23.88,-0.438,9.0,10.0,10.0,9.0,0.0,271.0,274.0,274.0,273.0,0.583,0.0,8.61,8.19,-0.175,8.23,0.995,6000.0,403519.0,116.0,402.0,59.96,7.0,44.0,52.0,59.28,17.36,21.2,133.4,9.73,10.69,10.87,60.0,59.5,75.6,1.0,273.0,273.0,272.0,8.47,-0.104,8.47,1915.0,415931.0,13178.0,1912.0,-1.0,0.818,0.791,0.836,6.719,6.717,6.714,5.035,2.414,2.414,2.412,1.809,188.0,188.0,188.0,141.0,3.71,102.9,28.06,6.1,3.503,2.0,-1.0,13.59,0.004,0.287,3.0,2.0,0.0,0.0,21.22,20.37,21.14,20.81,21.48,20.68,21.48,21.94,19.92,20.73,21.27,22.92,21.66,22.06,22.73,22.23,20.93,21.43,21.75
2017-05-04 16:38:00-05:00,117.06388,121.82143,130.45074,110.56527,115.3747,120.1264,99.860756,106.201164,857470.0,25.37,0.0,133.9,127.2,125.5,17.19,355.4,0.0,0.0,0.0,0.0,0.0,0.0,0.0,0.0,353.9,355.1,24.0,-0.413,9.0,10.0,10.0,9.0,0.0,271.0,274.0,274.0,273.0,0.6,0.0,8.59,8.14,-0.153,8.18,0.995,6000.0,403519.0,116.0,402.0,59.95,7.0,44.0,52.0,57.87,17.29,21.2,133.5,9.68,10.66,10.79,60.0,59.5,75.6,1.0,273.0,273.0,272.0,8.43,-0.134,8.43,1915.0,415931.0,13178.0,1912.0,-1.0,0.818,0.791,0.836,6.749,6.747,6.748,5.058,2.399,2.398,2.398,1.798,188.0,188.0,188.0,141.0,2.262,86.2,35.25,5.5,3.502,2.0,-1.0,13.59,0.003,0.287,3.0,2.0,0.0,0.0,21.24,20.25,21.07,20.85,21.51,20.65,21.43,21.88,19.77,20.73,21.19,22.91,21.59,22.04,22.71,22.22,20.95,21.42,21.75
2017-05-04 16:39:00-05:00,112.73734,117.236755,125.713554,106.72528,111.64048,116.51527,96.09715,103.01866,857471.0,25.32,0.0,129.0,123.3,121.7,17.21,354.6,0.0,0.0,0.0,0.0,0.0,0.0,0.0,0.0,353.1,354.2,22.83,-0.405,8.25,9.28,9.57,8.57,0.0,271.0,274.0,274.0,273.0,0.595,0.0,8.24,7.83,-0.09,7.858,0.995,6000.0,403519.0,116.0,402.0,59.94,7.0,44.0,52.0,58.92,17.23,21.21,128.7,9.28,10.25,10.4,60.0,59.5,75.6,1.0,273.0,273.0,272.0,8.09,-0.155,8.1,1915.0,415931.0,13178.0,1912.0,-1.0,0.818,0.791,0.836,6.507,6.506,6.507,4.878,2.307,2.307,2.307,1.73,188.0,188.0,188.0,141.0,2.707,98.4,29.25,5.1,3.497,2.0,-1.0,13.59,0.003,0.287,3.0,2.0,0.0,0.0,21.2,20.28,21.09,20.85,21.57,20.65,21.43,21.81,19.8,20.75,21.13,22.87,21.61,22.04,22.69,22.16,20.92,21.41,21.71
2017-05-04 16:40:00-05:00,105.07318,109.04983,117.6603,99.0453,103.9145,108.61592,88.82087,96.18218,857472.0,25.27,0.0,120.8,115.2,113.7,17.11,351.7,0.0,0.0,0.0,0.0,0.0,0.0,0.0,0.0,350.4,351.5,21.35,-0.4,7.633,8.77,9.0,8.0,0.0,271.0,274.0,274.0,273.0,0.617,0.0,7.618,7.24,-0.09,7.267,0.995,6000.0,403519.0,116.0,402.0,59.94,7.0,44.0,52.0,59.12,17.2,21.2,120.6,8.55,9.5,9.65,60.0,59.5,75.6,1.0,273.0,273.0,272.0,7.483,-0.119,7.484,1915.0,415931.0,13178.0,1912.0,-1.0,0.818,0.791,0.836,6.092,6.091,6.093,4.568,2.142,2.142,2.143,1.606,188.0,188.0,188.0,141.0,2.432,86.6,22.49,3.6,3.498,2.0,-1.0,13.49,0.004,0.287,3.0,2.0,0.0,0.0,21.14,20.17,21.04,20.85,21.61,20.6,21.47,21.77,19.87,20.6,21.09,22.86,21.55,21.98,22.64,22.12,20.89,21.36,21.66
2017-05-04 16:41:00-05:00,97.90348,101.35412,109.96234,91.89497,96.703575,101.61937,82.79912,90.052925,857473.0,25.22,0.0,113.0,107.7,106.3,17.1,351.6,0.0,0.0,0.0,0.0,0.0,0.0,0.0,0.0,350.3,351.3,19.88,-0.4,7.0,8.0,8.02,7.017,0.0,271.0,274.0,274.0,273.0,0.607,0.0,7.087,6.698,-0.06,6.762,0.991,6000.0,403519.0,116.0,402.0,59.94,7.0,44.0,52.0,60.0,17.16,21.15,113.1,7.892,8.87,9.01,60.0,59.5,75.6,1.0,273.0,273.0,272.0,6.951,-0.129,6.952,1915.0,415931.0,13178.0,1912.0,-1.0,0.818,0.791,0.836,5.692,5.691,5.691,4.266,2.001,2.001,2.001,1.5,188.0,188.0,188.0,141.0,3.162,104.3,34.38,6.2,3.502,2.0,-1.0,13.59,0.004,0.286,3.0,2.0,0.0,0.0,21.11,20.17,20.99,20.78,21.57,20.49,21.42,21.72,19.87,20.59,21.07,22.8,21.5,21.92,22.57,22.07,20.91,21.29,21.59
2017-05-04 16:42:00-05:00,92.83524,95.95075,104.63299,86.995674,91.552925,96.766914,79.28642,85.455986,857474.0,25.18,0.0,107.5,102.6,101.4,17.13,351.3,0.0,0.0,0.0,0.0,0.0,0.0,0.0,0.0,350.0,351.1,18.98,-0.4,6.6,8.0,8.0,7.0,0.0,271.0,274.0,274.0,273.0,0.61,0.0,6.695,6.338,-0.03,6.403,0.99,6000.0,403519.0,116.0,402.0,59.93,7.0,44.0,52.0,60.0,17.12,21.02,107.8,7.442,8.42,8.55,60.0,59.5,75.6,1.0,273.0,273.0,272.0,6.578,-0.137,6.579,1915.0,415931.0,13178.0,1912.0,-1.0,0.818,0.791,0.836,5.413,5.413,5.414,4.058,1.902,1.901,1.902,1.426,188.0,188.0,188.0,141.0,2.388,75.83,34.85,3.5,3.502,2.0,-1.0,13.59,0.003,0.286,3.0,2.0,0.0,0.0,20.99,20.07,20.86,20.62,21.43,20.39,21.29,21.58,19.62,20.53,20.93,22.65,21.41,21.8,22.42,21.93,20.78,21.16,21.46
2017-05-04 16:43:00-05:00,91.22824,94.14962,102.85654,85.539116,89.62142,95.18705,78.40826,83.33432,857475.0,25.13,0.0,105.8,101.0,99.8,17.13,350.6,0.0,0.0,0.0,0.0,0.0,0.0,0.0,0.0,349.2,350.2,18.73,-0.4,6.0,7.467,8.0,7.0,0.0,271.0,274.0,274.0,273.0,0.603,0.0,6.545,6.2,-0.138,6.243,0.991,6000.0,403519.0,116.0,402.0,59.95,7.0,44.0,52.0,60.0,17.09,20.91,106.2,7.3,8.29,8.4,60.0,59.5,75.6,1.0,273.0,273.0,272.0,6.456,-0.045,6.456,1915.0,415931.0,13178.0,1912.0,-1.0,0.818,0.791,0.836,5.334,5.332,5.334,3.998,1.87,1.869,1.87,1.402,188.0,188.0,188.0,141.0,2.412,84.9,41.54,4.9,3.502,2.0,-1.0,13.59,0.003,0.286,3.0,2.0,0.0,0.0,20.9,19.92,20.78,20.54,21.39,20.31,21.16,21.45,19.61,20.3,20.79,22.53,21.26,21.71,22.31,21.8,20.62,21.05,21.34
2017-05-04 16:44:00-05:00,92.09355,95.13205,104.04083,86.46602,90.26526,95.97698,79.28642,83.57006,857476.0,25.08,0.0,107.0,101.9,100.6,17.09,350.4,0.0,0.0,0.0,0.0,0.0,0.0,0.0,0.0,349.0,350.0,18.97,-0.4,6.267,8.0,8.0,7.0,0.0,271.0,274.0,274.0,273.0,0.6,0.0,6.652,6.272,-0.103,6.35,0.99,6000.0,403519.0,116.0,402.0,59.94,7.0,44.0,52.0,60.05,17.13,20.84,107.4,7.375,8.36,8.51,60.0,59.5,75.6,1.0,273.0,273.0,272.0,6.533,-0.082,6.534,1915.0,415931.0,13178.0,1912.0,-1.0,0.818,0.791,0.836,5.397,5.396,5.396,4.046,1.891,1.891,1.891,1.418,188.0,188.0,188.0,141.0,2.567,100.1,28.54,4.3,3.502,2.0,-1.0,13.59,0.003,0.286,3.0,2.0,0.0,0.0,20.83,19.89,20.68,20.46,21.33,20.23,21.13,21.36,19.57,20.3,20.71,22.41,21.17,21.6,22.18,21.7,20.55,20.97,21.23
2017-05-04 16:45:00-05:00,93.576935,96.76944,105.81728,88.054985,91.681694,97.444,80.79186,84.74876,857477.0,25.04,0.0,109.2,103.7,102.3,17.13,350.8,0.0,0.0,0.0,0.0,0.0,0.0,0.0,0.0,349.4,350.4,19.05,-0.4,7.0,8.0,8.0,7.0,0.0,271.0,274.0,274.0,273.0,0.608,0.0,6.803,6.437,-0.132,6.5,0.99,6000.0,403519.0,116.0,402.0,59.95,7.0,44.0,52.0,58.38,17.3,20.84,109.4,7.563,8.53,8.68,60.0,59.5,75.6,1.0,273.0,273.0,272.0,6.675,-0.072,6.675,1915.0,415932.0,13178.0,1912.0,-1.0,0.818,0.791,0.836,5.502,5.501,5.502,4.124,1.93,1.929,1.93,1.447,188.0,188.0,188.0,141.0,2.407,96.7,23.51,4.5,3.498,2.0,-1.0,13.29,-0.022,0.287,1.0,2.0,0.0,0.001,20.85,19.84,20.65,20.39,21.33,20.17,21.05,21.34,19.53,20.3,20.69,22.34,21.12,21.53,22.12,21.65,20.51,20.94,21.19
2017-05-04 16:46:00-05:00,96.29648,99.716736,108.77804,90.96807,94.51456,100.26519,83.426384,87.45978,857478.0,24.99,0.0,112.3,106.7,105.3,17.13,352.6,0.0,0.0,0.0,0.0,0.0,0.0,0.0,0.0,351.3,352.3,19.88,-0.4,7.0,8.0,8.0,7.0,0.0,271.0,274.0,274.0,273.0,0.602,0.0,7.07,6.7,-0.108,6.752,0.993,6000.0,403520.0,117.0,402.0,59.95,7.0,44.0,52.0,58.0,17.17,20.8,112.5,7.857,8.84,8.97,60.0,59.5,75.6,1.0,273.0,273.0,272.0,6.93,-0.087,6.931,1915.0,415932.0,13178.0,1912.0,-1.0,0.818,0.791,0.836,5.666,5.666,5.666,4.248,1.998,1.997,1.998,1.498,188.0,188.0,188.0,141.0,2.242,90.6,21.24,4.0,3.502,2.0,-1.0,13.42,0.029,0.287,3.0,2.0,0.0,0.001,20.82,19.79,20.65,20.36,21.37,20.15,21.13,21.32,19.54,20.31,20.67,22.31,21.13,21.52,22.09,21.64,20.52,20.95,21.19
2017-05-04 16:47:00-05:00,96.91455,100.37168,109.25176,91.49773,95.15839,100.71658,83.80274,88.16701,857479.0,24.94,0.0,112.8,107.3,105.9,17.08,352.7,0.0,0.0,0.0,0.0,0.0,0.0,0.0,0.0,351.4,352.3,20.0,-0.4,7.0,8.0,8.0,7.0,0.0,271.4,274.0,274.6,273.0,0.592,0.0,7.1,6.748,-0.223,6.788,0.993,6000.0,403520.0,117.0,402.0,59.97,7.0,44.0,52.0,58.95,17.11,20.81,112.9,7.893,8.87,9.0,60.0,59.5,75.6,1.0,273.4,273.0,272.3,6.969,0.016,6.97,1915.0,415932.0,13178.0,1912.0,0.1,0.818,0.791,0.836,5.693,5.692,5.693,4.268,2.008,2.007,2.008,1.505,188.0,188.0,188.0,141.0,1.803,82.8,33.37,4.2,3.495,2.0,-1.0,13.59,0.004,0.286,3.0,2.0,0.0,0.0,20.81,19.84,20.65,20.39,21.37,20.13,21.06,21.27,19.42,20.35,20.62,22.31,21.12,21.5,22.08,21.62,20.44,20.93,21.17
2017-05-04 16:48:00-05:00,94.689476,98.079346,106.764725,89.11429,92.96935,98.34679,81.29368,86.045334,857480.0,24.9,0.0,110.3,104.7,103.4,17.09,353.6,0.0,0.0,0.0,0.0,0.0,0.0,0.0,0.0,352.4,353.4,19.3,-0.4,7.0,8.0,8.0,7.0,0.0,271.5,274.1,275.0,273.1,0.618,0.0,6.937,6.547,-0.3,6.605,0.99,6000.0,403520.0,117.0,402.0,59.98,7.0,44.0,52.0,59.0,17.19,20.74,110.4,7.723,8.66,8.82,60.0,59.5,75.6,1.0,273.6,273.1,272.6,6.808,0.104,6.809,1915.0,415932.0,13178.0,1912.0,1.0,0.818,0.791,0.836,5.558,5.557,5.558,4.167,1.965,1.965,1.965,1.473,188.0,188.0,188.0,141.0,2.56,79.28,31.84,5.2,3.498,2.0,-1.0,13.59,0.004,0.286,3.0,2.0,0.0,0.0,20.76,19.79,20.57,20.36,21.31,20.1,21.03,21.2,19.43,20.27,20.54,22.24,21.06,21.43,22.01,21.51,20.37,20.84,21.07
2017-05-04 16:49:00-05:00,91.84631,94.968315,103.80398,86.201195,90.13649,95.52559,78.784615,83.68793,857481.0,24.85,0.0,107.2,101.7,100.4,17.1,355.2,0.0,0.0,0.0,0.0,0.0,0.0,0.0,0.0,353.9,355.0,18.93,-0.4,6.667,8.0,8.0,7.0,0.0,271.9,274.5,275.0,273.5,0.61,0.0,6.748,6.382,-0.235,6.438,0.991,6000.0,403520.0,117.0,402.0,59.97,7.0,44.0,52.0,59.33,17.2,20.73,107.3,7.48,8.43,8.59,60.0,59.5,75.6,1.0,274.0,273.5,272.7,6.615,0.029,6.616,1915.0,415932.0,13178.0,1912.0,0.367,0.818,0.791,0.836,5.39,5.387,5.39,4.041,1.914,1.913,1.914,1.435,188.0,188.0,188.0,141.0,2.21,99.4,29.74,4.6,3.497,2.0,-1.0,13.59,0.003,0.286,3.0,2.0,0.0,0.0,20.76,19.78,20.55,20.31,21.24,20.07,20.95,21.12,19.3,20.16,20.46,22.18,20.97,21.4,21.95,21.41,20.31,20.79,20.99
2017-05-04 16:50:00-05:00,89.99209,93.003456,102.02753,84.47981,88.204994,93.94572,77.65554,82.27348,857482.0,24.81,0.0,105.2,99.9,98.7,17.09,355.1,0.0,0.0,0.0,0.0,0.0,0.0,0.0,0.0,353.8,355.0,18.23,-0.4,6.0,7.533,8.0,7.0,0.0,272.0,274.8,275.0,273.8,0.607,0.0,6.608,6.215,-0.195,6.275,0.99,6000.0,403520.0,117.0,402.0,59.96,7.0,44.0,52.0,60.0,17.25,20.73,105.4,7.3,8.27,8.43,60.0,59.5,75.6,1.0,274.0,273.9,273.0,6.479,-0.001,6.48,1915.0,415932.0,13178.0,1912.0,-0.367,0.818,0.791,0.836,5.289,5.285,5.288,3.965,1.878,1.877,1.878,1.408,188.0,188.0,188.0,141.0,2.01,90.9,38.95,3.7,3.497,2.0,-1.0,13.59,0.003,0.286,3.0,2.0,0.0,0.0,20.76,19.78,20.55,20.36,21.24,20.07,20.95,21.07,19.32,20.22,20.43,22.18,20.99,21.39,21.93,21.36,20.35,20.74,20.93
2017-05-04 16:51:00-05:00,89.12678,92.3485,101.080086,83.68533,87.4324,93.26864,77.279175,81.448395,857483.0,24.76,0.0,104.5,99.7,98.3,17.09,354.9,0.0,0.0,0.0,0.0,0.0,0.0,0.0,0.0,353.5,354.7,18.0,-0.402,6.0,7.0,8.0,7.0,0.0,272.0,275.0,275.0,274.0,0.618,0.0,6.512,6.2,-0.267,6.205,0.989,6000.0,403520.0,117.0,402.0,59.97,7.0,44.0,52.0,60.0,17.16,20.7,104.7,7.222,8.2,8.39,60.0,59.5,75.6,1.0,274.0,274.0,273.0,6.424,0.051,6.424,1915.0,415932.0,13178.0,1912.0,1.0,0.818,0.791,0.836,5.252,5.251,5.25,3.936,1.864,1.864,1.863,1.397,188.0,188.0,188.0,141.0,2.498,94.4,33.77,4.9,3.497,2.0,-1.0,13.31,-0.021,0.287,1.0,2.0,0.0,0.001,20.69,19.72,20.47,20.28,21.18,20.07,20.95,21.04,19.36,20.12,20.41,22.16,21.01,21.36,21.91,21.33,20.34,20.71,20.9
2017-05-04 16:52:00-05:00,89.00316,91.857285,101.080086,83.42051,86.917336,92.93009,76.77736,80.85904,857484.0,24.72,0.0,104.1,98.8,97.5,17.06,355.6,0.0,0.0,0.0,0.0,0.0,0.0,0.0,0.0,354.1,355.3,18.0,-0.4,6.0,7.0,8.0,7.0,0.0,272.0,275.0,275.0,274.0,0.623,0.0,6.503,6.198,-0.212,6.2,0.99,6000.0,403520.0,117.0,402.0,59.96,7.0,44.0,52.0,60.0,17.14,20.66,104.3,7.2,8.19,8.31,60.0,59.5,75.6,1.0,274.0,274.0,273.0,6.403,-0.002,6.403,1915.0,415932.0,13178.0,1912.0,-0.2,0.818,0.791,0.836,5.226,5.228,5.226,3.917,1.858,1.859,1.858,1.393,188.0,188.0,188.0,141.0,2.335,99.5,26.88,3.6,3.498,2.0,-1.0,13.43,0.024,0.287,3.0,2.0,0.0,0.001,20.66,19.7,20.46,20.21,21.12,19.99,20.89,21.0,19.3,20.12,20.37,22.1,20.93,21.31,21.84,21.28,20.29,20.65,20.84
2017-05-04 16:53:00-05:00,88.26147,91.366066,100.3695,82.75844,86.2735,92.253006,76.27554,80.26969,857485.0,24.67,0.0,103.5,98.0,96.8,17.06,355.7,0.0,0.0,0.0,0.0,0.0,0.0,0.0,0.0,354.3,355.5,18.0,-0.4,6.0,7.0,7.683,6.683,0.0,272.0,275.0,275.0,274.0,0.625,0.0,6.493,6.138,-0.268,6.195,0.989,6000.0,403520.0,117.0,402.0,59.97,7.0,44.0,52.0,60.0,17.08,20.63,103.8,7.142,8.11,8.3,60.0,59.5,75.6,1.0,274.0,274.0,273.0,6.357,0.056,6.357,1915.0,415932.0,13178.0,1912.0,1.0,0.818,0.791,0.836,5.19,5.188,5.189,3.891,1.846,1.845,1.846,1.384,188.0,188.0,188.0,141.0,2.245,82.7,31.81,3.8,3.497,2.0,-1.0,13.62,0.004,0.285,3.0,2.0,0.0,0.0,20.59,19.68,20.46,20.17,21.04,19.97,20.85,20.94,19.24,20.12,20.31,22.09,20.95,21.29,21.82,21.24,20.26,20.62,20.8
2017-05-04 16:54:00-05:00,88.63232,91.52981,100.961655,83.02326,86.2735,92.59155,76.77736,80.505424,857486.0,24.63,0.0,103.8,98.3,97.1,17.06,355.6,0.0,0.0,0.0,0.0,0.0,0.0,0.0,0.0,354.2,355.3,18.0,-0.402,6.0,7.083,7.433,6.433,0.0,272.0,275.0,275.0,274.0,0.628,0.0,6.495,6.148,-0.182,6.203,0.989,6000.0,403520.0,117.0,402.0,59.95,7.0,44.0,52.0,59.63,17.09,20.55,104.3,7.162,8.13,8.31,60.0,59.5,75.6,1.0,274.0,274.0,273.0,6.373,-0.023,6.373,1915.0,415933.0,13178.0,1912.0,-0.533,0.818,0.791,0.836,5.206,5.204,5.206,3.902,1.851,1.851,1.851,1.388,188.0,188.0,188.0,141.0,2.63,101.0,42.42,5.3,3.498,2.0,-1.0,13.63,0.004,0.285,3.0,2.0,0.0,0.0,20.56,19.72,20.36,20.17,21.06,19.97,20.85,20.9,19.18,20.05,20.28,22.03,20.86,21.23,21.77,21.18,20.22,20.57,20.75
2017-05-04 16:55:00-05:00,90.8574,93.82215,103.448685,85.27429,88.5913,94.96135,79.28642,82.62709,857487.0,24.58,0.0,106.3,100.6,99.3,17.06,356.9,0.0,0.0,0.0,0.0,0.0,0.0,0.0,0.0,355.5,356.9,18.62,-0.405,6.333,7.983,8.0,7.0,0.0,272.0,275.0,275.0,274.0,0.61,0.0,6.705,6.308,-0.223,6.38,0.991,6000.0,403521.0,118.0,402.0,59.96,7.0,44.0,52.0,57.88,17.13,20.46,106.7,7.387,8.36,8.54,60.0,59.5,75.6,1.0,274.0,274.0,273.0,6.561,0.009,6.561,1915.0,415933.0,13178.0,1912.0,0.0,0.818,0.791,0.836,5.327,5.325,5.326,3.992,1.901,1.9,1.901,1.425,188.0,188.0,188.0,141.0,1.633,115.3,49.12,3.8,3.498,2.0,-1.0,13.62,0.004,0.285,3.0,2.0,0.0,0.0,20.48,19.69,20.36,20.12,20.96,19.92,20.85,20.84,19.21,20.03,20.22,21.96,20.8,21.19,21.7,21.13,20.17,20.52,20.7
2017-05-04 16:56:00-05:00,93.576935,96.76944,106.40944,87.92256,91.42416,97.78255,81.920944,85.10237,857488.0,24.54,0.0,109.2,103.4,102.1,17.1,358.2,0.0,0.0,0.0,0.0,0.0,0.0,0.0,0.0,356.8,358.0,19.0,-0.412,7.0,8.0,8.0,7.0,0.0,272.0,275.0,275.0,274.0,0.615,0.0,6.897,6.507,-0.3,6.568,0.99,6000.0,403521.0,118.0,402.0,59.98,7.0,44.0,52.0,58.5,17.19,20.47,109.7,7.647,8.61,8.78,60.0,59.5,75.6,1.0,274.0,274.0,273.0,6.776,0.081,6.777,1915.0,415933.0,13178.0,1912.0,1.0,0.818,0.791,0.836,5.471,5.469,5.471,4.101,1.96,1.959,1.96,1.469,189.0,189.0,189.0,141.0,2.05,106.1,30.02,4.2,3.498,2.0,-1.0,13.62,0.004,0.285,3.0,2.0,0.0,0.0,20.47,19.66,20.36,20.07,20.98,19.87,20.82,20.86,19.28,20.04,20.25,21.91,20.78,21.16,21.65,21.11,20.2,20.5,20.67
2017-05-04 16:57:00-05:00,95.060326,98.40682,108.06747,89.51153,93.09812,99.249565,83.175476,86.752556,857489.0,24.49,0.0,110.9,104.9,103.6,17.02,359.2,0.0,0.0,0.0,0.0,0.0,0.0,0.0,0.0,357.8,359.0,19.0,-0.407,7.0,8.0,8.0,7.0,0.0,272.0,275.0,275.0,274.0,0.623,0.0,7.053,6.642,-0.295,6.723,0.99,6000.0,403521.0,118.0,402.0,59.98,7.0,44.0,52.0,59.0,17.15,20.48,111.4,7.8,8.77,8.92,60.0,59.5,75.6,1.0,274.0,274.0,273.0,6.901,0.078,6.902,1915.0,415933.0,13178.0,1912.0,1.0,0.818,0.791,0.836,5.548,5.548,5.548,4.159,1.993,1.993,1.993,1.494,189.0,189.0,189.0,141.0,3.728,85.2,42.43,5.9,3.498,2.0,-1.0,13.55,0.003,0.285,1.0,2.0,0.0,0.001,20.47,19.69,20.38,20.08,21.03,19.91,20.8,20.86,19.23,20.0,20.25,21.88,20.74,21.13,21.62,21.11,20.18,20.49,20.67
2017-05-04 16:58:00-05:00,95.92564,99.38925,109.0149,90.30601,94.25702,100.26519,84.05365,88.049126,857490.0,24.45,0.0,111.8,105.8,104.5,17.01,360.2,0.0,0.0,0.0,0.0,0.0,0.0,0.0,0.0,358.8,359.9,19.4,-0.423,7.0,8.0,8.0,7.0,0.0,272.0,275.0,275.0,274.0,0.615,0.0,7.102,6.735,-0.3,6.797,0.991,6000.0,403521.0,118.0,402.0,59.98,7.0,44.0,52.0,59.0,17.11,20.45,112.3,7.895,8.84,9.0,60.0,59.5,75.6,1.0,274.0,274.0,273.0,6.969,0.093,6.969,1915.0,415933.0,13178.0,1912.0,1.0,0.818,0.791,0.836,5.586,5.584,5.584,4.186,2.012,2.011,2.011,1.508,189.0,189.0,189.0,141.0,1.705,73.17,28.47,4.0,3.498,2.0,-1.0,13.62,0.005,0.285,3.0,2.0,0.0,0.0,20.47,19.69,20.35,20.04,20.97,19.96,20.77,20.84,19.19,20.06,20.24,21.87,20.79,21.15,21.63,21.1,20.18,20.51,20.66
2017-05-04 16:59:00-05:00,96.66733,100.04421,109.96234,91.100494,95.15839,101.39368,85.18273,89.46358,857491.0,24.41,0.0,112.6,106.9,105.5,17.03,362.4,0.0,0.0,0.0,0.0,0.0,0.0,0.0,0.0,361.0,362.2,19.47,-0.455,7.0,8.0,8.0,7.0,0.0,272.0,275.0,275.1,274.0,0.612,0.0,7.137,6.79,-0.3,6.8,0.993,6000.0,403521.0,118.0,402.0,59.98,7.0,44.0,52.0,59.92,17.14,20.44,113.1,7.945,8.9,9.06,60.0,59.5,75.6,1.0,274.0,274.0,273.0,7.021,0.095,7.022,1915.0,415933.0,13178.0,1912.0,1.0,0.818,0.791,0.836,5.586,5.586,5.587,4.188,2.025,2.025,2.025,1.518,189.0,189.0,189.0,141.0,2.175,74.9,31.51,3.6,3.498,2.0,-1.0,13.62,0.004,0.286,3.0,2.0,0.0,0.0,20.47,19.69,20.32,20.07,20.95,19.94,20.85,20.85,19.26,20.08,20.25,21.88,20.8,21.17,21.64,21.11,20.2,20.53,20.67
2017-05-04 17:00:00-05:00,97.53263,101.026634,111.146645,92.1598,96.31728,102.74784,86.311806,90.76015,857492.0,24.36,0.0,113.6,108.1,106.7,17.09,367.4,0.0,0.0,0.0,0.0,0.0,0.0,0.0,0.0,365.8,367.0,19.3,-0.487,7.0,8.0,8.0,7.0,0.0,272.0,275.0,275.1,274.0,0.64,0.0,7.193,6.795,-0.287,6.822,0.992,6000.0,403521.0,118.0,402.0,59.97,7.0,44.0,52.0,60.0,17.13,20.44,114.1,7.997,8.92,9.09,60.0,59.5,75.6,1.0,274.0,274.0,273.0,7.048,0.05,7.048,1915.0,415933.0,13178.0,1912.0,1.0,0.818,0.791,0.836,5.537,5.532,5.532,4.147,2.034,2.032,2.032,1.524,189.0,189.0,189.0,141.0,2.815,112.1,19.92,5.3,3.497,2.0,-1.0,13.62,0.004,0.286,3.0,2.0,0.0,0.0,20.47,19.64,20.37,20.09,20.95,19.98,20.85,20.87,19.33,20.1,20.28,21.87,20.77,21.17,21.63,21.1,20.23,20.52,20.65
2017-05-04 17:01:00-05:00,98.39794,102.00907,112.21251,93.35152,97.34741,103.98917,87.44089,91.70311,857493.0,24.32,0.0,114.7,109.3,107.8,17.06,369.9,0.0,0.0,0.0,0.0,0.0,0.0,0.0,0.0,368.5,369.6,19.0,-0.493,7.0,8.0,8.0,7.0,0.0,272.0,275.0,275.1,274.0,0.623,0.0,7.2,6.79,-0.29,6.828,0.992,6000.0,403521.0,118.0,402.0,59.97,7.0,44.0,52.0,60.0,17.08,20.45,115.3,7.998,8.93,9.11,60.0,59.5,75.6,1.0,274.0,274.0,273.0,7.056,0.052,7.056,1915.0,415933.0,13178.0,1912.0,1.0,0.818,0.791,0.836,5.506,5.503,5.501,4.123,2.037,2.036,2.035,1.525,189.0,189.0,189.0,141.0,2.878,87.2,36.07,4.8,3.498,2.0,-1.0,13.62,0.003,0.286,3.0,2.0,0.0,0.0,20.47,19.64,20.37,20.13,20.85,19.98,20.82,20.9,19.34,20.11,20.31,21.84,20.74,21.13,21.59,21.1,20.27,20.51,20.65
2017-05-04 17:02:00-05:00,98.76879,102.33655,112.68623,93.748764,97.86247,104.55341,87.817245,92.292465,857494.0,24.27,0.0,115.1,109.6,108.2,17.06,369.6,0.0,0.0,0.0,0.0,0.0,0.0,0.0,0.0,368.2,369.4,19.32,-0.495,7.0,8.0,8.0,7.0,0.0,272.0,275.0,275.0,274.0,0.623,0.0,7.258,6.823,-0.278,6.89,0.991,6000.0,403521.0,118.0,402.0,59.97,7.0,44.0,52.0,60.1,17.05,20.45,115.8,8.04,8.98,9.14,60.0,59.5,75.6,1.0,274.0,274.0,273.0,7.086,0.039,7.086,1915.0,415933.0,13178.0,1912.0,1.0,0.818,0.791,0.836,5.527,5.521,5.524,4.144,2.043,2.041,2.042,1.532,189.0,189.0,189.0,141.0,1.692,92.8,27.29,3.0,3.498,2.0,-1.0,13.62,0.004,0.286,3.0,2.0,0.0,0.001,20.47,19.62,20.37,20.09,20.76,19.96,20.77,20.88,19.25,20.09,20.29,21.81,20.78,21.13,21.56,21.09,20.24,20.49,20.63
2017-05-04 17:03:00-05:00,97.90348,101.35412,111.85722,92.954285,96.96111,103.65063,86.93907,91.46738,857495.0,24.24,0.0,114.1,108.7,107.3,17.06,375.6,0.0,0.0,0.0,0.0,0.0,0.0,0.0,0.0,374.4,375.4,18.15,-0.455,6.7,8.0,8.0,7.0,0.0,272.0,275.0,275.0,274.0,0.603,0.0,6.908,6.472,-0.277,6.55,0.99,6000.0,403521.0,118.0,402.0,59.97,7.0,44.0,52.0,57.8,17.17,20.5,114.9,7.585,8.56,8.72,60.0,59.5,75.6,1.0,274.0,274.0,273.0,6.728,0.05,6.728,1915.0,415934.0,13178.0,1912.0,1.0,0.818,0.791,0.836,5.181,5.179,5.188,3.886,1.946,1.945,1.948,1.459,189.0,189.0,189.0,141.0,1.565,93.4,25.23,2.6,3.498,2.0,-1.0,13.44,0.004,0.285,3.0,2.0,0.0,0.001,20.47,19.61,20.37,20.14,20.77,19.96,20.85,20.89,19.32,20.15,20.29,21.86,20.83,21.15,21.6,21.13,20.27,20.55,20.67
2017-05-04 17:04:00-05:00,95.92564,99.38925,109.84391,90.96807,95.02961,101.732216,85.057274,89.46358,857496.0,24.19,0.0,112.1,106.8,105.4,17.08,378.4,0.0,0.0,0.0,0.0,0.0,0.0,0.0,0.0,377.1,378.2,16.93,-0.425,6.0,7.217,7.633,6.633,0.0,272.0,275.0,275.2,274.0,0.6,0.0,6.572,6.135,-0.3,6.208,0.988,6000.0,403522.0,119.0,402.0,59.98,7.0,44.0,52.0,58.23,17.18,20.5,113.0,7.19,8.13,8.32,60.0,59.5,75.6,1.0,274.1,274.0,273.0,6.386,0.107,6.387,1915.0,415934.0,13178.0,1912.0,1.0,0.818,0.791,0.836,4.909,4.912,4.909,3.679,1.857,1.858,1.857,1.392,189.0,189.0,189.0,141.0,1.872,98.9,34.14,4.4,3.497,2.0,-1.0,13.62,0.004,0.286,3.0,2.0,0.0,0.0,20.5,19.69,20.43,20.17,20.76,19.98,20.92,20.9,19.37,20.17,20.31,21.89,20.87,21.22,21.65,21.16,20.3,20.6,20.7
2017-05-04 17:05:00-05:00,94.071396,97.26065,107.71217,88.98187,92.84059,99.588104,82.79912,87.22404,857497.0,24.15,0.0,110.1,104.6,103.3,17.06,379.6,0.0,0.0,0.0,0.0,0.0,0.0,0.0,0.0,378.4,379.5,16.12,-0.402,6.0,7.0,7.0,6.0,0.0,272.1,275.0,275.3,274.0,0.597,0.0,6.317,5.877,-0.3,5.96,0.986,6000.0,403522.0,119.0,402.0,59.98,7.0,44.0,52.0,59.0,17.14,20.46,111.1,6.895,7.835,8.02,60.0,59.5,75.6,1.0,274.3,274.0,273.0,6.137,0.117,6.139,1915.0,415934.0,13178.0,1912.0,1.0,0.818,0.791,0.836,4.724,4.719,4.719,3.541,1.793,1.792,1.792,1.344,189.0,189.0,189.0,141.0,2.088,82.1,36.74,4.7,3.497,2.0,-1.0,13.62,0.003,0.286,3.0,2.0,0.0,0.0,20.47,19.62,20.45,20.17,20.76,19.98,20.85,20.91,19.43,20.16,20.32,21.87,20.79,21.19,21.62,21.14,20.25,20.57,20.69
2017-05-04 17:06:00-05:00,92.71163,95.787,106.52787,87.79015,91.552925,98.23393,81.54458,85.69173,857498.0,24.11,0.0,108.8,103.3,102.0,17.07,381.1,0.0,0.0,0.0,0.0,0.0,0.0,0.0,0.0,379.8,381.0,15.62,-0.403,6.0,7.0,7.0,6.0,0.0,272.1,275.0,275.7,274.0,0.628,0.0,6.092,5.668,-0.3,5.735,0.986,6000.0,403522.0,119.0,402.0,59.98,7.0,44.0,52.0,59.0,17.16,20.48,109.9,6.637,7.575,7.77,60.0,59.5,75.6,1.0,274.4,274.0,273.0,5.913,0.15,5.915,1915.0,415934.0,13178.0,1912.0,1.0,0.818,0.791,0.836,4.543,4.543,4.548,3.402,1.732,1.732,1.733,1.296,189.0,189.0,189.0,141.0,1.682,109.2,64.74,3.8,3.497,2.0,-1.0,13.62,0.003,0.285,3.0,2.0,0.0,0.0,20.47,19.72,20.43,20.17,20.67,19.98,20.85,20.9,19.28,20.18,20.28,21.85,20.82,21.17,21.59,21.12,20.24,20.56,20.67
2017-05-04 17:07:00-05:00,91.96994,95.13205,105.81728,87.12808,90.78032,97.55685,80.91731,84.74876,857499.0,24.07,0.0,108.1,102.4,101.1,17.07,381.5,0.0,0.0,0.0,0.0,0.0,0.0,0.0,0.0,380.3,381.3,15.38,-0.4,5.767,7.0,7.0,6.0,0.0,272.1,275.0,275.1,274.0,0.605,0.0,5.977,5.572,-0.3,5.65,0.984,6000.0,403522.0,119.0,402.0,59.98,7.0,44.0,52.0,59.02,17.05,20.46,109.3,6.532,7.467,7.667,60.0,59.5,75.6,1.0,274.1,274.0,273.0,5.831,0.14,5.832,1915.0,415934.0,13178.0,1912.0,1.0,0.818,0.791,0.836,4.486,4.481,4.476,3.358,1.711,1.709,1.707,1.281,189.0,189.0,189.0,141.0,3.172,83.7,24.76,6.0,3.497,2.0,-1.0,13.62,0.003,0.285,3.0,2.0,0.0,0.0,20.4,19.7,20.45,20.16,20.66,19.98,20.91,20.83,19.26,20.03,20.21,21.82,20.71,21.14,21.56,21.06,20.16,20.51,20.62
2017-05-04 17:08:00-05:00,91.59909,94.64084,105.69886,86.86326,90.39403,97.21831,80.79186,84.39516,857500.0,24.03,0.0,107.7,102.0,100.7,16.96,382.0,0.0,0.0,0.0,0.0,0.0,0.0,0.0,0.0,380.7,382.0,15.0,-0.4,5.267,7.0,7.0,6.0,0.0,272.0,275.0,275.3,274.0,0.597,0.0,5.905,5.547,-0.267,5.6,0.985,6000.0,403522.0,119.0,402.0,59.97,7.0,44.0,52.0,59.97,17.04,20.44,109.1,6.432,7.402,7.595,60.0,59.5,75.6,1.0,274.1,274.0,273.0,5.764,0.09,5.765,1915.0,415934.0,13178.0,1912.0,1.0,0.818,0.791,0.836,4.427,4.423,4.435,3.323,1.691,1.69,1.694,1.269,189.0,189.0,189.0,141.0,1.82,95.6,26.92,3.2,3.497,2.0,-1.0,13.48,0.004,0.285,1.0,2.0,0.0,0.001,20.37,19.69,20.37,20.14,20.61,19.96,20.85,20.8,19.33,20.05,20.19,21.75,20.66,21.09,21.5,21.01,20.16,20.47,20.56
2017-05-04 17:09:00-05:00,92.83524,95.787,107.001595,87.92256,91.42416,98.45963,82.171844,85.57385,857501.0,23.99,0.0,109.0,103.1,101.8,17.0,382.1,0.0,0.0,0.0,0.0,0.0,0.0,0.0,0.0,380.9,382.0,15.38,-0.4,5.95,7.0,7.0,6.0,0.0,272.1,275.0,275.3,274.0,0.61,0.0,6.03,5.622,-0.2,5.665,0.987,6000.0,403522.0,119.0,402.0,59.96,7.0,44.0,52.0,60.0,17.04,20.39,110.5,6.56,7.517,7.682,60.0,59.5,75.6,1.0,274.2,274.0,273.0,5.86,0.015,5.86,1915.0,415934.0,13178.0,1912.0,1.0,0.818,0.791,0.836,4.514,4.503,4.513,3.378,1.725,1.721,1.724,1.291,189.0,189.0,189.0,142.0,1.375,100.5,87.2,3.9,3.497,2.0,-1.0,13.62,0.004,0.285,3.0,2.0,0.0,0.0,20.34,19.69,20.37,20.08,20.56,19.9,20.86,20.78,19.25,20.02,20.18,21.72,20.67,21.07,21.46,20.98,20.07,20.44,20.53
2017-05-04 17:10:00-05:00,95.80201,99.06178,110.55449,91.100494,94.38578,101.84506,85.68453,88.52061,857502.0,23.95,0.0,112.4,106.4,105.0,17.04,381.0,0.0,0.0,0.0,0.0,0.0,0.0,0.0,0.0,379.9,380.9,16.33,-0.403,6.0,7.0,7.033,6.033,0.0,272.3,275.0,275.9,274.0,0.608,0.0,6.378,5.962,-0.18,6.027,0.989,6000.0,403522.0,119.0,402.0,59.96,7.0,44.0,52.0,60.0,17.12,20.42,113.8,6.96,7.932,8.09,60.0,59.5,75.6,1.0,274.6,274.1,273.2,6.206,-0.003,6.206,1915.0,415934.0,13178.0,1912.0,0.267,0.818,0.791,0.836,4.752,4.748,4.767,3.569,1.81,1.809,1.816,1.36,189.0,189.0,189.0,142.0,1.118,89.8,47.98,2.4,3.497,2.0,-1.0,13.62,0.003,0.285,3.0,2.0,0.0,0.0,20.3,19.74,20.37,20.08,20.56,19.95,20.79,20.77,19.26,19.94,20.18,21.7,20.69,21.08,21.44,20.95,20.1,20.42,20.5
2017-05-04 17:11:00-05:00,100.499405,103.97393,115.52856,95.73496,99.02138,106.81036,90.20085,92.88181,857503.0,23.91,0.0,117.2,111.3,109.8,17.02,383.2,0.0,0.0,0.0,0.0,0.0,0.0,0.0,0.0,381.8,383.0,16.77,-0.4,6.0,7.083,7.35,6.35,0.0,272.7,275.2,275.9,274.2,0.605,0.0,6.547,6.102,-0.225,6.17,0.989,6000.0,403522.0,119.0,402.0,59.96,7.0,44.0,52.0,60.0,17.16,20.51,118.6,7.13,8.1,8.27,60.0,59.5,75.6,1.0,274.9,274.4,273.5,6.355,0.014,6.355,1915.0,415934.0,13178.0,1912.0,0.333,0.818,0.791,0.836,4.837,4.829,4.829,3.62,1.854,1.85,1.85,1.387,189.0,189.0,189.0,142.0,2.758,102.3,46.37,4.5,3.497,2.0,-1.0,13.62,0.003,0.285,3.0,2.0,0.0,0.0,20.37,19.78,20.37,20.11,20.59,19.98,20.85,20.82,19.27,20.03,20.22,21.74,20.71,21.14,21.48,20.97,20.08,20.45,20.53
2017-05-04 17:12:00-05:00,106.30933,110.19599,121.68693,101.56116,104.815865,112.904144,95.46989,97.95023,857504.0,23.88,0.0,123.1,117.2,115.7,17.01,383.2,0.0,0.0,0.0,0.0,0.0,0.0,0.0,0.0,381.6,382.9,17.8,-0.402,6.717,8.0,8.0,7.0,0.0,272.9,275.5,276.0,274.5,0.618,0.0,6.985,6.527,-0.203,6.587,0.991,6000.0,403522.0,119.0,402.0,59.96,7.0,44.0,52.0,60.08,17.11,20.54,124.4,7.652,8.6,8.77,60.0,59.5,75.6,1.0,275.0,274.8,274.0,6.781,-0.027,6.781,1915.0,415935.0,13178.0,1912.0,-0.4,0.818,0.791,0.836,5.152,5.131,5.131,3.853,1.974,1.966,1.966,1.476,189.0,189.0,189.0,142.0,1.747,104.5,28.33,3.1,3.497,2.0,-1.0,13.62,0.003,0.286,3.0,2.0,0.0,0.0,20.47,19.78,20.43,20.17,20.56,19.98,20.85,20.88,19.38,20.11,20.29,21.73,20.72,21.13,21.47,21.0,20.17,20.45,20.55
2017-05-04 17:13:00-05:00,112.242874,116.41806,127.72686,107.38735,110.86789,118.65938,100.48802,102.900795,857505.0,23.83,0.0,128.9,123.0,121.3,17.07,383.1,0.0,0.0,0.0,0.0,0.0,0.0,0.0,0.0,381.8,383.1,18.78,-0.43,7.133,8.33,8.37,7.367,0.0,272.9,275.5,276.0,274.5,0.607,0.0,7.337,6.882,-0.175,6.935,0.992,6000.0,403522.0,119.0,402.0,59.95,7.0,44.0,52.0,58.12,17.18,20.59,129.9,8.08,9.05,9.19,60.0,59.5,75.6,1.0,275.0,274.7,274.0,7.141,-0.054,7.141,1915.0,415935.0,13178.0,1912.0,-0.667,0.818,0.791,0.836,5.425,5.412,5.398,4.054,2.075,2.071,2.065,1.551,189.0,189.0,189.0,142.0,1.71,101.9,51.36,3.4,3.495,2.0,-1.0,13.43,-0.003,0.285,1.0,2.0,0.0,0.001,20.5,19.9,20.52,20.21,20.63,20.08,20.97,21.01,19.44,20.25,20.42,21.8,20.81,21.21,21.54,21.08,20.23,20.55,20.63
2017-05-04 17:14:00-05:00,116.56942,121.00274,131.8719,111.49217,115.11718,122.2705,103.24799,105.965416,857506.0,23.8,0.0,132.8,126.5,124.8,17.09,372.9,0.0,0.0,0.0,0.0,0.0,0.0,0.0,0.0,371.6,372.8,22.2,-0.495,8.42,9.5,9.78,8.78,0.0,272.8,275.4,275.9,274.4,0.61,0.0,8.46,7.982,-0.09,8.02,0.995,6000.0,403523.0,120.0,402.0,59.94,7.0,44.0,52.0,58.15,17.11,20.61,133.6,9.41,10.41,10.54,60.0,59.5,75.6,1.0,274.9,274.5,273.7,8.25,-0.163,8.26,1915.0,415935.0,13178.0,1912.0,-1.0,0.818,0.791,0.836,6.334,6.327,6.328,4.747,2.362,2.359,2.36,1.77,189.0,189.0,189.0,142.0,1.97,93.5,37.38,3.5,3.495,2.0,-1.0,13.43,0.01,0.287,3.0,2.0,0.0,0.001,20.56,19.93,20.56,20.3,20.74,20.16,21.04,21.06,19.48,20.23,20.46,21.85,20.86,21.28,21.6,21.12,20.26,20.61,20.69
2017-05-04 17:15:00-05:00,118.42365,122.803856,133.05623,112.948715,116.53361,122.94759,102.99708,106.67264,857507.0,23.76,0.0,134.0,127.1,125.4,17.06,371.5,0.0,0.0,0.0,0.0,0.0,0.0,0.0,0.0,370.1,371.4,22.62,-0.5,9.0,10.0,10.0,9.0,0.0,272.9,275.3,276.0,274.3,0.612,0.0,8.6,8.11,-0.2,8.15,0.996,6000.0,403523.0,120.0,402.0,59.96,7.0,44.0,52.0,59.0,17.09,20.65,134.7,9.58,10.57,10.72,60.0,59.5,75.6,1.0,275.0,274.3,273.5,8.4,-0.092,8.4,1915.0,415935.0,13178.0,1912.0,-1.0,0.818,0.791,0.836,6.439,6.447,6.446,4.831,2.392,2.395,2.395,1.795,189.0,189.0,189.0,142.0,2.768,115.9,25.24,6.0,3.503,2.0,-1.0,13.62,0.004,0.286,3.0,2.0,0.0,0.0,20.56,19.98,20.65,20.37,20.76,20.17,21.11,21.11,19.53,20.38,20.5,21.92,20.97,21.32,21.65,21.21,20.38,20.7,20.76
2017-05-04 17:16:00-05:00,118.17642,122.47639,132.34564,111.756996,115.88977,121.48057,100.98983,105.37607,857508.0,23.73,0.0,133.1,125.5,123.9,17.02,372.7,0.0,0.0,0.0,0.0,0.0,0.0,0.0,0.0,371.3,372.7,22.22,-0.5,8.32,9.33,9.98,8.98,0.0,272.5,275.2,275.8,274.2,0.613,0.0,8.45,8.01,-0.128,8.04,0.996,6000.0,403523.0,120.0,402.0,59.95,7.0,44.0,52.0,59.4,16.97,20.66,133.7,9.44,10.42,10.57,60.0,59.5,75.6,1.0,274.7,274.2,273.3,8.27,-0.141,8.27,1915.0,415935.0,13178.0,1912.0,-1.0,0.818,0.791,0.836,6.328,6.324,6.32,4.745,2.358,2.357,2.356,1.769,189.0,189.0,189.0,142.0,2.687,91.8,35.69,5.2,3.502,2.0,-1.0,13.63,0.003,0.286,3.0,2.0,0.0,0.0,20.61,19.85,20.56,20.28,20.74,20.17,21.15,21.13,19.55,20.31,20.53,21.93,20.89,21.32,21.68,21.25,20.41,20.72,20.81
2017-05-04 17:17:00-05:00,116.56942,120.675255,130.33234,109.50597,113.82951,118.88507,98.35531,103.136536,857509.0,23.69,0.0,130.7,122.8,121.2,17.0,376.2,0.0,0.0,0.0,0.0,0.0,0.0,0.0,0.0,374.8,375.9,21.08,-0.483,8.0,9.0,9.0,8.0,0.0,272.4,275.1,275.5,274.1,0.608,0.0,8.09,7.637,-0.153,7.677,0.994,6000.0,403523.0,120.0,402.0,59.95,7.0,44.0,52.0,60.0,17.1,20.68,131.2,8.98,9.96,10.12,60.0,59.5,75.6,1.0,274.5,274.2,273.2,7.894,-0.108,7.895,1915.0,415935.0,13178.0,1912.0,-1.0,0.818,0.791,0.836,6.006,5.998,6.001,4.503,2.259,2.256,2.257,1.694,189.0,189.0,189.0,142.0,1.82,115.7,26.45,4.4,3.502,2.0,-1.0,13.62,0.003,0.286,3.0,2.0,0.0,0.0,20.63,19.85,20.56,20.29,20.71,20.11,21.09,21.17,19.62,20.39,20.59,21.92,20.87,21.32,21.66,21.26,20.44,20.72,20.81
2017-05-04 17:18:00-05:00,114.59157,118.710396,127.963715,107.12253,111.51172,116.28957,95.9717,100.77913,857510.0,23.66,0.0,128.1,120.0,118.4,17.03,378.1,0.0,0.0,0.0,0.0,0.0,0.0,0.0,0.0,376.9,377.9,20.1,-0.435,8.0,9.0,9.0,8.0,0.0,272.0,275.0,275.1,274.0,0.617,0.0,7.768,7.308,-0.213,7.347,0.995,6000.0,403523.0,120.0,402.0,59.96,7.0,44.0,52.0,60.0,17.15,20.72,128.6,8.6,9.56,9.72,60.0,59.5,75.6,1.0,274.0,274.0,273.0,7.559,-0.029,7.559,1915.0,415935.0,13178.0,1912.0,-0.633,0.818,0.791,0.836,5.739,5.743,5.752,4.303,2.17,2.171,2.175,1.627,189.0,189.0,189.0,142.0,2.73,80.7,30.11,4.9,3.5,2.0,-1.0,13.62,0.003,0.286,3.0,2.0,0.0,0.0,20.75,19.9,20.59,20.34,20.76,20.17,21.12,21.23,19.64,20.43,20.64,21.93,20.91,21.33,21.68,21.27,20.46,20.73,20.82
2017-05-04 17:19:00-05:00,,,,,,,,,,,,,,,,,,,,,,,,,,,,,,,,,,,,,,,,,,,,,,,,,,,,,,,,,,,,,,,,,,,,,,,,,,,,,,,,,,,,,,,,,,,,,,,,,,,,,,,,,,,,,,,,,,,,,,,,,,
2017-05-04 17:20:00-05:00,,,,,,,,,,,,,,,,,,,,,,,,,,,,,,,,,,,,,,,,,,,,,,,,,,,,,,,,,,,,,,,,,,,,,,,,,,,,,,,,,,,,,,,,,,,,,,,,,,,,,,,,,,,,,,,,,,,,,,,,,,
2017-05-04 17:21:00-05:00,,,,,,,,,,,,,,,,,,,,,,,,,,,,,,,,,,,,,,,,,,,,,,,,,,,,,,,,,,,,,,,,,,,,,,,,,,,,,,,,,,,,,,,,,,,,,,,,,,,,,,,,,,,,,,,,,,,,,,,,,,
2017-05-04 17:22:00-05:00,100.499405,104.137665,112.094086,92.55704,97.21864,101.28082,81.670044,88.40274,857511.0,23.47,0.0,112.0,104.3,103.0,17.02,381.0,0.0,0.0,0.0,0.0,0.0,0.0,0.0,0.0,380.0,381.0,16.0,-0.4,6.0,7.0,7.0,6.0,0.0,272.2,275.0,275.7,274.0,0.6,0.0,6.233,5.9,-0.167,5.9,0.99,6000.0,403523.0,120.0,402.0,59.96,7.0,44.0,52.0,59.0,17.03,20.67,112.1,6.8,7.8,7.956,60.0,59.5,75.6,1.0,274.7,274.0,273.0,6.087,0.001,6.087,1915.0,415936.0,13178.0,1912.0,0.111,0.818,0.791,0.836,4.671,4.654,4.664,3.498,1.78,1.773,1.777,1.333,0.0,0.0,0.0,0.0,1.867,113.5,15.02,2.6,3.503,4.667,-1.0,13.62,0.004,0.273,3.0,2.0,0.0,0.0,20.76,19.78,20.56,20.27,20.66,20.08,20.96,20.9,19.48,20.16,20.29,21.76,20.69,21.16,21.49,21.02,20.15,20.46,20.57
2017-05-04 17:23:00-05:00,97.65625,101.026634,109.25176,90.04118,94.90085,98.911026,79.28642,85.80959,857512.0,23.45,0.0,109.3,101.9,100.6,17.01,380.5,0.0,0.0,0.0,0.0,0.0,0.0,0.0,0.0,379.4,380.4,15.78,-0.408,5.967,7.0,7.0,6.0,0.0,272.4,275.0,275.5,274.0,0.592,0.0,6.12,5.688,-0.282,5.772,0.986,6000.0,403524.0,121.0,402.0,59.97,7.0,44.0,52.0,59.0,17.04,20.63,109.4,6.633,7.603,7.78,60.0,59.5,75.6,1.0,274.5,274.0,273.1,5.932,0.078,5.932,1915.0,415936.0,13178.0,1912.0,1.0,0.818,0.791,0.836,4.562,4.562,4.563,3.423,1.736,1.736,1.736,1.303,0.0,0.0,0.0,0.0,2.157,115.2,48.27,4.3,3.502,2.0,-1.0,13.62,0.004,0.284,3.0,2.0,0.0,0.0,20.68,19.83,20.48,20.22,20.61,20.07,20.86,20.88,19.31,20.07,20.27,21.76,20.73,21.16,21.48,20.99,20.13,20.45,20.56
2017-05-04 17:24:00-05:00,93.329704,96.44196,104.75141,85.80395,90.65156,94.50996,75.27193,81.684135,857513.0,23.43,0.0,104.9,97.7,96.5,16.99,379.0,0.0,0.0,0.0,0.0,0.0,0.0,0.0,0.0,377.7,378.8,15.0,-0.415,5.033,7.0,7.0,6.0,0.0,272.4,275.1,275.7,274.1,0.618,0.0,5.9,5.507,-0.227,5.592,0.985,6000.0,403524.0,121.0,402.0,59.96,7.0,44.0,52.0,59.45,17.06,20.55,105.1,6.4,7.378,7.53,60.0,59.5,75.6,1.0,274.6,274.1,273.4,5.735,0.056,5.735,1915.0,415936.0,13178.0,1912.0,1.0,0.818,0.791,0.836,4.453,4.45,4.441,3.334,1.688,1.687,1.683,1.263,0.0,0.0,0.0,0.0,2.095,57.69,30.64,4.0,3.502,2.0,-1.0,13.62,0.003,0.284,3.0,2.0,0.0,0.0,20.58,19.79,20.47,20.16,20.54,19.98,20.8,20.78,19.23,19.94,20.17,21.65,20.58,21.05,21.38,20.9,20.03,20.37,20.47
2017-05-04 17:25:00-05:00,89.74486,92.839714,101.080086,82.22878,87.174866,91.12453,72.13559,78.148026,857514.0,23.39,0.0,101.5,94.3,93.2,16.97,378.1,0.0,0.0,0.0,0.0,0.0,0.0,0.0,0.0,376.8,377.9,14.93,-0.422,5.0,6.233,6.583,5.583,0.0,272.0,275.0,275.1,274.0,0.603,0.0,5.697,5.318,-0.282,5.392,0.985,6000.0,403524.0,121.0,402.0,59.97,7.0,44.0,52.0,60.0,17.15,20.56,101.8,6.185,7.15,7.33,60.0,59.5,75.6,1.0,274.0,274.0,273.0,5.55,0.093,5.55,1915.0,415936.0,13178.0,1912.0,1.0,0.818,0.791,0.836,4.323,4.322,4.321,3.242,1.635,1.634,1.634,1.226,0.0,0.0,0.0,0.0,1.732,84.3,37.34,4.2,3.502,2.0,-1.0,13.62,0.003,0.284,3.0,2.0,0.0,0.0,20.57,19.73,20.37,20.14,20.48,19.96,20.68,20.7,19.21,19.92,20.09,21.53,20.5,20.97,21.25,20.8,20.04,20.28,20.38
2017-05-04 17:26:00-05:00,87.025314,90.05616,98.35619,79.71293,84.213234,88.41618,70.002884,75.67275,857515.0,23.35,0.0,99.1,92.0,90.8,16.99,377.4,0.0,0.0,0.0,0.0,0.0,0.0,0.0,0.0,376.2,377.3,14.45,-0.437,5.0,6.0,6.0,5.0,0.0,272.0,275.0,275.1,274.0,0.61,0.0,5.578,5.192,-0.217,5.278,0.984,6000.0,403524.0,121.0,402.0,59.96,7.0,44.0,52.0,60.0,17.09,20.53,99.4,6.035,7.005,7.163,60.0,59.5,75.6,1.0,274.1,274.0,273.0,5.419,0.057,5.419,1915.0,415936.0,13178.0,1912.0,1.0,0.818,0.791,0.836,4.239,4.233,4.238,3.176,1.6,1.598,1.6,1.199,0.0,0.0,0.0,0.0,1.618,117.5,39.48,3.2,3.5,2.0,-1.0,13.62,0.003,0.284,3.0,2.0,0.0,0.0,20.53,19.66,20.32,20.08,20.43,19.92,20.63,20.6,19.05,19.85,19.99,21.48,20.46,20.92,21.2,20.76,19.96,20.24,20.33
2017-05-04 17:27:00-05:00,87.148926,90.2199,98.82992,79.97775,84.342,88.75472,70.5047,75.67275,857516.0,23.32,0.0,99.7,92.4,91.4,16.98,377.1,0.0,0.0,0.0,0.0,0.0,0.0,0.0,0.0,376.0,377.0,15.0,-0.428,5.0,6.0,6.333,5.333,0.0,272.0,275.0,275.2,274.0,0.615,0.0,5.647,5.278,-0.147,5.323,0.987,6000.0,403524.0,121.0,402.0,59.95,7.0,44.0,52.0,60.0,16.99,20.4,100.1,6.133,7.108,7.26,60.0,59.5,75.6,1.0,274.0,274.0,273.0,5.502,-0.009,5.503,1915.0,415936.0,13178.0,1912.0,0.0,0.818,0.791,0.836,4.302,4.299,4.301,3.225,1.622,1.621,1.622,1.216,0.0,0.0,0.0,0.0,2.222,101.6,49.22,5.4,3.5,2.0,-1.0,13.53,0.004,0.284,3.0,2.0,0.0,0.0,20.44,19.63,20.24,19.99,20.37,19.8,20.57,20.46,18.88,19.78,19.84,21.4,20.35,20.84,21.13,20.67,19.85,20.16,20.25
2017-05-04 17:28:00-05:00,89.49762,92.51224,101.080086,82.22878,86.40227,90.89883,72.762856,77.32294,857517.0,23.29,0.0,102.0,94.7,93.5,16.98,377.5,0.0,0.0,0.0,0.0,0.0,0.0,0.0,0.0,376.2,377.3,15.0,-0.437,5.0,6.667,7.0,6.0,0.0,272.0,275.0,275.1,274.0,0.613,0.0,5.835,5.412,-0.225,5.515,0.985,6000.0,403524.0,121.0,402.0,59.96,7.0,44.0,52.0,60.0,16.88,20.33,102.4,6.317,7.278,7.47,60.0,59.5,75.6,1.0,274.0,274.0,273.0,5.662,0.048,5.662,1915.0,415936.0,13178.0,1912.0,0.733,0.818,0.791,0.836,4.413,4.413,4.414,3.308,1.666,1.666,1.666,1.249,0.0,0.0,0.0,0.0,1.365,115.3,55.33,2.8,3.5,2.0,-1.0,13.62,0.003,0.284,3.0,2.0,0.0,0.0,20.33,19.55,20.17,19.97,20.26,19.75,20.51,20.3,18.8,19.63,19.69,21.3,20.27,20.74,21.05,20.56,19.73,20.06,20.13
2017-05-04 17:29:00-05:00,91.7227,94.64084,103.33025,84.347404,88.462524,93.042946,74.77011,79.32672,857518.0,23.28,0.0,104.0,96.7,95.5,16.94,379.0,0.0,0.0,0.0,0.0,0.0,0.0,0.0,0.0,377.6,378.8,15.03,-0.418,5.017,6.967,7.0,6.0,0.0,272.1,275.0,275.1,274.0,0.612,0.0,5.898,5.483,-0.283,5.59,0.984,6000.0,403524.0,121.0,402.0,59.97,7.0,44.0,52.0,60.0,16.94,20.25,104.4,6.383,7.348,7.547,60.0,59.5,75.6,1.0,274.2,274.0,273.0,5.721,0.085,5.722,1915.0,415936.0,13178.0,1912.0,1.0,0.818,0.791,0.836,4.434,4.435,4.429,3.327,1.68,1.681,1.679,1.261,0.0,0.0,0.0,0.0,3.255,90.4,38.16,6.6,3.5,2.0,-1.0,13.62,0.003,0.285,3.0,2.0,0.0,0.0,20.26,19.48,20.17,19.83,20.17,19.69,20.42,20.22,18.83,19.55,19.62,21.21,20.2,20.68,20.99,20.47,19.59,19.97,20.04
2017-05-04 17:30:00-05:00,92.34078,95.45953,103.92241,85.00947,89.36389,93.720024,74.77011,79.79821,857519.0,23.25,0.0,104.4,97.2,95.9,16.86,380.9,0.0,0.0,0.0,0.0,0.0,0.0,0.0,0.0,379.7,380.8,15.0,-0.403,5.017,6.183,6.967,5.967,0.0,272.1,275.1,275.6,274.0,0.63,0.0,5.773,5.35,-0.175,5.443,0.986,6000.0,403524.0,121.0,402.0,59.96,7.0,44.0,52.0,60.0,16.99,20.19,104.6,6.243,7.217,7.378,60.0,59.5,75.6,1.0,274.4,274.1,273.2,5.604,0.024,5.604,1915.0,415937.0,13178.0,1912.0,0.3,0.818,0.791,0.836,4.325,4.324,4.327,3.236,1.648,1.647,1.648,1.233,0.0,0.0,0.0,0.0,2.142,93.3,32.22,3.6,3.5,2.0,-1.0,13.62,0.003,0.285,3.0,2.0,0.0,0.0,20.18,19.45,20.08,19.78,20.11,19.65,20.34,20.17,18.82,19.47,19.57,21.11,20.14,20.61,20.91,20.41,19.59,19.92,19.98
2017-05-04 17:31:00-05:00,91.35186,94.477104,102.738106,83.950165,88.33376,92.4787,73.13922,78.383766,857520.0,23.22,0.0,103.1,95.9,94.7,16.91,380.6,0.0,0.0,0.0,0.0,0.0,0.0,0.0,0.0,379.3,380.4,14.82,-0.403,5.0,6.033,6.767,5.767,0.0,272.0,275.0,275.1,274.0,0.623,0.0,5.697,5.285,-0.257,5.365,0.986,6000.0,403524.0,121.0,402.0,59.97,7.0,44.0,52.0,60.02,16.95,20.19,103.3,6.173,7.132,7.297,60.0,59.5,75.6,1.0,274.0,274.0,273.0,5.532,0.088,5.532,1915.0,415937.0,13178.0,1912.0,1.0,0.818,0.791,0.836,4.291,4.282,4.279,3.211,1.633,1.63,1.629,1.222,0.0,0.0,0.0,0.0,1.732,100.7,36.7,3.0,3.502,2.0,-1.0,13.62,0.003,0.285,3.0,2.0,0.0,0.0,20.18,19.4,20.0,19.8,20.08,19.59,20.28,20.16,18.82,19.52,19.56,21.07,20.16,20.59,20.87,20.39,19.6,19.92,19.97
2017-05-04 17:32:00-05:00,89.00316,92.02102,100.25107,81.69913,86.14473,89.8832,70.5047,76.144226,857521.0,23.19,0.0,100.8,93.3,92.2,16.95,382.6,0.0,0.0,0.0,0.0,0.0,0.0,0.0,0.0,381.1,382.4,13.5,-0.4,4.967,6.0,6.0,5.0,0.0,272.0,275.0,275.2,274.0,0.612,0.0,5.327,4.958,-0.127,5.03,0.982,6000.0,403524.0,121.0,402.0,59.95,7.0,44.0,52.0,58.18,17.04,20.22,100.8,5.74,6.725,6.882,60.0,59.5,75.6,1.0,274.0,274.0,273.0,5.18,-0.011,5.18,1915.0,415937.0,13178.0,1912.0,-0.267,0.818,0.791,0.836,4.006,4.01,4.009,3.006,1.533,1.534,1.534,1.15,0.0,0.0,0.0,0.0,1.543,124.3,35.64,2.3,3.502,2.0,-1.0,13.56,-0.01,0.284,1.0,2.0,0.0,0.001,20.18,19.4,19.98,19.78,20.08,19.59,20.28,20.12,18.76,19.55,19.51,21.06,20.14,20.6,20.85,20.38,19.61,19.92,19.95
2017-05-04 17:33:00-05:00,86.407234,89.40121,97.527176,79.050865,83.440636,87.17486,67.995636,73.904686,857522.0,23.16,0.0,98.3,90.7,89.7,16.94,384.0,0.0,0.0,0.0,0.0,0.0,0.0,0.0,0.0,382.8,384.0,12.83,-0.4,4.083,5.967,6.0,5.0,0.0,272.0,275.0,275.0,274.0,0.61,0.0,5.012,4.633,-0.168,4.732,0.976,6000.0,403524.0,121.0,402.0,59.95,7.0,43.62,52.0,58.05,17.09,20.2,98.4,5.358,6.337,6.515,60.0,59.5,75.6,1.0,274.0,274.0,273.0,4.856,0.04,4.857,1915.0,415937.0,13178.0,1912.0,0.9,0.818,0.791,0.836,3.778,3.769,3.775,2.836,1.451,1.447,1.45,1.089,0.0,0.0,0.0,0.0,1.75,99.2,44.83,2.8,3.502,2.0,-1.0,13.57,0.017,0.285,3.0,2.0,0.0,0.0,20.13,19.38,19.99,19.8,19.99,19.61,20.28,20.12,18.86,19.49,19.5,21.05,20.15,20.59,20.85,20.37,19.67,19.9,19.94
2017-05-04 17:34:00-05:00,84.18216,87.272606,95.27701,76.79983,81.25161,84.91791,66.364746,72.2545,857523.0,23.13,0.0,96.3,88.9,87.8,16.9,384.3,0.0,0.0,0.0,0.0,0.0,0.0,0.0,0.0,382.7,384.1,12.18,-0.4,4.0,5.4,5.533,4.533,0.0,272.0,275.0,275.0,274.0,0.628,0.0,4.835,4.467,-0.083,4.57,0.977,6000.0,403525.0,122.0,402.0,59.94,7.0,43.02,52.0,59.0,17.1,20.19,96.3,5.17,6.113,6.297,60.0,59.5,75.6,1.0,274.0,274.0,273.0,4.678,-0.011,4.678,1915.0,415937.0,13178.0,1912.0,-0.2,0.818,0.791,0.836,3.643,3.648,3.646,2.736,1.4,1.402,1.401,1.052,0.0,0.0,0.0,0.0,1.937,82.6,70.57,4.2,3.502,2.0,-1.0,13.63,0.003,0.284,3.0,2.0,0.0,0.0,20.15,19.37,19.99,19.7,20.0,19.59,20.26,20.08,18.72,19.44,19.47,21.01,20.17,20.54,20.8,20.34,19.58,19.88,19.92
2017-05-04 17:35:00-05:00,83.06962,86.29018,94.092705,76.00535,80.22148,84.12797,66.11384,72.01877,857524.0,23.1,0.0,95.4,88.3,87.3,16.95,385.0,0.0,0.0,0.0,0.0,0.0,0.0,0.0,0.0,383.1,385.0,12.0,-0.4,4.0,5.0,5.0,4.0,0.0,272.0,275.0,275.0,274.0,0.638,0.0,4.702,4.355,-0.103,4.41,0.975,6000.0,403525.0,122.0,402.0,59.94,7.0,43.05,52.0,59.0,17.19,20.19,95.6,5.005,5.993,6.138,60.0,59.5,75.6,1.0,274.0,274.0,273.0,4.554,0.002,4.554,1915.0,415937.0,13178.0,1912.0,0.467,0.818,0.791,0.836,3.564,3.56,3.562,2.667,1.372,1.371,1.371,1.027,0.0,0.0,0.0,0.0,2.003,106.6,41.58,3.9,3.502,2.0,-1.0,13.62,0.003,0.284,3.0,2.0,0.0,0.0,20.13,19.32,19.93,19.71,20.02,19.58,20.25,20.01,18.73,19.41,19.41,20.96,20.1,20.5,20.75,20.26,19.53,19.8,19.84
2017-05-04 17:36:00-05:00,81.833466,84.81653,92.90841,75.343285,79.320114,83.78943,65.98839,71.66515,857525.0,23.07,0.0,94.4,87.9,86.9,16.94,385.0,0.0,0.0,0.0,0.0,0.0,0.0,0.0,0.0,383.0,385.0,11.95,-0.4,4.0,5.0,5.0,4.0,0.0,272.0,275.0,275.0,274.0,0.617,0.0,4.66,4.275,-0.108,4.383,0.975,6000.0,403525.0,122.0,402.0,59.95,7.0,43.03,52.0,59.0,17.12,20.19,94.6,4.955,5.902,6.058,60.0,59.5,75.6,1.0,274.0,274.0,273.0,4.493,0.01,4.493,1915.0,415937.0,13178.0,1912.0,0.633,0.818,0.791,0.836,3.507,3.524,3.526,2.633,1.35,1.356,1.357,1.014,0.0,0.0,0.0,0.0,1.558,96.8,26.13,4.2,3.502,2.0,-1.0,13.62,0.003,0.284,3.0,2.0,0.0,0.0,20.08,19.35,19.93,19.69,19.97,19.55,20.18,19.97,18.67,19.46,19.37,20.92,20.06,20.46,20.71,20.24,19.51,19.77,19.81
2017-05-04 17:37:00-05:00,80.102844,82.68793,91.01353,74.151566,78.03245,82.66095,64.984764,70.60432,857526.0,23.04,0.0,92.9,86.9,85.9,16.93,385.9,0.0,0.0,0.0,0.0,0.0,0.0,0.0,0.0,384.6,385.9,11.08,-0.4,4.0,5.0,5.0,4.0,0.0,272.0,275.0,275.2,274.0,0.628,0.0,4.427,4.082,-0.12,4.143,0.973,6000.0,403525.0,122.0,402.0,59.95,7.0,43.6,52.0,59.0,17.09,20.21,93.0,4.723,5.63,5.827,60.0,59.5,75.6,1.0,274.0,274.0,273.0,4.276,0.033,4.276,1915.0,415937.0,13178.0,1912.0,0.7,0.818,0.791,0.836,3.351,3.345,3.352,2.518,1.293,1.291,1.294,0.972,0.0,0.0,0.0,0.0,1.998,83.4,24.81,3.9,3.502,2.0,-1.0,13.62,0.003,0.284,3.0,2.0,0.0,0.0,20.08,19.3,19.95,19.64,19.97,19.58,20.18,19.96,18.74,19.4,19.36,20.88,20.04,20.42,20.67,20.22,19.51,19.76,19.81
2017-05-04 17:38:00-05:00,79.731995,82.36046,90.895096,74.01915,77.77491,82.548096,65.110214,70.25072,857527.0,23.0,0.0,92.7,86.9,85.8,16.91,386.1,0.0,0.0,0.0,0.0,0.0,0.0,0.0,0.0,384.9,386.0,11.0,-0.4,4.0,5.0,5.0,4.0,0.0,272.0,275.0,275.3,274.0,0.638,0.0,4.398,4.038,-0.237,4.11,0.969,6000.0,403525.0,122.0,402.0,59.96,7.0,43.03,52.0,59.0,17.11,20.17,92.7,4.7,5.6,5.8,60.0,59.5,75.6,1.0,274.0,274.0,273.0,4.252,0.122,4.254,1915.0,415937.0,13178.0,1912.0,1.0,0.818,0.791,0.836,3.34,3.335,3.327,2.498,1.29,1.288,1.285,0.965,0.0,0.0,0.0,0.0,1.662,73.52,20.72,3.1,3.502,2.0,-1.0,13.46,0.004,0.284,3.0,2.0,0.0,0.001,20.08,19.3,19.86,19.68,19.89,19.5,20.12,19.95,18.77,19.4,19.36,20.84,20.01,20.4,20.64,20.18,19.49,19.72,19.76
2017-05-04 17:39:00-05:00,78.49584,81.050545,89.47394,72.82743,76.22972,81.19393,63.981133,68.95414,857528.0,22.98,0.0,91.1,85.4,84.4,16.88,386.0,0.0,0.0,0.0,0.0,0.0,0.0,0.0,0.0,384.8,386.0,11.0,-0.4,4.0,5.0,5.0,4.0,0.0,272.0,275.0,275.9,274.0,0.658,0.0,4.317,3.92,-0.3,4.07,0.968,6000.0,403525.0,122.0,402.0,59.98,7.0,43.0,52.0,59.0,17.01,20.14,91.3,4.587,5.467,5.672,60.0,59.5,75.6,1.0,274.1,274.1,273.7,4.149,0.217,4.154,1915.0,415937.0,13178.0,1912.0,0.999,0.818,0.791,0.836,3.264,3.264,3.269,2.457,1.26,1.26,1.262,0.948,0.0,0.0,0.0,0.0,2.312,63.88,34.29,4.1,3.502,2.0,-1.0,13.63,0.003,0.284,3.0,2.0,0.0,0.0,20.08,19.3,19.87,19.61,19.89,19.5,20.08,19.91,18.61,19.29,19.32,20.78,19.93,20.33,20.58,20.12,19.39,19.67,19.71
2017-05-04 17:40:00-05:00,75.40546,77.61203,86.1579,69.91433,73.13933,78.14704,61.22116,66.00738,857529.0,22.95,0.0,87.8,82.2,81.2,16.88,385.8,0.0,0.0,0.0,0.0,0.0,0.0,0.0,0.0,384.4,385.7,10.35,-0.4,3.433,4.5,5.0,4.0,0.0,272.0,275.0,275.9,274.0,0.643,0.0,4.123,3.727,-0.29,3.872,0.965,6000.0,403525.0,122.0,402.0,59.97,7.0,43.0,52.0,59.0,17.03,20.09,88.0,4.343,5.232,5.433,60.0,59.5,75.6,1.0,274.0,274.0,273.3,3.947,0.17,3.951,1915.0,415937.0,13178.0,1912.0,0.999,0.818,0.791,0.836,3.122,3.131,3.131,2.34,1.204,1.208,1.208,0.903,0.0,0.0,0.0,0.0,1.862,102.8,44.89,3.5,3.502,2.0,-1.0,13.62,0.003,0.284,3.0,2.0,0.0,0.0,20.05,19.21,19.82,19.5,19.86,19.45,19.99,19.86,18.69,19.2,19.29,20.69,19.82,20.26,20.5,20.04,19.36,19.59,19.63
2017-05-04 17:41:00-05:00,71.8206,73.84605,82.36813,66.339165,69.7914,74.53591,58.084835,62.58914,857530.0,22.92,0.0,84.1,78.48,77.6,16.82,385.8,0.0,0.0,0.0,0.0,0.0,0.0,0.0,0.0,384.6,385.7,9.62,-0.4,3.0,4.0,4.117,3.117,0.0,272.0,275.0,275.9,274.0,0.642,0.0,3.797,3.448,-0.207,3.598,0.961,6000.0,403525.0,122.0,402.0,59.96,7.0,43.0,52.0,59.0,16.88,20.0,84.2,3.997,4.903,5.092,60.0,59.5,75.6,1.0,274.1,274.0,273.5,3.66,0.118,3.662,1915.0,415937.0,13178.0,1912.0,0.999,0.818,0.791,0.836,2.93,2.907,2.918,2.205,1.13,1.122,1.126,0.851,0.0,0.0,0.0,0.0,2.715,86.6,36.2,5.1,3.502,2.0,-1.0,13.62,0.003,0.284,3.0,2.0,0.0,0.0,19.94,19.14,19.76,19.47,19.76,19.37,19.92,19.76,18.48,19.17,19.18,20.58,19.77,20.15,20.39,19.93,19.23,19.49,19.53
2017-05-04 17:42:00-05:00,68.853836,70.73502,79.40738,63.426064,66.82977,71.60187,55.324863,59.64238,857531.0,22.89,0.0,80.8,75.43,74.59,16.77,385.7,0.0,0.0,0.0,0.0,0.0,0.0,0.0,0.0,384.2,385.4,9.0,-0.4,3.0,4.0,4.0,3.0,0.0,272.0,275.0,275.8,274.0,0.65,0.0,3.595,3.243,-0.265,3.432,0.953,6000.0,403525.0,122.0,402.0,59.97,7.0,43.02,52.0,59.0,16.9,19.86,81.0,3.777,4.667,4.873,60.0,59.5,75.6,1.0,274.0,274.0,273.3,3.459,0.186,3.465,1915.0,415937.0,13178.0,1912.0,0.998,0.818,0.791,0.836,2.785,2.791,2.793,2.095,1.074,1.076,1.077,0.808,0.0,0.0,0.0,0.0,2.293,117.9,41.25,5.8,3.5,2.0,-1.0,13.62,0.003,0.284,3.0,2.0,0.0,0.0,19.84,19.0,19.59,19.29,19.64,19.22,19.81,19.67,18.51,19.08,19.08,20.46,19.69,20.02,20.26,19.84,19.16,19.4,19.44
2017-05-04 17:43:00-05:00,66.75237,68.77016,77.394066,61.17504,65.02704,70.13486,53.443066,57.402847,857532.0,22.86,0.0,78.86,73.87,72.96,16.78,386.0,0.0,0.0,0.0,0.0,0.0,0.0,0.0,0.0,384.8,385.8,8.23,-0.4,3.0,4.0,4.0,3.0,0.0,272.0,275.0,275.8,274.0,0.645,0.0,3.402,3.073,-0.278,3.222,0.158,6000.0,403525.0,122.0,402.0,59.97,7.0,43.0,52.0,59.0,16.99,19.74,78.72,3.55,4.435,4.648,60.0,59.5,75.6,1.0,274.0,274.0,273.3,3.264,0.204,3.27,1915.0,415937.0,13178.0,1912.0,0.998,0.818,0.791,0.836,2.638,2.64,2.654,1.985,1.018,1.019,1.024,0.766,0.0,0.0,0.0,0.0,1.867,91.3,24.26,3.3,3.5,2.0,-1.0,13.5,0.003,0.283,1.0,2.0,0.0,0.001,19.68,18.8,19.5,19.19,19.53,19.11,19.75,19.6,18.53,19.03,19.03,20.36,19.63,19.94,20.17,19.76,19.08,19.32,19.37
2017-05-04 17:44:00-05:00,64.89814,66.8053,75.14389,59.453663,62.96678,67.99075,51.310364,54.927574,857533.0,22.81,0.0,76.38,71.47,70.73,16.81,387.9,0.0,0.0,0.0,0.0,0.0,0.0,0.0,0.0,386.5,387.8,7.367,-0.4,2.167,3.333,4.0,3.0,0.0,272.0,275.0,275.2,274.0,0.633,0.0,3.03,2.715,-0.25,2.9,0.0,6000.0,403525.0,122.0,402.0,59.97,7.0,43.0,52.0,59.0,17.05,19.65,76.69,3.13,4.033,4.233,60.0,59.5,75.6,1.0,274.0,274.0,273.0,2.914,0.187,2.921,1915.0,415938.0,13178.0,1912.0,0.998,0.818,0.791,0.836,2.391,2.389,2.391,1.786,0.927,0.927,0.928,0.693,0.0,0.0,0.0,0.0,0.76,68.59,50.02,2.0,3.5,2.0,-1.0,13.62,0.004,0.284,3.0,2.0,0.0,0.0,19.6,18.77,19.4,19.13,19.48,19.01,19.67,19.49,18.3,18.92,18.91,20.27,19.51,19.86,20.08,19.66,18.99,19.23,19.27
2017-05-04 17:45:00-05:00,63.909218,65.9866,74.078026,58.526764,61.93665,66.74942,50.05583,53.513126,857534.0,22.78,0.0,75.63,70.37,69.66,16.86,385.5,0.0,0.0,0.0,0.0,0.0,0.0,0.0,0.0,383.7,385.4,7.933,-0.4,2.867,3.933,4.0,3.0,0.0,272.0,275.0,275.7,274.0,0.637,0.0,3.235,2.928,-0.167,3.112,0.0,6000.0,403525.0,122.0,402.0,59.95,7.0,43.0,52.0,59.0,17.04,19.51,75.85,3.352,4.307,4.458,60.0,59.5,75.6,1.0,274.0,274.0,273.1,3.121,0.106,3.123,1915.0,415938.0,13178.0,1912.0,0.999,0.818,0.791,0.836,2.57,2.561,2.569,1.927,0.991,0.987,0.99,0.743,0.0,0.0,0.0,0.0,1.557,76.78,30.75,3.2,3.502,2.0,-1.0,13.62,0.003,0.284,3.0,2.0,0.0,0.0,19.52,18.72,19.38,19.11,19.43,19.0,19.58,19.38,18.23,18.85,18.81,20.17,19.37,19.79,19.99,19.56,18.93,19.16,19.18
2017-05-04 17:46:00-05:00,64.28006,66.150345,74.43331,58.659184,61.93665,66.18518,49.80492,53.15951,857535.0,22.75,0.0,76.07,70.22,69.47,16.88,384.6,0.0,0.0,0.0,0.0,0.0,0.0,0.0,0.0,382.7,384.5,8.25,-0.4,3.0,4.0,4.0,3.0,0.0,272.0,275.0,275.3,274.0,0.615,0.0,3.38,3.058,-0.105,3.233,0.175,6000.0,403525.0,122.0,402.0,59.94,7.0,43.0,52.0,59.0,17.02,19.43,76.33,3.507,4.468,4.65,60.0,59.5,75.6,1.0,274.0,274.0,273.0,3.262,0.053,3.263,1915.0,415938.0,13178.0,1912.0,1.0,0.818,0.791,0.836,2.656,2.662,2.664,1.991,1.021,1.024,1.024,0.766,0.0,0.0,0.0,0.0,0.977,87.4,43.46,2.8,3.5,2.0,-1.0,13.62,0.003,0.284,3.0,2.0,0.0,0.0,19.44,18.72,19.3,19.03,19.32,18.92,19.5,19.29,18.15,18.72,18.72,19.99,19.31,19.67,19.88,19.49,18.88,19.09,19.1
2017-05-04 17:47:00-05:00,65.63983,67.623985,75.736046,59.718487,62.83801,67.08797,50.934002,53.984608,857536.0,22.72,0.0,77.7,71.44,70.72,16.87,384.3,0.0,0.0,0.0,0.0,0.0,0.0,0.0,0.0,382.7,384.1,8.82,-0.4,3.0,4.0,4.0,3.0,0.0,272.0,275.0,275.3,274.0,0.623,0.0,3.552,3.215,-0.16,3.385,0.811,6000.0,403525.0,122.0,402.0,59.95,7.0,43.0,52.0,59.0,16.98,19.36,77.92,3.707,4.66,4.843,60.0,59.5,75.6,1.0,274.1,274.0,273.0,3.425,0.086,3.426,1915.0,415938.0,13178.0,1912.0,1.0,0.818,0.791,0.836,2.779,2.777,2.784,2.077,1.068,1.067,1.07,0.798,0.0,0.0,0.0,0.0,1.983,102.3,26.49,3.5,3.5,2.0,-1.0,13.62,0.003,0.284,3.0,2.0,0.0,0.0,19.35,18.66,19.24,18.95,19.3,18.87,19.43,19.22,18.18,18.65,18.66,19.88,19.26,19.64,19.82,19.43,18.81,19.04,19.04
2017-05-04 17:48:00-05:00,66.87599,68.9339,77.1572,60.91021,63.996906,68.32929,52.188534,55.16331,857537.0,22.69,0.0,79.31,72.87,72.12,16.81,386.8,0.0,0.0,0.0,0.0,0.0,0.0,0.0,0.0,385.2,386.7,8.37,-0.4,3.0,4.0,4.0,3.0,0.0,272.1,275.1,276.0,274.0,0.632,0.0,3.442,3.107,-0.133,3.248,0.364,6000.0,403525.0,122.0,402.0,59.95,7.0,43.0,52.0,59.0,16.98,19.3,79.59,3.558,4.502,4.687,60.0,59.5,75.6,1.0,274.3,274.1,273.5,3.295,0.079,3.296,1915.0,415938.0,13178.0,1912.0,1.0,0.818,0.791,0.836,2.657,2.658,2.662,1.995,1.028,1.028,1.03,0.772,0.0,0.0,0.0,0.0,2.037,73.21,29.64,3.5,3.502,2.0,-1.0,13.62,0.003,0.284,1.0,2.0,0.0,0.001,19.3,18.61,19.21,18.92,19.27,18.82,19.42,19.19,18.16,18.61,18.64,19.84,19.23,19.58,19.77,19.38,18.73,18.99,18.99
2017-05-04 17:49:00-05:00,66.62875,68.77016,76.92035,60.91021,63.86814,68.78068,52.941254,55.87053,857538.0,22.67,0.0,79.37,73.55,72.59,16.85,386.8,0.0,0.0,0.0,0.0,0.0,0.0,0.0,0.0,385.2,386.6,8.33,-0.4,3.0,4.0,4.0,3.0,0.0,272.3,275.2,275.9,274.1,0.62,0.0,3.428,3.105,-0.18,3.268,0.319,6000.0,403525.0,122.0,402.0,59.96,7.0,43.0,52.0,59.0,17.05,19.29,79.71,3.578,4.517,4.705,60.0,59.5,75.6,1.0,274.7,274.2,273.7,3.303,0.123,3.306,1915.0,415938.0,13178.0,1912.0,0.999,0.818,0.791,0.836,2.687,2.677,2.668,2.01,1.039,1.036,1.032,0.777,0.0,0.0,0.0,0.0,1.793,72.97,35.61,3.6,3.502,2.0,-1.0,13.25,0.003,0.285,1.0,2.0,0.0,0.001,19.26,18.56,19.19,18.92,19.24,18.82,19.39,19.17,18.11,18.63,18.61,19.81,19.22,19.57,19.74,19.35,18.72,18.95,18.95
2017-05-04 17:50:00-05:00,65.76345,67.78773,76.20976,60.777798,63.481842,68.78068,52.941254,56.34201,857539.0,22.63,0.0,78.73,73.51,72.55,16.86,386.9,0.0,0.0,0.0,0.0,0.0,0.0,0.0,0.0,384.9,386.9,8.1,-0.4,3.0,4.0,4.0,3.0,0.0,272.7,275.2,276.0,274.1,0.62,0.0,3.403,3.048,-0.253,3.215,0.095,6000.0,403525.0,122.0,402.0,59.97,7.0,43.0,52.0,59.0,16.93,19.28,79.14,3.517,4.442,4.638,60.0,59.5,75.6,1.0,275.0,274.4,274.0,3.261,0.172,3.266,1915.0,415938.0,13178.0,1912.0,0.999,0.818,0.791,0.836,2.642,2.633,2.629,1.98,1.022,1.019,1.017,0.766,0.0,0.0,0.0,0.0,2.153,86.8,64.2,5.4,3.502,2.0,-1.0,13.62,0.005,0.284,3.0,2.0,0.0,0.001,19.22,18.56,19.11,18.92,19.19,18.8,19.32,19.13,18.06,18.64,18.57,19.74,19.14,19.52,19.68,19.3,18.69,18.91,18.91
2017-05-04 17:51:00-05:00,64.28006,65.9866,74.43331,59.453663,62.451714,67.20081,51.310364,55.16331,857540.0,22.61,0.0,76.92,71.9,71.07,16.79,387.0,0.0,0.0,0.0,0.0,0.0,0.0,0.0,0.0,385.4,386.9,7.933,-0.4,2.75,3.983,4.0,3.0,0.0,272.5,275.2,276.0,274.2,0.618,0.0,3.257,2.928,-0.233,3.105,0.0,6000.0,403526.0,123.0,402.0,59.97,7.0,43.0,52.0,59.0,16.81,19.2,77.31,3.352,4.303,4.49,60.0,59.5,75.6,1.0,274.8,274.2,273.7,3.123,0.169,3.128,1915.0,415938.0,13178.0,1912.0,0.999,0.818,0.791,0.836,2.548,2.542,2.53,1.901,0.986,0.984,0.979,0.736,0.0,0.0,0.0,0.0,3.582,102.2,24.11,7.2,3.5,2.0,-1.0,13.62,0.004,0.284,3.0,2.0,0.0,0.0,19.13,18.44,19.08,18.82,19.11,18.7,19.35,19.06,18.04,18.58,18.49,19.68,19.12,19.47,19.63,19.25,18.67,18.86,18.86
2017-05-04 17:52:00-05:00,61.68414,63.203053,71.35413,56.540565,59.61885,64.04108,48.299484,52.334423,857541.0,22.57,0.0,73.9,68.74,67.97,16.73,388.1,0.0,0.0,0.0,0.0,0.0,0.0,0.0,0.0,386.7,388.0,7.05,-0.4,2.0,3.083,3.533,2.533,0.0,272.9,275.6,276.0,274.6,0.613,0.0,2.923,2.637,-0.185,2.795,0.0,6000.0,403526.0,123.0,402.0,59.96,7.0,43.0,52.0,59.0,16.76,19.11,74.24,2.94,3.912,4.062,60.0,59.5,75.6,1.0,275.0,274.7,274.0,2.796,0.149,2.8,1915.0,415938.0,13178.0,1912.0,0.999,0.818,0.791,0.836,2.317,2.325,2.342,1.731,0.899,0.902,0.909,0.672,0.0,0.0,0.0,0.0,2.327,82.5,25.91,3.8,3.502,2.0,-1.0,13.62,0.003,0.283,3.0,2.0,0.0,0.0,19.1,18.35,18.98,18.72,19.03,18.62,19.27,19.0,17.99,18.53,18.42,19.62,19.06,19.39,19.54,19.2,18.61,18.8,18.81
2017-05-04 17:53:00-05:00,58.593746,59.92828,68.27495,53.495052,56.270924,60.88134,46.16678,49.741276,857542.0,22.55,0.0,70.86,65.57,64.85,16.76,388.0,0.0,0.0,0.0,0.0,0.0,0.0,0.0,0.0,386.8,387.9,6.767,-0.4,2.0,3.0,3.0,2.0,0.0,273.0,275.7,276.0,274.7,0.627,0.0,2.672,2.377,-0.158,2.542,0.0,6000.0,403526.0,123.0,402.0,59.96,7.0,43.0,52.0,59.0,16.89,19.08,71.22,2.638,3.615,3.762,60.0,59.5,75.6,1.0,275.0,274.8,274.0,2.561,0.14,2.565,1915.0,415938.0,13178.0,1912.0,0.998,0.818,0.791,0.836,2.156,2.172,2.178,1.613,0.837,0.843,0.845,0.626,0.0,0.0,0.0,0.0,0.595,208.1,78.31,1.4,3.5,2.0,-1.0,13.62,0.003,0.283,3.0,2.0,0.0,0.0,19.06,18.33,18.92,18.72,19.01,18.59,19.2,18.96,18.03,18.53,18.39,19.54,18.97,19.33,19.48,19.15,18.6,18.77,18.76
2017-05-04 17:54:00-05:00,56.98675,58.290897,66.85378,52.303333,54.72573,59.86571,45.41406,49.151924,857543.0,22.51,0.0,69.48,64.75,64.0,16.82,387.9,0.0,0.0,0.0,0.0,0.0,0.0,0.0,0.0,386.6,387.8,6.1,-0.4,2.0,3.0,3.0,2.0,0.0,273.0,275.7,276.0,274.7,0.625,0.0,2.607,2.3,-0.138,2.447,0.0,6000.0,403526.0,123.0,402.0,59.95,7.0,43.0,52.0,58.17,16.9,19.04,69.85,2.532,3.505,3.628,60.0,59.5,75.6,1.0,275.0,274.9,274.0,2.471,0.131,2.474,1915.0,415938.0,13178.0,1912.0,0.998,0.818,0.791,0.836,2.069,2.089,2.078,1.568,0.802,0.811,0.806,0.608,0.0,0.0,0.0,0.0,1.92,48.06,63.25,3.9,3.5,2.0,-1.0,13.4,0.001,0.282,1.0,2.0,0.0,0.001,19.06,18.35,18.92,18.72,18.92,18.59,19.2,18.91,17.94,18.51,18.35,19.57,18.92,19.32,19.46,19.12,18.54,18.74,18.73
2017-05-04 17:55:00-05:00,56.492287,57.635944,66.261635,51.906094,54.468197,59.301476,44.410435,48.444702,857544.0,22.49,0.0,69.0,64.11,63.44,16.85,387.5,0.0,0.0,0.0,0.0,0.0,0.0,0.0,0.0,385.9,387.1,6.3,-0.4,2.0,3.0,3.0,2.0,0.0,272.9,275.3,276.0,274.3,0.62,0.0,2.608,2.302,-0.203,2.493,0.0,6000.0,403526.0,123.0,402.0,59.96,7.0,43.0,52.0,58.0,16.92,18.96,69.46,2.593,3.538,3.685,60.0,59.5,75.6,1.0,275.0,274.6,274.0,2.502,0.173,2.508,1915.0,415938.0,13178.0,1912.0,0.997,0.818,0.791,0.836,2.112,2.095,2.113,1.587,0.818,0.812,0.819,0.615,0.0,0.0,0.0,0.0,1.335,237.3,85.5,2.5,3.502,2.0,-1.0,13.4,0.007,0.284,3.0,2.0,0.0,0.001,19.0,18.33,18.88,18.67,18.92,18.53,19.15,18.83,17.88,18.43,18.28,19.58,18.85,19.25,19.39,19.03,18.46,18.66,18.64
2017-05-04 17:56:00-05:00,55.37975,56.32604,64.84048,50.449547,52.922997,57.721607,43.155903,47.14813,857545.0,22.46,0.0,67.8,62.57,61.91,16.85,387.4,0.0,0.0,0.0,0.0,0.0,0.0,0.0,0.0,385.9,387.3,6.1,-0.4,2.0,3.0,3.0,2.0,0.0,272.6,275.1,276.0,274.1,0.62,0.0,2.548,2.243,-0.21,2.4,0.0,6000.0,403526.0,123.0,402.0,59.96,7.0,43.0,52.0,58.0,16.89,18.92,68.14,2.478,3.447,3.58,60.0,59.5,75.6,1.0,274.9,274.2,273.9,2.42,0.171,2.427,1915.0,415938.0,13178.0,1912.0,0.997,0.818,0.791,0.836,2.046,2.054,2.06,1.545,0.793,0.796,0.798,0.599,0.0,0.0,0.0,0.0,1.88,71.2,15.9,2.9,3.502,2.0,-1.0,13.62,0.003,0.283,3.0,2.0,0.0,0.0,18.97,18.33,18.82,18.59,18.91,18.51,19.07,18.78,17.85,18.35,18.22,19.54,18.83,19.2,19.33,18.95,18.41,18.59,18.57
2017-05-04 17:57:00-05:00,53.401897,54.197437,62.590305,48.33093,50.733967,55.690346,41.525013,45.497944,857546.0,22.43,0.0,65.74,60.62,60.01,16.77,388.1,0.0,0.0,0.0,0.0,0.0,0.0,0.0,0.0,387.0,388.1,5.9,-0.4,1.817,3.0,3.0,2.0,0.0,273.0,275.6,276.0,274.6,0.61,0.0,2.317,2.013,-0.222,2.21,0.0,6000.0,403526.0,123.0,402.0,59.96,7.0,43.0,52.0,58.0,16.89,18.87,66.09,2.21,3.152,3.315,60.0,59.5,75.6,1.0,275.0,274.9,274.0,2.184,0.195,2.193,1915.0,415938.0,13178.0,1912.0,0.996,0.818,0.791,0.836,1.885,1.89,1.89,1.412,0.731,0.733,0.734,0.548,0.0,0.0,0.0,0.0,1.318,77.63,29.67,2.6,3.502,2.0,-1.0,13.62,0.003,0.283,3.0,2.0,0.0,0.0,18.96,18.3,18.79,18.53,18.82,18.46,19.07,18.72,17.83,18.33,18.17,19.49,18.79,19.16,19.27,18.9,18.36,18.55,18.52
2017-05-04 17:58:00-05:00,51.053204,51.741356,60.2217,46.0799,48.416172,53.54624,40.019573,43.84776,857547.0,22.4,0.0,63.46,58.57,58.01,16.75,388.2,0.0,0.0,0.0,0.0,0.0,0.0,0.0,0.0,386.7,388.0,5.233,-0.4,1.233,2.217,2.767,1.767,0.0,272.9,275.5,276.0,274.5,0.618,0.0,2.137,1.845,-0.288,2.035,0.0,6000.0,403526.0,123.0,402.0,59.98,7.0,43.0,52.0,58.0,16.86,18.85,63.79,2.065,2.952,3.16,60.0,59.5,75.6,1.0,275.0,274.7,274.0,2.006,0.296,2.029,1915.0,415938.0,13178.0,1912.0,0.989,0.818,0.791,0.836,1.766,1.76,1.768,1.327,0.685,0.683,0.686,0.515,0.0,0.0,0.0,0.0,1.858,101.7,37.78,3.7,3.5,2.0,-1.0,13.62,0.003,0.283,3.0,2.0,0.0,0.0,18.9,18.22,18.72,18.53,18.82,18.41,19.02,18.68,17.79,18.2,18.12,19.43,18.77,19.13,19.22,18.84,18.31,18.5,18.46
2017-05-04 17:59:00-05:00,48.457275,49.121544,57.497807,43.696453,46.227142,51.402134,38.26323,42.079704,857548.0,22.38,0.0,60.94,56.49,55.95,16.76,389.1,0.0,0.0,0.0,0.0,0.0,0.0,0.0,0.0,387.8,389.0,4.567,-0.4,1.0,2.0,2.217,1.217,0.0,273.0,276.0,276.0,275.0,0.622,0.0,1.838,1.558,-0.3,1.795,0.0,6000.0,403526.0,123.0,402.0,59.98,7.0,43.0,52.0,58.0,16.82,18.78,61.23,1.76,2.633,2.838,60.0,59.5,75.6,1.0,275.0,275.0,274.0,1.709,0.303,1.736,1915.0,415938.0,13178.0,1912.0,0.984,0.818,0.791,0.836,1.554,1.556,1.554,1.165,0.605,0.606,0.605,0.453,0.0,0.0,0.0,0.0,1.735,105.0,30.27,3.1,3.502,2.0,-1.0,13.62,0.005,0.282,3.0,2.0,0.0,0.0,18.83,18.14,18.67,18.48,18.72,18.33,19.02,18.63,17.78,18.21,18.09,19.37,18.7,19.06,19.14,18.8,18.31,18.46,18.41
2017-05-04 18:00:00-05:00,45.11966,45.683033,53.94491,40.78336,43.13675,48.46809,35.503258,39.368687,857549.0,22.34,0.0,57.37,53.58,53.11,16.75,389.8,0.0,0.0,0.0,0.0,0.0,0.0,0.0,0.0,388.6,389.6,3.483,-0.4,0.967,1.967,2.0,1.0,0.0,272.9,275.7,276.0,274.7,0.628,0.0,1.493,1.227,-0.257,1.49,0.0,6000.0,403526.0,123.0,402.0,59.97,7.0,43.0,52.0,58.0,16.83,18.76,57.65,1.365,2.233,2.445,60.0,59.5,75.6,1.0,274.9,274.8,274.0,1.361,0.273,1.389,1915.0,415938.0,13178.0,1912.0,0.981,0.818,0.791,0.836,1.324,1.318,1.325,0.991,0.516,0.514,0.516,0.386,0.0,0.0,0.0,0.0,1.395,93.5,37.71,2.4,3.502,2.0,-1.0,13.66,0.003,0.282,3.0,2.0,0.0,0.0,18.83,18.17,18.62,18.43,18.69,18.33,18.92,18.59,17.73,18.18,18.04,19.31,18.65,18.99,19.08,18.76,18.27,18.43,18.37
2017-05-04 18:01:00-05:00,40.298656,40.60714,48.497124,36.148888,38.372395,43.615643,31.112394,34.889614,857550.0,22.32,0.0,52.09,48.89,48.47,16.74,390.2,0.0,0.0,0.0,0.0,0.0,0.0,0.0,0.0,389.0,390.1,2.367,-0.4,0.0,1.033,1.517,0.517,0.0,272.9,275.7,276.0,274.7,0.647,0.0,1.037,0.778,-0.192,1.132,0.0,6000.0,403526.0,123.0,402.0,59.96,7.0,43.0,52.0,58.0,16.75,18.69,52.43,0.982,1.777,1.993,60.0,59.5,75.6,1.0,275.0,275.0,274.0,0.915,0.237,0.948,1915.0,415938.0,13178.0,1912.0,0.961,0.818,0.791,0.836,1.018,1.009,1.023,0.768,0.397,0.394,0.399,0.3,0.0,0.0,0.0,0.0,2.027,83.7,21.21,3.6,3.502,2.0,-1.0,13.66,0.003,0.282,3.0,2.0,0.0,0.0,18.74,18.09,18.54,18.35,18.62,18.24,18.86,18.52,17.66,18.12,17.98,19.22,18.56,18.9,18.99,18.7,18.22,18.38,18.31
2017-05-04 18:02:00-05:00,34.36511,34.22134,42.101894,30.322693,32.44914,37.634712,26.094267,29.23184,857551.0,22.29,0.0,45.74,42.85,42.54,16.68,354.1,0.0,0.0,0.0,0.0,0.0,0.0,0.0,0.0,353.2,354.2,3.483,-0.358,0.8,1.75,1.833,0.833,0.0,273.0,276.0,276.0,275.0,0.63,0.0,1.215,0.963,-0.258,1.397,0.0,6000.0,403526.0,123.0,402.0,59.97,7.0,43.0,52.0,57.43,16.76,18.61,46.14,1.393,2.068,2.322,60.0,59.5,75.6,1.0,275.0,275.0,274.0,1.095,0.265,1.154,1915.0,415938.0,13178.0,1912.0,0.886,0.818,0.791,0.836,1.359,1.363,1.363,1.016,0.448,0.449,0.449,0.335,0.0,0.0,0.0,0.0,2.102,85.7,38.97,4.4,3.502,2.0,-1.0,13.66,0.003,0.281,3.0,2.0,0.0,0.0,18.66,18.01,18.51,18.27,18.53,18.15,18.81,18.44,17.6,18.04,17.9,19.14,18.5,18.82,18.91,18.62,18.15,18.3,18.24
2017-05-04 18:03:00-05:00,30.162182,29.800402,37.838413,26.747526,28.586145,34.136436,23.08339,26.402952,857552.0,22.26,0.0,41.57,39.19,38.94,16.69,317.6,0.0,0.0,0.0,0.0,0.0,0.0,0.0,0.0,316.2,316.9,6.317,-0.317,1.417,2.917,3.0,2.0,0.0,273.0,275.9,276.1,274.9,0.642,0.0,2.09,1.887,-0.223,2.147,0.0,6000.0,403526.0,123.0,402.0,59.96,7.0,43.0,52.0,57.0,16.75,18.52,42.08,2.11,3.073,3.275,60.0,59.5,75.6,1.0,275.0,275.0,274.0,2.014,0.186,2.023,1915.0,415938.0,13178.0,1912.0,0.996,0.818,0.791,0.836,2.128,2.125,2.127,1.594,0.675,0.675,0.675,0.506,0.0,0.0,0.0,0.0,2.108,175.0,78.44,4.2,3.502,2.0,-1.0,13.66,0.003,0.281,3.0,2.0,0.0,0.0,18.6,17.93,18.41,18.24,18.53,18.12,18.71,18.35,17.5,18.0,17.81,19.03,18.46,18.72,18.8,18.54,18.07,18.22,18.15
2017-05-04 18:04:00-05:00,29.04964,28.817972,36.890972,25.953049,27.813545,33.572193,22.581575,26.04934,857553.0,22.23,0.0,40.66,38.48,38.2,16.71,330.3,0.0,0.0,0.0,0.0,0.0,0.0,0.0,0.0,329.0,330.0,6.0,-0.377,1.383,3.0,3.0,2.0,0.0,273.0,276.0,276.4,275.0,0.623,0.0,2.138,1.915,-0.153,2.157,0.0,6000.0,403526.0,123.0,402.0,59.95,7.0,43.0,52.0,57.0,16.72,18.41,41.1,2.155,3.13,3.277,60.0,59.5,75.6,1.0,275.0,275.0,274.0,2.038,0.133,2.042,1915.0,415938.0,13178.0,1912.0,0.998,0.818,0.791,0.836,2.073,2.071,2.073,1.553,0.685,0.684,0.685,0.513,0.0,0.0,0.0,0.0,1.433,107.0,53.37,3.8,3.502,2.0,-1.0,13.45,0.0,0.281,1.0,2.0,0.0,0.001,18.48,17.86,18.33,18.14,18.53,18.01,18.63,18.31,17.55,17.95,17.78,18.97,18.4,18.68,18.75,18.49,18.07,18.17,18.1
2017-05-04 18:05:00-05:00,29.04964,28.654232,36.772545,25.953049,27.68478,33.572193,22.70703,25.813602,857554.0,22.2,0.0,40.36,38.27,38.08,16.72,332.9,0.0,0.0,0.0,0.0,0.0,0.0,0.0,0.0,331.7,332.6,6.0,-0.392,1.533,2.917,3.0,2.0,0.0,273.0,276.0,276.6,275.0,0.628,0.0,2.148,1.918,-0.232,2.155,0.0,6000.0,403526.0,123.0,402.0,59.96,7.0,43.0,52.0,57.0,16.71,18.35,40.72,2.162,3.118,3.295,60.0,59.5,75.6,1.0,275.0,275.0,274.0,2.039,0.204,2.049,1915.0,415938.0,13178.0,1912.0,0.995,0.818,0.791,0.836,2.059,2.057,2.056,1.542,0.685,0.685,0.685,0.513,0.0,0.0,0.0,0.0,1.573,81.3,63.43,3.9,3.502,2.0,-1.0,13.63,0.007,0.281,3.0,2.0,0.0,0.0,18.44,17.83,18.3,18.11,18.52,17.94,18.63,18.27,17.47,17.93,17.74,18.91,18.38,18.63,18.7,18.44,18.01,18.13,18.06
2017-05-04 18:06:00-05:00,27.566256,27.016848,35.11452,24.496498,26.139584,31.76663,21.076138,24.163414,857555.0,22.17,0.0,38.67,36.43,36.27,16.64,327.3,0.0,0.0,0.0,0.0,0.0,0.0,0.0,0.0,325.9,326.8,6.0,-0.375,1.0,2.083,3.0,2.0,0.0,272.2,275.2,275.7,274.2,0.623,0.0,1.993,1.727,-0.173,2.002,0.0,6000.0,403526.0,123.0,402.0,59.95,7.0,43.0,52.0,57.0,16.69,18.3,38.93,2.022,2.992,3.142,60.0,59.5,75.6,1.0,274.2,274.2,273.2,1.904,0.151,1.91,1915.0,415938.0,13178.0,1912.0,0.997,0.818,0.791,0.836,1.976,1.975,1.975,1.481,0.647,0.646,0.647,0.485,0.0,0.0,0.0,0.0,3.037,67.33,42.16,6.2,3.502,2.0,-1.0,13.66,0.003,0.281,3.0,2.0,0.0,0.0,18.37,17.81,18.2,17.99,18.47,17.88,18.55,18.21,17.45,17.9,17.69,18.87,18.25,18.6,18.65,18.39,17.97,18.07,18.0
2017-05-04 18:07:00-05:00,25.464794,24.888247,32.864353,22.377882,24.079319,29.622524,19.319794,22.15962,857556.0,22.15,0.0,36.32,34.23,34.09,16.59,326.0,0.0,0.0,0.0,0.0,0.0,0.0,0.0,0.0,324.6,325.5,5.417,-0.352,1.0,2.0,2.167,1.167,0.0,272.1,275.0,275.7,274.0,0.61,0.0,1.837,1.633,-0.187,1.907,0.0,6000.0,403526.0,123.0,402.0,59.95,7.0,43.0,52.0,57.0,16.64,18.19,36.52,1.848,2.815,2.962,60.0,59.5,75.6,1.0,274.1,274.0,273.0,1.752,0.164,1.76,1915.0,415938.0,13178.0,1912.0,0.995,0.818,0.791,0.836,1.857,1.855,1.856,1.39,0.605,0.605,0.605,0.453,0.0,0.0,0.0,0.0,2.213,72.84,26.6,3.6,3.503,2.0,-1.0,13.66,0.003,0.281,3.0,2.0,0.0,0.0,18.29,17.66,18.11,17.88,18.34,17.78,18.48,18.14,17.4,17.83,17.61,18.78,18.2,18.52,18.56,18.32,17.87,18.0,17.93
2017-05-04 18:08:00-05:00,22.621637,21.940956,29.78517,19.729612,21.246458,26.80133,16.685276,19.448603,857557.0,22.12,0.0,33.17,31.23,31.14,16.59,319.6,0.0,0.0,0.0,0.0,0.0,0.0,0.0,0.0,318.3,319.3,5.0,-0.3,1.0,2.0,2.0,1.0,0.0,272.0,275.0,275.3,274.0,0.603,0.0,1.62,1.408,-0.25,1.71,0.0,6000.0,403526.0,123.0,402.0,59.97,7.0,43.0,52.0,57.0,16.65,18.1,33.39,1.62,2.57,2.728,60.0,59.5,75.6,1.0,274.0,274.0,273.0,1.527,0.235,1.545,1915.0,415938.0,13178.0,1912.0,0.988,0.818,0.791,0.836,1.703,1.702,1.702,1.276,0.544,0.544,0.544,0.408,0.0,0.0,0.0,0.0,2.043,90.4,35.68,4.3,3.499,2.0,-1.0,13.66,0.003,0.281,3.0,2.0,0.0,0.0,18.21,17.59,18.01,17.81,18.3,17.7,18.44,18.05,17.32,17.76,17.53,18.69,18.14,18.45,18.48,18.22,17.81,17.91,17.85
2017-05-04 18:09:00-05:00,19.531248,18.666185,26.469126,16.684101,18.027298,23.641596,13.799852,16.383974,857558.0,22.09,0.0,29.86,28.08,28.06,16.57,313.1,0.0,0.0,0.0,0.0,0.0,0.0,0.0,0.0,312.0,312.6,4.183,-0.3,1.0,2.0,2.0,1.0,0.0,273.1,276.0,276.4,275.0,0.613,0.0,1.385,1.177,-0.245,1.53,0.0,6000.0,403526.0,123.0,402.0,59.96,7.0,43.0,52.0,56.88,16.63,17.98,30.15,1.423,2.348,2.505,60.0,59.5,75.6,1.0,275.1,275.0,274.0,1.298,0.238,1.32,1915.0,415938.0,13178.0,1912.0,0.983,0.818,0.791,0.836,1.539,1.538,1.538,1.153,0.482,0.482,0.482,0.361,0.0,0.0,0.0,0.0,2.403,54.92,31.55,4.3,3.499,2.0,-1.0,13.66,0.003,0.281,3.0,2.0,0.0,0.0,18.09,17.54,17.93,17.72,18.2,17.61,18.34,17.97,17.25,17.68,17.45,18.59,18.08,18.37,18.39,18.15,17.73,17.85,17.78
2017-05-04 18:10:00-05:00,17.182554,16.210108,24.100525,14.300657,15.451971,21.271795,11.918055,14.262308,857559.0,22.06,0.0,27.55,25.74,25.69,16.54,307.6,0.0,0.0,0.0,0.0,0.0,0.0,0.0,0.0,306.2,307.0,3.867,-0.3,1.0,2.0,2.0,1.0,0.0,274.0,277.0,277.0,276.0,0.648,0.0,1.21,1.038,-0.192,1.407,0.0,6000.0,403526.0,123.0,402.0,59.96,7.0,43.0,52.0,56.0,16.64,17.9,27.73,1.305,2.192,2.35,60.0,59.5,75.6,1.0,275.9,275.9,275.0,1.127,0.214,1.148,1915.0,415938.0,13178.0,1912.0,0.982,0.818,0.791,0.836,1.417,1.415,1.417,1.062,0.436,0.435,0.436,0.327,0.0,0.0,0.0,0.0,2.68,103.4,32.22,6.0,3.503,2.0,-1.0,13.47,0.004,0.28,3.0,2.0,0.0,0.001,18.03,17.43,17.8,17.6,18.15,17.52,18.24,17.9,17.21,17.63,17.38,18.5,18.01,18.28,18.29,18.07,17.66,17.78,17.71
2017-05-04 18:11:00-05:00,15.328322,14.081508,22.205643,12.579283,13.64924,19.46623,10.538068,12.6121235,857560.0,22.03,0.0,25.53,23.85,23.89,16.53,306.8,0.0,0.0,0.0,0.0,0.0,0.0,0.0,0.0,305.4,306.2,3.1,-0.3,0.967,1.65,2.0,1.0,0.0,274.0,277.0,277.0,276.0,0.637,0.0,1.11,0.898,-0.268,1.358,0.0,6000.0,403526.0,123.0,402.0,59.97,7.0,43.0,52.0,56.0,16.57,17.81,25.9,1.202,2.075,2.248,60.0,59.5,75.6,1.0,275.9,275.9,275.0,1.013,0.264,1.047,1915.0,415939.0,13178.0,1912.0,0.967,0.818,0.791,0.836,1.321,1.321,1.321,0.99,0.405,0.405,0.405,0.304,0.0,0.0,0.0,0.0,2.082,98.3,36.46,4.5,3.502,2.0,-1.0,13.66,0.003,0.28,3.0,2.0,0.0,0.0,17.92,17.37,17.72,17.54,18.06,17.42,18.19,17.82,17.14,17.52,17.29,18.41,17.93,18.21,18.21,18.0,17.6,17.71,17.64
2017-05-04 18:12:00-05:00,13.103242,11.625431,19.95547,10.328253,11.331445,17.322123,9.158084,10.4904585,857561.0,22.0,0.0,23.34,21.57,21.67,16.53,311.5,0.0,0.0,0.0,0.0,0.0,0.0,0.0,0.0,310.1,311.1,3.0,-0.3,0.133,1.0,1.8,0.8,0.0,273.5,276.4,277.0,275.2,0.635,0.0,1.008,0.792,-0.278,1.168,0.0,6000.0,403526.0,123.0,402.0,59.97,7.0,43.0,52.0,56.0,16.58,17.7,23.75,1.038,1.872,2.078,60.0,59.5,75.6,1.0,275.1,275.1,274.1,0.891,0.297,0.939,1915.0,415939.0,13178.0,1913.0,0.949,0.818,0.791,0.836,1.199,1.198,1.199,0.898,0.374,0.373,0.373,0.28,0.0,0.0,0.0,0.0,1.97,105.8,34.63,4.0,3.502,2.0,-1.0,13.66,0.003,0.28,3.0,2.0,0.0,0.0,17.82,17.28,17.68,17.47,17.98,17.36,18.09,17.73,17.11,17.44,17.22,18.34,17.88,18.16,18.12,17.92,17.54,17.64,17.55
2017-05-04 18:13:00-05:00,11.619857,10.151786,18.53431,9.268944,10.043779,16.532188,8.907177,9.901106,857562.0,21.97,0.0,22.02,20.77,20.84,16.53,311.6,0.0,0.0,0.0,0.0,0.0,0.0,0.0,0.0,310.1,311.1,2.933,-0.3,0.0,1.0,1.0,0.0,0.0,273.1,276.2,277.0,275.0,0.643,0.0,0.903,0.738,-0.123,1.1,0.0,6000.0,403526.0,123.0,402.0,59.95,7.0,43.0,52.0,56.0,16.57,17.65,22.47,0.933,1.8,1.938,60.0,59.5,75.6,1.0,275.0,275.0,274.0,0.817,0.181,0.838,1915.0,415939.0,13178.0,1913.0,0.975,0.818,0.791,0.836,1.133,1.132,1.133,0.849,0.353,0.353,0.353,0.264,0.0,0.0,0.0,0.0,2.2,119.0,31.08,4.6,3.502,2.0,-1.0,13.66,0.003,0.28,3.0,2.0,0.0,0.0,17.74,17.25,17.57,17.38,17.86,17.3,18.05,17.68,17.07,17.39,17.16,18.3,17.88,18.14,18.06,17.85,17.49,17.58,17.49
2017-05-04 18:14:00-05:00,11.0017805,9.496832,17.823729,8.871705,9.657482,16.193647,8.154458,9.665367,857563.0,21.95,0.0,21.31,20.31,20.4,16.53,311.4,0.0,0.0,0.0,0.0,0.0,0.0,0.0,0.0,310.0,311.0,2.7,-0.3,0.0,1.0,1.0,0.0,0.0,273.1,276.4,277.0,275.1,0.658,0.0,0.865,0.667,-0.247,1.1,0.0,6000.0,403526.0,123.0,402.0,59.97,7.0,43.0,52.0,56.0,16.49,17.56,21.65,0.977,1.708,1.938,60.0,59.5,75.6,1.0,275.0,275.0,274.0,0.772,0.276,0.82,1915.0,415939.0,13178.0,1913.0,0.942,0.818,0.791,0.836,1.098,1.097,1.098,0.822,0.342,0.342,0.342,0.256,0.0,0.0,0.0,0.0,1.478,68.74,41.56,2.8,3.502,2.0,-1.0,13.66,0.003,0.28,3.0,2.0,0.0,0.0,17.66,17.2,17.54,17.34,17.78,17.23,17.95,17.61,17.02,17.37,17.1,18.25,17.85,18.09,18.01,17.81,17.45,17.54,17.44
2017-05-04 18:15:00-05:00,10.630933,9.005617,17.586868,8.474463,9.399948,15.742255,7.903553,9.193885,857564.0,21.92,0.0,21.12,20.16,20.24,16.5,310.7,0.0,0.0,0.0,0.0,0.0,0.0,0.0,0.0,309.4,310.3,2.55,-0.3,0.0,1.0,1.0,0.0,0.0,273.0,276.2,276.9,275.0,0.665,0.0,0.848,0.672,-0.173,1.1,0.0,6000.0,403526.0,123.0,402.0,59.95,7.0,43.0,52.0,55.38,16.49,17.5,21.28,0.902,1.722,1.9,60.0,59.5,75.6,1.0,275.0,275.0,274.0,0.756,0.209,0.786,1915.0,415939.0,13178.0,1913.0,0.962,0.818,0.791,0.836,1.083,1.082,1.084,0.811,0.337,0.336,0.337,0.252,0.0,0.0,0.0,0.0,2.113,98.9,35.41,4.4,3.502,2.0,-1.0,13.48,-0.007,0.28,1.0,2.0,0.0,0.001,17.63,17.19,17.47,17.28,17.73,17.2,17.93,17.54,16.96,17.28,17.04,18.19,17.78,18.04,17.95,17.76,17.42,17.49,17.4
2017-05-04 18:16:00-05:00,10.136472,8.841878,16.994719,8.209638,9.013648,15.290865,7.4017396,8.604533,857565.0,21.89,0.0,20.51,19.54,19.62,16.5,310.9,0.0,0.0,0.0,0.0,0.0,0.0,0.0,0.0,309.6,310.5,2.3,-0.3,0.0,1.0,1.0,0.0,0.0,273.1,276.3,277.0,275.0,0.652,0.0,0.813,0.61,-0.118,1.093,0.0,6000.0,403526.0,123.0,402.0,59.95,7.0,43.0,52.0,55.0,16.47,17.43,20.78,0.9,1.74,1.893,60.0,59.5,75.6,1.0,275.0,275.0,274.0,0.732,0.171,0.754,1915.0,415939.0,13178.0,1913.0,0.971,0.818,0.791,0.836,1.061,1.06,1.061,0.795,0.33,0.33,0.33,0.247,0.0,0.0,0.0,0.0,1.66,66.13,21.85,2.6,3.502,2.0,-1.0,13.66,0.014,0.28,3.0,2.0,0.0,0.0,17.56,17.09,17.39,17.18,17.69,17.12,17.85,17.48,16.9,17.29,16.97,18.13,17.7,17.98,17.87,17.71,17.37,17.44,17.34
2017-05-04 18:17:00-05:00,8.900316,7.3682313,15.573556,6.885503,7.725985,13.936691,6.147207,7.3079605,857566.0,21.86,0.0,19.05,18.08,18.24,16.47,314.7,0.0,0.0,0.0,0.0,0.0,0.0,0.0,0.0,313.4,314.3,2.0,-0.3,0.0,1.0,1.0,0.0,0.0,273.1,276.2,276.8,275.0,0.655,0.0,0.772,0.53,-0.178,1.052,0.0,6000.0,403526.0,123.0,402.0,59.96,7.0,43.0,52.0,55.0,16.48,17.36,19.37,0.9,1.657,1.832,60.0,59.5,75.6,1.0,275.0,275.0,274.0,0.65,0.238,0.692,1915.0,415939.0,13178.0,1913.0,0.939,0.818,0.791,0.836,0.982,0.98,0.982,0.735,0.309,0.308,0.309,0.231,0.0,0.0,0.0,0.0,2.25,98.7,36.18,4.4,3.502,2.0,-1.0,13.66,0.003,0.28,3.0,2.0,0.0,0.0,17.46,17.06,17.36,17.2,17.6,17.09,17.82,17.42,16.89,17.2,16.92,18.07,17.68,17.93,17.82,17.66,17.34,17.4,17.29
2017-05-04 18:18:00-05:00,6.922468,5.4033704,13.5602455,5.031713,5.665723,12.018282,4.014503,5.4220347,857567.0,21.83,0.0,16.94,16.15,16.34,16.45,317.6,0.0,0.0,0.0,0.0,0.0,0.0,0.0,0.0,316.2,317.2,1.933,-0.3,0.0,1.0,1.0,0.0,0.0,273.0,276.2,276.9,275.0,0.643,0.0,0.598,0.46,-0.075,0.977,0.0,6000.0,403526.0,123.0,402.0,59.94,7.0,43.0,52.0,55.0,16.51,17.31,17.35,0.9,1.6,1.728,60.0,59.5,75.6,1.0,275.0,275.0,274.0,0.532,0.143,0.552,1915.0,415939.0,13178.0,1913.0,0.966,0.818,0.791,0.836,0.871,0.87,0.87,0.652,0.277,0.276,0.276,0.207,0.0,0.0,0.0,0.0,2.795,102.4,16.45,4.8,3.503,2.0,-1.0,13.66,0.003,0.28,3.0,2.0,0.0,0.0,17.43,17.07,17.26,17.1,17.52,16.99,17.75,17.36,16.83,17.15,16.86,18.0,17.61,17.86,17.75,17.6,17.27,17.34,17.24
2017-05-04 18:19:00-05:00,5.0682364,3.2747695,11.428503,3.0455103,3.7342265,9.987021,2.258158,3.65398,857568.0,21.8,0.0,14.9,14.1,14.31,16.43,317.3,0.0,0.0,0.0,0.0,0.0,0.0,0.0,0.0,315.8,316.8,1.117,-0.3,0.0,1.0,1.0,0.0,0.0,273.1,276.2,276.8,275.0,0.64,0.0,0.482,0.302,-0.082,0.898,0.0,6000.0,403526.0,123.0,402.0,59.94,7.0,43.0,52.0,55.0,16.48,17.24,15.36,0.9,1.503,1.62,60.0,59.5,75.6,1.0,275.0,275.0,274.0,0.406,0.152,0.434,1915.0,415939.0,13178.0,1913.0,0.933,0.818,0.791,0.836,0.765,0.763,0.764,0.572,0.243,0.242,0.242,0.182,0.0,0.0,0.0,0.0,1.94,82.4,41.49,4.1,3.503,2.0,-1.0,13.66,0.003,0.28,3.0,2.0,0.0,0.0,17.35,17.01,17.18,17.07,17.47,17.02,17.66,17.3,16.8,17.08,16.8,17.93,17.55,17.8,17.68,17.54,17.21,17.29,17.17
2017-05-04 18:20:00-05:00,3.58485,1.637385,10.007343,1.7213756,2.1890292,8.63285,1.3799857,2.3574064,857569.0,21.77,0.0,13.83,13.09,13.25,16.42,308.8,0.0,0.0,0.0,0.0,0.0,0.0,0.0,0.0,307.5,308.4,1.0,-0.3,0.0,1.0,1.0,0.0,0.0,273.0,276.0,276.3,275.0,0.643,0.0,0.413,0.203,-0.127,0.82,0.0,6000.0,403526.0,123.0,402.0,59.95,7.0,43.0,52.0,55.0,16.51,17.2,13.95,0.9,1.402,1.557,60.0,59.5,75.6,1.0,275.0,275.0,274.0,0.31,0.187,0.362,1915.0,415939.0,13178.0,1913.0,0.857,0.818,0.791,0.836,0.697,0.696,0.697,0.522,0.215,0.215,0.215,0.161,0.0,0.0,0.0,0.0,1.49,82.3,29.62,2.7,3.502,2.0,-1.0,13.66,0.005,0.28,3.0,2.0,0.0,0.0,17.27,16.98,17.18,17.01,17.39,16.91,17.64,17.24,16.76,17.06,16.75,17.86,17.49,17.74,17.61,17.49,17.19,17.23,17.12
2017-05-04 18:21:00-05:00,2.966772,1.3099086,9.533624,1.1917214,1.6739634,8.294306,1.2545322,2.1216662,857570.0,21.74,0.0,13.02,12.51,12.7,16.43,308.8,0.0,0.0,0.0,0.0,0.0,0.0,0.0,0.0,307.6,308.4,1.0,-0.313,0.0,1.0,1.0,0.0,0.0,273.0,276.0,276.2,275.0,0.642,0.0,0.372,0.2,-0.062,0.805,0.0,6000.0,403526.0,123.0,402.0,59.94,7.0,43.0,52.0,54.23,16.51,17.14,13.52,0.885,1.4,1.5,60.0,59.5,75.6,1.0,275.0,275.0,274.0,0.278,0.147,0.315,1915.0,415939.0,13178.0,1913.0,0.884,0.818,0.791,0.836,0.671,0.67,0.67,0.502,0.207,0.207,0.207,0.155,0.0,0.0,0.0,0.0,1.343,70.83,32.49,2.7,3.502,2.0,-1.0,13.55,0.002,0.279,1.0,2.0,0.0,0.001,17.27,16.89,17.12,16.97,17.36,16.89,17.58,17.2,16.74,17.0,16.72,17.81,17.46,17.7,17.56,17.44,17.16,17.19,17.08
2017-05-04 18:22:00-05:00,3.2140036,1.3099086,9.770482,1.5889618,1.9314969,8.63285,1.7563452,2.475277,857571.0,21.72,0.0,13.26,12.8,13.02,16.42,312.1,0.0,0.0,0.0,0.0,0.0,0.0,0.0,0.0,310.5,311.2,1.0,-0.318,0.0,1.0,1.0,0.0,0.0,273.0,276.0,276.5,275.0,0.64,0.0,0.38,0.198,-0.095,0.81,0.0,6000.0,403526.0,123.0,402.0,59.94,7.0,42.87,52.0,54.0,16.53,17.13,13.76,0.893,1.398,1.52,60.0,59.5,75.6,1.0,275.0,275.0,274.0,0.292,0.171,0.34,1915.0,415939.0,13178.0,1913.0,0.862,0.818,0.791,0.836,0.68,0.679,0.679,0.509,0.212,0.212,0.212,0.159,0.0,0.0,0.0,0.0,0.923,108.4,46.76,2.2,3.502,2.0,-1.0,13.66,0.003,0.28,3.0,2.0,0.0,0.0,17.27,16.88,17.1,16.92,17.34,16.86,17.56,17.16,16.7,16.94,16.67,17.76,17.43,17.65,17.51,17.39,17.1,17.15,17.03
2017-05-04 18:23:00-05:00,3.7084658,1.8011239,10.244204,2.1186159,2.4465625,9.309936,2.258158,2.9467583,857572.0,21.69,0.0,13.84,13.43,13.65,16.42,319.8,0.0,0.0,0.0,0.0,0.0,0.0,0.0,0.0,318.5,319.3,1.0,-0.35,0.0,1.0,1.0,0.0,0.0,273.0,276.0,276.3,275.0,0.628,0.0,0.432,0.202,-0.118,0.842,0.0,6000.0,403526.0,123.0,402.0,59.94,7.0,42.53,52.0,54.0,16.52,17.09,14.35,0.862,1.402,1.537,60.0,59.5,75.6,1.0,275.0,275.0,274.0,0.328,0.175,0.372,1915.0,415939.0,13178.0,1913.0,0.88,0.818,0.791,0.836,0.7,0.698,0.699,0.524,0.224,0.223,0.223,0.167,0.0,0.0,0.0,0.0,1.757,61.74,22.34,3.3,3.502,2.0,-1.0,13.66,0.003,0.28,3.0,2.0,0.0,0.0,17.17,16.88,17.09,16.89,17.26,16.86,17.53,17.12,16.67,16.93,16.64,17.72,17.37,17.61,17.46,17.36,17.08,17.12,16.99
2017-05-04 18:24:00-05:00,4.821005,2.947293,11.546934,3.1779242,3.4766932,10.438414,3.3872364,4.007591,857573.0,21.66,0.0,15.06,14.52,14.79,16.39,327.6,0.0,0.0,0.0,0.0,0.0,0.0,0.0,0.0,326.5,327.4,1.183,-0.393,0.0,1.0,1.0,0.0,0.0,273.0,276.0,276.9,275.0,0.642,0.0,0.507,0.288,-0.195,0.885,0.0,6000.0,403526.0,123.0,402.0,59.96,7.0,42.37,52.0,54.0,16.48,17.07,15.53,0.875,1.438,1.667,60.0,59.5,75.6,1.0,275.0,275.0,274.0,0.406,0.244,0.475,1915.0,415939.0,13178.0,1913.0,0.859,0.818,0.791,0.836,0.755,0.754,0.755,0.566,0.247,0.247,0.247,0.185,0.0,0.0,0.0,0.0,1.03,77.6,73.26,2.1,3.503,2.0,-1.0,13.66,0.003,0.28,3.0,2.0,0.0,0.0,17.17,16.88,17.04,16.8,17.25,16.88,17.46,17.08,16.64,16.94,16.59,17.67,17.35,17.56,17.43,17.31,17.04,17.08,16.95
2017-05-04 18:25:00-05:00,6.180775,4.257201,12.849664,4.634473,4.8931236,11.792585,4.3908625,5.1862946,857574.0,21.63,0.0,16.36,15.75,16.08,16.39,323.4,0.0,0.0,0.0,0.0,0.0,0.0,0.0,0.0,322.1,323.0,1.95,-0.377,0.0,1.0,1.0,0.0,0.0,273.0,276.0,276.6,275.0,0.643,0.0,0.578,0.4,-0.155,0.953,0.0,6000.0,403526.0,123.0,402.0,59.95,7.0,42.7,52.0,54.0,16.44,17.05,16.76,0.93,1.565,1.732,60.0,59.5,75.6,1.0,275.0,275.0,274.0,0.5,0.201,0.543,1915.0,415939.0,13178.0,1913.0,0.921,0.818,0.791,0.836,0.836,0.835,0.837,0.626,0.27,0.27,0.271,0.203,0.0,0.0,0.0,0.0,2.527,95.9,34.86,4.9,3.502,2.0,-1.0,13.66,0.003,0.28,3.0,2.0,0.0,0.0,17.17,16.85,17.04,16.83,17.27,16.8,17.46,17.03,16.62,16.94,16.55,17.64,17.32,17.53,17.39,17.28,17.0,17.04,16.91
2017-05-04 18:26:00-05:00,6.4280066,4.584677,13.204955,4.766886,5.2794237,11.792585,4.3908625,5.3041644,857575.0,21.6,0.0,16.6,15.92,16.15,16.38,321.9,0.0,0.0,0.0,0.0,0.0,0.0,0.0,0.0,320.7,321.5,1.933,-0.342,0.0,1.0,1.0,0.0,0.0,273.0,276.0,276.7,275.0,0.642,0.0,0.578,0.415,-0.137,0.953,0.0,6000.0,403526.0,123.0,402.0,59.95,7.0,42.02,52.0,54.0,16.43,16.99,16.85,0.9,1.6,1.702,60.0,59.5,75.6,1.0,275.0,275.0,274.0,0.507,0.194,0.544,1915.0,415939.0,13178.0,1913.0,0.931,0.818,0.791,0.836,0.845,0.842,0.844,0.632,0.272,0.271,0.272,0.203,0.0,0.0,0.0,0.0,2.407,92.7,33.5,5.5,3.502,2.0,-1.0,13.57,0.003,0.28,3.0,2.0,0.0,0.0,17.11,16.78,17.06,16.85,17.24,16.78,17.45,16.99,16.6,16.92,16.51,17.6,17.3,17.5,17.35,17.23,16.97,17.02,16.88
2017-05-04 18:27:00-05:00,6.5516214,4.7484164,13.323385,4.766886,5.2794237,11.905434,4.516316,5.4220347,857576.0,21.57,0.0,16.55,15.83,16.0,16.39,322.5,0.0,0.0,0.0,0.0,0.0,0.0,0.0,0.0,321.2,322.0,1.9,-0.348,0.0,1.0,1.0,0.0,0.0,273.0,276.0,276.7,275.0,0.638,0.0,0.578,0.427,-0.218,0.99,0.0,6000.0,403526.0,123.0,402.0,59.96,7.0,42.0,52.0,54.0,16.41,16.96,16.96,0.948,1.585,1.767,60.0,59.5,75.6,1.0,275.0,275.0,274.0,0.51,0.256,0.572,1915.0,415939.0,13178.0,1913.0,0.891,0.818,0.791,0.836,0.849,0.847,0.849,0.635,0.274,0.273,0.274,0.205,0.0,0.0,0.0,0.0,1.677,91.7,30.31,3.5,3.502,2.0,-1.0,13.66,0.003,0.28,3.0,2.0,0.0,0.0,17.07,16.78,16.96,16.86,17.17,16.76,17.38,16.96,16.58,16.88,16.48,17.56,17.27,17.47,17.31,17.19,16.95,16.98,16.84
2017-05-04 18:28:00-05:00,7.41693,5.730847,14.270826,5.826195,6.1807885,12.921063,5.5199413,6.3649974,857577.0,21.54,0.0,17.54,16.74,16.97,16.39,321.6,0.0,0.0,0.0,0.0,0.0,0.0,0.0,0.0,320.3,321.3,2.0,-0.33,0.0,1.0,1.0,0.0,0.0,273.0,276.0,276.5,275.0,0.643,0.0,0.663,0.497,-0.085,0.998,0.0,6000.0,403526.0,123.0,402.0,59.94,7.0,42.0,52.0,53.43,16.39,16.91,17.85,0.9,1.605,1.718,60.0,59.5,75.6,1.0,275.0,275.0,274.0,0.573,0.149,0.593,1915.0,415939.0,13178.0,1913.0,0.966,0.818,0.791,0.836,0.899,0.898,0.899,0.673,0.289,0.289,0.289,0.216,0.0,0.0,0.0,0.0,1.985,72.08,24.2,3.9,3.502,2.0,-1.0,13.66,0.003,0.28,3.0,2.0,0.0,0.0,17.07,16.71,16.98,16.78,17.14,16.72,17.37,16.93,16.58,16.87,16.46,17.53,17.24,17.44,17.28,17.17,16.94,16.97,16.82
2017-05-04 18:29:00-05:00,8.405855,6.7132783,15.099836,6.4882617,7.0821533,13.598149,6.2726603,7.1900897,857578.0,21.51,0.0,18.24,17.44,17.72,16.35,326.4,0.0,0.0,0.0,0.0,0.0,0.0,0.0,0.0,325.2,326.1,2.0,-0.352,0.0,1.0,1.0,0.0,0.0,273.0,276.0,276.3,275.0,0.622,0.0,0.717,0.5,-0.053,1.012,0.0,6000.0,403526.0,123.0,402.0,59.94,7.0,42.0,52.0,53.0,16.41,16.89,18.46,0.87,1.657,1.747,60.0,59.5,75.6,1.0,275.0,275.0,274.0,0.609,0.131,0.623,1915.0,415939.0,13178.0,1913.0,0.977,0.818,0.791,0.836,0.916,0.916,0.918,0.687,0.299,0.299,0.299,0.224,0.0,0.0,0.0,0.0,1.745,87.8,60.21,3.5,3.502,2.0,-1.0,13.66,0.003,0.28,3.0,2.0,0.0,0.0,17.01,16.72,16.95,16.78,17.12,16.69,17.37,16.91,16.58,16.84,16.44,17.51,17.22,17.42,17.26,17.15,16.93,16.95,16.8
2017-05-04 18:30:00-05:00,8.158624,6.5495396,14.744546,6.355849,6.8246202,13.372454,5.645394,6.7186084,857579.0,21.49,0.0,17.85,17.14,17.37,16.36,332.7,0.0,0.0,0.0,0.0,0.0,0.0,0.0,0.0,331.5,332.4,2.0,-0.4,0.0,1.0,1.0,0.0,0.0,273.0,276.0,276.1,275.0,0.625,0.0,0.697,0.5,-0.077,0.982,0.0,6000.0,403526.0,123.0,402.0,59.94,7.0,42.0,52.0,53.0,16.47,16.87,18.02,0.818,1.6,1.708,60.0,59.5,75.6,1.0,275.0,275.0,274.0,0.587,0.141,0.604,1915.0,415939.0,13178.0,1913.0,0.972,0.818,0.791,0.836,0.886,0.885,0.886,0.664,0.295,0.294,0.295,0.221,0.0,0.0,0.0,0.0,1.778,84.5,37.91,3.0,3.503,2.0,-1.0,13.66,0.003,0.28,3.0,2.0,0.0,0.0,16.98,16.7,16.88,16.78,17.07,16.69,17.32,16.89,16.55,16.84,16.42,17.48,17.2,17.4,17.24,17.14,16.92,16.93,16.78
2017-05-04 18:31:00-05:00,6.5516214,4.7484164,13.086525,4.766886,5.4081893,11.679738,3.8890493,5.1862946,857580.0,21.45,0.0,16.22,15.48,15.7,16.36,330.5,0.0,0.0,0.0,0.0,0.0,0.0,0.0,0.0,329.1,330.1,1.5,-0.4,0.0,1.0,1.0,0.0,0.0,273.0,276.0,276.7,275.0,0.622,0.0,0.548,0.382,-0.17,0.92,0.0,6000.0,403526.0,123.0,402.0,59.95,7.0,42.0,52.0,53.0,16.45,16.83,16.39,0.83,1.507,1.693,60.0,59.5,75.6,1.0,275.0,275.0,274.0,0.481,0.211,0.528,1915.0,415939.0,13178.0,1913.0,0.909,0.818,0.791,0.836,0.807,0.807,0.808,0.605,0.267,0.267,0.267,0.2,0.0,0.0,0.0,0.0,1.318,89.5,35.75,2.8,3.502,2.0,-1.0,13.6,0.024,0.279,1.0,2.0,0.0,0.001,16.96,16.69,16.88,16.72,17.06,16.67,17.28,16.87,16.53,16.82,16.4,17.45,17.18,17.38,17.2,17.11,16.88,16.9,16.75
2017-05-04 18:32:00-05:00,4.697389,2.7835543,11.073215,2.9130976,3.4766932,9.761328,2.3836114,3.5361102,857581.0,21.43,0.0,14.39,13.64,13.89,16.36,329.3,0.0,0.0,0.0,0.0,0.0,0.0,0.0,0.0,328.1,329.0,1.0,-0.392,0.0,1.0,1.0,0.0,0.0,273.1,276.0,276.7,275.0,0.643,0.0,0.463,0.235,-0.108,0.823,0.0,6000.0,403526.0,123.0,402.0,59.95,7.0,42.0,52.0,53.0,16.47,16.82,14.62,0.83,1.402,1.548,60.0,59.5,75.6,1.0,275.0,275.0,274.0,0.351,0.183,0.4,1915.0,415939.0,13178.0,1913.0,0.887,0.818,0.791,0.836,0.705,0.703,0.704,0.527,0.232,0.231,0.232,0.174,0.0,0.0,0.0,0.0,2.01,122.2,48.74,3.8,3.5,2.0,-1.0,13.6,-0.018,0.28,1.0,2.0,0.0,0.001,16.88,16.69,16.88,16.69,17.04,16.59,17.3,16.84,16.51,16.81,16.36,17.41,17.14,17.36,17.16,17.07,16.87,16.87,16.72
2017-05-04 18:33:00-05:00,4.326543,2.292339,10.717923,2.64827,3.090394,9.535632,2.3836114,3.4182396,857582.0,21.4,0.0,14.06,13.51,13.74,16.39,322.7,0.0,0.0,0.0,0.0,0.0,0.0,0.0,0.0,321.5,322.5,1.0,-0.358,0.0,1.0,1.0,0.0,0.0,273.0,276.0,276.4,275.0,0.627,0.0,0.425,0.207,-0.082,0.815,0.0,6000.0,403526.0,123.0,402.0,59.94,7.0,42.0,52.0,53.0,16.47,16.78,14.31,0.837,1.395,1.523,60.0,59.5,75.6,1.0,275.0,275.0,274.0,0.329,0.152,0.363,1915.0,415939.0,13178.0,1913.0,0.906,0.818,0.791,0.836,0.698,0.697,0.698,0.522,0.225,0.225,0.225,0.168,0.0,0.0,0.0,0.0,1.265,73.89,50.94,3.2,3.503,2.0,-1.0,13.66,0.003,0.28,3.0,2.0,0.0,0.0,16.88,16.69,16.88,16.69,16.98,16.59,17.28,16.82,16.49,16.76,16.35,17.37,17.1,17.33,17.13,17.06,16.85,16.86,16.7
2017-05-04 18:34:00-05:00,4.5737743,2.7835543,10.954783,2.9130976,3.4766932,9.874176,2.6345174,3.65398,857583.0,21.37,0.0,14.24,13.74,13.89,16.37,330.3,0.0,0.0,0.0,0.0,0.0,0.0,0.0,0.0,328.9,329.9,1.0,-0.382,0.0,1.0,1.0,0.0,0.0,273.0,276.0,276.1,275.0,0.638,0.0,0.432,0.212,-0.087,0.815,0.0,6000.0,403526.0,123.0,402.0,59.94,7.0,42.0,51.97,53.0,16.5,16.79,14.45,0.822,1.392,1.513,60.0,59.5,75.6,1.0,275.0,275.0,274.0,0.329,0.155,0.364,1915.0,415939.0,13178.0,1913.0,0.9,0.818,0.791,0.836,0.683,0.682,0.683,0.512,0.225,0.225,0.225,0.169,0.0,0.0,0.0,0.0,1.81,84.3,26.23,3.3,3.503,2.0,-1.0,13.66,0.003,0.28,3.0,2.0,0.0,0.0,16.88,16.67,16.8,16.69,16.98,16.59,17.32,16.8,16.48,16.74,16.34,17.36,17.11,17.32,17.12,17.03,16.83,16.84,16.68
2017-05-04 18:35:00-05:00,4.697389,2.947293,10.954783,3.1779242,3.4766932,9.874176,2.6345174,3.65398,857584.0,21.34,0.0,14.2,13.75,13.93,16.36,323.8,0.0,0.0,0.0,0.0,0.0,0.0,0.0,0.0,322.6,323.5,1.0,-0.372,0.0,1.0,1.0,0.0,0.0,273.0,276.1,276.8,275.0,0.658,0.0,0.457,0.207,-0.21,0.833,0.0,6000.0,403526.0,123.0,402.0,59.96,7.0,42.0,51.28,53.0,16.49,16.77,14.41,0.897,1.4,1.592,60.0,59.5,75.6,1.0,275.0,275.0,274.0,0.347,0.243,0.424,1915.0,415939.0,13178.0,1913.0,0.819,0.818,0.791,0.836,0.712,0.711,0.712,0.533,0.23,0.23,0.23,0.173,0.0,0.0,0.0,0.0,1.502,109.7,21.94,2.3,3.502,2.0,-1.0,13.66,0.003,0.28,3.0,2.0,0.0,0.0,16.88,16.64,16.78,16.69,16.98,16.59,17.29,16.78,16.46,16.72,16.32,17.33,17.09,17.3,17.09,17.02,16.81,16.83,16.66
2017-05-04 18:36:00-05:00,4.079312,2.292339,10.362634,2.5158572,2.9616275,9.309936,1.8817986,3.0646288,857585.0,21.31,0.0,13.46,13.12,13.36,16.37,314.7,0.0,0.0,0.0,0.0,0.0,0.0,0.0,0.0,313.3,314.2,1.0,-0.33,0.0,1.0,1.0,0.0,0.0,273.0,276.0,276.5,275.0,0.667,0.0,0.392,0.207,-0.15,0.817,0.0,6000.0,403526.0,123.0,402.0,59.95,7.0,42.0,51.0,53.0,16.41,16.76,13.74,0.883,1.393,1.557,60.0,59.5,75.6,1.0,275.0,275.0,274.0,0.311,0.213,0.379,1915.0,415939.0,13178.0,1913.0,0.822,0.818,0.791,0.836,0.691,0.69,0.692,0.518,0.217,0.217,0.218,0.163,0.0,0.0,0.0,0.0,1.785,66.63,32.74,3.3,3.502,2.0,-1.0,13.66,0.003,0.28,3.0,2.0,0.0,0.0,16.9,16.59,16.78,16.69,16.89,16.49,17.2,16.76,16.45,16.74,16.29,17.32,17.08,17.28,17.07,16.99,16.79,16.81,16.64
2017-05-04 18:37:00-05:00,2.966772,1.1461698,9.059902,1.456549,1.6739634,7.955764,0.62726593,1.6501848,857586.0,21.29,0.0,12.23,11.81,12.06,16.4,300.1,0.0,0.0,0.0,0.0,0.0,0.0,0.0,0.0,298.8,299.6,1.0,-0.3,0.0,1.0,1.0,0.0,0.0,273.0,276.0,276.2,275.0,0.653,0.0,0.31,0.165,-0.188,0.8,0.0,6000.0,403526.0,123.0,402.0,59.96,7.0,42.0,51.0,53.0,16.4,16.74,12.48,0.9,1.3,1.5,60.0,59.5,75.6,1.0,275.0,275.0,274.0,0.229,0.251,0.34,1915.0,415939.0,13178.0,1913.0,0.673,0.818,0.791,0.836,0.642,0.64,0.642,0.48,0.193,0.192,0.193,0.144,0.0,0.0,0.0,0.0,1.223,7.386,84.1,2.5,3.502,2.0,-1.0,13.55,0.003,0.279,1.0,2.0,0.0,0.001,16.9,16.6,16.78,16.65,16.88,16.49,17.17,16.73,16.44,16.73,16.27,17.29,17.05,17.24,17.04,16.96,16.77,16.78,16.61
2017-05-04 18:38:00-05:00,2.3486953,0.327477,8.349321,0.66206735,1.1588978,7.278678,0.25090647,1.296574,857587.0,21.26,0.0,11.66,11.13,11.29,16.39,299.2,0.0,0.0,0.0,0.0,0.0,0.0,0.0,0.0,298.0,298.9,1.0,-0.3,0.0,1.0,1.0,0.0,0.0,273.0,276.0,276.0,275.0,0.663,0.0,0.277,0.112,-0.233,0.8,0.0,6000.0,403526.0,123.0,402.0,59.96,7.0,42.0,51.0,52.42,16.4,16.73,11.94,0.922,1.3,1.5,60.0,59.5,75.6,1.0,275.0,275.0,274.0,0.191,0.262,0.325,1915.0,415939.0,13178.0,1913.0,0.591,0.818,0.791,0.836,0.609,0.608,0.609,0.456,0.182,0.182,0.182,0.136,0.0,0.0,0.0,0.0,2.932,93.0,22.28,4.9,3.502,2.0,-1.0,13.66,0.003,0.28,3.0,2.0,0.0,0.0,16.78,16.59,16.77,16.59,16.88,16.49,17.17,16.71,16.42,16.7,16.25,17.25,17.02,17.22,17.0,16.93,16.75,16.75,16.58
2017-05-04 18:39:00-05:00,2.1014638,0.1637388,8.349321,0.52965456,1.1588978,7.16583,0.25090647,1.296574,857588.0,21.23,0.0,11.5,11.09,11.22,16.35,299.3,0.0,0.0,0.0,0.0,0.0,0.0,0.0,0.0,298.0,298.8,1.0,-0.3,0.0,1.0,1.0,0.0,0.0,273.0,276.0,276.4,275.0,0.662,0.0,0.263,0.103,-0.21,0.8,0.0,6000.0,403526.0,123.0,402.0,59.96,7.0,42.0,51.0,52.0,16.4,16.7,11.86,0.95,1.3,1.477,60.0,59.5,75.6,1.0,275.0,275.0,274.0,0.187,0.258,0.319,1915.0,415939.0,13178.0,1913.0,0.591,0.818,0.791,0.836,0.606,0.604,0.605,0.453,0.181,0.181,0.181,0.136,0.0,0.0,0.0,0.0,2.723,108.5,16.99,5.1,3.502,2.0,-1.0,13.66,0.003,0.28,3.0,2.0,0.0,0.0,16.8,16.56,16.69,16.59,16.88,16.49,17.11,16.68,16.41,16.66,16.22,17.21,16.99,17.2,16.97,16.9,16.74,16.72,16.56
2017-05-04 18:40:00-05:00,2.1014638,0.1637388,8.349321,0.66206735,1.1588978,7.16583,0.12545346,1.1787034,857589.0,21.2,0.0,11.52,11.03,11.22,16.34,299.3,0.0,0.0,0.0,0.0,0.0,0.0,0.0,0.0,298.0,298.8,1.0,-0.3,0.0,1.0,1.0,0.0,0.0,273.0,276.0,276.2,275.0,0.653,0.0,0.262,0.105,-0.183,0.8,0.0,6000.0,403526.0,123.0,402.0,59.96,7.0,42.0,51.0,52.0,16.35,16.66,11.88,0.9,1.3,1.49,60.0,59.5,75.6,1.0,275.0,275.0,274.0,0.188,0.24,0.305,1915.0,415939.0,13178.0,1913.0,0.618,0.818,0.791,0.836,0.606,0.605,0.605,0.453,0.181,0.181,0.181,0.136,0.0,0.0,0.0,0.0,1.403,73.96,34.98,2.9,3.503,2.0,-1.0,13.66,0.003,0.28,3.0,2.0,0.0,0.0,16.76,16.49,16.69,16.59,16.86,16.49,17.09,16.65,16.39,16.64,16.19,17.18,16.95,17.17,16.94,16.88,16.71,16.7,16.53
2017-05-04 18:41:00-05:00,2.3486953,0.1637388,8.349321,0.52965456,1.0301319,7.16583,0.25090647,1.296574,857590.0,21.18,0.0,11.62,11.09,11.26,16.32,299.3,0.0,0.0,0.0,0.0,0.0,0.0,0.0,0.0,298.0,298.9,1.0,-0.3,0.0,1.0,1.0,0.0,0.0,273.0,276.0,276.1,275.0,0.652,0.0,0.267,0.128,-0.11,0.8,0.0,6000.0,403526.0,123.0,402.0,59.95,7.0,42.0,51.0,52.0,16.36,16.64,11.9,0.9,1.3,1.417,60.0,59.5,75.6,1.0,275.0,275.0,274.0,0.194,0.189,0.271,1915.0,415939.0,13178.0,1913.0,0.716,0.818,0.791,0.836,0.61,0.607,0.609,0.456,0.182,0.182,0.182,0.136,0.0,0.0,0.0,0.0,1.987,96.7,48.64,3.5,3.502,2.0,-1.0,13.66,0.003,0.28,3.0,2.0,0.0,0.0,16.69,16.49,16.69,16.52,16.8,16.47,17.09,16.62,16.36,16.6,16.16,17.15,16.92,17.14,16.91,16.85,16.68,16.67,16.49
2017-05-04 18:42:00-05:00,1.8542331,0.0,7.8756003,0.26482704,0.64383197,6.9401345,0.0,0.70722204,857591.0,21.15,0.0,11.31,10.87,11.02,16.32,299.2,0.0,0.0,0.0,0.0,0.0,0.0,0.0,0.0,298.0,298.8,0.967,-0.3,0.0,1.0,1.0,0.0,0.0,273.0,276.0,276.0,275.0,0.667,0.0,0.225,0.095,-0.135,0.8,0.0,6000.0,403526.0,123.0,402.0,59.95,7.0,42.0,51.0,52.0,16.3,16.61,11.48,0.9,1.3,1.4,60.0,59.5,75.6,1.0,275.0,275.0,274.0,0.17,0.212,0.272,1915.0,415939.0,13178.0,1913.0,0.625,0.818,0.791,0.836,0.588,0.586,0.587,0.439,0.176,0.175,0.176,0.131,0.0,0.0,0.0,0.0,1.82,92.3,52.98,5.8,3.502,2.0,-1.0,13.5,0.003,0.279,1.0,2.0,0.0,0.001,16.69,16.47,16.65,16.49,16.78,16.41,17.08,16.58,16.32,16.58,16.13,17.11,16.9,17.11,16.87,16.82,16.64,16.64,16.47
2017-05-04 18:43:00-05:00,1.359771,-0.4912152,7.283451,-0.26482704,0.12876669,6.488744,-0.50181246,0.35361123,857592.0,21.12,0.0,10.55,10.18,10.46,16.28,299.2,0.0,0.0,0.0,0.0,0.0,0.0,0.0,0.0,298.0,298.7,0.917,-0.3,0.0,1.0,1.0,0.0,0.0,273.0,276.0,276.2,275.0,0.665,0.0,0.205,0.03,-0.183,0.8,0.0,6000.0,403526.0,123.0,402.0,59.95,7.0,42.0,51.0,52.0,16.31,16.59,10.91,0.932,1.295,1.402,60.0,59.5,75.6,1.0,275.0,275.0,274.0,0.138,0.228,0.267,1915.0,415939.0,13178.0,1913.0,0.519,0.818,0.791,0.836,0.56,0.558,0.559,0.418,0.167,0.167,0.167,0.125,0.0,0.0,0.0,0.0,2.253,78.77,58.45,5.2,3.502,2.0,-1.0,13.66,0.005,0.28,3.0,2.0,0.0,0.0,16.65,16.43,16.59,16.49,16.76,16.39,17.06,16.54,16.3,16.57,16.09,17.05,16.85,17.06,16.81,16.77,16.61,16.6,16.43
2017-05-04 18:44:00-05:00,0.3708468,-1.3099074,6.099149,-0.9268944,-0.77259815,5.3602667,-1.0036254,-0.47148094,857593.0,21.09,0.0,9.37,9.12,9.38,16.25,298.6,0.0,0.0,0.0,0.0,0.0,0.0,0.0,0.0,297.1,298.1,0.15,-0.3,0.0,1.0,1.0,0.0,0.0,273.0,276.0,276.4,275.0,0.677,0.0,0.185,0.0,-0.277,0.8,0.0,6000.0,403526.0,123.0,402.0,59.97,7.0,42.0,51.0,52.0,16.25,16.55,9.69,1.003,1.2,1.44,60.0,59.5,75.6,1.0,275.0,275.0,274.0,0.065,0.323,0.33,1915.0,415939.0,13178.0,1913.0,0.194,0.818,0.791,0.836,0.497,0.496,0.497,0.372,0.148,0.148,0.148,0.111,0.0,0.0,0.0,0.0,2.54,91.6,28.73,5.9,3.503,2.0,-1.0,13.66,0.003,0.279,3.0,2.0,0.0,0.0,16.59,16.39,16.56,16.43,16.69,16.33,16.95,16.5,16.25,16.52,16.04,17.0,16.8,17.01,16.75,16.71,16.57,16.55,16.37
2017-05-04 18:45:00-05:00,-0.74169266,-2.7835536,4.6779885,-1.9862021,-1.8027296,4.231789,-2.1327043,-1.4144436,857594.0,21.07,0.0,7.97,7.793,8.13,16.22,298.3,0.0,0.0,0.0,0.0,0.0,0.0,0.0,0.0,297.0,298.0,0.0,-0.3,0.0,0.967,1.0,0.0,0.0,273.0,276.0,276.3,275.0,0.67,0.0,0.105,-0.055,-0.26,0.8,0.0,6000.0,403526.0,123.0,402.0,59.97,7.0,42.0,51.0,52.0,16.25,16.5,8.3,1.075,1.2,1.393,60.0,59.5,75.6,1.0,275.0,275.0,274.0,-0.017,0.305,0.306,1915.0,415939.0,13178.0,1913.0,-0.064,0.818,0.791,0.836,0.422,0.421,0.423,0.316,0.126,0.126,0.126,0.094,0.0,0.0,0.0,0.0,2.173,120.0,44.19,4.5,3.502,2.0,-1.0,13.66,0.003,0.279,3.0,2.0,0.0,0.0,16.61,16.34,16.49,16.38,16.67,16.3,16.95,16.46,16.22,16.46,16.0,16.95,16.76,16.96,16.71,16.68,16.53,16.51,16.34
2017-05-04 18:46:00-05:00,-1.6070015,-3.6022465,4.2042685,-2.7806833,-2.5753284,3.554703,-2.8854234,-2.2395358,857595.0,21.04,0.0,7.054,6.938,7.299,16.2,290.9,0.0,0.0,0.0,0.0,0.0,0.0,0.0,0.0,289.9,290.4,0.0,-0.252,0.117,1.0,1.0,0.117,0.0,272.9,276.0,276.0,274.8,0.667,0.0,0.035,-0.098,-0.157,0.777,0.0,6000.0,403526.0,123.0,402.0,59.96,7.0,42.0,51.0,52.0,16.22,16.45,7.408,1.08,1.2,1.335,60.0,59.5,75.6,1.0,274.9,275.0,274.0,-0.064,0.254,0.262,1915.0,415939.0,13178.0,1913.0,-0.243,0.818,0.791,0.836,0.38,0.379,0.38,0.284,0.111,0.11,0.111,0.083,0.0,0.0,0.0,0.0,2.932,82.9,47.55,5.7,3.502,2.0,-1.0,13.66,0.003,0.279,3.0,2.0,0.0,0.0,16.49,16.3,16.49,16.33,16.6,16.3,16.98,16.42,16.19,16.45,15.96,16.91,16.72,16.92,16.67,16.64,16.49,16.48,16.3
2017-05-04 18:47:00-05:00,-2.1014633,-4.2572,3.4936879,-3.5751643,-3.3479264,2.9904642,-3.3872364,-2.7110171,857596.0,21.02,0.0,6.666,6.545,6.9,16.17,287.5,0.0,0.0,0.0,0.0,0.0,0.0,0.0,0.0,286.1,287.0,0.0,-0.205,1.0,1.0,1.0,1.0,0.0,272.4,275.6,276.0,274.2,0.655,0.0,0.0,-0.182,-0.293,0.8,0.0,6000.0,403526.0,123.0,402.0,59.98,7.0,42.0,51.0,51.37,16.18,16.41,6.736,1.207,1.2,1.46,60.0,59.5,75.6,1.0,274.4,274.9,274.0,-0.104,0.347,0.363,1915.0,415939.0,13178.0,1913.0,-0.288,0.818,0.791,0.836,0.347,0.346,0.346,0.259,0.1,0.099,0.1,0.075,0.0,0.0,0.0,0.0,2.575,67.15,22.11,4.0,3.502,2.0,-1.0,13.66,0.004,0.279,3.0,2.0,0.0,0.0,16.53,16.3,16.43,16.3,16.56,16.2,16.9,16.39,16.17,16.42,15.93,16.86,16.67,16.88,16.62,16.6,16.46,16.44,16.26
2017-05-04 18:48:00-05:00,-2.966772,-5.2396307,2.6646771,-4.3696456,-4.249292,2.0876827,-4.139956,-3.5361097,857597.0,20.99,0.0,5.543,5.454,5.82,16.15,287.2,0.0,0.0,0.0,0.0,0.0,0.0,0.0,0.0,286.0,286.5,0.0,-0.215,1.0,1.0,1.0,1.0,0.0,272.0,275.5,276.0,274.0,0.682,0.0,-0.008,-0.223,-0.243,0.8,0.0,6000.0,403526.0,123.0,402.0,59.97,7.0,42.0,51.0,51.0,16.19,16.37,5.804,1.26,1.2,1.402,60.0,59.5,75.6,1.0,274.0,274.5,273.9,-0.155,0.307,0.346,1915.0,415939.0,13178.0,1913.0,-0.458,0.818,0.791,0.836,0.297,0.296,0.297,0.222,0.085,0.085,0.085,0.064,0.0,0.0,0.0,0.0,3.487,90.3,22.76,4.9,3.502,2.0,-1.0,13.46,0.003,0.279,3.0,2.0,0.0,0.001,16.46,16.3,16.39,16.3,16.49,16.2,16.89,16.35,16.14,16.37,15.89,16.81,16.62,16.83,16.57,16.56,16.42,16.4,16.22
2017-05-04 18:49:00-05:00,-3.9556959,-6.2220616,1.7172363,-5.1641264,-5.1506567,1.2977488,-4.7672215,-4.361202,857598.0,20.96,0.0,4.628,4.594,4.933,16.17,286.9,0.0,0.0,0.0,0.0,0.0,0.0,0.0,0.0,285.9,286.0,-0.4,-0.208,1.0,1.0,1.0,1.0,0.0,272.0,275.5,276.0,274.0,0.672,0.0,-0.092,-0.293,-0.127,0.8,0.0,6000.0,403526.0,123.0,402.0,59.95,7.0,42.0,51.0,51.0,16.2,16.34,4.925,1.23,1.2,1.33,60.0,59.5,75.6,1.0,274.0,274.3,273.8,-0.202,0.209,0.292,1915.0,415939.0,13178.0,1913.0,-0.703,0.818,0.791,0.836,0.249,0.247,0.248,0.186,0.071,0.071,0.071,0.053,0.0,0.0,1.0,0.0,2.865,108.6,30.28,5.2,3.502,2.0,-1.0,13.66,0.003,0.279,3.0,2.0,0.0,0.0,16.45,16.2,16.34,16.22,16.49,16.1,16.85,16.31,16.12,16.35,15.85,16.77,16.59,16.8,16.53,16.52,16.39,16.37,16.18
2017-05-04 18:50:00-05:00,-4.450158,-6.549539,1.5988064,-5.4289536,-5.4081893,1.0720532,-5.018128,-4.7148128,857599.0,20.94,0.0,4.13,4.188,4.625,16.17,286.6,0.0,0.0,0.0,0.0,0.0,0.0,0.0,0.0,285.6,286.0,-0.6,-0.212,1.0,1.0,1.0,1.0,0.0,272.0,275.1,276.0,274.0,0.665,0.0,-0.092,-0.3,-0.243,0.8,0.0,6000.0,403526.0,123.0,402.0,59.97,7.0,42.0,51.0,51.0,16.21,16.3,4.567,1.3,1.2,1.4,60.0,59.5,75.6,1.0,274.0,274.0,273.6,-0.228,0.31,0.385,1915.0,415939.0,13178.0,1913.0,-0.595,0.818,0.791,0.836,0.229,0.228,0.229,0.171,0.066,0.065,0.066,0.049,1.0,1.0,1.0,0.0,1.687,125.7,26.4,3.2,3.502,2.0,-1.0,13.66,0.003,0.279,3.0,2.0,0.0,0.0,16.47,16.16,16.3,16.2,16.43,16.1,16.79,16.28,16.1,16.34,15.82,16.72,16.56,16.76,16.48,16.48,16.36,16.33,16.14
2017-05-04 18:51:00-05:00,-4.450158,-6.549539,1.5988064,-5.4289536,-5.279423,1.0720532,-4.8926744,-4.5969424,857600.0,20.91,0.0,4.127,4.222,4.635,16.19,286.7,0.0,0.0,0.0,0.0,0.0,0.0,0.0,0.0,285.7,286.0,-0.467,-0.207,1.0,1.0,1.0,1.0,0.0,272.1,275.5,276.0,274.1,0.675,0.0,-0.102,-0.3,-0.265,0.8,0.0,6000.0,403526.0,123.0,402.0,59.97,7.0,42.0,51.0,51.0,16.27,16.27,4.539,1.3,1.2,1.393,60.0,59.5,75.6,1.0,274.0,274.4,273.9,-0.228,0.312,0.387,1915.0,415939.0,13178.0,1913.0,-0.594,0.818,0.791,0.836,0.229,0.228,0.229,0.171,0.066,0.065,0.066,0.049,1.0,1.0,1.0,0.0,1.302,110.9,33.44,2.9,3.502,2.0,-1.0,13.66,0.003,0.279,3.0,2.0,0.0,0.0,16.43,16.14,16.3,16.13,16.39,16.08,16.79,16.25,16.07,16.32,15.79,16.68,16.53,16.72,16.44,16.44,16.34,16.3,16.1
2017-05-04 18:52:00-05:00,-4.450158,-6.549539,1.5988064,-5.4289536,-5.4081893,1.0720532,-4.7672215,-4.5969424,857601.0,20.89,0.0,4.132,4.166,4.636,16.17,286.7,0.0,0.0,0.0,0.0,0.0,0.0,0.0,0.0,285.9,286.0,-0.533,-0.21,1.0,1.0,1.0,1.0,0.0,272.0,275.1,276.0,274.0,0.66,0.0,-0.095,-0.3,-0.087,0.8,0.0,6000.0,403526.0,123.0,402.0,59.94,7.0,42.0,51.0,51.0,16.27,16.21,4.519,1.215,1.2,1.3,60.0,59.5,75.6,1.0,274.0,274.1,273.7,-0.222,0.181,0.287,1915.0,415939.0,13178.0,1913.0,-0.776,0.818,0.791,0.836,0.229,0.228,0.228,0.17,0.066,0.065,0.065,0.049,1.0,1.0,1.0,0.0,1.427,83.9,37.09,2.7,3.503,2.0,-1.0,13.66,0.003,0.279,3.0,2.0,0.0,0.0,16.4,16.14,16.2,16.1,16.34,16.01,16.79,16.2,16.05,16.29,15.76,16.63,16.48,16.68,16.4,16.41,16.31,16.27,16.06
2017-05-04 18:53:00-05:00,-4.450158,-6.549539,1.5988064,-5.29654,-5.4081893,1.2977488,-4.641769,-4.361202,857602.0,20.85,0.0,4.706,4.842,5.058,16.13,286.7,0.0,0.0,0.0,0.0,0.0,0.0,0.0,0.0,285.7,286.0,-0.483,-0.215,1.0,1.0,1.0,1.0,0.0,272.0,275.1,275.9,274.0,0.663,0.0,-0.097,-0.3,-0.053,0.8,0.0,6000.0,403526.0,123.0,402.0,59.94,7.0,41.57,51.0,51.0,16.19,16.17,4.59,1.2,1.207,1.3,60.0,59.5,75.6,1.0,274.0,274.0,273.3,-0.214,0.154,0.264,1915.0,415939.0,13178.0,1913.0,-0.812,0.818,0.791,0.836,0.235,0.234,0.235,0.175,0.067,0.067,0.067,0.05,1.0,1.0,1.0,0.0,3.02,74.78,28.86,4.9,3.502,2.0,-1.0,13.54,-0.003,0.279,1.0,2.0,0.0,0.001,16.37,16.1,16.18,16.1,16.3,16.01,16.69,16.17,16.02,16.28,15.72,16.59,16.46,16.63,16.36,16.36,16.27,16.23,16.02
2017-05-04 18:54:00-05:00,-4.450158,-6.549539,1.4803761,-5.29654,-5.4081893,1.1849009,-4.7672215,-4.5969424,857603.0,20.83,0.0,4.183,4.337,4.699,16.1,346.3,0.0,0.0,0.0,0.0,0.0,0.0,0.0,0.0,344.4,171.5,-1.45,-0.2,0.067,0.067,0.067,0.067,0.0,272.0,275.2,276.0,274.0,0.665,0.0,-0.243,-0.115,-0.04,0.17,0.0,6000.0,403526.0,123.0,402.0,59.95,2.333333,41.78,51.0,51.0,16.15,16.13,4.392,0.095,0.278,0.285,60.0,59.5,75.6,1.0,274.0,274.1,273.6,-0.086,0.042,0.096,1915.0,415939.0,13178.0,1913.0,-0.91,0.818,0.791,0.836,0.016,0.015,0.017,0.011,0.005,0.004,0.005,0.003,1.0,1.0,1.0,0.0,2.508,78.13,23.82,5.5,3.502,2.0,-1.0,13.66,0.003,0.279,3.0,2.0,0.0,0.0,16.3,16.02,16.1,16.01,16.23,15.93,16.63,16.12,15.97,16.2,15.66,16.53,16.41,16.58,16.3,16.31,16.22,16.18,15.97
2017-05-04 18:55:00-05:00,-4.94462,-7.204493,0.7697956,-5.958607,-6.0520215,0.62066245,-5.519941,-5.186294,857604.0,20.8,0.0,3.617,3.755,4.125,16.1,347.3,0.0,0.0,0.0,0.0,0.0,0.0,0.0,0.0,346.1,39.88,-1.417,-0.198,0.0,0.0,0.0,0.0,0.0,272.0,275.1,275.9,274.0,0.667,0.0,-0.122,-0.102,-0.047,0.112,0.0,6000.0,403526.0,123.0,402.0,59.96,2.0,41.33,51.0,50.32,16.11,16.09,3.792,0.0,0.2,0.2,60.0,59.5,75.6,1.0,274.0,274.0,273.3,-0.076,0.032,0.082,1915.0,415939.0,13178.0,1913.0,-0.921,0.818,0.791,0.836,0.0,0.0,0.001,0.0,0.0,0.0,0.0,0.0,1.0,1.0,1.0,0.0,2.447,97.6,43.57,5.4,3.502,2.0,-1.0,13.66,0.003,0.279,3.0,2.0,0.0,0.0,16.21,15.99,16.1,15.97,16.18,15.91,16.59,16.06,15.93,16.15,15.61,16.47,16.35,16.53,16.24,16.25,16.17,16.12,15.91
2017-05-04 18:56:00-05:00,-5.3154664,-7.531969,0.41450527,-6.3558483,-6.4383206,-0.05642397,-5.8963003,-5.6577754,857605.0,20.78,0.0,3.128,3.225,3.625,16.1,344.2,0.0,0.0,0.0,0.0,0.0,0.0,0.0,0.0,343.0,8.93,-1.433,-0.2,0.0,0.0,0.0,0.0,0.0,272.0,275.0,275.3,274.0,0.642,0.0,-0.1,-0.1,-0.057,0.11,0.0,6000.0,403526.0,123.0,402.0,59.97,2.0,41.67,51.0,50.0,16.1,16.05,3.324,0.0,0.2,0.2,60.0,59.5,75.6,1.0,274.0,274.0,273.0,-0.075,0.032,0.082,1915.0,415939.0,13178.0,1913.0,-0.922,0.818,0.791,0.836,0.001,-0.001,0.001,0.0,0.0,0.0,0.0,0.0,1.0,1.0,1.0,0.0,1.973,80.6,58.55,3.9,3.503,2.0,-1.0,13.66,0.003,0.279,3.0,2.0,0.0,0.0,16.21,15.91,16.04,15.91,16.12,15.82,16.58,16.02,15.91,16.14,15.57,16.41,16.31,16.49,16.19,16.2,16.13,16.08,15.87
2017-05-04 18:57:00-05:00,-5.5626974,-8.186923,-0.059215166,-6.6206746,-6.695853,-0.16927171,-6.147207,-5.8935156,857606.0,20.75,0.0,2.88,3.056,3.491,16.1,342.2,0.0,0.0,0.0,0.0,0.0,0.0,0.0,0.0,340.9,1.717,-1.45,-0.198,0.0,0.0,0.0,0.0,0.0,272.0,275.0,275.0,274.0,0.643,0.0,-0.1,-0.102,-0.053,0.103,0.0,6000.0,403526.0,123.0,402.0,59.97,2.0,41.4,51.0,49.5,16.1,15.99,3.006,0.0,0.2,0.2,60.0,59.5,75.6,1.0,274.0,274.0,273.0,-0.075,0.032,0.082,1915.0,415939.0,13178.0,1913.0,-0.921,0.818,0.791,0.836,0.001,0.0,0.001,0.0,0.0,0.0,0.0,0.0,1.0,1.0,1.0,0.0,3.192,107.8,23.0,7.1,3.502,2.0,-1.0,13.66,0.003,0.279,3.0,2.0,0.0,0.0,16.15,15.91,16.01,15.86,16.1,15.81,16.5,15.97,15.86,16.08,15.52,16.36,16.25,16.45,16.13,16.15,16.07,16.02,15.82
2017-05-04 18:58:00-05:00,-6.0571594,-8.350662,-0.5329354,-7.1503286,-7.082153,-0.73351014,-6.6490197,-6.364997,857607.0,20.73,0.0,2.833,3.007,3.356,16.06,338.1,0.0,0.0,0.0,0.0,0.0,0.0,0.0,0.0,336.9,0.05,-1.45,-0.197,0.0,0.0,0.0,0.0,0.0,272.0,275.0,275.0,274.0,0.64,0.0,-0.1,-0.102,-0.043,0.107,0.0,6000.0,403526.0,123.0,402.0,59.96,2.0,41.02,51.0,48.65,16.07,15.93,2.516,0.0,0.2,0.2,60.0,59.5,75.6,1.0,274.0,274.0,273.0,-0.075,0.032,0.082,1915.0,415939.0,13178.0,1913.0,-0.922,0.818,0.791,0.836,0.002,0.0,0.001,0.0,0.001,0.0,0.0,0.0,1.0,1.0,1.0,0.0,2.773,92.8,33.11,5.9,3.502,2.0,-1.0,13.55,-0.006,0.278,1.0,2.0,0.0,0.001,16.09,15.83,15.93,15.83,16.01,15.74,16.46,15.92,15.82,16.01,15.46,16.29,16.18,16.38,16.07,16.08,16.02,15.95,15.74
2017-05-04 18:59:00-05:00,-6.5516214,-9.005616,-1.0066558,-7.679983,-7.725985,-1.2977488,-7.025379,-6.8364787,857608.0,20.7,0.0,1.844,2.045,2.517,16.06,332.5,0.0,0.0,0.0,0.0,0.0,0.0,0.0,0.0,331.4,0.0,-1.4,-0.2,0.0,0.0,0.0,0.0,0.0,272.0,275.0,275.0,274.0,0.645,0.0,-0.078,-0.1,-0.06,0.1,0.0,6000.0,403526.0,123.0,402.0,59.96,2.0,41.0,51.0,48.0,16.0,15.89,2.007,0.0,0.2,0.2,60.0,59.5,75.6,1.0,274.0,274.0,273.0,-0.075,0.032,0.082,1915.0,415939.0,13178.0,1913.0,-0.922,0.818,0.791,0.836,0.001,-0.001,0.001,0.0,0.0,0.0,0.0,0.0,1.0,1.0,1.0,0.0,1.627,61.39,57.11,3.6,3.503,2.0,-1.0,13.55,0.012,0.279,3.0,2.0,0.0,0.0,16.01,15.83,15.89,15.76,15.97,15.71,16.4,15.85,15.78,16.0,15.41,16.22,16.12,16.32,16.0,16.03,15.98,15.91,15.7
2017-05-04 19:00:00-05:00,-7.046084,-9.333093,-1.5988063,-8.077223,-7.9835176,-1.5234442,-7.401739,-7.190089,857609.0,20.67,0.0,1.487,1.603,2.096,16.02,326.5,0.0,0.0,0.0,0.0,0.0,0.0,0.0,0.0,325.4,0.0,-1.533,-0.2,0.0,0.0,0.0,0.0,0.0,272.0,275.0,275.0,274.0,0.66,0.0,-0.032,-0.1,-0.055,0.102,0.0,6000.0,403526.0,123.0,402.0,59.95,2.0,41.0,51.0,48.0,15.97,15.84,1.573,0.0,0.2,0.2,60.0,59.5,75.6,1.0,274.0,274.0,273.0,-0.075,0.032,0.082,1915.0,415939.0,13178.0,1913.0,-0.922,0.818,0.791,0.836,0.001,0.0,0.001,0.0,0.0,0.0,0.0,0.0,1.0,1.0,1.0,0.0,2.138,81.3,56.36,4.9,3.502,2.0,-1.0,13.66,0.003,0.279,3.0,2.0,0.0,0.0,15.98,15.73,15.81,15.71,15.91,15.65,16.37,15.82,15.75,15.96,15.37,16.17,16.09,16.28,15.95,15.99,15.96,15.89,15.66
2017-05-04 19:01:00-05:00,-7.293315,-9.824308,-1.7172364,-8.209637,-8.24105,-1.7491397,-7.527192,-7.30796,857610.0,20.65,0.0,1.118,1.44,1.81,15.98,321.2,0.0,0.0,0.0,0.0,0.0,0.0,0.0,0.0,320.4,0.0,-1.217,-0.198,0.0,0.0,0.0,0.0,0.0,272.0,275.0,275.0,273.9,0.653,0.0,-0.06,-0.1,-0.047,0.102,0.0,6000.0,403526.0,123.0,402.0,59.96,2.0,41.0,51.0,47.3,15.99,15.81,1.27,0.0,0.2,0.2,60.0,59.5,75.6,1.0,273.8,273.9,273.0,-0.075,0.032,0.082,1915.0,415939.0,13178.0,1913.0,-0.922,0.818,0.791,0.836,0.001,0.0,0.001,0.0,0.0,0.0,0.0,0.0,1.0,1.0,1.0,0.0,2.568,100.5,43.82,6.6,3.502,2.0,-1.0,13.66,0.003,0.279,3.0,2.0,0.0,0.0,15.91,15.71,15.81,15.73,15.91,15.65,16.3,15.79,15.74,15.94,15.34,16.13,16.06,16.23,15.91,15.96,15.93,15.86,15.63
2017-05-04 19:02:00-05:00,-7.664161,-9.988047,-2.0725267,-8.474463,-8.498584,-1.974835,-7.652645,-7.5437,857611.0,20.63,0.0,0.995,1.091,1.588,15.96,316.2,0.0,0.0,0.0,0.0,0.0,0.0,0.0,0.0,315.1,-0.067,-1.583,-0.2,0.0,0.0,0.0,0.0,0.0,272.0,275.0,275.0,274.0,0.655,0.0,-0.013,-0.1,-0.058,0.103,0.0,6000.0,403526.0,123.0,402.0,59.94,2.0,41.0,51.0,47.0,15.97,15.77,1.076,0.0,0.2,0.2,60.0,59.5,75.6,1.0,273.8,274.0,273.0,-0.075,0.031,0.082,1915.0,415939.0,13178.0,1913.0,-0.923,0.818,0.791,0.836,0.001,-0.001,0.001,0.0,0.0,0.0,0.0,0.0,1.0,1.0,1.0,0.0,1.948,75.18,39.23,6.2,3.502,2.0,-1.0,13.66,0.003,0.279,3.0,2.0,0.0,0.0,15.88,15.76,15.76,15.67,15.83,15.61,16.28,15.75,15.7,15.87,15.3,16.08,16.01,16.19,15.86,15.91,15.9,15.82,15.59
2017-05-04 19:03:00-05:00,-7.787777,-10.315524,-2.309387,-8.606877,-8.756116,-2.313378,-7.7780986,-7.7794414,857612.0,20.6,0.0,0.718,1.082,1.589,15.94,312.1,0.0,0.0,0.0,0.0,0.0,0.0,0.0,0.0,310.9,-0.117,-1.567,-0.2,0.0,0.0,0.0,0.0,0.0,271.9,275.0,275.0,273.9,0.663,0.0,-0.007,-0.1,-0.053,0.105,0.0,6000.0,403526.0,123.0,402.0,59.94,2.0,41.0,51.0,47.0,16.0,15.7,0.893,0.0,0.2,0.2,60.0,59.5,75.6,1.0,273.6,273.9,273.0,-0.075,0.031,0.082,1915.0,415939.0,13178.0,1913.0,-0.923,0.818,0.791,0.836,0.001,0.0,0.001,0.0,0.0,0.0,0.0,0.0,1.0,1.0,1.0,0.0,2.338,82.8,23.88,4.5,3.502,2.0,-1.0,13.66,0.003,0.279,3.0,2.0,0.0,0.0,15.82,15.72,15.73,15.62,15.76,15.53,16.21,15.69,15.65,15.81,15.24,16.03,15.97,16.14,15.81,15.86,15.84,15.77,15.53
2017-05-04 19:04:00-05:00,-7.9113917,-10.315524,-2.4278169,-8.871705,-8.884883,-2.313378,-8.029005,-8.015182,857613.0,20.57,0.0,0.859,1.181,1.608,15.89,291.6,0.0,0.0,0.0,0.0,0.0,0.0,0.0,0.0,290.9,259.7,-1.267,-0.208,0.867,0.8,0.7,0.7,0.0,272.0,275.0,275.0,274.0,0.678,0.0,-0.29,-0.44,-0.085,0.71,0.0,6000.0,403526.0,123.0,402.0,59.95,6.016667,41.0,51.0,46.17,15.96,15.64,0.782,1.35,1.22,1.18,60.0,59.5,75.6,1.0,273.9,274.0,273.0,-0.398,0.11,0.488,1915.0,415939.0,13178.0,1913.0,-0.698,0.818,0.791,0.836,0.019,0.019,0.019,0.014,0.005,0.005,0.006,0.004,1.0,1.0,1.0,0.0,2.373,64.14,19.89,4.1,3.502,2.0,-1.0,13.56,0.003,0.279,3.0,2.0,0.0,0.0,15.8,15.67,15.65,15.55,15.73,15.54,16.21,15.64,15.61,15.77,15.19,15.97,15.91,16.09,15.75,15.81,15.8,15.71,15.48
2017-05-04 19:05:00-05:00,-8.282239,-10.643001,-2.546247,-9.004118,-9.142415,-2.5390737,-8.279912,-8.133052,857614.0,20.54,0.0,0.577,0.627,1.156,15.88,284.4,0.0,0.0,0.0,0.0,0.0,0.0,0.0,0.0,283.4,284.0,-1.35,-0.202,1.0,1.0,0.983,0.983,0.0,272.0,275.0,275.0,274.0,0.677,0.0,-0.327,-0.5,-0.165,0.8,0.0,6000.0,403526.0,123.0,402.0,59.95,7.0,41.0,51.0,46.0,15.95,15.59,0.679,1.468,1.3,1.363,60.0,59.5,75.6,1.0,274.0,274.0,273.0,-0.445,0.241,0.508,1915.0,415939.0,13178.0,1913.0,-0.878,0.818,0.791,0.836,0.019,0.017,0.018,0.014,0.005,0.005,0.005,0.004,1.0,1.0,1.0,0.0,1.58,79.93,24.37,2.6,3.503,2.0,-1.0,13.66,0.003,0.279,3.0,2.0,0.0,0.0,15.72,15.67,15.67,15.52,15.68,15.46,16.11,15.6,15.57,15.76,15.16,15.92,15.86,16.04,15.7,15.77,15.76,15.68,15.43
2017-05-04 19:06:00-05:00,-8.405854,-10.970478,-2.7831073,-9.268946,-9.399948,-2.6519215,-8.405365,-8.250922,857615.0,20.52,0.0,0.44,0.578,1.085,15.9,284.4,0.0,0.0,0.0,0.0,0.0,0.0,0.0,0.0,283.1,284.0,-1.417,-0.2,1.0,1.0,1.0,1.0,0.0,272.0,275.0,275.0,274.0,0.67,0.0,-0.337,-0.5,-0.125,0.8,0.0,6000.0,403526.0,123.0,402.0,59.95,7.0,41.0,51.0,46.0,16.0,15.55,0.552,1.458,1.3,1.33,60.0,59.5,75.6,1.0,274.0,274.0,273.0,-0.451,0.213,0.5,1915.0,415939.0,13178.0,1913.0,-0.903,0.818,0.791,0.836,0.013,0.011,0.012,0.008,0.004,0.003,0.003,0.002,1.0,1.0,1.0,0.0,1.212,86.4,34.27,2.2,3.503,2.0,-1.0,13.66,0.003,0.279,3.0,2.0,0.0,0.0,15.69,15.62,15.58,15.49,15.65,15.32,16.11,15.57,15.55,15.7,15.12,15.88,15.83,15.99,15.66,15.72,15.72,15.64,15.4
2017-05-04 19:07:00-05:00,-8.653086,-10.970478,-2.7831073,-9.268946,-9.528715,-2.764769,-8.405365,-8.486663,857616.0,20.49,0.0,0.2,0.574,1.082,15.92,284.1,0.0,0.0,0.0,0.0,0.0,0.0,0.0,0.0,283.0,283.7,-1.383,-0.202,1.0,1.0,0.933,0.933,0.0,271.9,275.0,275.0,273.9,0.675,0.0,-0.33,-0.502,-0.053,0.8,0.0,6000.0,403526.0,123.0,402.0,59.94,7.0,41.0,51.0,46.0,15.96,15.54,0.467,1.422,1.3,1.307,60.0,59.5,75.6,1.0,273.4,273.9,273.0,-0.453,0.169,0.485,1915.0,415939.0,13178.0,1913.0,-0.936,0.818,0.791,0.836,0.007,0.006,0.007,0.005,0.002,0.002,0.002,0.001,1.0,1.0,1.0,0.0,1.57,107.5,29.45,3.2,3.502,2.0,-1.0,13.66,0.003,0.279,3.0,2.0,0.0,0.0,15.65,15.62,15.54,15.42,15.58,15.32,16.04,15.53,15.5,15.64,15.07,15.84,15.8,15.97,15.62,15.7,15.69,15.6,15.36
2017-05-04 19:08:00-05:00,-8.653086,-10.970478,-3.1383977,-9.401358,-9.528715,-2.9904647,-8.656271,-8.604533,857617.0,20.46,0.0,0.067,0.572,1.015,15.91,283.9,0.0,0.0,0.0,0.0,0.0,0.0,0.0,0.0,282.9,283.3,-1.633,-0.2,1.0,1.0,0.933,0.933,0.0,271.6,274.9,275.0,273.5,0.667,0.0,-0.357,-0.507,-0.06,0.8,0.0,6000.0,403526.0,123.0,402.0,59.94,7.0,41.0,51.0,46.0,15.94,15.51,0.408,1.407,1.3,1.3,60.0,59.5,75.6,1.0,273.1,273.6,273.0,-0.458,0.166,0.488,1915.0,415939.0,13178.0,1913.0,-0.94,0.818,0.791,0.836,0.002,0.001,0.002,0.001,0.001,0.0,0.001,0.0,1.0,1.0,1.0,0.0,1.395,102.4,26.74,2.9,3.502,2.0,-1.0,13.66,0.003,0.279,3.0,2.0,0.0,0.0,15.62,15.59,15.53,15.41,15.52,15.32,16.01,15.48,15.48,15.6,15.03,15.81,15.77,15.93,15.58,15.65,15.65,15.57,15.32
2017-05-04 19:09:00-05:00,-8.653086,-11.297955,-3.2568276,-9.5337715,-9.657481,-3.103312,-8.781725,-8.722404,857618.0,20.43,0.0,0.271,0.62,0.927,15.87,283.9,0.0,0.0,0.0,0.0,0.0,0.0,0.0,0.0,282.8,283.0,-1.933,-0.2,1.0,1.0,0.883,0.883,0.0,271.7,274.8,275.0,273.5,0.668,0.0,-0.385,-0.515,-0.055,0.8,0.0,6000.0,403526.0,123.0,402.0,59.94,7.0,41.0,51.0,46.0,15.93,15.48,0.334,1.408,1.3,1.3,60.0,59.5,75.6,1.0,273.1,273.4,273.0,-0.464,0.16,0.491,1915.0,415939.0,13178.0,1913.0,-0.945,0.818,0.791,0.836,-0.003,-0.005,-0.004,-0.004,-0.001,-0.002,-0.001,-0.001,1.0,1.0,1.0,0.0,2.843,62.76,31.59,6.5,3.502,2.0,-1.0,13.47,0.002,0.278,3.0,2.0,0.0,0.001,15.62,15.56,15.52,15.34,15.52,15.29,16.01,15.46,15.47,15.63,15.01,15.77,15.75,15.91,15.55,15.61,15.62,15.53,15.28
2017-05-04 19:10:00-05:00,-8.653086,-11.297955,-3.2568276,-9.5337715,-9.657481,-3.103312,-8.781725,-8.604533,857619.0,20.41,0.0,0.074,0.208,0.597,15.85,283.8,0.0,0.0,0.0,0.0,0.0,0.0,0.0,0.0,282.6,283.0,-1.917,-0.2,1.0,1.0,0.833,0.833,0.0,271.7,275.0,275.0,273.7,0.673,0.0,-0.395,-0.51,-0.033,0.8,0.0,6000.0,403526.0,123.0,402.0,59.93,7.0,41.0,51.0,46.0,15.91,15.46,0.268,1.422,1.3,1.3,60.0,59.5,75.6,1.0,273.1,273.7,273.0,-0.469,0.144,0.491,1915.0,415939.0,13178.0,1913.0,-0.956,0.818,0.791,0.836,-0.009,-0.01,-0.009,-0.008,-0.002,-0.003,-0.002,-0.002,1.0,1.0,1.0,0.0,2.275,85.2,37.05,5.0,3.502,2.0,-1.0,13.66,0.005,0.279,3.0,2.0,0.0,0.0,15.62,15.59,15.49,15.32,15.54,15.23,16.01,15.45,15.51,15.66,15.02,15.76,15.77,15.9,15.54,15.6,15.61,15.53,15.27
2017-05-04 19:11:00-05:00,-8.653086,-11.134215,-3.2568276,-9.5337715,-9.657481,-3.103312,-8.656271,-8.486663,857620.0,20.38,0.0,0.02,0.075,0.583,15.86,284.0,0.0,0.0,0.0,0.0,0.0,0.0,0.0,0.0,282.9,283.2,-2.0,-0.2,1.0,1.0,1.0,1.0,0.0,271.8,275.0,275.0,273.8,0.665,0.0,-0.417,-0.52,-0.123,0.802,0.0,6000.0,403526.0,123.0,402.0,59.95,7.0,41.0,51.0,46.0,15.88,15.43,0.198,1.5,1.3,1.368,60.0,59.5,75.6,1.0,273.4,273.7,273.0,-0.476,0.22,0.525,1915.0,415939.0,13178.0,1913.0,-0.908,0.818,0.791,0.836,-0.012,-0.013,-0.012,-0.01,-0.003,-0.004,-0.003,-0.003,1.0,1.0,1.0,0.0,1.903,115.3,25.52,4.2,3.502,2.0,-1.0,13.66,0.003,0.279,3.0,2.0,0.0,0.0,15.62,15.54,15.42,15.32,15.55,15.23,16.01,15.44,15.47,15.64,15.01,15.74,15.74,15.89,15.51,15.58,15.59,15.51,15.25
2017-05-04 19:12:00-05:00,-8.653086,-11.134215,-3.2568276,-9.5337715,-9.657481,-3.103312,-8.656271,-8.604533,857621.0,20.36,0.0,-0.147,0.075,0.583,15.88,284.1,0.0,0.0,0.0,0.0,0.0,0.0,0.0,0.0,283.0,283.6,-2.0,-0.202,1.0,1.0,1.0,1.0,0.0,272.0,275.0,275.0,274.0,0.658,0.0,-0.417,-0.552,-0.19,0.807,0.0,6000.0,403526.0,123.0,402.0,59.96,7.0,41.0,50.83,46.0,15.91,15.44,0.12,1.513,1.3,1.4,60.0,59.5,75.6,1.0,274.0,274.0,273.0,-0.482,0.279,0.558,1915.0,415939.0,13178.0,1913.0,-0.866,0.818,0.791,0.836,-0.015,-0.016,-0.015,-0.012,-0.004,-0.004,-0.004,-0.003,1.0,1.0,1.0,0.0,1.235,203.4,93.7,2.1,3.503,2.0,-1.0,13.66,0.003,0.279,3.0,2.0,0.0,0.0,15.57,15.52,15.42,15.34,15.54,15.28,15.93,15.43,15.45,15.62,14.98,15.72,15.72,15.87,15.49,15.56,15.57,15.49,15.24
2017-05-04 19:13:00-05:00,-8.653086,-10.970478,-3.2568276,-9.5337715,-9.657481,-3.103312,-8.656271,-8.722404,857622.0,20.33,0.0,-0.179,0.075,0.583,15.89,284.1,0.0,0.0,0.0,0.0,0.0,0.0,0.0,0.0,282.9,283.6,-2.0,-0.2,1.0,1.0,1.0,1.0,0.0,271.9,275.0,275.0,273.9,0.653,0.0,-0.423,-0.56,-0.182,0.807,0.0,6000.0,403526.0,123.0,402.0,59.96,7.0,41.0,50.05,46.0,15.93,15.42,0.113,1.502,1.3,1.4,60.0,59.5,75.6,1.0,273.8,274.0,273.0,-0.483,0.255,0.547,1915.0,415939.0,13178.0,1913.0,-0.884,0.818,0.791,0.836,-0.017,-0.018,-0.016,-0.013,-0.005,-0.005,-0.005,-0.004,1.0,1.0,1.0,0.0,1.412,80.2,44.22,2.8,3.503,2.0,-1.0,13.66,0.003,0.279,3.0,2.0,0.0,0.0,15.62,15.52,15.44,15.36,15.62,15.28,15.91,15.42,15.44,15.6,14.95,15.7,15.7,15.84,15.47,15.55,15.57,15.47,15.22
2017-05-04 19:14:00-05:00,-8.653086,-10.970478,-3.2568276,-9.666185,-9.657481,-3.103312,-8.656271,-8.722404,857623.0,20.31,0.0,0.006,0.295,0.757,15.87,244.8,0.0,0.0,0.0,0.0,0.0,0.0,0.0,0.0,244.2,212.8,-1.533,-0.2,0.317,0.317,0.317,0.317,0.0,272.0,275.0,275.0,274.0,0.672,0.0,-0.313,-0.235,-0.088,0.328,0.0,6000.0,403526.0,123.0,402.0,59.95,3.5,41.0,50.12,46.0,15.91,15.42,0.1,0.473,0.548,0.57,60.0,59.5,75.6,1.0,274.0,274.0,273.0,-0.204,0.097,0.226,1915.0,415939.0,13178.0,1913.0,-0.912,0.818,0.791,0.836,-0.004,-0.006,-0.004,-0.004,-0.001,-0.002,-0.001,-0.001,1.0,1.0,1.0,0.0,2.793,105.0,22.84,4.3,3.503,2.0,-1.0,13.66,0.004,0.279,3.0,2.0,0.0,0.0,15.57,15.52,15.42,15.37,15.57,15.27,15.91,15.4,15.42,15.57,14.92,15.69,15.7,15.83,15.45,15.53,15.56,15.46,15.21
2017-05-04 19:15:00-05:00,-8.7767,-10.970478,-3.2568276,-9.5337715,-9.657481,-3.103312,-8.656271,-8.604533,857624.0,20.28,0.0,-0.349,0.076,0.579,15.85,220.6,0.0,0.0,0.0,0.0,0.0,0.0,0.0,0.0,219.9,54.32,-1.333,-0.2,0.0,0.0,0.0,0.0,0.0,272.0,275.0,275.0,274.0,0.672,0.0,-0.132,-0.102,-0.055,0.102,0.0,6000.0,403526.0,123.0,402.0,59.95,2.0,41.0,50.05,46.0,15.86,15.39,0.057,0.0,0.2,0.2,60.0,59.5,75.6,1.0,274.0,274.0,273.0,-0.076,0.032,0.082,1915.0,415939.0,13178.0,1913.0,-0.92,0.818,0.791,0.836,0.001,0.0,0.001,0.0,0.0,0.0,0.0,0.0,1.0,1.0,1.0,0.0,2.3,100.7,36.73,4.8,3.503,2.0,-1.0,13.49,0.004,0.278,3.0,2.0,0.0,0.001,15.52,15.47,15.44,15.4,15.56,15.33,15.91,15.39,15.43,15.58,14.91,15.68,15.69,15.82,15.44,15.52,15.56,15.45,15.19
2017-05-04 19:16:00-05:00,-8.653086,-10.970478,-3.2568276,-9.666185,-9.657481,-3.103312,-8.781725,-8.604533,857625.0,20.25,0.0,-0.421,0.081,0.588,15.82,211.2,0.0,0.0,0.0,0.0,0.0,0.0,0.0,0.0,210.5,11.78,-1.383,-0.198,0.0,0.0,0.0,0.0,0.0,272.0,275.0,275.0,274.0,0.668,0.0,-0.1,-0.1,-0.057,0.103,0.0,6000.0,403526.0,123.0,402.0,59.94,2.0,41.0,50.0,46.0,15.83,15.37,0.038,0.0,0.2,0.2,60.0,59.5,75.6,1.0,274.0,274.0,273.0,-0.076,0.032,0.082,1915.0,415939.0,13178.0,1913.0,-0.92,0.818,0.791,0.836,0.001,0.0,0.001,0.0,0.0,0.0,0.0,0.0,1.0,1.0,1.0,0.0,1.665,77.35,37.54,3.7,3.503,2.0,-1.0,13.7,0.003,0.278,3.0,2.0,0.0,0.0,15.52,15.46,15.37,15.38,15.52,15.33,15.91,15.38,15.41,15.56,14.91,15.66,15.67,15.81,15.43,15.5,15.55,15.44,15.18
2017-05-04 19:17:00-05:00,-8.7767,-10.970478,-3.2568276,-9.666185,-9.657481,-3.103312,-8.656271,-8.604533,857626.0,20.23,0.0,-0.422,0.083,0.591,15.8,199.7,0.0,0.0,0.0,0.0,0.0,0.0,0.0,0.0,199.2,2.05,-1.4,-0.2,0.0,0.0,0.0,0.0,0.0,272.0,275.0,275.0,274.0,0.668,0.0,-0.1,-0.102,-0.072,0.1,0.0,6000.0,403526.0,123.0,402.0,59.94,2.0,41.0,50.0,45.47,15.79,15.35,0.038,0.0,0.2,0.2,60.0,59.5,75.6,1.0,274.0,274.0,273.0,-0.075,0.032,0.082,1915.0,415939.0,13178.0,1913.0,-0.921,0.818,0.791,0.836,0.001,0.0,0.001,0.0,0.0,0.0,0.0,0.0,1.0,1.0,1.0,0.0,2.345,88.5,27.75,5.0,3.502,2.0,-1.0,13.7,0.003,0.278,3.0,2.0,0.0,0.0,15.44,15.43,15.43,15.28,15.52,15.3,15.86,15.36,15.39,15.54,14.88,15.65,15.67,15.79,15.41,15.46,15.52,15.42,15.15
2017-05-04 19:18:00-05:00,-8.7767,-11.297955,-3.2568276,-9.666185,-9.657481,-3.103312,-8.781725,-8.604533,857627.0,20.2,0.0,-0.422,0.085,0.593,15.78,186.9,0.0,0.0,0.0,0.0,0.0,0.0,0.0,0.0,186.4,-0.2,-1.367,-0.198,0.0,0.0,0.0,0.0,0.0,272.0,275.0,275.0,274.0,0.665,0.0,-0.06,-0.1,-0.058,0.102,0.0,6000.0,403526.0,123.0,402.0,59.94,2.0,41.0,50.0,45.0,15.86,15.34,0.038,0.0,0.2,0.2,60.0,59.5,75.6,1.0,274.0,274.0,273.0,-0.075,0.032,0.082,1915.0,415939.0,13178.0,1913.0,-0.921,0.818,0.791,0.836,0.001,0.0,0.001,0.0,0.0,0.0,0.0,0.0,1.0,1.0,1.0,0.0,2.088,83.6,27.71,4.9,3.502,2.0,-1.0,13.7,0.003,0.278,3.0,2.0,0.0,0.0,15.38,15.43,15.39,15.3,15.48,15.25,15.84,15.34,15.4,15.56,14.84,15.62,15.64,15.75,15.35,15.39,15.51,15.38,15.12
2017-05-04 19:19:00-05:00,-8.7767,-11.461694,-3.2568276,-9.798599,-9.657481,-3.103312,-8.781725,-8.604533,857628.0,20.17,0.0,-0.42,0.088,0.596,15.77,174.8,0.0,0.0,0.0,0.0,0.0,0.0,0.0,0.0,174.3,-0.967,-1.383,-0.2,0.0,0.0,0.0,0.0,0.0,272.0,275.0,275.0,274.0,0.663,0.0,0.0,-0.102,-0.063,0.098,0.0,6000.0,403526.0,123.0,402.0,59.93,2.0,41.0,50.0,45.0,15.8,15.28,0.033,0.0,0.2,0.2,60.0,59.5,75.6,1.0,273.9,274.0,273.0,-0.075,0.032,0.082,1915.0,415939.0,13178.0,1913.0,-0.922,0.818,0.791,0.836,0.001,0.0,0.001,0.0,0.0,0.0,0.0,0.0,1.0,1.0,1.0,0.0,1.38,84.6,57.9,2.3,3.502,2.0,-1.0,13.7,0.003,0.278,3.0,2.0,0.0,0.0,15.28,15.31,15.36,15.33,15.4,15.23,15.77,15.29,15.32,15.47,14.75,15.57,15.58,15.68,15.25,15.27,15.46,15.31,15.05
2017-05-04 19:20:00-05:00,-9.0239315,-12.116648,-3.2568276,-10.063426,-9.915014,-3.3290076,-9.032631,-8.722404,857629.0,20.15,0.0,-0.134,0.34,0.803,15.73,164.0,0.0,0.0,0.0,0.0,0.0,0.0,0.0,0.0,163.6,-1.0,-1.3,-0.2,0.0,0.0,0.0,0.0,0.0,272.0,275.0,275.0,274.0,0.687,0.0,0.0,-0.1,-0.048,0.1,0.0,6000.0,403526.0,123.0,402.0,59.94,2.0,40.58,50.0,44.97,15.77,15.23,0.02,0.0,0.2,0.2,60.0,59.5,75.6,1.0,273.7,274.0,273.0,-0.075,0.032,0.082,1915.0,415939.0,13178.0,1913.0,-0.922,0.818,0.791,0.836,0.001,-0.001,0.001,0.0,0.0,0.0,0.0,0.0,1.0,1.0,1.0,0.0,2.495,99.0,38.77,4.5,3.502,2.0,-1.0,13.51,0.004,0.278,1.0,2.0,0.0,0.001,15.22,15.22,15.28,15.23,15.25,15.1,15.62,15.2,15.22,15.38,14.61,15.48,15.45,15.56,15.1,15.18,15.38,15.19,14.97
2017-05-04 19:21:00-05:00,-9.0239315,-12.444123,-3.612118,-10.328253,-9.915014,-3.4418554,-9.283538,-8.722404,857630.0,20.12,0.0,-0.416,0.091,0.599,15.71,154.2,0.0,0.0,0.0,0.0,0.0,0.0,0.0,0.0,153.9,-1.0,-1.3,-0.198,0.0,0.0,0.0,0.0,0.0,272.0,275.0,275.0,274.0,0.692,0.0,0.0,-0.102,-0.065,0.102,0.0,6000.0,403526.0,123.0,402.0,59.94,2.0,40.27,50.0,44.18,15.77,15.12,-0.014,0.0,0.2,0.2,60.0,59.5,75.6,1.0,274.0,274.0,273.0,-0.075,0.032,0.082,1915.0,415939.0,13178.0,1913.0,-0.923,0.818,0.791,0.836,0.001,0.0,0.001,0.0,0.0,0.0,0.0,0.0,1.0,1.0,1.0,0.0,2.81,107.7,19.87,5.3,3.502,2.0,-1.0,13.7,0.003,0.278,3.0,2.0,0.0,0.0,15.1,15.1,15.13,15.1,15.07,14.96,15.43,15.07,15.07,15.22,14.48,15.36,15.29,15.45,14.95,15.07,15.26,15.03,14.84
2017-05-04 19:22:00-05:00,-9.147548,-12.607862,-3.612118,-10.59308,-10.172546,-3.6675506,-9.659897,-8.958144,857631.0,20.1,0.0,-0.415,0.093,0.601,15.68,143.4,0.0,0.0,0.0,0.0,0.0,0.0,0.0,0.0,143.1,-1.0,-1.35,-0.2,0.0,0.0,0.0,0.0,0.0,272.0,275.0,275.0,274.0,0.682,0.0,0.0,-0.1,-0.057,0.1,0.0,6000.0,403526.0,123.0,402.0,59.94,2.0,40.0,50.0,44.0,15.78,14.97,-0.028,0.0,0.2,0.2,60.0,59.5,75.6,1.0,274.0,274.0,273.0,-0.075,0.032,0.082,1915.0,415939.0,13178.0,1913.0,-0.923,0.818,0.791,0.836,0.001,0.0,0.001,0.0,0.0,0.0,0.0,0.0,1.0,1.0,1.0,0.0,1.923,91.2,25.81,3.8,3.502,2.0,-1.0,13.7,0.003,0.278,3.0,2.0,0.0,0.0,15.02,15.0,14.99,14.97,14.94,14.78,15.28,14.95,14.95,15.1,14.34,15.19,15.1,15.3,14.77,14.94,15.13,14.85,14.7
2017-05-04 19:23:00-05:00,-9.147548,-12.7716,-3.730548,-10.857907,-10.430079,-3.8932464,-9.910803,-9.193885,857632.0,20.07,0.0,-0.414,0.094,0.6,15.68,130.5,0.0,0.0,0.0,0.0,0.0,0.0,0.0,0.0,130.2,-1.0,-1.3,-0.2,0.0,0.0,0.0,0.0,0.0,272.0,275.0,275.0,274.0,0.687,0.0,0.0,-0.1,-0.065,0.103,0.0,6000.0,403526.0,123.0,402.0,59.95,2.0,40.0,50.0,44.0,15.74,14.87,-0.038,0.0,0.2,0.2,60.0,59.5,75.6,1.0,274.0,274.0,273.0,-0.076,0.032,0.082,1915.0,415939.0,13178.0,1913.0,-0.923,0.818,0.791,0.836,0.001,0.0,0.001,0.0,0.0,0.0,0.0,0.0,1.0,1.0,1.0,0.0,1.49,110.4,42.49,3.1,3.503,2.0,-1.0,13.7,0.003,0.278,3.0,2.0,0.0,0.0,14.88,14.89,14.86,14.83,14.81,14.6,15.12,14.81,14.81,14.98,14.19,15.01,14.95,15.2,14.63,14.83,14.96,14.66,14.56
2017-05-04 19:24:00-05:00,-9.5183935,-13.099078,-4.085839,-11.255148,-10.558846,-3.8932464,-10.287163,-9.193885,857633.0,20.05,0.0,-0.413,0.095,0.601,15.66,116.1,0.0,0.0,0.0,0.0,0.0,0.0,0.0,0.0,115.9,-1.0,-1.25,-0.198,0.0,0.0,0.0,0.0,0.0,272.0,275.0,275.2,274.0,0.665,0.0,0.0,-0.1,-0.047,0.103,0.0,6000.0,403526.0,123.0,402.0,59.94,2.0,40.0,50.0,44.0,15.66,14.74,-0.034,0.0,0.2,0.2,60.0,59.5,75.6,1.0,274.0,274.0,273.0,-0.075,0.032,0.082,1915.0,415939.0,13178.0,1913.0,-0.922,0.818,0.791,0.836,0.001,0.0,0.001,0.0,0.0,0.0,0.0,0.0,1.0,1.0,1.0,0.0,1.332,83.8,27.57,2.6,3.502,2.0,-1.0,13.7,0.003,0.278,3.0,2.0,0.0,0.0,14.78,14.78,14.71,14.67,14.7,14.42,15.09,14.68,14.7,14.91,14.06,14.86,14.79,15.08,14.53,14.72,14.83,14.51,14.43
2017-05-04 19:25:00-05:00,-9.765624,-13.099078,-4.085839,-11.652389,-10.816379,-3.8932464,-10.412616,-9.311755,857634.0,20.02,0.0,-0.094,0.39,0.837,15.64,100.5,0.0,0.0,0.0,0.0,0.0,0.0,0.0,0.0,100.4,-1.0,-1.267,-0.2,0.0,0.0,0.0,0.0,0.0,272.0,275.0,275.3,274.0,0.678,0.0,0.0,-0.1,-0.045,0.105,0.0,6000.0,403526.0,123.0,402.0,59.95,2.0,40.0,50.0,43.52,15.65,14.64,-0.038,0.0,0.2,0.2,60.0,59.5,75.6,1.0,274.0,274.0,273.0,-0.075,0.032,0.082,1915.0,415939.0,13178.0,1913.0,-0.922,0.818,0.791,0.836,0.001,0.0,0.001,0.0,0.0,0.0,0.0,0.0,1.0,1.0,1.0,0.0,1.467,67.72,38.81,2.4,3.502,2.0,-1.0,13.57,-0.007,0.277,1.0,2.0,0.0,0.001,14.72,14.7,14.62,14.58,14.62,14.29,14.99,14.58,14.65,14.84,13.98,14.75,14.69,14.99,14.45,14.62,14.72,14.4,14.33
2017-05-04 19:26:00-05:00,-9.88924,-13.099078,-4.085839,-11.784802,-10.816379,-3.8932464,-10.412616,-9.193885,857635.0,19.99,0.0,-0.411,0.097,0.605,15.61,86.1,0.0,0.0,0.0,0.0,0.0,0.0,0.0,0.0,86.0,-1.05,-1.417,-0.2,0.0,0.0,0.0,0.0,0.0,272.0,275.1,275.9,274.0,0.687,0.0,0.0,-0.1,-0.052,0.103,0.0,6000.0,403526.0,123.0,402.0,59.95,2.0,40.0,50.0,43.0,15.62,14.57,-0.038,0.0,0.2,0.2,60.0,59.5,75.6,1.0,274.0,274.0,273.0,-0.076,0.032,0.082,1915.0,415939.0,13178.0,1913.0,-0.922,0.818,0.791,0.836,0.001,0.0,0.001,0.0,0.0,0.0,0.0,0.0,1.0,1.0,1.0,0.0,1.958,96.1,51.52,5.1,3.503,2.0,-1.0,13.67,0.014,0.278,3.0,2.0,0.0,0.0,14.65,14.65,14.5,14.53,14.55,14.25,14.94,14.5,14.62,14.85,13.93,14.64,14.63,14.92,14.39,14.54,14.68,14.3,14.27
2017-05-04 19:27:00-05:00,-9.88924,-13.099078,-4.085839,-11.784802,-10.816379,-3.8932464,-10.412616,-9.0760145,857636.0,19.97,0.0,-0.41,0.097,0.597,15.53,74.73,0.0,0.0,0.0,0.0,0.0,0.0,0.0,0.0,74.57,-1.05,-1.267,-0.2,0.0,0.0,0.0,0.0,0.0,272.0,275.0,275.8,274.0,0.687,0.0,0.0,-0.1,-0.052,0.1,0.0,6000.0,403526.0,123.0,402.0,59.95,2.0,40.0,50.0,43.0,15.52,14.52,-0.037,0.0,0.2,0.2,60.0,59.5,75.6,1.0,274.0,274.0,273.0,-0.076,0.032,0.082,1915.0,415939.0,13178.0,1913.0,-0.922,0.818,0.791,0.836,0.001,0.0,0.001,0.0,0.0,0.0,0.0,0.0,1.0,1.0,1.0,0.0,3.97,74.2,17.69,6.2,3.502,2.0,-1.0,13.7,0.003,0.278,3.0,2.0,0.0,0.0,14.67,14.67,14.46,14.54,14.55,14.16,14.95,14.48,14.58,14.84,13.96,14.58,14.6,14.9,14.35,14.48,14.66,14.23,14.23
2017-05-04 19:28:00-05:00,-9.765624,-13.099078,-4.085839,-11.652389,-10.687613,-3.8932464,-10.412616,-9.0760145,857637.0,19.94,0.0,-0.41,0.098,0.593,15.49,64.12,0.0,0.0,0.0,0.0,0.0,0.0,0.0,0.0,63.95,-1.233,-1.317,-0.198,0.0,0.0,0.0,0.0,0.0,272.0,275.1,276.0,274.0,0.693,0.0,0.0,-0.1,-0.043,0.102,0.0,6000.0,403526.0,123.0,402.0,59.96,2.0,40.0,50.0,43.0,15.48,14.45,-0.038,0.0,0.2,0.2,60.0,59.5,75.6,1.0,274.0,274.0,273.1,-0.076,0.032,0.082,1915.0,415939.0,13178.0,1913.0,-0.922,0.818,0.791,0.836,0.001,0.0,0.001,0.0,0.0,0.0,0.0,0.0,1.0,1.0,1.0,0.0,3.345,101.9,22.58,6.7,3.502,2.0,-1.0,13.7,0.003,0.278,3.0,2.0,0.0,0.0,14.57,14.67,14.46,14.46,14.55,14.15,14.95,14.51,14.68,14.87,13.98,14.59,14.63,14.92,14.37,14.46,14.69,14.25,14.25
2017-05-04 19:29:00-05:00,-9.765624,-13.099078,-3.9674082,-11.519975,-10.558846,-3.6675506,-10.287163,-8.958144,857638.0,19.91,0.0,-0.409,0.099,0.602,15.45,54.56,0.0,0.0,0.0,0.0,0.0,0.0,0.0,0.0,54.48,-1.483,-1.467,-0.198,0.0,0.0,0.0,0.0,0.0,272.0,275.2,276.0,274.0,0.692,0.0,0.0,-0.1,-0.047,0.102,0.0,6000.0,403526.0,123.0,402.0,59.95,2.0,40.0,49.57,43.0,15.5,14.43,-0.038,0.0,0.2,0.2,60.0,59.5,75.6,1.0,274.0,274.0,273.5,-0.076,0.032,0.082,1915.0,415939.0,13178.0,1913.0,-0.922,0.818,0.791,0.836,0.001,0.0,0.0,0.0,0.0,0.0,0.0,0.0,1.0,1.0,1.0,0.0,1.82,81.2,28.05,4.0,3.502,2.0,-1.0,13.7,0.003,0.278,3.0,2.0,0.0,0.0,14.64,14.65,14.46,14.46,14.55,14.16,14.95,14.52,14.69,14.87,13.99,14.64,14.65,14.92,14.41,14.48,14.68,14.3,14.28
2017-05-04 19:30:00-05:00,-9.765624,-12.607862,-3.9674082,-11.255148,-10.430079,-3.554703,-10.287163,-9.0760145,857639.0,19.89,0.0,-0.053,0.469,0.914,15.42,47.34,0.0,0.0,0.0,0.0,0.0,0.0,0.0,0.0,47.22,-1.433,-1.417,-0.2,0.0,0.0,0.0,0.0,0.0,272.0,275.2,276.0,274.0,0.697,0.0,0.0,-0.102,-0.043,0.102,0.0,6000.0,403526.0,123.0,402.0,59.96,2.0,40.0,49.0,42.72,15.41,14.42,-0.038,0.0,0.2,0.2,60.0,59.5,75.6,1.0,274.0,274.0,273.4,-0.076,0.032,0.082,1915.0,415939.0,13178.0,1913.0,-0.923,0.818,0.791,0.836,0.001,0.0,0.001,0.0,0.0,0.0,0.0,0.0,1.0,1.0,1.0,0.0,3.75,88.7,30.64,7.5,3.503,2.0,-1.0,13.7,0.005,0.278,3.0,2.0,0.0,0.0,14.66,14.65,14.46,14.46,14.55,14.26,14.95,14.51,14.7,14.87,14.01,14.66,14.7,14.93,14.43,14.48,14.69,14.39,14.27
2017-05-04 19:31:00-05:00,-9.765624,-12.607862,-3.9674082,-11.122734,-10.301313,-3.7803986,-10.16171,-9.193885,857640.0,19.86,0.0,-0.379,0.095,0.594,15.37,40.58,0.0,0.0,0.0,0.0,0.0,0.0,0.0,0.0,40.57,-1.633,-1.483,-0.2,0.0,0.0,0.0,0.0,0.0,272.0,275.0,275.8,274.0,0.687,0.0,0.0,-0.1,-0.043,0.1,0.0,6000.0,403526.0,123.0,402.0,59.95,2.0,40.0,49.0,42.0,15.39,14.39,-0.038,0.0,0.2,0.2,60.0,59.5,75.6,1.0,274.0,274.0,273.0,-0.076,0.031,0.082,1915.0,415939.0,13178.0,1913.0,-0.923,0.818,0.791,0.836,0.001,0.0,0.001,0.0,0.0,0.0,0.0,0.0,1.0,1.0,1.0,0.0,3.402,86.8,28.77,5.7,3.503,2.0,-1.0,13.62,0.001,0.277,1.0,2.0,0.0,0.001,14.66,14.65,14.46,14.46,14.53,14.26,14.95,14.48,14.7,14.82,14.01,14.62,14.66,14.87,14.38,14.45,14.65,14.4,14.21
2017-05-04 19:32:00-05:00,-9.765624,-12.607862,-4.085839,-10.99032,-10.430079,-3.8932464,-10.16171,-9.4296255,857641.0,19.83,0.0,-0.408,0.1,0.599,15.34,35.12,0.0,0.0,0.0,0.0,0.0,0.0,0.0,0.0,35.03,-1.6,-1.35,-0.2,0.0,0.0,0.0,0.0,0.0,272.0,275.0,275.6,274.0,0.683,0.0,0.0,-0.102,-0.04,0.102,0.0,6000.0,403526.0,123.0,402.0,59.97,2.0,40.0,49.0,42.0,15.36,14.33,-0.038,0.0,0.2,0.2,60.0,59.5,75.6,1.0,274.0,274.0,273.0,-0.075,0.031,0.082,1915.0,415939.0,13178.0,1913.0,-0.923,0.818,0.791,0.836,0.001,0.0,0.001,0.0,0.0,0.0,0.0,0.0,1.0,1.0,1.0,0.0,3.31,96.0,32.58,5.7,3.502,2.0,-1.0,13.7,0.003,0.278,3.0,2.0,0.0,0.0,14.56,14.6,14.39,14.4,14.52,14.26,14.93,14.39,14.65,14.73,13.97,14.52,14.6,14.83,14.31,14.41,14.61,14.37,14.14
2017-05-04 19:33:00-05:00,-9.765624,-12.607862,-4.085839,-10.857907,-10.430079,-3.8932464,-10.287163,-9.665367,857642.0,19.8,0.0,-0.408,0.098,0.595,15.32,31.29,0.0,0.0,0.0,0.0,0.0,0.0,0.0,0.0,31.35,-1.2,-1.267,-0.2,0.0,0.0,0.0,0.0,0.0,272.0,275.1,275.8,274.0,0.67,0.0,0.0,-0.102,-0.043,0.102,0.0,6000.0,403526.0,123.0,402.0,59.95,2.0,40.0,49.0,42.0,15.34,14.26,-0.038,0.0,0.2,0.2,60.0,59.5,75.6,1.0,274.0,274.0,273.3,-0.076,0.032,0.082,1915.0,415939.0,13178.0,1913.0,-0.923,0.818,0.791,0.836,0.001,0.0,0.001,0.0,0.0,0.0,0.0,0.0,1.0,1.0,1.0,0.0,2.078,78.57,34.59,3.8,3.502,2.0,-1.0,13.7,0.003,0.278,3.0,2.0,0.0,0.0,14.51,14.5,14.33,14.33,14.42,14.2,14.85,14.28,14.58,14.64,13.88,14.43,14.52,14.74,14.25,14.35,14.54,14.32,14.06
2017-05-04 19:34:00-05:00,-9.88924,-12.607862,-4.085839,-10.857907,-10.816379,-3.8932464,-10.412616,-9.901107,857643.0,19.78,0.0,-0.408,0.098,0.599,15.31,28.25,0.0,0.0,0.0,0.0,0.0,0.0,0.0,0.0,28.15,-1.6,-1.433,-0.2,0.0,0.0,0.0,0.0,0.0,272.0,275.0,275.9,274.0,0.66,0.0,0.0,-0.1,-0.042,0.102,0.0,6000.0,403526.0,123.0,402.0,59.96,2.0,40.0,49.0,42.0,15.31,14.2,-0.038,0.0,0.2,0.2,60.0,59.5,75.6,1.0,274.0,274.0,273.0,-0.075,0.031,0.082,1915.0,415939.0,13178.0,1913.0,-0.923,0.818,0.791,0.836,0.001,0.0,0.001,0.0,0.0,0.0,0.0,0.0,1.0,1.0,1.0,0.0,2.918,112.7,24.92,5.3,3.503,2.0,-1.0,13.7,0.003,0.278,3.0,2.0,0.0,0.0,14.43,14.4,14.26,14.26,14.34,14.12,14.8,14.18,14.46,14.52,13.79,14.34,14.45,14.64,14.19,14.27,14.49,14.26,13.97
2017-05-04 19:35:00-05:00,-10.012856,-12.935339,-4.322698,-11.122734,-10.945146,-4.2317896,-10.412616,-10.254718,857644.0,19.75,0.0,-0.407,0.1,0.595,15.27,25.98,0.0,0.0,0.0,0.0,0.0,0.0,0.0,0.0,26.02,-1.85,-1.417,-0.2,0.0,0.0,0.0,0.0,0.0,272.0,275.1,276.0,274.0,0.663,0.0,0.0,-0.1,-0.04,0.103,0.0,6000.0,403526.0,123.0,402.0,59.97,2.0,40.0,49.0,42.0,15.26,14.14,-0.038,0.0,0.2,0.2,60.0,59.5,75.6,1.0,274.0,274.0,273.2,-0.075,0.032,0.082,1915.0,415939.0,13178.0,1913.0,-0.923,0.818,0.791,0.836,0.001,0.0,0.001,0.0,0.0,0.0,0.0,0.0,1.0,1.0,1.0,0.0,3.617,98.9,34.51,6.8,3.503,2.0,-1.0,13.7,0.003,0.278,3.0,2.0,0.0,0.0,14.36,14.29,14.16,14.15,14.26,14.07,14.75,14.09,14.36,14.44,13.68,14.26,14.37,14.56,14.11,14.18,14.39,14.16,13.88
2017-05-04 19:36:00-05:00,-10.136472,-13.099078,-4.4411287,-11.122734,-11.202678,-4.344637,-10.538069,-10.4904585,857645.0,19.72,0.0,-0.194,0.511,0.917,15.22,23.98,0.0,0.0,0.0,0.0,0.0,0.0,0.0,0.0,23.97,-1.8,-1.367,-0.2,0.0,0.0,0.0,0.0,0.0,272.1,275.3,276.0,274.0,0.668,0.0,0.0,-0.1,-0.038,0.103,0.0,6000.0,403526.0,123.0,402.0,59.97,2.0,40.0,48.92,41.83,15.24,14.05,-0.038,0.0,0.2,0.2,60.0,59.5,75.6,1.0,274.0,274.0,273.6,-0.076,0.031,0.082,1915.0,415939.0,13178.0,1913.0,-0.923,0.818,0.791,0.836,0.001,0.0,0.001,0.0,0.0,0.0,0.0,0.0,1.0,1.0,1.0,0.0,2.482,95.5,27.52,4.4,3.503,2.0,-1.0,13.31,-0.027,0.279,1.0,2.0,0.0,0.001,14.27,14.23,14.07,14.05,14.13,13.98,14.69,13.99,14.29,14.32,13.57,14.18,14.29,14.47,14.02,14.08,14.33,14.09,13.78
2017-05-04 19:37:00-05:00,-10.260086,-13.099078,-4.4411287,-11.255148,-11.331445,-4.5703325,-10.788975,-10.608329,857646.0,19.69,0.0,-0.407,0.099,0.564,15.22,22.08,0.0,0.0,0.0,0.0,0.0,0.0,0.0,0.0,22.1,-1.75,-1.45,-0.2,0.0,0.0,0.0,0.0,0.0,272.0,275.6,276.0,274.0,0.673,0.0,0.0,-0.1,-0.038,0.105,0.0,6000.0,403526.0,123.0,402.0,59.96,2.0,40.0,48.08,41.2,15.25,13.97,-0.038,0.0,0.2,0.2,60.0,59.5,75.6,1.0,274.0,274.1,273.2,-0.075,0.031,0.082,1915.0,415939.0,13178.0,1913.0,-0.923,0.818,0.791,0.836,0.001,0.0,0.001,0.0,0.0,0.0,0.0,0.0,1.0,1.0,1.0,0.0,2.627,90.6,37.47,4.4,3.502,2.0,-1.0,13.64,0.034,0.278,3.0,2.0,0.0,0.001,14.18,14.14,14.0,13.94,14.06,13.89,14.59,13.89,14.23,14.24,13.48,14.1,14.21,14.38,13.92,13.97,14.25,14.02,13.66
2017-05-04 19:38:00-05:00,-10.260086,-13.099078,-4.4411287,-11.387561,-11.460212,-4.5703325,-10.914429,-10.4904585,857647.0,19.67,0.0,-0.407,0.099,0.551,15.18,20.36,0.0,0.0,0.0,0.0,0.0,0.0,0.0,0.0,20.32,-1.533,-1.383,-0.2,0.0,0.0,0.0,0.0,0.0,272.1,275.5,276.0,274.0,0.662,0.0,0.0,-0.1,-0.045,0.102,0.0,6000.0,403526.0,123.0,402.0,59.96,2.0,40.0,48.0,41.0,15.2,13.95,-0.038,0.0,0.2,0.2,60.0,59.5,75.6,1.0,274.0,274.4,273.5,-0.075,0.031,0.082,1915.0,415939.0,13178.0,1913.0,-0.923,0.818,0.791,0.836,0.002,0.0,0.001,0.0,0.0,0.0,0.0,0.0,1.0,1.0,1.0,0.0,2.247,101.2,47.61,4.1,3.502,2.0,-1.0,13.7,0.003,0.277,3.0,2.0,0.0,0.0,14.12,14.08,13.9,13.87,13.97,13.81,14.49,13.79,14.18,14.18,13.39,14.02,14.14,14.32,13.84,13.86,14.19,13.95,13.56
2017-05-04 19:39:00-05:00,-10.383702,-12.935339,-4.4411287,-11.652389,-11.331445,-4.5703325,-10.788975,-10.608329,857648.0,19.64,0.0,-0.407,0.101,0.568,15.16,19.02,0.0,0.0,0.0,0.0,0.0,0.0,0.0,0.0,19.17,-1.367,-1.333,-0.2,0.0,0.0,0.0,0.0,0.0,272.5,275.7,276.0,274.5,0.668,0.0,0.0,-0.1,-0.042,0.105,0.0,6000.0,403526.0,123.0,402.0,59.95,2.0,40.0,48.0,41.0,15.19,13.87,-0.038,0.0,0.2,0.2,60.0,59.5,75.6,1.0,274.5,274.5,273.6,-0.076,0.031,0.082,1915.0,415939.0,13178.0,1913.0,-0.923,0.818,0.791,0.836,0.001,0.0,0.0,0.0,0.0,0.0,0.0,0.0,1.0,1.0,1.0,0.0,1.618,109.9,50.91,3.9,3.502,2.0,-1.0,13.7,0.003,0.278,3.0,2.0,0.0,0.0,14.02,14.05,13.84,13.79,13.92,13.71,14.4,13.7,14.07,14.09,13.29,13.9,14.06,14.24,13.75,13.79,14.12,13.89,13.47
2017-05-04 19:40:00-05:00,-10.630933,-12.935339,-4.4411287,-11.784802,-11.588977,-4.5703325,-10.788975,-10.608329,857649.0,19.61,0.0,-0.407,0.097,0.571,15.15,17.99,0.0,0.0,0.0,0.0,0.0,0.0,0.0,0.0,18.0,-1.333,-1.217,-0.2,0.0,0.0,0.0,0.0,0.0,272.9,276.0,276.0,274.9,0.663,0.0,0.0,-0.1,-0.045,0.105,0.0,6000.0,403526.0,123.0,402.0,59.95,2.0,39.98,48.0,41.0,15.18,13.79,-0.038,0.0,0.2,0.2,60.0,59.5,75.6,1.0,275.0,275.0,274.0,-0.076,0.031,0.082,1915.0,415939.0,13178.0,1913.0,-0.923,0.818,0.791,0.836,0.001,0.0,0.001,0.0,0.0,0.0,0.0,0.0,1.0,1.0,1.0,0.0,1.637,65.83,40.75,3.1,3.502,2.0,-1.0,13.7,0.003,0.278,3.0,2.0,0.0,0.0,13.97,13.87,13.72,13.69,13.79,13.59,14.3,13.6,14.04,14.05,13.17,13.8,13.96,14.15,13.65,13.68,14.04,13.83,13.39
2017-05-04 19:41:00-05:00,-10.878164,-13.099078,-4.7964187,-12.182042,-12.232809,-4.7960277,-11.165336,-10.8440695,857650.0,19.58,0.0,-0.407,0.099,0.516,15.09,17.29,0.0,0.0,0.0,0.0,0.0,0.0,0.0,0.0,17.17,-1.85,-1.4,-0.2,0.0,0.0,0.0,0.0,0.0,273.0,276.0,276.0,275.0,0.668,0.0,0.0,-0.1,-0.038,0.107,0.0,6000.0,403526.0,123.0,402.0,59.94,2.0,39.68,48.0,41.0,15.15,13.69,-0.038,0.0,0.2,0.2,60.0,59.5,75.6,1.0,275.0,275.0,274.0,-0.076,0.031,0.082,1915.0,415939.0,13178.0,1913.0,-0.923,0.818,0.791,0.836,0.001,0.0,0.001,0.0,0.0,0.0,0.0,0.0,1.0,1.0,1.0,0.0,2.21,65.72,47.1,4.0,3.503,2.0,-1.0,13.7,0.003,0.278,3.0,2.0,0.0,0.0,13.83,13.74,13.63,13.56,13.63,13.43,14.12,13.38,13.82,13.86,12.94,13.62,13.77,13.95,13.47,13.49,13.78,13.65,13.21
2017-05-04 19:42:00-05:00,-11.496242,-14.081508,-5.3885694,-12.8441105,-13.262941,-5.4731145,-11.918055,-11.904902,857651.0,19.55,0.0,-0.252,0.232,0.55,15.0,16.83,0.0,0.0,0.0,0.0,0.0,0.0,0.0,0.0,16.8,-1.833,-1.417,-0.2,0.0,0.0,0.0,0.0,0.0,273.0,276.0,276.0,275.0,0.685,0.0,0.0,-0.1,-0.032,0.102,0.0,6000.0,403526.0,123.0,402.0,59.95,2.0,39.6,48.0,41.0,15.05,13.52,-0.038,0.0,0.2,0.2,60.0,59.5,75.6,1.0,275.0,275.0,274.0,-0.076,0.031,0.082,1915.0,415939.0,13178.0,1913.0,-0.923,0.818,0.791,0.836,0.001,0.0,0.001,0.0,0.0,0.0,0.0,0.0,1.0,1.0,1.0,0.0,2.535,107.5,39.45,5.3,3.503,2.0,-1.0,13.31,0.002,0.278,1.0,2.0,0.0,0.001,13.68,13.58,13.43,13.38,13.43,13.22,13.86,13.15,13.56,13.56,12.72,13.39,13.53,13.66,13.23,13.28,13.52,13.38,13.0
2017-05-04 19:43:00-05:00,-12.485166,-15.718894,-5.9807196,-13.903419,-14.03554,-6.0373526,-12.7962265,-13.083606,857652.0,19.53,0.0,-0.407,0.101,0.435,14.9,16.32,0.0,0.0,0.0,0.0,0.0,0.0,0.0,0.0,16.0,-1.983,-1.517,-0.2,0.0,0.0,0.0,0.0,0.0,273.0,276.0,276.0,275.0,0.673,0.0,0.0,-0.1,-0.035,0.108,0.0,6000.0,403526.0,123.0,402.0,59.94,2.0,39.53,48.0,41.0,14.91,13.25,-0.038,0.0,0.2,0.2,60.0,59.5,75.6,1.0,275.0,275.0,274.0,-0.076,0.031,0.082,1915.0,415939.0,13178.0,1913.0,-0.923,0.818,0.791,0.836,0.001,0.0,0.001,0.0,0.0,0.0,0.0,0.0,1.0,1.0,1.0,0.0,2.07,78.04,25.11,3.2,3.502,2.0,-1.0,13.7,0.005,0.277,3.0,2.0,0.0,0.001,13.45,13.32,13.21,13.13,13.21,12.98,13.57,12.95,13.22,13.26,12.51,13.15,13.25,13.37,12.97,13.04,13.22,13.1,12.76
2017-05-04 19:44:00-05:00,-13.350474,-17.028801,-6.5728703,-14.565485,-14.679372,-6.150201,-13.548945,-13.790828,857653.0,19.47,0.0,-0.407,0.093,0.44,14.77,15.96,0.0,0.0,0.0,0.0,0.0,0.0,0.0,0.0,16.0,-1.833,-1.417,-0.198,0.0,0.0,0.0,0.0,0.0,273.0,276.0,276.0,275.0,0.652,0.0,0.0,-0.1,-0.037,0.102,0.0,6000.0,403526.0,123.0,402.0,59.95,2.0,39.22,48.0,40.82,14.79,13.1,-0.038,0.0,0.2,0.2,60.0,59.5,75.6,1.0,275.0,275.0,274.0,-0.076,0.032,0.082,1915.0,415939.0,13178.0,1913.0,-0.923,0.818,0.791,0.836,0.001,0.0,0.0,-0.001,0.0,0.0,0.0,0.0,1.0,1.0,1.0,0.0,2.13,105.2,26.45,4.4,3.502,2.0,-1.0,13.7,0.003,0.277,3.0,2.0,0.0,0.0,13.26,13.18,13.06,12.96,13.06,12.84,13.42,12.83,12.95,13.02,12.38,13.02,13.13,13.21,12.84,12.92,13.05,12.9,12.63
2017-05-04 19:45:00-05:00,-13.968552,-17.520016,-7.046591,-14.962726,-14.679372,-6.150201,-14.050759,-14.262309,857654.0,19.43,0.0,-0.407,0.099,0.425,14.62,15.94,0.0,0.0,0.0,0.0,0.0,0.0,0.0,0.0,16.0,-1.467,-1.3,-0.2,0.0,0.0,0.0,0.0,0.0,273.0,276.0,276.0,275.0,0.648,0.0,0.0,-0.1,-0.043,0.102,0.0,6000.0,403526.0,123.0,402.0,59.94,2.0,39.0,48.0,40.0,14.64,12.93,-0.038,0.0,0.2,0.2,60.0,59.5,75.6,1.0,275.0,275.0,274.0,-0.076,0.031,0.082,1915.0,415939.0,13178.0,1913.0,-0.923,0.818,0.791,0.836,0.001,-0.001,0.001,0.0,0.0,0.0,0.0,0.0,1.0,1.0,1.0,0.0,1.878,89.5,67.77,3.1,3.503,2.0,-1.0,13.7,0.003,0.277,3.0,2.0,0.0,0.0,13.13,13.04,12.93,12.85,12.95,12.72,13.28,12.74,12.7,12.89,12.29,12.92,12.97,13.06,12.74,12.83,12.9,12.79,12.53
2017-05-04 19:46:00-05:00,-14.215782,-18.011232,-7.283451,-14.962726,-14.936904,-6.150201,-14.301665,-14.498049,857655.0,19.4,0.0,-0.406,0.099,0.448,14.55,15.64,0.0,0.0,0.0,0.0,0.0,0.0,0.0,0.0,15.85,-1.633,-1.417,-0.2,0.0,0.0,0.0,0.0,0.0,273.0,276.0,276.0,275.0,0.653,0.0,0.0,-0.1,-0.04,0.103,0.0,6000.0,403526.0,123.0,402.0,59.93,2.0,39.0,48.0,40.0,14.53,12.83,-0.038,0.0,0.2,0.2,60.0,59.5,75.6,1.0,275.0,275.0,274.0,-0.076,0.032,0.082,1915.0,415939.0,13178.0,1913.0,-0.923,0.818,0.791,0.836,0.001,0.0,0.001,0.0,0.0,0.0,0.0,0.0,1.0,1.0,1.0,0.0,2.368,96.3,36.2,5.2,3.502,2.0,-1.0,13.7,0.003,0.277,3.0,2.0,0.0,0.0,13.03,12.96,12.82,12.71,12.85,12.61,13.2,12.65,12.5,12.75,12.19,12.85,12.9,12.96,12.66,12.76,12.71,12.68,12.45
2017-05-04 19:47:00-05:00,-14.339398,-18.17497,-7.283451,-14.962726,-14.808137,-5.924505,-14.301665,-14.61592,857656.0,19.37,0.0,-0.136,0.345,0.635,14.42,14.93,0.0,0.0,0.0,0.0,0.0,0.0,0.0,0.0,14.85,-1.883,-1.5,-0.2,0.0,0.0,0.0,0.0,0.0,273.0,276.0,276.3,275.0,0.667,0.0,0.0,-0.102,-0.037,0.107,0.0,6000.0,403526.0,123.0,402.0,59.94,2.0,39.0,48.0,40.0,14.39,12.67,-0.038,0.0,0.2,0.2,60.0,59.5,75.6,1.0,275.0,275.0,274.0,-0.076,0.031,0.082,1915.0,415939.0,13178.0,1913.0,-0.924,0.818,0.791,0.836,0.001,0.0,0.0,0.0,0.0,0.0,0.0,0.0,1.0,1.0,1.0,0.0,2.527,95.4,24.84,5.0,3.502,2.0,-1.0,13.7,0.002,0.277,1.0,2.0,0.0,0.001,12.89,12.9,12.71,12.61,12.74,12.49,13.1,12.56,12.37,12.59,12.1,12.74,12.78,12.82,12.57,12.66,12.61,12.54,12.35
2017-05-04 19:48:00-05:00,-14.339398,-18.17497,-7.283451,-14.697899,-14.679372,-5.4731145,-14.176212,-14.61592,857657.0,19.33,0.0,-0.406,0.061,0.444,14.32,14.15,0.0,0.0,0.0,0.0,0.0,0.0,0.0,0.0,14.07,-1.533,-1.317,-0.198,0.0,0.0,0.0,0.0,0.0,273.0,276.2,276.9,275.0,0.693,0.0,0.0,-0.1,-0.025,0.107,0.0,6000.0,403526.0,123.0,402.0,59.95,2.0,39.0,48.0,40.0,14.26,12.56,-0.038,0.0,0.2,0.2,60.0,59.5,75.6,1.0,275.0,275.0,274.0,-0.076,0.032,0.082,1915.0,415939.0,13178.0,1913.0,-0.923,0.818,0.791,0.836,0.001,0.0,0.001,0.0,0.0,0.0,0.0,0.0,1.0,1.0,1.0,0.0,1.173,105.5,36.38,2.8,3.502,2.0,-1.0,13.49,0.004,0.278,1.0,2.0,0.0,0.001,12.76,12.81,12.62,12.51,12.66,12.4,13.0,12.48,12.27,12.5,12.01,12.67,12.67,12.72,12.5,12.59,12.55,12.44,12.26
2017-05-04 19:49:00-05:00,-14.092168,-17.683754,-7.283451,-14.300657,-14.679372,-5.360266,-13.925306,-14.498049,857658.0,19.3,0.0,-0.406,0.093,0.427,14.2,13.41,0.0,0.0,0.0,0.0,0.0,0.0,0.0,0.0,13.57,-1.333,-1.217,-0.2,0.0,0.0,0.0,0.0,0.0,273.0,276.5,277.0,275.0,0.673,0.0,0.0,-0.1,-0.037,0.11,0.0,6000.0,403526.0,123.0,402.0,59.96,2.0,39.0,48.0,40.0,14.16,12.5,-0.038,0.0,0.2,0.2,60.0,59.5,75.6,1.0,275.0,275.0,274.0,-0.076,0.032,0.082,1915.0,415939.0,13178.0,1913.0,-0.923,0.818,0.791,0.836,0.001,0.0,0.001,0.0,0.0,0.0,0.0,0.0,1.0,1.0,1.0,0.0,2.068,80.3,35.55,3.2,3.503,2.0,-1.0,13.7,0.003,0.277,3.0,2.0,0.0,0.0,12.7,12.79,12.56,12.45,12.63,12.32,12.97,12.42,12.14,12.46,11.94,12.64,12.58,12.65,12.46,12.54,12.46,12.39,12.19
2017-05-04 19:50:00-05:00,-14.092168,-17.520016,-7.1650205,-14.035831,-14.679372,-4.9088755,-13.548945,-14.144439,857659.0,19.27,0.0,-0.406,0.093,0.427,14.14,12.88,0.0,0.0,0.0,0.0,0.0,0.0,0.0,0.0,13.0,-1.6,-1.3,-0.198,0.0,0.0,0.0,0.0,0.0,273.1,276.8,277.0,275.1,0.678,0.0,0.0,-0.102,-0.025,0.102,0.0,6000.0,403526.0,123.0,402.0,59.98,2.0,39.0,48.0,40.0,14.07,12.45,-0.038,0.0,0.2,0.2,60.0,59.5,75.6,1.0,275.0,275.0,274.0,-0.076,0.031,0.082,1915.0,415939.0,13178.0,1913.0,-0.924,0.818,0.791,0.836,0.001,0.0,0.001,0.0,0.0,0.0,0.0,0.0,1.0,1.0,1.0,0.0,1.443,100.6,60.4,4.0,3.503,2.0,-1.0,13.7,0.003,0.277,3.0,2.0,0.0,0.0,12.63,12.7,12.51,12.38,12.53,12.3,12.92,12.37,12.04,12.38,11.89,12.6,12.53,12.6,12.41,12.47,12.37,12.3,12.12
2017-05-04 19:51:00-05:00,-13.968552,-17.520016,-6.92816,-13.771005,-14.42184,-4.5703325,-13.298039,-13.790828,857660.0,19.23,0.0,-0.406,0.097,0.448,14.03,12.68,0.0,0.0,0.0,0.0,0.0,0.0,0.0,0.0,13.0,-1.417,-1.25,-0.2,0.0,0.0,0.0,0.0,0.0,273.0,276.8,277.0,275.0,0.693,0.0,0.0,-0.1,-0.022,0.11,0.0,6000.0,403526.0,123.0,402.0,59.98,2.0,39.0,48.0,40.0,14.0,12.39,-0.038,0.0,0.2,0.2,60.0,59.5,75.6,1.0,275.0,275.0,274.1,-0.076,0.032,0.082,1915.0,415939.0,13178.0,1913.0,-0.923,0.818,0.791,0.836,0.001,0.0,0.001,0.0,0.0,0.0,0.0,0.0,1.0,1.0,1.0,0.0,2.102,109.3,24.21,4.2,3.503,2.0,-1.0,13.7,0.003,0.277,3.0,2.0,0.0,0.0,12.61,12.65,12.45,12.32,12.53,12.23,12.84,12.32,11.97,12.35,11.86,12.56,12.47,12.54,12.36,12.46,12.29,12.27,12.09
2017-05-04 19:52:00-05:00,-13.844937,-17.028801,-6.8097305,-13.506177,-14.164306,-4.5703325,-13.047133,-13.672957,857661.0,19.19,0.0,-0.406,0.082,0.423,13.92,12.43,0.0,0.0,0.0,0.0,0.0,0.0,0.0,0.0,12.95,-1.567,-1.4,-0.2,0.0,0.0,0.0,0.0,0.0,273.6,277.0,277.0,275.6,0.7,0.0,0.0,-0.1,-0.023,0.11,0.0,6000.0,403526.0,123.0,402.0,60.0,2.0,39.0,48.0,40.0,13.85,12.31,-0.038,0.0,0.2,0.2,60.0,59.5,75.6,1.0,275.0,275.9,275.0,-0.076,0.032,0.082,1915.0,415939.0,13178.0,1913.0,-0.924,0.818,0.791,0.836,0.001,-0.001,0.001,0.0,0.0,0.0,0.0,0.0,1.0,1.0,1.0,0.0,1.735,104.8,26.23,2.6,3.503,2.0,-1.0,13.7,0.003,0.277,3.0,2.0,0.0,0.0,12.53,12.61,12.38,12.25,12.46,12.22,12.81,12.29,11.95,12.34,11.82,12.52,12.41,12.5,12.33,12.42,12.25,12.22,12.06
2017-05-04 19:53:00-05:00,-13.597706,-16.865063,-6.4544406,-13.373763,-14.164306,-4.5703325,-12.92168,-13.437217,857662.0,19.15,0.0,0.01,0.499,0.804,13.83,12.17,0.0,0.0,0.0,0.0,0.0,0.0,0.0,0.0,12.2,-1.5,-1.367,-0.2,0.0,0.0,0.0,0.0,0.0,273.3,277.0,277.0,275.3,0.707,0.0,0.0,-0.1,-0.04,0.113,0.0,6000.0,403526.0,123.0,402.0,59.98,2.0,39.0,48.0,39.62,13.76,12.26,-0.038,0.0,0.2,0.2,60.0,59.5,75.6,1.0,275.0,275.7,274.8,-0.076,0.032,0.082,1915.0,415939.0,13178.0,1913.0,-0.924,0.818,0.791,0.836,0.001,0.0,0.001,0.0,0.0,0.0,0.0,0.0,1.0,1.0,1.0,0.0,1.803,75.2,19.36,4.3,3.504,2.0,-1.0,13.63,0.003,0.277,1.0,2.0,0.0,0.001,12.47,12.54,12.36,12.22,12.5,12.22,12.81,12.26,11.9,12.23,11.79,12.48,12.36,12.46,12.29,12.38,12.18,12.18,12.01
2017-05-04 19:54:00-05:00,-13.47409,-16.537586,-6.4544406,-13.108936,-13.778006,-4.4574847,-12.7962265,-13.437217,857663.0,19.11,0.0,-0.406,0.08,0.436,13.76,11.96,0.0,0.0,0.0,0.0,0.0,0.0,0.0,0.0,12.0,-1.65,-1.4,-0.2,0.0,0.0,0.0,0.0,0.0,273.2,277.0,277.0,275.2,0.72,0.0,0.0,-0.102,-0.033,0.107,0.0,6000.0,403526.0,123.0,402.0,59.98,2.0,39.0,47.43,39.3,13.76,12.23,-0.038,0.0,0.2,0.2,60.0,59.5,75.6,1.0,275.0,276.0,275.0,-0.076,0.032,0.082,1915.0,415939.0,13178.0,1913.0,-0.923,0.818,0.791,0.836,0.001,0.0,0.001,0.0,0.0,0.0,0.0,0.0,1.0,1.0,1.0,0.0,1.928,80.5,30.28,4.2,3.503,2.0,-1.0,13.7,0.003,0.277,3.0,2.0,0.0,0.0,12.42,12.48,12.38,12.24,12.42,12.21,12.76,12.21,11.83,12.2,11.74,12.44,12.31,12.4,12.24,12.33,12.15,12.13,11.97
2017-05-04 19:55:00-05:00,-13.103243,-16.373846,-6.4544406,-12.976523,-13.520474,-4.2317896,-12.54532,-13.201476,857664.0,19.07,0.0,-0.406,0.089,0.446,13.68,11.85,0.0,0.0,0.0,0.0,0.0,0.0,0.0,0.0,12.0,-1.433,-1.35,-0.2,0.0,0.0,0.0,0.0,0.0,273.1,276.9,277.0,275.1,0.715,0.0,0.0,-0.1,-0.035,0.112,0.0,6000.0,403526.0,123.0,402.0,59.98,2.0,39.0,47.02,39.45,13.64,12.15,-0.038,0.0,0.2,0.2,60.0,59.5,75.6,1.0,275.0,275.4,275.0,-0.076,0.032,0.082,1915.0,415939.0,13178.0,1913.0,-0.924,0.818,0.791,0.836,0.002,0.0,0.001,0.0,0.0,0.0,0.0,0.0,1.0,1.0,1.0,0.0,2.155,102.6,23.35,4.4,3.503,2.0,-1.0,13.7,0.003,0.277,3.0,2.0,0.0,0.0,12.34,12.42,12.32,12.22,12.42,12.11,12.67,12.17,11.8,12.16,11.7,12.39,12.27,12.35,12.19,12.28,12.13,12.07,11.91
2017-05-04 19:56:00-05:00,-12.856012,-15.882632,-6.0991497,-12.711697,-13.262941,-3.8932464,-12.168962,-13.083606,857665.0,19.03,0.0,-0.406,0.087,0.417,13.62,11.71,0.0,0.0,0.0,0.0,0.0,0.0,0.0,0.0,12.0,-1.583,-1.317,-0.2,0.0,0.0,0.0,0.0,0.0,273.1,276.7,277.0,275.0,0.685,0.0,0.0,-0.1,-0.028,0.108,0.0,6000.0,403526.0,123.0,402.0,59.97,2.0,39.0,47.0,39.0,13.6,12.12,-0.038,0.0,0.2,0.2,60.0,59.5,75.6,1.0,275.0,275.0,274.6,-0.076,0.032,0.082,1915.0,415939.0,13178.0,1913.0,-0.923,0.818,0.791,0.836,0.001,0.0,0.001,0.0,0.0,0.0,0.0,0.0,1.0,1.0,1.0,0.0,1.982,69.6,34.43,3.2,3.503,2.0,-1.0,13.7,0.003,0.277,3.0,2.0,0.0,0.0,12.29,12.39,12.29,12.16,12.34,12.09,12.61,12.14,11.77,12.14,11.68,12.36,12.21,12.31,12.15,12.23,12.08,12.02,11.87
2017-05-04 19:57:00-05:00,-12.732397,-15.882632,-5.9807196,-12.579283,-13.134174,-3.8932464,-12.043508,-12.965735,857666.0,18.99,0.0,-0.406,0.076,0.415,13.58,11.62,0.0,0.0,0.0,0.0,0.0,0.0,0.0,0.0,12.0,-1.85,-1.467,-0.2,0.0,0.0,0.0,0.0,0.0,273.4,277.0,277.0,275.4,0.703,0.0,0.0,-0.1,-0.04,0.115,0.0,6000.0,403526.0,123.0,402.0,59.96,2.0,39.0,47.0,39.0,13.54,12.04,-0.038,0.0,0.2,0.2,60.0,59.5,75.6,1.0,275.0,275.5,275.0,-0.076,0.032,0.082,1915.0,415939.0,13178.0,1913.0,-0.923,0.818,0.791,0.836,0.001,0.0,0.001,0.0,0.0,0.0,0.0,0.0,1.0,1.0,1.0,0.0,1.52,109.0,35.43,3.6,3.503,2.0,-1.0,13.7,0.003,0.277,3.0,2.0,0.0,0.0,12.24,12.32,12.22,12.09,12.32,12.03,12.61,12.12,11.75,12.1,11.64,12.33,12.17,12.26,12.12,12.21,12.03,11.98,11.85
2017-05-04 19:58:00-05:00,-12.485166,-15.718894,-5.8622894,-12.446869,-13.005407,-3.7803986,-11.918055,-12.729994,857667.0,18.95,0.0,-0.25,0.205,0.523,13.5,11.61,0.0,0.0,0.0,0.0,0.0,0.0,0.0,0.0,11.95,-1.783,-1.417,-0.2,0.0,0.0,0.0,0.0,0.0,273.5,277.0,277.0,275.5,0.707,0.0,0.0,-0.1,-0.02,0.11,0.0,6000.0,403526.0,123.0,402.0,59.97,2.0,39.0,47.0,39.0,13.53,12.03,-0.038,0.0,0.2,0.2,60.0,59.5,75.6,1.0,275.0,275.5,275.0,-0.076,0.032,0.082,1915.0,415939.0,13178.0,1913.0,-0.923,0.818,0.791,0.836,0.001,0.0,0.001,0.0,0.0,0.0,0.0,0.0,1.0,1.0,1.0,0.0,2.785,115.2,21.35,4.5,3.5,2.0,-1.0,13.7,0.025,0.276,1.0,2.0,0.0,0.001,12.22,12.32,12.22,12.03,12.29,12.03,12.61,12.08,11.7,12.16,11.61,12.3,12.13,12.24,12.08,12.19,11.99,11.94,11.84
2017-05-04 19:59:00-05:00,-12.485166,-15.391417,-5.625429,-12.314455,-12.876641,-3.4418554,-11.667148,-12.494254,857668.0,18.91,0.0,-0.406,0.072,0.406,13.46,11.61,0.0,0.0,0.0,0.0,0.0,0.0,0.0,0.0,12.0,-1.433,-1.25,-0.197,0.0,0.0,0.0,0.0,0.0,273.7,277.0,277.0,275.7,0.697,0.0,0.0,-0.1,-0.03,0.113,0.0,6000.0,403526.0,123.0,402.0,59.95,2.0,39.0,47.0,39.0,13.48,11.99,-0.038,0.0,0.2,0.2,60.0,59.5,75.6,1.0,275.0,275.9,275.0,-0.076,0.032,0.082,1915.0,415939.0,13178.0,1913.0,-0.924,0.818,0.791,0.836,0.001,0.0,0.001,0.0,0.0,0.0,0.0,0.0,1.0,1.0,1.0,0.0,2.28,74.4,32.35,3.6,3.5,2.0,-1.0,13.61,-0.018,0.277,1.0,2.0,0.0,0.001,12.22,12.29,12.19,12.03,12.24,11.97,12.6,12.06,11.67,12.14,11.59,12.29,12.11,12.22,12.08,12.17,11.96,11.94,11.81
2017-05-04 20:00:00-05:00,-12.361549,-15.391417,-5.625429,-12.182042,-12.876641,-3.4418554,-11.541695,-12.258513,857669.0,18.87,0.0,-0.406,0.082,0.393,13.42,11.61,0.0,0.0,0.0,0.0,0.0,0.0,0.0,0.0,12.0,-1.533,-1.4,-0.2,0.0,0.0,0.0,0.0,0.0,273.6,277.0,277.0,275.6,0.718,0.0,0.0,-0.1,-0.007,0.112,0.0,6000.0,403526.0,123.0,402.0,59.94,2.0,39.0,47.0,39.0,13.45,11.95,-0.038,0.0,0.2,0.2,60.0,59.5,75.6,1.0,275.0,275.9,275.0,-0.076,0.032,0.082,1915.0,415939.0,13178.0,1913.0,-0.923,0.818,0.791,0.836,0.002,0.0,0.001,0.0,0.0,0.0,0.0,0.0,1.0,1.0,1.0,0.0,2.053,104.8,32.95,4.0,3.503,2.0,-1.0,13.7,0.003,0.277,3.0,2.0,0.0,0.0,12.16,12.22,12.13,12.01,12.22,11.93,12.52,12.03,11.66,12.1,11.56,12.26,12.1,12.19,12.05,12.13,11.93,11.9,11.78
2017-05-04 20:01:00-05:00,-12.114319,-15.391417,-5.625429,-12.049628,-12.747875,-3.4418554,-11.416242,-12.140643,857670.0,18.83,0.0,-0.406,0.076,0.385,13.36,11.65,0.0,0.0,0.0,0.0,0.0,0.0,0.0,0.0,12.0,-1.467,-1.3,-0.2,0.0,0.0,0.0,0.0,0.0,273.9,277.0,277.0,275.9,0.72,0.0,0.0,-0.1,-0.018,0.118,0.0,6000.0,403526.0,123.0,402.0,59.96,2.0,39.0,47.0,39.0,13.38,11.93,-0.037,0.0,0.2,0.2,60.0,59.5,75.6,1.0,275.4,276.0,275.0,-0.076,0.032,0.082,1915.0,415939.0,13178.0,1913.0,-0.923,0.818,0.791,0.836,0.001,0.0,0.001,0.0,0.0,0.0,0.0,0.0,1.0,1.0,1.0,0.0,2.272,103.5,28.88,4.8,3.503,2.0,-1.0,13.7,0.003,0.277,3.0,2.0,0.0,0.0,12.13,12.22,12.09,11.93,12.14,11.9,12.5,12.0,11.63,12.02,11.53,12.22,12.05,12.14,12.0,12.1,11.89,11.86,11.76
2017-05-04 20:02:00-05:00,-11.990705,-15.391417,-5.625429,-12.049628,-12.619108,-3.4418554,-11.290788,-12.140643,857671.0,18.79,0.0,-0.406,0.068,0.391,13.31,11.66,0.0,0.0,0.0,0.0,0.0,0.0,0.0,0.0,12.0,-1.483,-1.333,-0.2,0.0,0.0,0.0,0.0,0.0,273.9,277.0,277.1,275.9,0.715,0.0,0.0,-0.1,-0.015,0.115,0.0,6000.0,403526.0,123.0,402.0,59.96,2.0,39.0,47.0,39.0,13.39,11.91,-0.07,0.0,0.2,0.2,60.0,59.5,75.6,1.0,275.8,275.9,275.0,-0.076,0.032,0.082,1915.0,415939.0,13178.0,1913.0,-0.923,0.818,0.791,0.836,0.002,0.0,0.001,0.0,0.0,0.0,0.0,0.0,1.0,1.0,1.0,0.0,2.152,86.3,35.4,4.3,3.503,2.0,-1.0,13.7,0.003,0.277,3.0,2.0,0.0,0.0,12.13,12.16,12.04,11.93,12.13,11.85,12.5,11.97,11.58,12.02,11.51,12.21,12.04,12.12,11.99,12.08,11.87,11.84,11.73
2017-05-04 20:03:00-05:00,-11.743473,-14.900201,-5.625429,-11.917214,-12.747875,-3.103312,-11.290788,-12.022773,857672.0,18.75,0.0,-0.406,0.066,0.385,13.29,11.53,0.0,0.0,0.0,0.0,0.0,0.0,0.0,0.0,11.93,-1.4,-1.3,-0.2,0.0,0.0,0.0,0.0,0.0,274.0,277.0,277.2,276.0,0.702,0.0,0.0,-0.103,-0.022,0.112,0.0,6000.0,403526.0,123.0,402.0,59.96,2.0,39.0,47.0,39.0,13.38,11.87,-0.036,0.0,0.2,0.2,60.0,59.5,75.6,1.0,276.0,276.0,275.0,-0.076,0.031,0.082,1915.0,415939.0,13178.0,1913.0,-0.924,0.818,0.791,0.836,0.001,0.0,0.001,0.0,0.0,0.0,0.0,0.0,1.0,1.0,1.0,0.0,2.175,75.58,18.59,3.6,3.503,2.0,-1.0,13.7,0.003,0.277,3.0,2.0,0.0,0.0,12.04,12.13,12.03,11.91,12.13,11.84,12.42,11.94,11.58,11.96,11.46,12.2,12.02,12.1,11.98,12.04,11.83,11.81,11.69
2017-05-04 20:04:00-05:00,-11.743473,-14.736463,-5.625429,-11.784802,-12.619108,-3.103312,-11.165336,-11.904902,857673.0,18.71,0.0,-0.22,0.207,0.514,13.22,11.33,0.0,0.0,0.0,0.0,0.0,0.0,0.0,0.0,11.3,-1.517,-1.35,-0.198,0.0,0.0,0.0,0.0,0.0,274.0,277.0,277.2,276.0,0.688,0.0,0.0,-0.103,-0.023,0.117,0.0,6000.0,403526.0,123.0,402.0,59.97,2.0,39.0,47.0,39.0,13.28,11.84,-0.038,0.0,0.2,0.2,60.0,59.5,75.6,1.0,276.0,276.0,275.0,-0.076,0.032,0.082,1915.0,415939.0,13178.0,1913.0,-0.923,0.818,0.791,0.836,0.001,0.0,0.001,0.0,0.0,0.0,0.0,0.0,1.0,1.0,1.0,0.0,1.787,85.3,26.88,3.6,3.503,2.0,-1.0,13.58,0.004,0.276,1.0,2.0,0.0,0.001,12.03,12.13,12.03,11.92,12.11,11.84,12.42,11.92,11.55,11.93,11.45,12.18,12.01,12.05,11.94,12.02,11.83,11.76,11.67
2017-05-04 20:05:00-05:00,-11.619857,-14.736463,-5.5069995,-11.784802,-12.490343,-3.103312,-11.165336,-11.787031,857674.0,18.67,0.0,-0.406,0.053,0.379,13.19,11.19,0.0,0.0,0.0,0.0,0.0,0.0,0.0,0.0,11.08,-1.333,-1.283,-0.198,0.0,0.0,0.0,0.0,0.0,274.0,277.0,277.1,276.0,0.695,0.0,0.0,-0.103,-0.028,0.117,0.0,6000.0,403526.0,123.0,402.0,59.95,2.0,38.83,47.0,39.0,13.25,11.83,-0.038,0.0,0.2,0.2,60.0,59.5,75.6,1.0,276.0,276.0,275.0,-0.076,0.032,0.082,1915.0,415939.0,13178.0,1913.0,-0.923,0.818,0.791,0.836,0.001,0.0,0.001,0.0,0.0,0.0,0.0,0.0,1.0,1.0,1.0,0.0,1.857,87.9,44.89,3.8,3.503,2.0,-1.0,13.7,0.003,0.277,3.0,2.0,0.0,0.0,12.03,12.13,12.03,11.87,12.03,11.84,12.42,11.88,11.53,11.94,11.41,12.12,11.98,12.01,11.89,11.96,11.81,11.73,11.62
2017-05-04 20:06:00-05:00,-11.496242,-14.736463,-5.270139,-11.652389,-12.490343,-3.103312,-11.165336,-11.551291,857675.0,18.62,0.0,-0.406,0.049,0.385,13.16,11.09,0.0,0.0,0.0,0.0,0.0,0.0,0.0,0.0,11.0,-1.75,-1.483,-0.2,0.0,0.0,0.0,0.0,0.0,274.0,277.0,277.1,276.0,0.687,0.0,0.0,-0.1,-0.023,0.108,0.0,6000.0,403526.0,123.0,402.0,59.93,2.0,38.07,47.0,38.93,13.22,11.82,-0.038,0.0,0.2,0.2,60.0,59.5,75.6,1.0,276.0,276.0,275.0,-0.076,0.032,0.082,1915.0,415939.0,13178.0,1913.0,-0.923,0.818,0.791,0.836,0.002,0.0,0.001,0.0,0.0,0.0,0.0,0.0,1.0,1.0,1.0,0.0,1.628,91.5,42.91,3.1,3.503,2.0,-1.0,13.7,0.003,0.277,3.0,2.0,0.0,0.0,12.03,12.09,12.03,11.84,12.03,11.74,12.43,11.86,11.53,11.92,11.4,12.1,11.95,12.0,11.87,11.94,11.79,11.68,11.6
2017-05-04 20:07:00-05:00,-11.496242,-14.408986,-5.3885694,-11.652389,-12.361576,-3.103312,-11.165336,-11.433422,857676.0,18.58,0.0,-0.406,0.068,0.37,13.14,11.07,0.0,0.0,0.0,0.0,0.0,0.0,0.0,0.0,11.0,-1.817,-1.567,-0.2,0.0,0.0,0.0,0.0,0.0,274.0,277.0,277.0,276.0,0.702,0.0,0.0,-0.103,-0.023,0.113,0.0,6000.0,403526.0,123.0,402.0,59.94,2.0,38.0,47.0,38.15,13.23,11.78,-0.038,0.0,0.2,0.2,60.0,59.5,75.6,1.0,276.0,276.0,275.0,-0.076,0.032,0.082,1916.0,415939.0,13178.0,1913.0,-0.923,0.818,0.791,0.836,0.001,0.0,0.001,0.0,0.0,0.0,0.0,0.0,1.0,1.0,1.0,0.0,1.822,87.6,55.19,4.1,3.503,2.0,-1.0,13.7,0.003,0.277,3.0,2.0,0.0,0.0,11.98,12.03,11.98,11.84,12.03,11.74,12.42,11.82,11.49,11.88,11.35,12.08,11.94,11.97,11.85,11.9,11.75,11.65,11.56
2017-05-04 20:08:00-05:00,-11.496242,-14.245247,-5.5069995,-11.519975,-12.361576,-3.103312,-11.039882,-11.433422,857677.0,18.54,0.0,-0.406,0.051,0.364,13.15,11.07,0.0,0.0,0.0,0.0,0.0,0.0,0.0,0.0,11.0,-1.95,-1.55,-0.2,0.0,0.0,0.0,0.0,0.0,274.0,277.0,277.0,276.0,0.662,0.0,0.0,-0.103,-0.028,0.113,0.0,6000.0,403526.0,123.0,402.0,59.93,2.0,38.0,47.0,38.0,13.25,11.74,-0.038,0.0,0.2,0.2,60.0,59.5,75.6,1.0,276.0,276.0,275.0,-0.076,0.032,0.082,1916.0,415939.0,13178.0,1913.0,-0.923,0.818,0.791,0.836,0.001,0.0,0.001,0.0,0.0,0.0,0.0,0.0,1.0,1.0,1.0,0.0,2.695,97.6,26.7,4.2,3.503,2.0,-1.0,13.7,0.003,0.277,3.0,2.0,0.0,0.0,11.93,12.03,11.93,11.79,11.98,11.74,12.34,11.79,11.43,11.79,11.31,12.04,11.9,11.95,11.81,11.87,11.72,11.62,11.52
2017-05-04 20:09:00-05:00,-11.372626,-14.245247,-5.625429,-11.652389,-12.361576,-3.103312,-11.039882,-11.433422,857678.0,18.5,0.0,-0.186,0.254,0.546,13.15,11.08,0.0,0.0,0.0,0.0,0.0,0.0,0.0,0.0,11.0,-1.667,-1.317,-0.2,0.0,0.0,0.0,0.0,0.0,274.0,277.0,277.0,276.0,0.683,0.0,0.0,-0.102,-0.02,0.112,0.0,6000.0,403526.0,123.0,402.0,59.94,2.0,38.0,47.0,38.0,13.17,11.69,-0.038,0.0,0.2,0.2,60.0,59.5,75.6,1.0,276.0,276.0,275.0,-0.076,0.032,0.082,1916.0,415939.0,13178.0,1913.0,-0.923,0.818,0.791,0.836,0.001,0.0,0.001,0.0,0.0,0.0,0.0,0.0,1.0,1.0,1.0,0.0,2.342,99.4,30.43,4.1,3.504,2.0,-1.0,13.53,0.003,0.276,1.0,2.0,0.0,0.001,11.84,11.98,11.88,11.74,11.93,11.64,12.34,11.76,11.43,11.75,11.29,11.99,11.86,11.9,11.76,11.85,11.7,11.58,11.5
2017-05-04 20:10:00-05:00,-11.249011,-14.245247,-5.270139,-11.652389,-12.232809,-3.103312,-11.039882,-11.433422,857679.0,18.46,0.0,-0.406,0.049,0.366,13.11,11.07,0.0,0.0,0.0,0.0,0.0,0.0,0.0,0.0,11.0,-1.517,-1.333,-0.2,0.0,0.0,0.0,0.0,0.0,274.0,277.0,277.0,276.0,0.668,0.0,0.0,-0.1,-0.023,0.113,0.0,6000.0,403526.0,123.0,402.0,59.95,2.0,38.0,47.0,38.0,13.17,11.7,-0.038,0.0,0.2,0.2,60.0,59.5,75.6,1.0,276.0,276.0,275.0,-0.076,0.032,0.082,1916.0,415939.0,13178.0,1913.0,-0.923,0.818,0.791,0.836,0.001,0.0,0.001,0.0,0.0,0.0,0.0,0.0,1.0,1.0,1.0,0.0,2.208,81.4,26.53,3.8,3.504,2.0,-1.0,13.7,0.004,0.277,3.0,2.0,0.0,0.0,11.87,11.93,11.84,11.74,11.93,11.64,12.29,11.76,11.41,11.7,11.28,11.95,11.8,11.87,11.71,11.83,11.67,11.58,11.48
2017-05-04 20:11:00-05:00,-11.125395,-14.245247,-5.270139,-11.519975,-12.232809,-3.103312,-10.914429,-11.433422,857680.0,18.42,0.0,-0.406,0.034,0.37,13.07,11.26,0.0,0.0,0.0,0.0,0.0,0.0,0.0,0.0,11.2,-1.45,-1.35,-0.198,0.0,0.0,0.0,0.0,0.0,274.0,277.0,277.0,276.0,0.652,0.0,0.0,-0.1,-0.018,0.112,0.0,6000.0,403526.0,123.0,402.0,59.95,2.0,38.0,47.0,38.0,13.13,11.67,-0.038,0.0,0.2,0.2,60.0,59.5,75.6,1.0,276.0,276.0,275.0,-0.076,0.032,0.082,1916.0,415939.0,13178.0,1913.0,-0.923,0.818,0.791,0.836,0.001,0.0,0.001,0.0,0.0,0.0,0.0,0.0,1.0,1.0,1.0,0.0,1.508,83.8,24.43,3.3,3.503,2.0,-1.0,13.7,0.003,0.277,3.0,2.0,0.0,0.0,11.9,11.93,11.84,11.64,11.85,11.64,12.33,11.73,11.4,11.71,11.25,11.93,11.77,11.85,11.69,11.8,11.64,11.56,11.45
2017-05-04 20:12:00-05:00,-11.125395,-14.245247,-5.270139,-11.387561,-12.104043,-3.103312,-10.788975,-11.315551,857681.0,18.38,0.0,-0.406,0.004,0.36,13.05,11.62,0.0,0.0,0.0,0.0,0.0,0.0,0.0,0.0,11.97,-1.35,-1.283,-0.2,0.0,0.0,0.0,0.0,0.0,274.0,277.0,277.0,276.0,0.663,0.0,0.0,-0.107,-0.02,0.11,0.0,6000.0,403526.0,123.0,402.0,59.96,2.0,38.0,46.97,38.0,13.06,11.66,-0.038,0.0,0.2,0.2,60.0,59.5,75.6,1.0,276.0,276.0,275.0,-0.076,0.031,0.082,1916.0,415939.0,13178.0,1913.0,-0.924,0.818,0.791,0.836,0.001,0.0,0.001,0.0,0.0,0.0,0.0,0.0,1.0,1.0,1.0,0.0,1.35,84.9,38.92,2.5,3.504,2.0,-1.0,13.7,0.003,0.277,3.0,2.0,0.0,0.0,11.94,11.93,11.84,11.64,11.84,11.64,12.33,11.72,11.38,11.76,11.24,11.93,11.78,11.85,11.69,11.8,11.64,11.55,11.45
2017-05-04 20:13:00-05:00,-11.0017805,-14.245247,-5.270139,-11.387561,-12.104043,-3.103312,-10.788975,-11.315551,857682.0,18.34,0.0,-0.406,0.03,0.355,13.01,11.86,0.0,0.0,0.0,0.0,0.0,0.0,0.0,0.0,12.0,-1.767,-1.5,-0.198,0.0,0.0,0.0,0.0,0.0,274.0,277.0,277.0,276.0,0.648,0.0,0.0,-0.1,-0.015,0.105,0.0,6000.0,403526.0,123.0,402.0,59.96,2.0,38.0,46.05,38.0,13.05,11.63,-0.038,0.0,0.2,0.2,60.0,59.5,75.6,1.0,276.0,276.0,275.0,-0.076,0.031,0.082,1916.0,415939.0,13178.0,1913.0,-0.924,0.818,0.791,0.836,0.002,0.0,0.001,0.0,0.0,0.0,0.0,0.0,1.0,1.0,1.0,0.0,1.272,97.9,33.26,2.2,3.504,2.0,-1.0,13.7,0.003,0.276,3.0,2.0,0.0,0.0,11.94,11.93,11.84,11.64,11.84,11.64,12.33,11.72,11.38,11.77,11.24,11.92,11.77,11.85,11.69,11.79,11.61,11.54,11.44
2017-05-04 20:14:00-05:00,-11.0017805,-14.081508,-5.270139,-11.255148,-11.846511,-3.103312,-10.663523,-11.315551,857683.0,18.29,0.0,-0.15,0.258,0.556,12.97,12.1,0.0,0.0,0.0,0.0,0.0,0.0,0.0,0.0,12.1,-1.433,-1.367,-0.2,0.0,0.0,0.0,0.0,0.0,274.0,277.0,277.0,276.0,0.68,0.0,0.0,-0.103,-0.018,0.118,0.0,6000.0,403526.0,123.0,402.0,59.95,2.0,38.0,46.0,38.0,12.99,11.63,-0.038,0.0,0.2,0.2,60.0,59.5,75.6,1.0,276.0,276.0,275.0,-0.076,0.031,0.082,1916.0,415939.0,13178.0,1913.0,-0.924,0.818,0.791,0.836,0.001,0.0,0.001,0.0,0.0,0.0,0.0,0.0,1.0,1.0,1.0,0.0,1.625,87.0,48.26,3.1,3.504,2.0,-1.0,13.7,0.003,0.276,3.0,2.0,0.0,0.0,11.94,11.93,11.84,11.64,11.84,11.59,12.33,11.73,11.38,11.74,11.25,11.94,11.77,11.87,11.7,11.8,11.62,11.54,11.46
2017-05-04 20:15:00-05:00,-10.878164,-13.754032,-5.270139,-11.255148,-11.846511,-3.103312,-10.663523,-11.19768,857684.0,18.25,0.0,-0.406,0.008,0.366,12.94,12.15,0.0,0.0,0.0,0.0,0.0,0.0,0.0,0.0,12.22,-1.317,-1.45,-0.2,0.0,0.0,0.0,0.0,0.0,274.0,277.0,277.0,276.0,0.662,0.0,0.0,-0.105,-0.02,0.115,0.0,6000.0,403526.0,123.0,402.0,59.96,2.0,38.0,46.0,38.0,13.02,11.65,-0.038,0.0,0.2,0.2,60.0,59.5,75.6,1.0,276.0,276.0,275.0,-0.076,0.031,0.082,1916.0,415939.0,13178.0,1913.0,-0.924,0.818,0.791,0.836,0.001,0.0,0.001,0.0,0.0,0.0,0.0,0.0,1.0,1.0,1.0,0.0,1.99,89.9,36.99,3.6,3.503,2.0,-1.0,13.5,0.003,0.276,3.0,2.0,0.0,0.0,11.94,11.93,11.84,11.64,11.84,11.54,12.31,11.73,11.39,11.74,11.25,11.93,11.77,11.87,11.7,11.82,11.62,11.53,11.45
2017-05-04 20:16:00-05:00,-10.878164,-13.754032,-5.270139,-11.122734,-11.717744,-3.103312,-10.538069,-11.07981,857685.0,18.21,0.0,-0.406,0.015,0.36,12.91,11.84,0.0,0.0,0.0,0.0,0.0,0.0,0.0,0.0,12.0,-1.333,-1.317,-0.2,0.0,0.0,0.0,0.0,0.0,274.0,277.0,277.0,276.0,0.667,0.0,0.0,-0.102,-0.03,0.107,0.0,6000.0,403526.0,123.0,402.0,59.95,2.0,38.0,46.0,38.0,13.01,11.62,-0.038,0.0,0.2,0.2,60.0,59.5,75.6,1.0,276.0,276.0,275.0,-0.076,0.031,0.082,1916.0,415939.0,13178.0,1913.0,-0.925,0.818,0.791,0.836,0.001,0.0,0.001,0.0,0.0,0.0,0.0,0.0,1.0,1.0,1.0,0.0,1.622,79.71,15.15,2.5,3.504,2.0,-1.0,13.7,0.003,0.276,3.0,2.0,0.0,0.0,11.94,11.92,11.79,11.64,11.84,11.54,12.26,11.72,11.4,11.78,11.24,11.92,11.74,11.86,11.68,11.81,11.61,11.53,11.45
2017-05-04 20:17:00-05:00,-10.754549,-13.754032,-5.151709,-11.122734,-11.717744,-3.103312,-10.538069,-11.07981,857686.0,18.17,0.0,-0.406,-0.002,0.357,12.87,11.36,0.0,0.0,0.0,0.0,0.0,0.0,0.0,0.0,11.67,-1.3,-1.233,-0.2,0.0,0.0,0.0,0.0,0.0,274.0,277.0,277.0,276.0,0.682,0.0,0.0,-0.1,-0.018,0.113,0.0,6000.0,403526.0,123.0,402.0,59.94,2.0,38.0,46.0,38.0,12.98,11.64,-0.038,0.0,0.2,0.2,60.0,59.5,75.6,1.0,276.0,276.0,275.0,-0.076,0.031,0.082,1916.0,415939.0,13178.0,1913.0,-0.925,0.818,0.791,0.836,0.001,0.0,0.001,0.0,0.0,0.0,0.0,0.0,1.0,1.0,1.0,0.0,1.155,51.87,44.31,2.6,3.503,2.0,-1.0,13.7,0.003,0.276,3.0,2.0,0.0,0.0,11.94,11.97,11.74,11.64,11.84,11.54,12.25,11.71,11.38,11.78,11.23,11.92,11.74,11.86,11.68,11.8,11.61,11.53,11.44
2017-05-04 20:18:00-05:00,-10.754549,-13.754032,-4.7964187,-10.99032,-11.717744,-3.103312,-10.538069,-11.07981,857687.0,18.13,0.0,-0.406,-0.019,0.36,12.88,11.35,0.0,0.0,0.0,0.0,0.0,0.0,0.0,0.0,11.32,-1.683,-1.417,-0.2,0.0,0.0,0.0,0.0,0.0,274.0,277.0,277.0,276.0,0.68,0.0,0.0,-0.103,-0.02,0.117,0.0,6000.0,403526.0,123.0,402.0,59.94,2.0,38.0,46.0,38.0,12.97,11.64,-0.038,0.0,0.2,0.2,60.0,59.5,75.6,1.0,276.0,276.0,275.0,-0.076,0.031,0.082,1916.0,415939.0,13178.0,1913.0,-0.925,0.818,0.791,0.836,0.001,0.0,0.001,-0.001,0.0,0.0,0.0,0.0,1.0,1.0,1.0,0.0,1.748,91.5,46.06,2.9,3.503,2.0,-1.0,13.7,0.003,0.277,3.0,2.0,0.0,0.0,11.85,11.94,11.74,11.64,11.84,11.54,12.23,11.68,11.36,11.67,11.2,11.9,11.73,11.84,11.66,11.76,11.6,11.5,11.4
2017-05-04 20:19:00-05:00,-10.754549,-13.754032,-4.7964187,-10.99032,-11.588977,-3.103312,-10.538069,-11.07981,857688.0,18.09,0.0,-0.406,0.0,0.357,12.87,11.83,0.0,0.0,0.0,0.0,0.0,0.0,0.0,0.0,12.08,-1.45,-1.367,-0.198,0.0,0.0,0.0,0.0,0.0,274.0,277.0,277.2,276.0,0.685,0.0,0.0,-0.102,-0.013,0.112,0.0,6000.0,403526.0,123.0,402.0,59.96,2.0,38.0,46.0,38.0,12.94,11.62,-0.038,0.0,0.2,0.2,60.0,59.5,75.6,1.0,276.0,276.0,275.0,-0.076,0.031,0.082,1916.0,415939.0,13178.0,1913.0,-0.924,0.818,0.791,0.836,0.001,0.0,0.001,0.0,0.0,0.0,0.0,0.0,1.0,1.0,1.0,0.0,1.393,101.0,61.28,3.1,3.504,2.0,-1.0,13.7,0.003,0.277,3.0,2.0,0.0,0.0,11.84,11.92,11.74,11.64,11.81,11.54,12.23,11.65,11.35,11.66,11.17,11.86,11.7,11.8,11.62,11.73,11.57,11.46,11.37
2017-05-04 20:20:00-05:00,-10.754549,-13.754032,-4.7964187,-10.99032,-11.588977,-3.103312,-10.412616,-10.96194,857689.0,18.05,0.0,-0.104,0.269,0.616,12.84,12.94,0.0,0.0,0.0,0.0,0.0,0.0,0.0,0.0,13.07,-1.417,-1.417,-0.2,0.0,0.0,0.0,0.0,0.0,274.0,277.0,277.4,276.0,0.692,0.0,0.0,-0.103,-0.028,0.117,0.0,6000.0,403526.0,123.0,402.0,59.97,2.0,38.0,46.0,38.0,12.9,11.62,-0.038,0.0,0.2,0.2,60.0,59.5,75.6,1.0,276.0,276.0,275.0,-0.076,0.031,0.082,1916.0,415939.0,13178.0,1913.0,-0.925,0.818,0.791,0.836,0.001,0.0,0.001,0.0,0.0,0.0,0.0,0.0,1.0,1.0,1.0,0.0,1.615,81.6,43.15,3.4,3.504,2.0,-1.0,13.52,0.005,0.276,3.0,2.0,0.0,0.0,11.84,11.94,11.74,11.59,11.74,11.53,12.2,11.66,11.35,11.67,11.18,11.86,11.69,11.79,11.61,11.72,11.58,11.47,11.37
2017-05-04 20:21:00-05:00,-10.878164,-13.754032,-4.7964187,-10.857907,-11.588977,-3.103312,-10.412616,-10.8440695,857690.0,18.01,0.0,-0.406,-0.034,0.36,12.88,13.7,0.0,0.0,0.0,0.0,0.0,0.0,0.0,0.0,13.98,-1.7,-1.367,-0.2,0.0,0.0,0.0,0.0,0.0,274.0,277.0,277.7,276.0,0.697,0.0,0.0,-0.103,-0.015,0.123,0.0,6000.0,403526.0,123.0,402.0,59.98,2.0,38.0,46.0,38.0,12.95,11.58,-0.038,0.0,0.2,0.2,60.0,59.5,75.6,1.0,276.0,276.0,275.0,-0.076,0.031,0.082,1916.0,415939.0,13178.0,1913.0,-0.925,0.818,0.791,0.836,0.001,0.0,0.001,0.0,0.0,0.0,0.0,0.0,1.0,1.0,1.0,0.0,1.998,99.0,32.73,4.2,3.503,2.0,-1.0,13.74,0.003,0.276,3.0,2.0,0.0,0.0,11.84,11.94,11.74,11.61,11.74,11.56,12.16,11.65,11.35,11.68,11.17,11.85,11.7,11.79,11.61,11.72,11.57,11.47,11.37
2017-05-04 20:22:00-05:00,-10.878164,-13.754032,-4.7964187,-10.857907,-11.460212,-3.103312,-10.412616,-10.8440695,857691.0,17.97,0.0,-0.406,-0.009,0.36,12.91,13.65,0.0,0.0,0.0,0.0,0.0,0.0,0.0,0.0,13.9,-1.8,-1.433,-0.2,0.0,0.0,0.0,0.0,0.0,274.0,277.0,277.7,276.0,0.695,0.0,0.0,-0.102,-0.022,0.11,0.0,6000.0,403526.0,123.0,402.0,59.97,2.0,38.0,46.0,37.5,12.97,11.59,-0.038,0.0,0.2,0.2,60.0,59.5,75.6,1.0,276.0,276.0,275.0,-0.076,0.031,0.082,1916.0,415939.0,13178.0,1913.0,-0.925,0.818,0.791,0.836,0.001,0.0,0.001,0.0,0.0,0.0,0.0,0.0,1.0,1.0,1.0,0.0,2.64,61.12,30.28,5.1,3.503,2.0,-1.0,13.74,0.003,0.276,3.0,2.0,0.0,0.0,11.81,11.94,11.74,11.56,11.74,11.5,12.13,11.65,11.35,11.69,11.17,11.85,11.71,11.8,11.61,11.72,11.59,11.47,11.37
2017-05-04 20:23:00-05:00,-10.754549,-13.754032,-4.7964187,-10.857907,-11.331445,-3.103312,-10.412616,-10.608329,857692.0,17.93,0.0,-0.406,-0.03,0.355,12.92,13.32,0.0,0.0,0.0,0.0,0.0,0.0,0.0,0.0,13.07,-1.817,-1.45,-0.2,0.0,0.0,0.0,0.0,0.0,274.0,277.0,277.7,276.0,0.682,0.0,0.0,-0.1,-0.028,0.11,0.0,6000.0,403526.0,123.0,402.0,59.96,2.0,38.0,46.0,37.6,12.92,11.57,-0.038,0.0,0.2,0.2,60.0,59.5,75.6,1.0,276.0,276.0,275.0,-0.076,0.031,0.082,1916.0,415939.0,13178.0,1913.0,-0.925,0.818,0.791,0.836,0.002,0.0,0.001,0.0,0.0,0.0,0.0,0.0,1.0,1.0,1.0,0.0,1.437,53.03,47.81,2.7,3.504,2.0,-1.0,13.74,0.003,0.276,3.0,2.0,0.0,0.0,11.83,11.9,11.67,11.54,11.76,11.52,12.13,11.63,11.41,11.72,11.16,11.84,11.72,11.77,11.6,11.69,11.58,11.46,11.34
2017-05-04 20:24:00-05:00,-10.754549,-13.754032,-4.7964187,-10.857907,-11.460212,-3.103312,-10.412616,-10.726199,857693.0,17.89,0.0,-0.406,-0.03,0.355,12.9,13.01,0.0,0.0,0.0,0.0,0.0,0.0,0.0,0.0,13.0,-1.783,-1.533,-0.2,0.0,0.0,0.0,0.0,0.0,274.0,277.0,277.4,276.0,0.667,0.0,0.0,-0.105,-0.02,0.117,0.0,6000.0,403526.0,123.0,402.0,59.97,2.0,38.0,46.0,37.25,12.88,11.57,-0.038,0.0,0.2,0.2,60.0,59.5,75.6,1.0,276.0,276.0,275.0,-0.076,0.031,0.082,1916.0,415939.0,13178.0,1913.0,-0.924,0.818,0.791,0.836,0.001,0.0,0.001,0.0,0.0,0.0,0.0,0.0,1.0,1.0,1.0,0.0,2.378,92.7,29.52,3.9,3.502,2.0,-1.0,13.74,0.003,0.276,3.0,2.0,0.0,0.0,11.82,11.84,11.64,11.56,11.77,11.55,12.13,11.61,11.39,11.68,11.13,11.82,11.68,11.75,11.58,11.66,11.55,11.43,11.32
2017-05-04 20:25:00-05:00,-10.630933,-13.754032,-4.7964187,-10.725493,-11.460212,-3.103312,-10.412616,-10.726199,857694.0,17.85,0.0,-0.191,0.159,0.484,12.85,12.56,0.0,0.0,0.0,0.0,0.0,0.0,0.0,0.0,13.0,-1.583,-1.383,-0.2,0.0,0.0,0.0,0.0,0.0,274.0,277.0,277.5,276.0,0.67,0.0,0.0,-0.103,-0.03,0.125,0.0,6000.0,403526.0,123.0,402.0,59.95,2.0,38.0,46.0,37.0,12.85,11.53,-0.038,0.0,0.2,0.2,60.0,59.5,75.6,1.0,276.0,276.0,275.0,-0.076,0.031,0.082,1916.0,415939.0,13178.0,1913.0,-0.924,0.818,0.791,0.836,0.001,0.0,0.001,0.0,0.0,0.0,0.0,0.0,1.0,1.0,1.0,0.0,1.367,82.1,41.98,3.2,3.503,2.0,-1.0,13.55,-0.003,0.275,1.0,2.0,0.0,0.001,11.76,11.84,11.67,11.56,11.71,11.55,12.13,11.61,11.39,11.69,11.12,11.81,11.66,11.75,11.57,11.66,11.52,11.43,11.32
2017-05-04 20:26:00-05:00,-10.507318,-13.754032,-4.7964187,-10.725493,-11.460212,-3.103312,-10.412616,-10.608329,857695.0,17.79,0.0,-0.406,-0.059,0.357,12.78,12.44,0.0,0.0,0.0,0.0,0.0,0.0,0.0,0.0,13.0,-1.85,-1.517,-0.2,0.0,0.0,0.0,0.0,0.0,274.0,277.0,277.7,276.0,0.678,0.0,0.0,-0.103,-0.008,0.112,0.0,6000.0,403526.0,123.0,402.0,59.97,2.0,38.0,46.0,37.0,12.81,11.54,-0.038,0.0,0.2,0.2,60.0,59.5,75.6,1.0,276.0,276.0,275.0,-0.076,0.031,0.082,1916.0,415939.0,13178.0,1913.0,-0.924,0.818,0.791,0.836,0.001,0.0,0.001,0.0,0.0,0.0,0.0,0.0,1.0,1.0,1.0,0.0,2.007,97.3,27.13,4.0,3.503,2.0,-1.0,13.73,0.012,0.276,3.0,2.0,0.0,0.0,11.74,11.84,11.71,11.56,11.74,11.55,12.13,11.59,11.37,11.62,11.11,11.81,11.65,11.75,11.57,11.66,11.51,11.43,11.31
2017-05-04 20:27:00-05:00,-10.507318,-13.754032,-4.7964187,-10.725493,-11.331445,-3.103312,-10.287163,-10.608329,857696.0,17.75,0.0,-0.405,-0.067,0.356,12.74,12.47,0.0,0.0,0.0,0.0,0.0,0.0,0.0,0.0,13.0,-1.433,-1.417,-0.2,0.0,0.0,0.0,0.0,0.0,274.0,277.0,277.9,276.0,0.66,0.0,0.0,-0.103,-0.022,0.12,0.0,6000.0,403526.0,123.0,402.0,59.97,2.0,38.0,46.0,37.0,12.77,11.51,-0.038,0.0,0.2,0.2,60.0,59.5,75.6,1.0,276.0,276.0,275.0,-0.076,0.031,0.082,1916.0,415939.0,13178.0,1913.0,-0.924,0.818,0.791,0.836,0.001,0.0,0.001,0.0,0.0,0.0,0.0,0.0,1.0,1.0,1.0,0.0,1.967,85.9,27.63,3.0,3.504,2.0,-1.0,13.74,0.003,0.276,3.0,2.0,0.0,0.0,11.74,11.84,11.74,11.58,11.74,11.53,12.13,11.57,11.34,11.56,11.1,11.8,11.63,11.73,11.55,11.64,11.49,11.41,11.3
2017-05-04 20:28:00-05:00,-10.507318,-13.754032,-4.7964187,-10.59308,-11.331445,-3.103312,-10.287163,-10.608329,857697.0,17.71,0.0,-0.401,-0.063,0.36,12.7,12.67,0.0,0.0,0.0,0.0,0.0,0.0,0.0,0.0,13.0,-1.833,-1.483,-0.2,0.0,0.0,0.0,0.0,0.0,274.0,277.0,278.0,276.0,0.642,0.0,0.0,-0.102,-0.022,0.11,0.0,6000.0,403526.0,123.0,402.0,59.96,2.0,38.0,46.0,37.0,12.72,11.51,-0.038,0.0,0.2,0.2,60.0,59.5,75.6,1.0,276.0,276.0,275.0,-0.076,0.032,0.082,1916.0,415939.0,13178.0,1913.0,-0.923,0.818,0.791,0.836,0.002,0.0,0.002,0.0,0.0,0.0,0.0,0.0,1.0,1.0,1.0,0.0,1.912,88.2,15.36,2.7,3.5,2.0,-1.0,13.74,0.003,0.276,3.0,2.0,0.0,0.0,11.74,11.82,11.74,11.56,11.74,11.47,12.12,11.56,11.34,11.57,11.08,11.78,11.62,11.73,11.54,11.64,11.49,11.4,11.3
2017-05-04 20:29:00-05:00,-10.507318,-13.754032,-4.7964187,-10.59308,-11.202678,-3.103312,-10.287163,-10.4904585,857698.0,17.69,0.0,-0.394,-0.043,0.367,12.67,12.69,0.0,0.0,0.0,0.0,0.0,0.0,0.0,0.0,13.0,-1.95,-1.5,-0.2,0.0,0.0,0.0,0.0,0.0,274.0,277.0,277.9,276.0,0.617,0.0,0.0,-0.105,-0.015,0.107,0.0,6000.0,403526.0,123.0,402.0,59.97,2.0,38.0,46.0,37.0,12.68,11.49,-0.038,0.0,0.2,0.2,60.0,59.5,75.6,1.0,276.0,276.0,275.0,-0.076,0.031,0.082,1916.0,415939.0,13178.0,1913.0,-0.924,0.818,0.791,0.836,0.002,0.0,0.001,0.0,0.0,0.0,0.0,0.0,1.0,1.0,1.0,0.0,1.485,84.8,26.18,2.9,3.503,2.0,-1.0,13.74,0.003,0.276,3.0,2.0,0.0,0.0,11.72,11.76,11.74,11.55,11.74,11.45,12.05,11.57,11.32,11.6,11.09,11.77,11.6,11.74,11.52,11.64,11.48,11.39,11.3
2017-05-04 20:30:00-05:00,-10.383702,-13.426556,-4.7964187,-10.59308,-11.202678,-3.103312,-10.16171,-10.4904585,857699.0,17.64,0.0,-0.153,0.171,0.554,12.64,12.69,0.0,0.0,0.0,0.0,0.0,0.0,0.0,0.0,13.0,-1.633,-1.383,-0.198,0.0,0.0,0.0,0.0,0.0,274.0,277.2,278.0,276.0,0.635,0.0,0.0,-0.103,-0.018,0.113,0.0,6000.0,403526.0,123.0,402.0,59.96,2.0,38.0,46.0,37.0,12.65,11.48,-0.038,0.0,0.2,0.2,60.0,59.5,75.6,1.0,276.0,276.0,275.0,-0.076,0.031,0.082,1916.0,415939.0,13178.0,1913.0,-0.925,0.818,0.791,0.836,0.002,0.0,0.001,0.0,0.0,0.0,0.0,0.0,1.0,1.0,1.0,0.0,1.692,75.62,29.26,3.2,3.504,2.0,-1.0,13.74,0.005,0.276,3.0,2.0,0.0,0.0,11.74,11.74,11.74,11.55,11.74,11.45,12.05,11.57,11.37,11.64,11.09,11.77,11.59,11.74,11.52,11.64,11.47,11.39,11.29
2017-05-04 20:31:00-05:00,-10.260086,-13.099078,-4.7964187,-10.59308,-11.202678,-3.103312,-10.16171,-10.372588,857700.0,17.6,0.0,-0.376,-0.044,0.373,12.61,12.69,0.0,0.0,0.0,0.0,0.0,0.0,0.0,0.0,13.0,-1.783,-1.433,-0.198,0.0,0.0,0.0,0.0,0.0,274.1,277.0,278.0,276.0,0.623,0.0,0.0,-0.105,-0.018,0.112,0.0,6000.0,403526.0,123.0,402.0,59.96,2.0,37.55,46.0,37.0,12.6,11.47,-0.038,0.0,0.2,0.2,60.0,59.5,75.6,1.0,276.0,276.0,275.1,-0.076,0.031,0.082,1916.0,415939.0,13178.0,1913.0,-0.925,0.818,0.791,0.836,0.001,0.0,0.001,0.0,0.0,0.0,0.0,0.0,1.0,1.0,1.0,0.0,1.46,81.4,31.97,2.8,3.504,2.0,-1.0,13.6,0.002,0.276,1.0,2.0,0.0,0.001,11.76,11.74,11.74,11.55,11.74,11.45,12.03,11.57,11.35,11.62,11.08,11.77,11.58,11.74,11.53,11.63,11.47,11.39,11.29
2017-05-04 20:32:00-05:00,-10.260086,-13.099078,-4.7964187,-10.460667,-11.202678,-3.103312,-10.036256,-10.372588,857701.0,17.56,0.0,-0.384,-0.024,0.378,12.58,12.42,0.0,0.0,0.0,0.0,0.0,0.0,0.0,0.0,12.82,-1.733,-1.483,-0.2,0.0,0.0,0.0,0.0,0.0,274.4,277.7,278.0,276.2,0.605,0.0,0.0,-0.105,-0.027,0.115,0.0,6000.0,403526.0,123.0,402.0,59.97,2.0,37.4,46.0,37.0,12.56,11.49,-0.038,0.0,0.2,0.2,60.0,59.5,75.6,1.0,276.0,276.4,275.9,-0.076,0.031,0.082,1916.0,415939.0,13178.0,1913.0,-0.924,0.818,0.791,0.836,0.001,0.0,0.001,0.0,0.0,0.0,0.0,0.0,1.0,1.0,1.0,0.0,1.48,101.4,38.37,2.5,3.503,2.0,-1.0,13.74,0.003,0.276,3.0,2.0,0.0,0.0,11.76,11.74,11.72,11.55,11.74,11.45,12.03,11.56,11.36,11.65,11.08,11.78,11.59,11.74,11.53,11.63,11.46,11.38,11.28
2017-05-04 20:33:00-05:00,-10.260086,-13.099078,-4.7964187,-10.460667,-11.073912,-3.103312,-10.16171,-10.254718,857702.0,17.53,0.0,-0.382,-0.039,0.38,12.56,12.2,0.0,0.0,0.0,0.0,0.0,0.0,0.0,0.0,12.2,-1.85,-1.583,-0.2,0.0,0.0,0.0,0.0,0.0,274.7,277.9,278.0,276.6,0.592,0.0,0.0,-0.102,-0.02,0.13,0.0,6000.0,403526.0,123.0,402.0,59.98,2.0,37.75,45.4,37.0,12.53,11.5,-0.038,0.0,0.2,0.2,60.0,59.5,75.6,1.0,276.2,276.9,276.0,-0.076,0.031,0.082,1916.0,415939.0,13178.0,1913.0,-0.925,0.818,0.791,0.836,0.002,0.0,0.001,0.0,0.0,0.0,0.0,0.0,1.0,1.0,1.0,0.0,1.387,84.1,31.67,2.5,3.504,2.0,-1.0,13.74,0.003,0.276,3.0,2.0,0.0,0.0,11.78,11.74,11.66,11.55,11.74,11.45,12.03,11.56,11.35,11.61,11.07,11.78,11.57,11.73,11.52,11.62,11.46,11.37,11.27
2017-05-04 20:34:00-05:00,-10.260086,-13.099078,-4.7964187,-10.460667,-11.073912,-3.103312,-10.036256,-10.372588,857703.0,17.49,0.0,-0.378,-0.042,0.383,12.5,12.15,0.0,0.0,0.0,0.0,0.0,0.0,0.0,0.0,12.2,-1.583,-1.45,-0.197,0.0,0.0,0.0,0.0,0.0,274.6,277.8,278.0,276.4,0.6,0.0,0.0,-0.105,-0.02,0.12,0.0,6000.0,403526.0,123.0,402.0,59.97,2.0,37.25,45.08,37.0,12.52,11.47,-0.038,0.0,0.2,0.2,60.0,59.5,75.6,1.0,276.0,276.7,275.8,-0.076,0.031,0.082,1916.0,415939.0,13178.0,1913.0,-0.925,0.818,0.791,0.836,0.001,0.0,0.001,0.0,0.0,0.0,0.0,0.0,1.0,1.0,1.0,0.0,1.52,71.63,26.86,3.1,3.504,2.0,-1.0,13.74,0.003,0.276,3.0,2.0,0.0,0.0,11.74,11.74,11.65,11.55,11.74,11.45,12.08,11.54,11.37,11.61,11.06,11.75,11.56,11.71,11.5,11.61,11.44,11.37,11.25
2017-05-04 20:35:00-05:00,-10.136472,-13.099078,-4.5595584,-10.328253,-11.073912,-3.103312,-10.036256,-10.254718,857704.0,17.45,0.0,-0.374,-0.044,0.387,12.49,12.36,0.0,0.0,0.0,0.0,0.0,0.0,0.0,0.0,12.68,-1.583,-1.417,-0.2,0.0,0.0,0.0,0.0,0.0,274.9,278.0,278.0,276.9,0.572,0.0,0.0,-0.108,-0.025,0.108,0.0,6000.0,403526.0,123.0,402.0,59.97,2.0,37.0,45.63,37.0,12.48,11.46,-0.038,0.0,0.2,0.2,60.0,59.5,75.6,1.0,276.4,277.0,276.0,-0.076,0.031,0.082,1916.0,415939.0,13178.0,1913.0,-0.925,0.818,0.791,0.836,0.001,0.0,0.001,0.0,0.0,0.0,0.0,0.0,1.0,1.0,1.0,0.0,0.778,75.36,43.04,1.4,3.503,2.0,-1.0,13.74,0.002,0.276,3.0,2.0,0.0,0.0,11.72,11.74,11.65,11.51,11.71,11.45,12.02,11.5,11.33,11.58,11.02,11.72,11.54,11.69,11.47,11.58,11.43,11.35,11.23
2017-05-04 20:36:00-05:00,-10.136472,-13.099078,-4.4411287,-10.328253,-10.945146,-3.103312,-10.036256,-10.254718,857705.0,17.42,0.0,-0.097,0.231,0.622,12.45,12.63,0.0,0.0,0.0,0.0,0.0,0.0,0.0,0.0,13.0,-1.617,-1.417,-0.2,0.0,0.0,0.0,0.0,0.0,274.7,277.9,278.0,276.6,0.598,0.0,0.0,-0.103,-0.018,0.108,0.0,6000.0,403526.0,123.0,402.0,59.96,2.0,37.0,45.45,37.0,12.48,11.46,-0.038,0.0,0.2,0.2,60.0,59.5,75.6,1.0,276.1,276.8,276.0,-0.076,0.031,0.082,1916.0,415939.0,13178.0,1913.0,-0.925,0.818,0.791,0.836,0.001,0.0,0.001,0.0,0.0,0.0,0.0,0.0,1.0,1.0,1.0,0.0,1.527,93.0,26.22,2.5,3.504,2.0,-1.0,13.67,0.004,0.275,1.0,2.0,0.0,0.001,11.66,11.74,11.65,11.53,11.7,11.45,12.07,11.5,11.32,11.6,11.02,11.72,11.54,11.68,11.47,11.57,11.42,11.35,11.23
2017-05-04 20:37:00-05:00,-10.012856,-13.099078,-4.4411287,-10.19584,-10.945146,-3.103312,-10.036256,-10.254718,857706.0,17.38,0.0,-0.37,-0.057,0.392,12.44,12.46,0.0,0.0,0.0,0.0,0.0,0.0,0.0,0.0,12.83,-1.833,-1.55,-0.2,0.0,0.0,0.0,0.0,0.0,274.7,277.7,278.0,276.5,0.59,0.0,0.0,-0.112,-0.023,0.122,0.0,6000.0,403526.0,123.0,402.0,59.97,2.0,37.0,45.0,37.0,12.47,11.46,-0.038,0.0,0.2,0.2,60.0,59.5,75.6,1.0,276.3,276.5,276.0,-0.076,0.031,0.082,1916.0,415939.0,13178.0,1913.0,-0.925,0.818,0.791,0.836,0.001,0.0,0.002,0.0,0.0,0.0,0.0,0.0,1.0,1.0,1.0,0.0,1.998,98.2,36.63,4.2,3.504,2.0,-1.0,13.74,0.003,0.276,3.0,2.0,0.0,0.0,11.65,11.74,11.65,11.55,11.65,11.45,12.09,11.51,11.32,11.58,11.03,11.74,11.54,11.68,11.48,11.57,11.42,11.35,11.22
2017-05-04 20:38:00-05:00,-10.012856,-13.099078,-4.4411287,-10.063426,-10.816379,-3.103312,-9.910803,-10.1368475,857707.0,17.35,0.0,-0.367,-0.044,0.394,12.44,11.74,0.0,0.0,0.0,0.0,0.0,0.0,0.0,0.0,11.87,-1.883,-1.567,-0.2,0.0,0.0,0.0,0.0,0.0,274.6,278.0,278.0,276.6,0.592,0.0,0.0,-0.105,-0.015,0.115,0.0,6000.0,403526.0,123.0,402.0,59.96,2.0,37.0,45.0,37.0,12.52,11.45,-0.038,0.0,0.2,0.2,60.0,59.5,75.6,1.0,276.0,277.0,276.0,-0.076,0.031,0.082,1916.0,415939.0,13178.0,1913.0,-0.925,0.818,0.791,0.836,0.002,0.0,0.001,0.0,0.0,0.0,0.0,0.0,1.0,1.0,1.0,0.0,2.528,66.6,33.62,6.8,3.504,2.0,-1.0,13.74,0.002,0.276,3.0,2.0,0.0,0.0,11.7,11.76,11.65,11.47,11.65,11.45,12.1,11.48,11.36,11.57,11.01,11.72,11.57,11.67,11.47,11.56,11.43,11.36,11.21
2017-05-04 20:39:00-05:00,-9.88924,-12.607862,-4.4411287,-10.063426,-10.687613,-3.103312,-9.910803,-10.1368475,857708.0,17.31,0.0,-0.366,-0.07,0.396,12.43,11.14,0.0,0.0,0.0,0.0,0.0,0.0,0.0,0.0,11.0,-1.667,-1.383,-0.2,0.0,0.0,0.0,0.0,0.0,274.8,278.0,278.0,276.8,0.58,0.0,0.0,-0.102,-0.02,0.118,0.0,6000.0,403526.0,123.0,402.0,59.97,2.0,37.0,45.0,37.0,12.51,11.46,-0.038,0.0,0.2,0.2,60.0,59.5,75.6,1.0,276.4,276.9,276.0,-0.076,0.031,0.082,1916.0,415939.0,13178.0,1913.0,-0.925,0.818,0.791,0.836,0.001,0.0,0.001,0.0,0.0,0.0,0.0,0.0,1.0,1.0,1.0,0.0,1.388,78.14,38.11,2.6,3.504,2.0,-1.0,13.74,0.002,0.276,3.0,2.0,0.0,0.0,11.72,11.78,11.65,11.45,11.65,11.37,12.02,11.44,11.32,11.55,10.97,11.68,11.52,11.64,11.43,11.52,11.41,11.34,11.17
2017-05-04 20:40:00-05:00,-9.88924,-12.607862,-4.4411287,-10.063426,-10.687613,-3.103312,-9.910803,-10.018977,857709.0,17.27,0.0,-0.365,-0.039,0.397,12.39,11.05,0.0,0.0,0.0,0.0,0.0,0.0,0.0,0.0,11.0,-1.217,-1.283,-0.2,0.0,0.0,0.0,0.0,0.0,275.0,278.0,278.1,277.0,0.572,0.0,0.0,-0.105,-0.01,0.13,0.0,6000.0,403526.0,123.0,402.0,59.96,2.0,37.0,45.0,37.0,12.39,11.45,-0.038,0.0,0.2,0.2,60.0,59.5,75.6,1.0,276.7,277.0,276.0,-0.076,0.031,0.082,1916.0,415939.0,13178.0,1913.0,-0.925,0.818,0.791,0.836,0.001,0.0,0.001,0.0,0.0,0.0,0.0,0.0,1.0,1.0,1.0,0.0,2.82,89.3,20.63,4.4,3.503,2.0,-1.0,13.74,0.002,0.276,3.0,2.0,0.0,0.0,11.68,11.75,11.65,11.45,11.61,11.35,12.04,11.42,11.31,11.56,10.95,11.66,11.51,11.63,11.4,11.49,11.4,11.31,11.16
2017-05-04 20:41:00-05:00,-9.88924,-12.607862,-4.4411287,-10.063426,-10.687613,-3.103312,-9.785349,-10.018977,857710.0,17.24,0.0,-0.183,0.115,0.534,12.38,11.24,0.0,0.0,0.0,0.0,0.0,0.0,0.0,0.0,11.17,-1.183,-1.25,-0.2,0.0,0.0,0.0,0.0,0.0,275.0,278.0,278.3,277.0,0.593,0.0,0.0,-0.108,-0.023,0.122,0.0,6000.0,403526.0,123.0,402.0,59.97,2.0,37.0,45.0,37.0,12.4,11.41,-0.038,0.0,0.2,0.2,60.0,59.5,75.6,1.0,277.0,277.0,276.0,-0.076,0.031,0.082,1916.0,415939.0,13178.0,1913.0,-0.925,0.818,0.791,0.836,0.002,0.0,0.001,0.0,0.0,0.0,0.0,0.0,1.0,1.0,1.0,0.0,2.062,107.9,22.32,3.6,3.503,2.0,-1.0,13.62,-0.005,0.275,1.0,2.0,0.0,0.001,11.65,11.7,11.58,11.45,11.56,11.35,11.97,11.4,11.28,11.56,10.93,11.63,11.49,11.63,11.38,11.48,11.37,11.29,11.15
2017-05-04 20:42:00-05:00,-10.012856,-12.607862,-4.4411287,-10.063426,-10.687613,-3.103312,-9.785349,-9.901107,857711.0,17.21,0.0,-0.362,-0.057,0.402,12.35,11.04,0.0,0.0,0.0,0.0,0.0,0.0,0.0,0.0,11.0,-1.283,-1.333,-0.198,0.0,0.0,0.0,0.0,0.0,275.0,278.0,278.5,277.0,0.603,0.0,0.0,-0.105,-0.025,0.118,0.0,6000.0,403526.0,123.0,402.0,59.96,2.0,37.0,45.0,37.0,12.41,11.38,-0.038,0.0,0.2,0.2,60.0,59.5,75.6,1.0,276.9,277.0,276.0,-0.076,0.031,0.082,1916.0,415939.0,13178.0,1913.0,-0.924,0.818,0.791,0.836,0.001,0.0,0.001,0.0,0.0,0.0,0.0,0.0,1.0,1.0,1.0,0.0,1.455,79.1,31.51,2.7,3.504,2.0,-1.0,13.62,0.011,0.276,3.0,2.0,0.0,0.0,11.65,11.66,11.55,11.45,11.55,11.35,11.96,11.4,11.26,11.55,10.93,11.63,11.46,11.62,11.38,11.5,11.39,11.3,11.16
2017-05-04 20:43:00-05:00,-10.012856,-12.7716,-4.4411287,-10.063426,-10.558846,-3.103312,-9.785349,-9.7832365,857712.0,17.17,0.0,-0.361,-0.057,0.398,12.32,10.6,0.0,0.0,0.0,0.0,0.0,0.0,0.0,0.0,11.0,-1.367,-1.233,-0.2,0.0,0.0,0.0,0.0,0.0,275.0,278.0,278.5,277.0,0.585,0.0,0.0,-0.1,-0.015,0.128,0.0,6000.0,403526.0,123.0,402.0,59.97,2.0,37.0,45.0,37.0,12.37,11.36,-0.039,0.0,0.2,0.2,60.0,59.5,75.6,1.0,277.0,277.0,276.0,-0.076,0.031,0.082,1916.0,415939.0,13178.0,1913.0,-0.925,0.818,0.791,0.836,0.001,0.0,0.001,0.0,0.0,0.0,0.0,0.0,1.0,1.0,1.0,0.0,2.168,86.8,18.46,4.4,3.503,2.0,-1.0,13.74,0.002,0.276,3.0,2.0,0.0,0.0,11.65,11.69,11.55,11.39,11.55,11.34,11.94,11.4,11.27,11.55,10.93,11.63,11.47,11.61,11.38,11.49,11.38,11.29,11.15
2017-05-04 20:44:00-05:00,-10.012856,-12.7716,-4.4411287,-10.063426,-10.558846,-3.103312,-9.785349,-9.7832365,857713.0,17.14,0.0,-0.36,-0.068,0.397,12.32,10.21,0.0,0.0,0.0,0.0,0.0,0.0,0.0,0.0,10.55,-1.3,-1.317,-0.2,0.0,0.0,0.0,0.0,0.0,275.0,278.0,278.6,277.0,0.56,0.0,0.0,-0.107,-0.03,0.125,0.0,6000.0,403526.0,123.0,402.0,59.97,2.0,37.0,45.0,36.98,12.35,11.33,-0.038,0.0,0.2,0.2,60.0,59.5,75.6,1.0,277.0,277.0,276.0,-0.076,0.031,0.082,1916.0,415939.0,13178.0,1913.0,-0.925,0.818,0.791,0.836,0.001,0.0,0.001,0.0,0.0,0.0,0.0,0.0,1.0,1.0,1.0,0.0,2.737,63.24,15.43,3.8,3.503,2.0,-1.0,13.74,0.002,0.276,3.0,2.0,0.0,0.0,11.59,11.61,11.55,11.35,11.47,11.3,11.94,11.38,11.27,11.54,10.92,11.61,11.45,11.6,11.36,11.48,11.35,11.27,11.13
2017-05-04 20:45:00-05:00,-10.012856,-12.935339,-4.4411287,-10.063426,-10.558846,-3.103312,-9.785349,-9.7832365,857714.0,17.1,0.0,-0.36,-0.053,0.398,12.32,10.07,0.0,0.0,0.0,0.0,0.0,0.0,0.0,0.0,10.0,-1.333,-1.367,-0.2,0.0,0.0,0.0,0.0,0.0,275.0,278.0,278.7,277.0,0.56,0.0,0.0,-0.103,-0.027,0.113,0.0,6000.0,403526.0,123.0,402.0,59.97,2.0,37.0,45.0,36.17,12.34,11.29,-0.038,0.0,0.2,0.2,60.0,59.5,75.6,1.0,277.0,277.0,276.0,-0.076,0.031,0.082,1916.0,415939.0,13178.0,1913.0,-0.925,0.818,0.791,0.836,0.001,0.0,0.001,0.0,0.0,0.0,0.0,0.0,1.0,1.0,1.0,0.0,2.342,93.7,19.74,4.5,3.504,2.0,-1.0,13.74,0.002,0.276,3.0,2.0,0.0,0.0,11.55,11.55,11.45,11.35,11.45,11.26,11.94,11.36,11.28,11.52,10.9,11.58,11.44,11.58,11.32,11.44,11.34,11.25,11.1
2017-05-04 20:46:00-05:00,-10.012856,-13.099078,-4.4411287,-10.19584,-10.687613,-3.103312,-9.785349,-9.7832365,857715.0,17.07,0.0,-0.359,-0.076,0.398,12.3,10.17,0.0,0.0,0.0,0.0,0.0,0.0,0.0,0.0,10.3,-1.25,-1.333,-0.2,0.0,0.0,0.0,0.0,0.0,275.0,278.0,278.8,277.0,0.562,0.0,0.0,-0.108,-0.025,0.125,0.0,6000.0,403526.0,123.0,402.0,59.98,2.0,37.0,45.0,36.0,12.35,11.26,-0.038,0.0,0.2,0.2,60.0,59.5,75.6,1.0,277.0,277.0,276.0,-0.076,0.031,0.082,1916.0,415939.0,13178.0,1913.0,-0.925,0.818,0.791,0.836,0.001,0.0,0.001,0.0,0.0,0.0,0.0,0.0,1.0,1.0,1.0,0.0,3.29,82.0,28.89,5.3,3.504,2.0,-1.0,13.74,0.002,0.276,3.0,2.0,0.0,0.0,11.49,11.56,11.45,11.35,11.47,11.24,11.86,11.33,11.3,11.54,10.86,11.56,11.42,11.56,11.31,11.41,11.32,11.24,11.07
2017-05-04 20:47:00-05:00,-10.136472,-13.099078,-4.4411287,-10.19584,-10.687613,-3.103312,-9.785349,-9.901107,857716.0,17.04,0.0,-0.102,0.192,0.623,12.33,10.28,0.0,0.0,0.0,0.0,0.0,0.0,0.0,0.0,10.58,-1.617,-1.4,-0.2,0.0,0.0,0.0,0.0,0.0,275.0,278.1,279.0,277.0,0.565,0.0,0.0,-0.107,-0.028,0.125,0.0,6000.0,403526.0,123.0,402.0,59.99,2.0,37.0,45.0,36.0,12.36,11.2,-0.038,0.0,0.2,0.2,60.0,59.5,75.6,1.0,277.0,277.0,276.0,-0.076,0.031,0.082,1916.0,415939.0,13178.0,1913.0,-0.925,0.818,0.791,0.836,0.001,0.0,0.001,0.0,0.0,0.0,0.0,0.0,1.0,1.0,1.0,0.0,2.682,79.06,17.83,4.5,3.504,2.0,-1.0,13.64,0.003,0.276,3.0,2.0,0.0,0.0,11.46,11.47,11.37,11.27,11.35,11.2,11.84,11.3,11.27,11.49,10.83,11.52,11.41,11.53,11.28,11.36,11.3,11.2,11.04
2017-05-04 20:48:00-05:00,-10.136472,-13.099078,-4.4411287,-10.328253,-10.687613,-3.103312,-9.785349,-9.901107,857717.0,17.0,0.0,-0.358,-0.075,0.391,12.29,10.51,0.0,0.0,0.0,0.0,0.0,0.0,0.0,0.0,11.0,-1.167,-1.233,-0.2,0.0,0.0,0.0,0.0,0.0,275.0,278.1,279.0,277.0,0.582,0.0,0.0,-0.107,-0.02,0.115,0.0,6000.0,403526.0,123.0,402.0,59.98,2.0,37.0,45.0,36.0,12.32,11.18,-0.038,0.0,0.2,0.2,60.0,59.5,75.6,1.0,277.0,277.0,276.0,-0.076,0.031,0.082,1916.0,415939.0,13178.0,1913.0,-0.925,0.818,0.791,0.836,0.001,0.0,0.001,0.0,0.0,0.0,0.0,0.0,1.0,1.0,1.0,0.0,2.172,81.7,17.58,3.5,3.499,2.0,-1.0,13.74,0.002,0.276,3.0,2.0,0.0,0.0,11.46,11.45,11.35,11.26,11.37,11.21,11.84,11.28,11.24,11.46,10.81,11.51,11.37,11.52,11.26,11.34,11.28,11.18,11.02
2017-05-04 20:49:00-05:00,-10.012856,-13.099078,-4.4411287,-10.19584,-10.687613,-3.103312,-9.910803,-9.7832365,857718.0,16.97,0.0,-0.357,-0.077,0.399,12.27,10.78,0.0,0.0,0.0,0.0,0.0,0.0,0.0,0.0,11.0,-1.5,-1.35,-0.2,0.0,0.0,0.0,0.0,0.0,275.0,278.2,279.0,277.0,0.558,0.0,0.0,-0.107,-0.015,0.122,0.0,6000.0,403526.0,123.0,402.0,59.98,2.0,37.0,45.0,36.0,12.29,11.16,-0.038,0.0,0.2,0.2,60.0,59.5,75.6,1.0,277.0,277.0,276.0,-0.076,0.031,0.082,1916.0,415939.0,13178.0,1913.0,-0.924,0.818,0.791,0.836,0.002,0.0,0.001,0.0,0.0,0.0,0.0,0.0,1.0,1.0,1.0,0.0,2.622,88.6,31.58,5.0,3.503,2.0,-1.0,13.74,0.002,0.276,3.0,2.0,0.0,0.0,11.44,11.5,11.35,11.24,11.37,11.19,11.84,11.28,11.27,11.5,10.81,11.49,11.37,11.51,11.25,11.35,11.27,11.18,11.02
2017-05-04 20:50:00-05:00,-10.012856,-12.935339,-4.4411287,-10.19584,-10.687613,-3.103312,-9.785349,-9.7832365,857719.0,16.94,0.0,-0.352,-0.071,0.401,12.24,11.01,0.0,0.0,0.0,0.0,0.0,0.0,0.0,0.0,11.0,-1.85,-1.517,-0.2,0.0,0.0,0.0,0.0,0.0,275.0,278.1,279.0,277.0,0.585,0.0,0.0,-0.108,-0.013,0.128,0.0,6000.0,403526.0,123.0,402.0,59.97,2.0,37.0,45.0,36.0,12.29,11.14,-0.038,0.0,0.2,0.2,60.0,59.5,75.6,1.0,277.0,277.0,276.1,-0.076,0.031,0.082,1916.0,415939.0,13178.0,1913.0,-0.925,0.818,0.791,0.836,0.001,0.0,0.001,0.0,0.0,0.0,0.0,0.0,1.0,1.0,1.0,0.0,1.66,80.2,33.25,3.0,3.5,2.0,-1.0,13.74,0.002,0.276,3.0,2.0,0.0,0.0,11.46,11.53,11.4,11.27,11.37,11.17,11.84,11.27,11.27,11.5,10.8,11.49,11.36,11.51,11.25,11.34,11.26,11.18,11.0
2017-05-04 20:51:00-05:00,-10.012856,-12.607862,-4.4411287,-10.19584,-10.687613,-3.103312,-9.785349,-9.7832365,857720.0,16.9,0.0,-0.349,-0.078,0.402,12.22,11.09,0.0,0.0,0.0,0.0,0.0,0.0,0.0,0.0,11.0,-1.217,-1.383,-0.2,0.0,0.0,0.0,0.0,0.0,275.0,278.8,279.0,277.0,0.585,0.0,0.0,-0.108,-0.023,0.115,0.0,6000.0,403526.0,123.0,402.0,59.97,2.0,37.0,45.0,36.0,12.25,11.15,-0.038,0.0,0.2,0.2,60.0,59.5,75.6,1.0,277.0,277.0,276.5,-0.076,0.032,0.083,1916.0,415939.0,13178.0,1913.0,-0.924,0.818,0.791,0.836,0.001,0.0,0.001,0.0,0.0,0.0,0.0,0.0,1.0,1.0,1.0,0.0,2.565,104.5,48.53,4.7,3.5,2.0,-1.0,13.74,0.002,0.276,3.0,2.0,0.0,0.0,11.44,11.5,11.37,11.25,11.38,11.18,11.83,11.27,11.23,11.45,10.79,11.48,11.34,11.51,11.24,11.33,11.26,11.16,11.0
2017-05-04 20:52:00-05:00,-9.88924,-12.607862,-4.4411287,-10.19584,-10.558846,-3.103312,-9.659897,-9.665367,857721.0,16.87,0.0,-0.068,0.211,0.643,12.19,11.25,0.0,0.0,0.0,0.0,0.0,0.0,0.0,0.0,11.05,-1.483,-1.367,-0.2,0.0,0.0,0.0,0.0,0.0,275.0,278.9,279.0,277.0,0.59,0.0,0.0,-0.112,-0.018,0.113,0.0,6000.0,403526.0,123.0,402.0,59.98,2.0,37.0,45.0,36.0,12.23,11.16,-0.038,0.0,0.2,0.2,60.0,59.5,75.6,1.0,277.0,277.1,276.8,-0.076,0.032,0.083,1916.0,415939.0,13178.0,1913.0,-0.924,0.818,0.791,0.836,0.001,0.0,0.001,0.0,0.0,0.0,0.0,0.0,1.0,1.0,1.0,0.0,1.742,105.8,45.93,3.9,3.503,2.0,-1.0,13.64,0.001,0.275,3.0,2.0,0.0,0.0,11.44,11.46,11.35,11.21,11.37,11.18,11.75,11.25,11.26,11.46,10.78,11.47,11.36,11.49,11.22,11.32,11.26,11.17,10.98
2017-05-04 20:53:00-05:00,-9.88924,-12.607862,-4.4411287,-10.063426,-10.558846,-3.103312,-9.659897,-9.7832365,857722.0,16.85,0.0,-0.339,-0.056,0.404,12.2,11.39,0.0,0.0,0.0,0.0,0.0,0.0,0.0,0.0,11.67,-1.35,-1.433,-0.2,0.0,0.0,0.0,0.0,0.0,275.0,278.8,279.0,277.0,0.56,0.0,0.0,-0.108,-0.012,0.128,0.0,6000.0,403526.0,123.0,402.0,59.98,2.0,37.0,45.0,36.0,12.26,11.14,-0.038,0.0,0.2,0.2,60.0,59.5,75.6,1.0,277.0,277.0,276.5,-0.076,0.031,0.082,1916.0,415939.0,13178.0,1913.0,-0.925,0.818,0.791,0.836,0.001,0.0,0.001,0.0,0.0,0.0,0.0,0.0,1.0,1.0,1.0,0.0,1.822,87.2,31.13,3.7,3.504,2.0,-1.0,13.71,0.004,0.276,3.0,2.0,0.0,0.0,11.36,11.46,11.37,11.17,11.34,11.1,11.75,11.23,11.22,11.43,10.76,11.44,11.34,11.47,11.2,11.3,11.25,11.15,10.97
2017-05-04 20:54:00-05:00,-9.88924,-12.607862,-4.4411287,-10.063426,-10.558846,-3.103312,-9.659897,-9.7832365,857723.0,16.81,0.0,-0.334,-0.044,0.418,12.2,11.35,0.0,0.0,0.0,0.0,0.0,0.0,0.0,0.0,11.72,-1.417,-1.333,-0.2,0.0,0.0,0.0,0.0,0.0,275.0,278.7,279.0,277.0,0.572,0.0,0.0,-0.11,-0.02,0.117,0.0,6000.0,403526.0,123.0,402.0,59.96,2.0,37.0,45.0,36.0,12.25,11.16,-0.038,0.0,0.2,0.2,60.0,59.5,75.6,1.0,277.0,277.0,276.3,-0.076,0.031,0.082,1916.0,415939.0,13178.0,1913.0,-0.925,0.818,0.791,0.836,0.001,0.0,0.001,0.0,0.0,0.0,0.0,0.0,1.0,1.0,1.0,0.0,2.028,118.4,43.62,3.7,3.504,2.0,-1.0,13.74,0.002,0.276,3.0,2.0,0.0,0.0,11.39,11.46,11.4,11.19,11.32,11.15,11.75,11.23,11.22,11.38,10.76,11.45,11.33,11.48,11.21,11.31,11.25,11.15,10.98
2017-05-04 20:55:00-05:00,-9.88924,-12.607862,-4.4411287,-10.063426,-10.430079,-3.103312,-9.659897,-9.665367,857724.0,16.78,0.0,-0.331,-0.047,0.4,12.2,11.55,0.0,0.0,0.0,0.0,0.0,0.0,0.0,0.0,12.0,-1.15,-1.317,-0.2,0.0,0.0,0.0,0.0,0.0,275.0,278.8,279.0,277.0,0.587,0.0,0.0,-0.112,-0.025,0.115,0.0,6000.0,403526.0,123.0,402.0,59.96,2.0,37.0,45.0,36.0,12.24,11.15,-0.038,0.0,0.2,0.2,60.0,59.5,75.6,1.0,277.0,277.0,276.7,-0.076,0.031,0.082,1916.0,415939.0,13178.0,1913.0,-0.925,0.818,0.791,0.836,0.001,0.0,0.001,0.0,0.0,0.0,0.0,0.0,1.0,1.0,1.0,0.0,2.875,92.5,36.65,5.0,3.503,2.0,-1.0,13.74,0.002,0.276,3.0,2.0,0.0,0.0,11.36,11.46,11.29,11.18,11.29,11.15,11.75,11.22,11.27,11.43,10.76,11.44,11.33,11.48,11.19,11.3,11.24,11.14,10.97
2017-05-04 20:56:00-05:00,-9.88924,-12.607862,-4.4411287,-10.063426,-10.430079,-3.103312,-9.534443,-9.665367,857725.0,16.75,0.0,-0.327,-0.052,0.416,12.23,11.62,0.0,0.0,0.0,0.0,0.0,0.0,0.0,0.0,12.0,-1.3,-1.367,-0.2,0.0,0.0,0.0,0.0,0.0,274.9,278.0,278.2,276.9,0.585,0.0,0.0,-0.107,-0.015,0.12,0.0,6000.0,403526.0,123.0,402.0,59.95,2.0,37.0,45.0,36.0,12.23,11.12,-0.038,0.0,0.2,0.2,60.0,59.5,75.6,1.0,276.4,277.0,276.0,-0.076,0.031,0.082,1916.0,415939.0,13178.0,1913.0,-0.925,0.818,0.791,0.836,0.001,0.0,0.002,0.0,0.0,0.0,0.0,0.0,1.0,1.0,1.0,0.0,2.105,103.7,36.94,4.1,3.503,2.0,-1.0,13.74,0.002,0.276,3.0,2.0,0.0,0.0,11.36,11.46,11.29,11.18,11.31,11.16,11.73,11.21,11.24,11.39,10.74,11.42,11.34,11.46,11.19,11.29,11.24,11.15,10.96
2017-05-04 20:57:00-05:00,-9.88924,-12.607862,-4.4411287,-10.063426,-10.430079,-3.103312,-9.534443,-9.665367,857726.0,16.72,0.0,-0.152,0.126,0.547,12.19,11.82,0.0,0.0,0.0,0.0,0.0,0.0,0.0,0.0,12.0,-1.283,-1.4,-0.2,0.0,0.0,0.0,0.0,0.0,275.0,277.9,278.0,276.9,0.57,0.0,0.0,-0.107,-0.023,0.122,0.0,6000.0,403526.0,123.0,402.0,59.95,2.0,37.0,45.0,36.0,12.2,11.11,-0.038,0.0,0.2,0.2,60.0,59.5,75.6,1.0,276.3,276.8,276.0,-0.076,0.031,0.082,1916.0,415939.0,13178.0,1913.0,-0.925,0.818,0.791,0.836,0.001,0.0,0.001,0.0,0.0,0.0,0.0,0.0,1.0,1.0,1.0,0.0,1.77,95.0,39.02,3.4,3.504,2.0,-1.0,13.74,0.004,0.276,3.0,2.0,0.0,0.0,11.33,11.44,11.26,11.16,11.31,11.13,11.75,11.2,11.16,11.32,10.73,11.41,11.31,11.45,11.17,11.28,11.23,11.13,10.95
2017-05-04 20:58:00-05:00,-9.88924,-12.607862,-4.4411287,-9.931012,-10.430079,-3.103312,-9.534443,-9.665367,857727.0,16.69,0.0,-0.319,-0.05,0.413,12.16,12.01,0.0,0.0,0.0,0.0,0.0,0.0,0.0,0.0,12.02,-1.267,-1.383,-0.2,0.0,0.0,0.0,0.0,0.0,274.7,277.8,278.2,276.7,0.573,0.0,0.0,-0.107,-0.02,0.107,0.0,6000.0,403526.0,123.0,402.0,59.97,2.0,37.0,45.0,36.0,12.18,11.12,-0.038,0.0,0.2,0.2,60.0,59.5,75.6,1.0,276.6,276.7,275.7,-0.076,0.031,0.082,1916.0,415939.0,13178.0,1913.0,-0.925,0.818,0.791,0.836,0.001,0.0,0.001,0.0,0.0,0.0,0.0,0.0,1.0,1.0,1.0,0.0,2.347,88.4,45.55,3.9,3.504,2.0,-1.0,13.6,0.002,0.275,1.0,2.0,0.0,0.001,11.36,11.46,11.29,11.16,11.29,11.15,11.7,11.2,11.16,11.32,10.72,11.4,11.32,11.43,11.16,11.28,11.22,11.13,10.95
2017-05-04 20:59:00-05:00,-9.765624,-12.607862,-4.4411287,-9.931012,-10.430079,-3.103312,-9.534443,-9.547496,857728.0,16.66,0.0,-0.319,-0.046,0.407,12.14,12.29,0.0,0.0,0.0,0.0,0.0,0.0,0.0,0.0,12.72,-1.217,-1.3,-0.2,0.0,0.0,0.0,0.0,0.0,274.1,277.0,278.0,276.0,0.61,0.0,0.0,-0.105,-0.025,0.117,0.0,6000.0,403526.0,123.0,402.0,59.97,2.0,37.0,44.87,36.0,12.16,11.1,-0.038,0.0,0.2,0.2,60.0,59.5,75.6,1.0,276.0,276.0,275.1,-0.076,0.031,0.082,1916.0,415939.0,13178.0,1913.0,-0.926,0.818,0.791,0.836,0.001,0.0,0.001,0.0,0.0,0.0,0.0,0.0,1.0,1.0,1.0,0.0,1.927,76.05,29.5,3.6,3.503,2.0,-1.0,13.74,0.002,0.276,3.0,2.0,0.0,0.0,11.33,11.44,11.29,11.18,11.32,11.11,11.65,11.19,11.14,11.32,10.72,11.4,11.29,11.44,11.16,11.28,11.21,11.12,10.95
2017-05-04 21:00:00-05:00,-9.765624,-12.607862,-4.4411287,-9.931012,-10.430079,-3.103312,-9.40899,-9.547496,857729.0,16.62,0.0,-0.316,-0.05,0.433,12.11,12.52,0.0,0.0,0.0,0.0,0.0,0.0,0.0,0.0,13.0,-1.25,-1.333,-0.2,0.0,0.0,0.0,0.0,0.0,274.5,277.6,278.0,276.2,0.61,0.0,0.0,-0.107,-0.02,0.12,0.0,6000.0,403526.0,123.0,402.0,59.99,2.0,37.0,44.02,36.0,12.17,11.11,-0.038,0.0,0.2,0.2,60.0,59.5,75.6,1.0,276.0,276.1,275.2,-0.076,0.031,0.082,1916.0,415939.0,13178.0,1913.0,-0.926,0.818,0.791,0.836,0.001,0.0,0.001,0.0,0.0,0.0,0.0,0.0,1.0,1.0,1.0,0.0,2.073,109.9,23.56,3.6,3.504,2.0,-1.0,13.74,0.002,0.276,3.0,2.0,0.0,0.0,11.33,11.46,11.34,11.18,11.34,11.12,11.65,11.21,11.16,11.35,10.74,11.41,11.3,11.44,11.17,11.28,11.21,11.12,10.94
2017-05-04 21:01:00-05:00,-9.642009,-12.607862,-4.4411287,-9.931012,-10.301313,-3.103312,-9.534443,-9.4296255,857730.0,16.6,0.0,-0.315,-0.042,0.415,12.11,12.69,0.0,0.0,0.0,0.0,0.0,0.0,0.0,0.0,13.0,-1.4,-1.383,-0.2,0.0,0.0,0.0,0.0,0.0,274.2,277.3,278.0,276.2,0.607,0.0,0.0,-0.105,-0.017,0.117,0.0,6000.0,403526.0,123.0,402.0,59.98,2.0,37.0,44.0,36.0,12.13,11.13,-0.038,0.0,0.2,0.2,60.0,59.5,75.6,1.0,276.0,276.1,275.3,-0.076,0.031,0.082,1916.0,415939.0,13178.0,1913.0,-0.926,0.818,0.791,0.836,0.001,0.0,0.001,0.0,0.0,0.0,0.0,0.0,1.0,1.0,1.0,0.0,2.067,107.7,21.14,4.2,3.503,2.0,-1.0,13.74,0.002,0.276,3.0,2.0,0.0,0.0,11.34,11.41,11.36,11.23,11.34,11.16,11.65,11.22,11.16,11.31,10.75,11.41,11.31,11.45,11.16,11.29,11.21,11.13,10.95
2017-05-04 21:02:00-05:00,-9.5183935,-12.607862,-4.4411287,-9.798599,-10.301313,-3.103312,-9.283538,-9.4296255,857731.0,16.56,0.0,-0.314,-0.047,0.429,12.1,12.69,0.0,0.0,0.0,0.0,0.0,0.0,0.0,0.0,13.0,-1.717,-1.45,-0.2,0.0,0.0,0.0,0.0,0.0,274.6,277.8,278.0,276.5,0.587,0.0,0.0,-0.103,-0.022,0.115,0.0,6000.0,403526.0,123.0,402.0,59.95,2.0,36.88,44.0,36.0,12.15,11.11,-0.038,0.0,0.2,0.2,60.0,59.5,75.6,1.0,276.0,276.5,275.6,-0.076,0.031,0.082,1916.0,415939.0,13178.0,1913.0,-0.926,0.818,0.791,0.836,0.001,0.0,0.001,0.0,0.0,0.0,0.0,0.0,1.0,1.0,1.0,0.0,1.68,76.11,20.74,3.0,3.504,2.0,-1.0,13.74,0.002,0.276,3.0,2.0,0.0,0.0,11.33,11.42,11.36,11.24,11.34,11.16,11.65,11.21,11.18,11.34,10.74,11.41,11.29,11.45,11.17,11.27,11.2,11.14,10.95
2017-05-04 21:03:00-05:00,-9.394778,-12.607862,-4.4411287,-9.798599,-10.301313,-3.103312,-9.283538,-9.4296255,857732.0,16.53,0.0,-0.1,0.171,0.573,12.08,12.69,0.0,0.0,0.0,0.0,0.0,0.0,0.0,0.0,13.0,-1.433,-1.383,-0.2,0.0,0.0,0.0,0.0,0.0,274.8,278.0,278.0,276.8,0.575,0.0,0.0,-0.102,-0.023,0.122,0.0,6000.0,403526.0,123.0,402.0,59.94,2.0,36.82,44.0,36.0,12.11,11.11,-0.038,0.0,0.2,0.2,60.0,59.5,75.6,1.0,276.5,277.0,276.0,-0.076,0.031,0.082,1916.0,415939.0,13178.0,1913.0,-0.926,0.818,0.791,0.836,0.001,0.0,0.001,0.0,0.0,0.0,0.0,0.0,1.0,1.0,1.0,0.0,1.937,109.3,28.9,4.3,3.503,2.0,-1.0,13.66,0.008,0.275,1.0,2.0,0.0,0.001,11.34,11.38,11.36,11.26,11.34,11.16,11.65,11.21,11.19,11.36,10.73,11.41,11.31,11.45,11.17,11.27,11.21,11.13,10.94
2017-05-04 21:04:00-05:00,-9.394778,-12.280385,-4.085839,-9.798599,-10.172546,-3.103312,-9.40899,-9.311755,857733.0,16.5,0.0,-0.311,-0.049,0.406,12.04,12.69,0.0,0.0,0.0,0.0,0.0,0.0,0.0,0.0,13.0,-1.383,-1.4,-0.198,0.0,0.0,0.0,0.0,0.0,275.0,278.0,278.2,277.0,0.558,0.0,0.0,-0.112,-0.035,0.113,0.0,6000.0,403526.0,123.0,402.0,59.94,2.0,36.3,44.0,36.0,12.04,11.11,-0.038,0.0,0.2,0.2,60.0,59.5,75.6,1.0,277.0,277.0,276.0,-0.076,0.031,0.082,1916.0,415939.0,13178.0,1913.0,-0.926,0.818,0.791,0.836,0.002,0.0,0.001,0.0,0.0,0.0,0.0,0.0,1.0,1.0,1.0,0.0,2.403,124.6,21.58,3.9,3.503,2.0,-1.0,13.74,0.002,0.276,3.0,2.0,0.0,0.0,11.34,11.36,11.36,11.26,11.33,11.13,11.65,11.2,11.18,11.37,10.74,11.41,11.3,11.45,11.17,11.27,11.21,11.12,10.94
2017-05-04 21:05:00-05:00,-9.271162,-12.116648,-4.085839,-9.666185,-10.172546,-3.103312,-9.283538,-9.193885,857734.0,16.47,0.0,-0.31,-0.05,0.409,12.04,12.88,0.0,0.0,0.0,0.0,0.0,0.0,0.0,0.0,13.0,-1.767,-1.5,-0.2,0.0,0.0,0.0,0.0,0.0,275.0,278.0,278.5,277.0,0.567,0.0,0.0,-0.11,-0.028,0.12,0.0,6000.0,403526.0,123.0,402.0,59.95,2.0,36.0,44.0,36.0,12.12,11.12,-0.038,0.0,0.2,0.2,60.0,59.5,75.6,1.0,277.0,277.0,276.0,-0.076,0.031,0.082,1916.0,415939.0,13178.0,1913.0,-0.926,0.818,0.791,0.836,0.001,0.0,0.001,0.0,0.0,0.0,0.0,0.0,1.0,1.0,1.0,0.0,1.575,72.04,33.04,2.8,3.504,2.0,-1.0,13.74,0.002,0.276,3.0,2.0,0.0,0.0,11.36,11.38,11.36,11.26,11.34,11.07,11.65,11.2,11.17,11.37,10.73,11.42,11.31,11.47,11.18,11.28,11.21,11.12,10.95
2017-05-04 21:06:00-05:00,-9.147548,-12.116648,-4.085839,-9.666185,-10.043779,-3.103312,-9.283538,-9.193885,857735.0,16.45,0.0,-0.309,-0.036,0.421,12.0,12.75,0.0,0.0,0.0,0.0,0.0,0.0,0.0,0.0,13.0,-1.417,-1.4,-0.198,0.0,0.0,0.0,0.0,0.0,275.0,278.0,278.8,277.0,0.575,0.0,0.0,-0.113,-0.023,0.125,0.0,6000.0,403526.0,123.0,402.0,59.96,2.0,36.0,44.0,36.0,12.03,11.13,-0.038,0.0,0.2,0.2,60.0,59.5,75.6,1.0,277.0,277.0,276.0,-0.076,0.031,0.082,1916.0,415939.0,13178.0,1913.0,-0.926,0.818,0.791,0.836,0.001,0.0,0.001,0.0,0.0,0.0,0.0,0.0,1.0,1.0,1.0,0.0,2.243,80.2,24.9,4.7,3.504,2.0,-1.0,13.74,0.002,0.276,3.0,2.0,0.0,0.0,11.36,11.39,11.36,11.26,11.34,11.13,11.65,11.2,11.2,11.39,10.73,11.42,11.32,11.45,11.18,11.28,11.21,11.14,10.95
2017-05-04 21:07:00-05:00,-9.147548,-12.116648,-4.085839,-9.666185,-9.915014,-3.103312,-9.283538,-9.0760145,857736.0,16.42,0.0,-0.309,-0.046,0.419,11.99,12.69,0.0,0.0,0.0,0.0,0.0,0.0,0.0,0.0,13.0,-1.583,-1.5,-0.2,0.0,0.0,0.0,0.0,0.0,275.0,278.0,279.0,277.0,0.582,0.0,0.0,-0.105,-0.027,0.123,0.0,6000.0,403526.0,123.0,402.0,59.96,2.0,36.0,44.0,36.0,11.98,11.14,-0.038,0.0,0.2,0.2,60.0,59.5,75.6,1.0,277.0,277.0,276.0,-0.076,0.031,0.082,1916.0,415939.0,13178.0,1913.0,-0.926,0.818,0.791,0.836,0.001,0.0,0.001,0.0,0.0,0.0,0.0,0.0,1.0,1.0,1.0,0.0,2.307,60.92,22.97,4.0,3.504,2.0,-1.0,13.74,0.002,0.276,3.0,2.0,0.0,0.0,11.36,11.36,11.36,11.26,11.33,11.11,11.65,11.19,11.11,11.37,10.71,11.41,11.31,11.44,11.17,11.27,11.2,11.13,10.94
2017-05-04 21:08:00-05:00,-9.147548,-12.116648,-4.085839,-9.5337715,-9.915014,-3.103312,-9.158084,-8.958144,857737.0,16.39,0.0,-0.08,0.2,0.559,11.96,12.69,0.0,0.0,0.0,0.0,0.0,0.0,0.0,0.0,13.0,-1.717,-1.483,-0.2,0.0,0.0,0.0,0.0,0.0,275.0,278.0,279.0,277.0,0.595,0.0,0.0,-0.122,-0.037,0.122,0.0,6000.0,403526.0,123.0,402.0,59.94,2.0,36.0,44.0,36.0,11.94,11.12,-0.038,0.0,0.2,0.2,60.0,59.5,75.6,1.0,277.0,277.0,276.0,-0.076,0.031,0.082,1916.0,415939.0,13178.0,1913.0,-0.926,0.818,0.791,0.836,0.002,0.0,0.001,0.0,0.0,0.0,0.0,0.0,1.0,1.0,1.0,0.0,3.19,71.4,21.2,5.0,3.504,2.0,-1.0,13.65,-0.004,0.275,1.0,2.0,0.0,0.001,11.36,11.41,11.36,11.26,11.36,11.07,11.62,11.17,11.04,11.29,10.7,11.39,11.29,11.41,11.15,11.26,11.2,11.12,10.93
2017-05-04 21:09:00-05:00,-9.0239315,-12.116648,-4.085839,-9.401358,-9.657481,-3.103312,-9.032631,-8.840274,857738.0,16.36,0.0,-0.308,-0.045,0.393,11.9,12.69,0.0,0.0,0.0,0.0,0.0,0.0,0.0,0.0,13.0,-1.6,-1.517,-0.2,0.0,0.0,0.0,0.0,0.0,275.0,278.1,279.0,277.0,0.575,0.0,0.0,-0.12,-0.032,0.128,0.0,6000.0,403526.0,123.0,402.0,59.96,2.0,36.0,44.0,36.0,11.88,11.1,-0.038,0.0,0.2,0.2,60.0,59.5,75.6,1.0,277.0,277.0,276.0,-0.076,0.031,0.082,1916.0,415939.0,13178.0,1913.0,-0.925,0.818,0.791,0.836,0.001,0.0,0.001,0.0,0.0,0.0,0.0,0.0,1.0,1.0,1.0,0.0,2.505,91.6,25.64,3.4,3.503,2.0,-1.0,13.65,0.013,0.276,3.0,2.0,0.0,0.0,11.36,11.36,11.33,11.23,11.36,11.07,11.55,11.13,11.0,11.26,10.66,11.37,11.25,11.39,11.13,11.23,11.17,11.09,10.9
2017-05-04 21:10:00-05:00,-9.0239315,-11.789169,-3.9674082,-9.136532,-9.657481,-2.8776166,-8.907177,-8.604533,857739.0,16.33,0.0,-0.307,-0.047,0.385,11.83,12.7,0.0,0.0,0.0,0.0,0.0,0.0,0.0,0.0,13.0,-1.4,-1.4,-0.197,0.0,0.0,0.0,0.0,0.0,275.0,278.0,279.0,277.0,0.565,0.0,0.0,-0.115,-0.043,0.118,0.0,6000.0,403526.0,123.0,402.0,59.96,2.0,36.0,44.0,36.0,11.83,11.1,-0.038,0.0,0.2,0.2,60.0,59.5,75.6,1.0,277.0,277.0,276.0,-0.076,0.031,0.082,1916.0,415939.0,13178.0,1913.0,-0.926,0.818,0.791,0.836,0.001,0.0,0.001,0.0,0.0,0.0,0.0,0.0,1.0,1.0,1.0,0.0,2.77,76.87,28.82,5.7,3.503,2.0,-1.0,13.74,0.002,0.275,3.0,2.0,0.0,0.0,11.32,11.36,11.33,11.2,11.33,11.07,11.55,11.13,11.0,11.26,10.66,11.37,11.24,11.38,11.13,11.23,11.16,11.09,10.9
2017-05-04 21:11:00-05:00,-8.900316,-11.461694,-3.612118,-9.004118,-9.528715,-2.6519215,-8.656271,-8.368793,857740.0,16.31,0.0,-0.307,-0.047,0.372,11.8,12.66,0.0,0.0,0.0,0.0,0.0,0.0,0.0,0.0,13.0,-1.533,-1.433,-0.197,0.0,0.0,0.0,0.0,0.0,275.0,278.1,279.0,277.0,0.587,0.0,0.0,-0.115,-0.042,0.123,0.0,6000.0,403526.0,123.0,402.0,59.96,2.0,36.0,44.0,35.95,11.79,11.08,-0.038,0.0,0.2,0.2,60.0,59.5,75.6,1.0,277.0,277.0,276.0,-0.076,0.031,0.082,1916.0,415939.0,13178.0,1913.0,-0.926,0.818,0.791,0.836,0.001,0.0,0.001,0.0,0.0,0.0,0.0,0.0,1.0,1.0,1.0,0.0,2.96,86.7,22.9,5.3,3.503,2.0,-1.0,13.74,0.002,0.276,3.0,2.0,0.0,0.0,11.26,11.34,11.34,11.16,11.31,11.07,11.55,11.13,10.99,11.27,10.65,11.35,11.23,11.36,11.11,11.22,11.15,11.09,10.9
2017-05-04 21:12:00-05:00,-8.7767,-11.461694,-3.612118,-8.871705,-9.399948,-2.6519215,-8.530818,-8.250922,857741.0,16.28,0.0,-0.307,-0.053,0.366,11.75,12.23,0.0,0.0,0.0,0.0,0.0,0.0,0.0,0.0,12.33,-1.567,-1.5,-0.197,0.0,0.0,0.0,0.0,0.0,275.0,278.0,279.0,277.0,0.6,0.0,0.0,-0.122,-0.042,0.127,0.0,6000.0,403526.0,123.0,402.0,59.97,2.0,36.0,44.0,35.07,11.75,11.03,-0.038,0.0,0.2,0.2,60.0,59.5,75.6,1.0,277.0,277.0,276.0,-0.076,0.031,0.082,1916.0,415939.0,13178.0,1913.0,-0.926,0.818,0.791,0.836,0.001,0.0,0.001,0.0,0.0,0.0,0.0,0.0,1.0,1.0,1.0,0.0,2.758,89.9,22.02,5.5,3.504,2.0,-1.0,13.74,0.002,0.275,3.0,2.0,0.0,0.0,11.24,11.32,11.26,11.16,11.26,11.07,11.57,11.11,10.97,11.24,10.64,11.33,11.22,11.35,11.09,11.2,11.12,11.08,10.88
2017-05-04 21:13:00-05:00,-8.653086,-11.461694,-3.612118,-8.871705,-9.271182,-2.6519215,-8.530818,-8.133052,857742.0,16.25,0.0,-0.042,0.225,0.614,11.69,11.88,0.0,0.0,0.0,0.0,0.0,0.0,0.0,0.0,12.0,-1.633,-1.617,-0.192,0.0,0.0,0.0,0.0,0.0,275.0,278.0,279.0,277.0,0.592,0.0,0.0,-0.12,-0.038,0.122,0.0,6000.0,403526.0,123.0,402.0,59.97,2.0,36.0,44.0,35.0,11.73,10.99,-0.038,0.0,0.2,0.2,60.0,59.5,75.6,1.0,277.0,277.0,276.0,-0.076,0.031,0.082,1916.0,415939.0,13178.0,1913.0,-0.926,0.818,0.791,0.836,0.001,0.0,0.001,0.0,0.0,0.0,0.0,0.0,1.0,1.0,1.0,0.0,2.847,78.45,32.24,6.2,3.504,2.0,-1.0,13.74,0.004,0.275,3.0,2.0,0.0,0.0,11.18,11.26,11.26,11.13,11.26,11.05,11.5,11.1,10.96,11.29,10.63,11.33,11.2,11.33,11.08,11.19,11.11,11.07,10.88
2017-05-04 21:14:00-05:00,-8.653086,-11.461694,-3.612118,-8.871705,-9.271182,-2.6519215,-8.405365,-8.015182,857743.0,16.22,0.0,-0.283,-0.039,0.361,11.66,11.64,0.0,0.0,0.0,0.0,0.0,0.0,0.0,0.0,12.0,-1.433,-1.5,-0.192,0.0,0.0,0.0,0.0,0.0,275.0,278.0,279.0,277.0,0.598,0.0,0.0,-0.123,-0.05,0.118,0.0,6000.0,403526.0,123.0,402.0,59.95,2.0,36.0,44.0,35.0,11.72,10.97,-0.038,0.0,0.2,0.2,60.0,59.5,75.6,1.0,277.0,277.0,276.0,-0.076,0.031,0.082,1916.0,415939.0,13178.0,1913.0,-0.926,0.818,0.791,0.836,0.001,0.0,0.001,0.0,0.0,0.0,0.0,0.0,1.0,1.0,1.0,0.0,2.27,82.7,26.74,4.1,3.503,2.0,-1.0,13.62,0.002,0.275,1.0,2.0,0.0,0.001,11.16,11.26,11.26,11.07,11.21,10.97,11.5,11.08,10.94,11.27,10.61,11.32,11.21,11.32,11.09,11.16,11.09,11.05,10.86
2017-05-04 21:15:00-05:00,-8.5294695,-11.461694,-3.612118,-8.871705,-9.013649,-2.6519215,-8.405365,-7.8973117,857744.0,16.2,0.0,-0.306,-0.048,0.354,11.61,11.64,0.0,0.0,0.0,0.0,0.0,0.0,0.0,0.0,12.0,-1.383,-1.417,-0.197,0.0,0.0,0.0,0.0,0.0,275.0,278.1,279.0,277.0,0.593,0.0,0.0,-0.12,-0.033,0.127,0.0,6000.0,403526.0,123.0,402.0,59.97,2.0,36.0,44.0,35.0,11.65,10.98,-0.038,0.0,0.2,0.2,60.0,59.5,75.6,1.0,277.0,277.0,276.0,-0.076,0.031,0.082,1916.0,415939.0,13178.0,1913.0,-0.926,0.818,0.791,0.836,0.002,0.0,0.001,0.0,0.0,0.0,0.0,0.0,1.0,1.0,1.0,0.0,2.84,81.9,27.22,5.4,3.503,2.0,-1.0,13.74,0.002,0.275,3.0,2.0,0.0,0.0,11.18,11.26,11.26,11.07,11.18,10.97,11.54,11.07,10.92,11.28,10.6,11.3,11.18,11.3,11.06,11.15,11.06,11.04,10.84
2017-05-04 21:16:00-05:00,-8.405854,-11.461694,-3.612118,-8.871705,-9.013649,-2.6519215,-8.279912,-7.8973117,857745.0,16.17,0.0,-0.306,-0.05,0.342,11.59,11.85,0.0,0.0,0.0,0.0,0.0,0.0,0.0,0.0,12.0,-1.35,-1.333,-0.2,0.0,0.0,0.0,0.0,0.0,275.0,278.3,279.0,277.0,0.588,0.0,0.0,-0.132,-0.035,0.117,0.0,6000.0,403526.0,123.0,402.0,59.98,2.0,36.0,44.0,35.0,11.63,10.93,-0.038,0.0,0.2,0.2,60.0,59.5,75.6,1.0,277.0,277.0,276.0,-0.076,0.031,0.082,1916.0,415939.0,13178.0,1913.0,-0.926,0.818,0.791,0.836,0.001,0.0,0.001,0.0,0.0,0.0,0.0,0.0,1.0,1.0,1.0,0.0,3.238,79.95,32.24,6.0,3.504,2.0,-1.0,13.74,0.002,0.275,3.0,2.0,0.0,0.0,11.16,11.26,11.24,11.07,11.16,10.97,11.56,11.04,10.88,11.21,10.57,11.29,11.16,11.27,11.04,11.12,11.04,11.01,10.82
2017-05-04 21:17:00-05:00,-8.282239,-11.297955,-3.4936879,-8.739291,-9.013649,-2.6519215,-8.279912,-7.7794414,857746.0,16.14,0.0,-0.306,-0.052,0.346,11.58,12.02,0.0,0.0,0.0,0.0,0.0,0.0,0.0,0.0,12.05,-1.183,-1.367,-0.188,0.0,0.0,0.0,0.0,0.0,275.0,278.1,279.0,277.0,0.6,0.0,0.0,-0.128,-0.025,0.113,0.0,6000.0,403526.0,123.0,402.0,59.96,2.0,36.0,44.0,35.0,11.61,10.91,-0.038,0.0,0.2,0.2,60.0,59.5,75.6,1.0,277.0,277.0,276.0,-0.076,0.031,0.082,1916.0,415939.0,13178.0,1913.0,-0.927,0.818,0.791,0.836,0.001,0.0,0.001,0.0,0.0,0.0,0.0,0.0,1.0,1.0,1.0,0.0,2.662,79.14,18.47,4.0,3.504,2.0,-1.0,13.74,0.002,0.275,3.0,2.0,0.0,0.0,11.1,11.24,11.16,11.07,11.08,10.97,11.52,11.03,10.88,11.2,10.56,11.27,11.15,11.26,11.02,11.1,11.03,11.0,10.8
2017-05-04 21:18:00-05:00,-8.282239,-10.970478,-3.2568276,-8.739291,-8.884883,-2.6519215,-8.154458,-7.7794414,857747.0,16.11,0.0,-0.305,-0.045,0.346,11.54,12.15,0.0,0.0,0.0,0.0,0.0,0.0,0.0,0.0,12.2,-1.283,-1.3,-0.195,0.0,0.0,0.0,0.0,0.0,275.0,278.1,279.0,277.0,0.588,0.0,0.0,-0.133,-0.043,0.12,0.0,6000.0,403526.0,123.0,402.0,59.96,2.0,36.0,44.0,35.0,11.58,10.93,-0.038,0.0,0.2,0.2,60.0,59.5,75.6,1.0,277.0,277.0,276.0,-0.076,0.031,0.082,1916.0,415939.0,13178.0,1913.0,-0.926,0.818,0.791,0.836,0.002,0.0,0.001,0.0,0.0,0.0,0.0,0.0,1.0,1.0,1.0,0.0,3.632,88.4,28.56,6.9,3.504,2.0,-1.0,13.74,0.002,0.275,3.0,2.0,0.0,0.0,11.1,11.2,11.16,11.07,11.07,10.97,11.56,11.02,10.86,11.2,10.55,11.25,11.13,11.26,11.01,11.1,11.01,10.99,10.79
2017-05-04 21:19:00-05:00,-8.282239,-10.970478,-3.375258,-8.739291,-8.884883,-2.6519215,-8.154458,-7.7794414,857748.0,16.09,0.0,-0.047,0.211,0.558,11.57,12.21,0.0,0.0,0.0,0.0,0.0,0.0,0.0,0.0,12.73,-1.217,-1.283,-0.178,0.0,0.0,0.0,0.0,0.0,275.0,278.4,279.0,277.0,0.592,0.0,0.0,-0.14,-0.025,0.128,0.0,6000.0,403526.0,123.0,402.0,59.98,2.0,36.0,44.0,35.0,11.59,10.91,-0.038,0.0,0.2,0.2,60.0,59.5,75.6,1.0,277.0,277.0,276.0,-0.076,0.031,0.082,1916.0,415939.0,13178.0,1913.0,-0.926,0.818,0.791,0.836,0.001,0.0,0.001,0.0,0.0,0.0,0.0,0.0,1.0,1.0,1.0,0.0,2.08,82.9,26.42,4.0,3.503,2.0,-1.0,13.74,0.002,0.275,3.0,2.0,0.0,0.0,11.17,11.16,11.16,11.02,11.07,10.94,11.52,11.01,10.85,11.15,10.53,11.24,11.11,11.24,11.0,11.08,11.0,10.97,10.77
2017-05-04 21:20:00-05:00,-8.282239,-10.970478,-3.375258,-8.739291,-8.884883,-2.6519215,-8.154458,-7.7794414,857749.0,16.06,0.0,-0.305,-0.051,0.334,11.54,12.35,0.0,0.0,0.0,0.0,0.0,0.0,0.0,0.0,12.85,-1.35,-1.333,-0.182,0.0,0.0,0.0,0.0,0.0,275.0,278.7,279.0,277.0,0.607,0.0,0.0,-0.132,-0.028,0.115,0.0,6000.0,403526.0,123.0,402.0,59.98,2.0,36.0,44.0,35.0,11.58,10.9,-0.038,0.0,0.2,0.2,60.0,59.5,75.6,1.0,277.0,277.0,276.6,-0.076,0.031,0.082,1916.0,415939.0,13178.0,1913.0,-0.926,0.818,0.791,0.836,0.001,0.0,0.001,0.0,0.0,0.0,0.0,0.0,1.0,1.0,1.0,0.0,3.628,72.66,15.76,7.1,3.504,2.0,-1.0,13.74,0.002,0.275,3.0,2.0,0.0,0.0,11.15,11.16,11.11,11.02,11.07,10.89,11.47,11.0,10.84,11.12,10.52,11.24,11.1,11.23,10.99,11.08,11.0,10.97,10.78
2017-05-04 21:21:00-05:00,-8.282239,-10.970478,-3.4936879,-8.739291,-8.756116,-2.6519215,-8.154458,-7.7794414,857750.0,16.04,0.0,-0.305,-0.049,0.347,11.52,12.15,0.0,0.0,0.0,0.0,0.0,0.0,0.0,0.0,12.38,-1.517,-1.433,-0.182,0.0,0.0,0.0,0.0,0.0,275.0,278.7,279.0,277.0,0.618,0.0,0.0,-0.123,-0.023,0.117,0.0,6000.0,403526.0,123.0,402.0,59.96,2.0,36.0,44.0,35.0,11.55,10.88,-0.038,0.0,0.2,0.2,60.0,59.5,75.6,1.0,277.0,277.0,276.7,-0.076,0.031,0.082,1916.0,415939.0,13178.0,1913.0,-0.926,0.818,0.791,0.836,0.001,0.0,0.001,0.0,0.0,0.0,0.0,0.0,1.0,1.0,1.0,0.0,2.92,76.3,15.74,4.9,3.504,2.0,-1.0,13.74,0.002,0.275,3.0,2.0,0.0,0.0,11.17,11.16,11.07,10.97,11.07,10.87,11.46,10.99,10.83,11.2,10.52,11.22,11.08,11.23,10.98,11.06,10.98,10.96,10.75
2017-05-04 21:22:00-05:00,-8.158624,-10.970478,-3.375258,-8.739291,-8.884883,-2.6519215,-8.154458,-7.7794414,857751.0,16.02,0.0,-0.305,-0.051,0.345,11.5,11.96,0.0,0.0,0.0,0.0,0.0,0.0,0.0,0.0,12.0,-1.75,-1.55,-0.182,0.0,0.0,0.0,0.0,0.0,275.0,279.0,279.0,277.0,0.618,0.0,0.0,-0.13,-0.025,0.128,0.0,6000.0,403526.0,123.0,402.0,59.97,2.0,36.0,44.0,35.0,11.53,10.86,-0.038,0.0,0.2,0.2,60.0,59.5,75.6,1.0,277.0,277.0,277.0,-0.076,0.031,0.082,1916.0,415939.0,13178.0,1913.0,-0.926,0.818,0.791,0.836,0.001,0.0,0.001,0.0,0.0,0.0,0.0,0.0,1.0,1.0,1.0,0.0,2.48,96.3,26.08,5.4,3.503,2.0,-1.0,13.74,0.002,0.275,3.0,2.0,0.0,0.0,11.17,11.1,11.07,10.97,11.05,10.89,11.46,10.97,10.82,11.14,10.5,11.2,11.08,11.22,10.97,11.05,10.97,10.95,10.74
2017-05-04 21:23:00-05:00,-8.282239,-10.970478,-3.2568276,-8.739291,-8.756116,-2.6519215,-8.154458,-7.7794414,857752.0,15.98,0.0,-0.305,-0.049,0.334,11.48,11.67,0.0,0.0,0.0,0.0,0.0,0.0,0.0,0.0,12.0,-1.433,-1.333,-0.168,0.0,0.0,0.0,0.0,0.0,275.0,279.0,279.0,277.0,0.618,0.0,0.0,-0.142,-0.028,0.125,0.0,6000.0,403526.0,123.0,402.0,59.98,2.0,36.0,44.0,35.0,11.53,10.85,-0.038,0.0,0.2,0.2,60.0,59.5,75.6,1.0,277.0,277.1,277.0,-0.076,0.031,0.083,1916.0,415939.0,13178.0,1913.0,-0.926,0.818,0.791,0.836,0.001,0.0,0.001,0.0,0.0,0.0,0.0,0.0,1.0,1.0,1.0,0.0,2.325,73.17,37.08,5.7,3.504,2.0,-1.0,13.74,0.002,0.275,3.0,2.0,0.0,0.0,11.17,11.07,11.07,10.97,10.99,10.91,11.46,10.96,10.81,11.17,10.49,11.2,11.07,11.2,10.96,11.03,10.95,10.94,10.72
2017-05-04 21:24:00-05:00,-8.158624,-10.970478,-3.2568276,-8.739291,-8.756116,-2.6519215,-8.029005,-7.7794414,857753.0,15.96,0.0,0.097,0.391,0.677,11.48,11.84,0.0,0.0,0.0,0.0,0.0,0.0,0.0,0.0,12.0,-1.867,-1.467,-0.175,0.0,0.0,0.0,0.0,0.0,275.0,279.0,279.0,277.0,0.625,0.0,0.0,-0.13,-0.027,0.128,0.0,6000.0,403526.0,123.0,402.0,59.96,2.0,36.0,44.0,35.0,11.52,10.86,-0.038,0.0,0.2,0.2,60.0,59.5,75.6,1.0,277.0,277.0,277.0,-0.076,0.031,0.082,1916.0,415939.0,13178.0,1913.0,-0.926,0.818,0.791,0.836,0.002,0.0,0.001,0.0,0.0,0.0,0.0,0.0,1.0,1.0,1.0,0.0,3.332,84.0,20.95,5.5,3.504,2.0,-1.0,13.62,0.004,0.275,1.0,2.0,0.0,0.001,11.17,11.07,11.07,10.95,10.97,10.92,11.44,10.94,10.8,11.08,10.47,11.18,11.05,11.17,10.94,11.01,10.94,10.92,10.71
2017-05-04 21:25:00-05:00,-8.158624,-10.970478,-3.2568276,-8.739291,-8.756116,-2.6519215,-8.029005,-7.7794414,857754.0,15.93,0.0,-0.305,-0.051,0.337,11.48,12.51,0.0,0.0,0.0,0.0,0.0,0.0,0.0,0.0,12.82,-1.545,-1.382,-0.173,0.0,0.0,0.0,0.0,0.0,275.0,279.0,279.0,277.0,0.616,0.0,0.0,-0.125,-0.027,0.124,0.0,6000.0,403526.0,123.0,402.0,59.98,2.0,36.0,44.0,35.0,11.49,10.86,-0.038,0.0,0.2,0.2,60.0,59.5,75.6,1.0,277.0,277.7,277.0,-0.076,0.031,0.083,1916.0,415939.0,13178.0,1913.0,-0.926,0.818,0.791,0.836,0.001,0.0,0.001,0.0,0.0,0.0,0.0,0.0,1.0,1.0,1.0,0.0,3.191,73.47,28.27,4.8,3.503,2.0,-1.0,13.77,0.003,0.274,3.0,2.0,0.0,0.0,11.1,11.07,11.07,10.91,10.97,10.84,11.38,10.93,10.78,11.03,10.46,11.17,11.05,11.16,10.94,11.01,10.93,10.91,10.7
2017-05-04 21:26:00-05:00,-8.158624,-10.970478,-3.2568276,-8.739291,-8.756116,-2.6519215,-8.029005,-7.7794414,857755.0,15.91,0.0,-0.305,-0.049,0.298,11.45,12.95,0.0,0.0,0.0,0.0,0.0,0.0,0.0,0.0,13.0,-1.717,-1.55,-0.177,0.0,0.0,0.0,0.0,0.0,275.4,279.0,279.1,277.4,0.633,0.0,0.0,-0.122,-0.027,0.14,0.0,6000.0,403526.0,123.0,402.0,59.98,2.0,36.0,44.0,35.0,11.49,10.84,-0.038,0.0,0.2,0.2,60.0,59.5,75.6,1.0,277.0,278.0,277.0,-0.077,0.031,0.083,1916.0,415939.0,13178.0,1913.0,-0.926,0.818,0.791,0.836,0.001,0.0,0.001,0.0,0.0,0.0,0.0,0.0,1.0,1.0,1.0,0.0,2.93,84.2,29.26,6.2,3.503,2.0,-1.0,13.77,0.002,0.275,3.0,2.0,0.0,0.0,11.11,11.1,11.07,10.94,10.97,10.86,11.36,10.93,10.78,11.03,10.45,11.17,11.04,11.17,10.93,11.02,10.92,10.9,10.69
2017-05-04 21:27:00-05:00,-8.158624,-10.970478,-3.2568276,-8.606877,-8.756116,-2.6519215,-8.029005,-7.6615705,857756.0,15.88,0.0,-0.305,-0.051,0.322,11.44,12.96,0.0,0.0,0.0,0.0,0.0,0.0,0.0,0.0,13.0,-1.25,-1.283,-0.172,0.0,0.0,0.0,0.0,0.0,275.3,279.0,279.0,277.3,0.61,0.0,0.0,-0.118,-0.032,0.113,0.0,6000.0,403526.0,123.0,402.0,59.96,2.0,36.0,44.0,35.0,11.48,10.87,-0.038,0.0,0.2,0.2,60.0,59.5,75.6,1.0,277.0,278.0,277.0,-0.077,0.031,0.083,1916.0,415939.0,13178.0,1913.0,-0.926,0.818,0.791,0.836,0.001,0.0,0.001,0.0,0.0,0.0,0.0,0.0,1.0,1.0,1.0,0.0,2.685,102.0,43.38,6.2,3.503,2.0,-1.0,13.78,0.002,0.275,3.0,2.0,0.0,0.0,11.15,11.08,11.07,10.89,10.97,10.87,11.38,10.94,10.78,11.08,10.46,11.18,11.05,11.19,10.94,11.02,10.92,10.9,10.71
2017-05-04 21:28:00-05:00,-8.158624,-10.970478,-3.2568276,-8.606877,-8.756116,-2.6519215,-7.903552,-7.6615705,857757.0,15.86,0.0,-0.305,-0.049,0.339,11.43,12.78,0.0,0.0,0.0,0.0,0.0,0.0,0.0,0.0,13.0,-1.417,-1.4,-0.17,0.0,0.0,0.0,0.0,0.0,275.9,279.0,279.4,278.0,0.578,0.0,0.0,-0.14,-0.018,0.138,0.0,6000.0,403526.0,123.0,402.0,59.97,2.0,36.0,43.37,35.0,11.52,10.86,-0.038,0.0,0.2,0.2,60.0,59.5,75.6,1.0,278.0,278.0,277.0,-0.076,0.031,0.083,1916.0,415939.0,13178.0,1913.0,-0.926,0.818,0.791,0.836,0.002,0.0,0.001,0.0,0.0,0.0,0.0,0.0,1.0,1.0,1.0,0.0,2.65,82.1,51.09,4.8,3.503,2.0,-1.0,13.78,0.002,0.275,3.0,2.0,0.0,0.0,11.12,11.09,11.07,10.87,10.9,10.89,11.36,10.94,10.78,11.03,10.47,11.19,11.04,11.2,10.95,11.03,10.92,10.9,10.71
2017-05-04 21:29:00-05:00,-8.158624,-10.970478,-3.2568276,-8.606877,-8.756116,-2.6519215,-7.903552,-7.6615705,857758.0,15.83,0.0,-0.155,0.08,0.411,11.43,12.61,0.0,0.0,0.0,0.0,0.0,0.0,0.0,0.0,13.0,-1.4,-1.267,-0.167,0.0,0.0,0.0,0.0,0.0,276.0,279.0,279.2,278.0,0.58,0.0,0.0,-0.122,-0.013,0.12,0.0,6000.0,403526.0,123.0,402.0,59.97,2.0,36.0,43.0,35.0,11.46,10.87,-0.038,0.0,0.2,0.2,60.0,59.5,75.6,1.0,278.0,278.0,277.0,-0.076,0.031,0.083,1916.0,415939.0,13178.0,1913.0,-0.926,0.818,0.791,0.836,0.001,0.0,0.0,0.0,0.0,0.0,0.0,0.0,1.0,1.0,1.0,0.0,2.118,93.3,47.69,4.6,3.504,2.0,-1.0,13.69,0.023,0.274,1.0,2.0,0.0,0.001,11.15,11.15,11.07,10.87,10.95,10.91,11.36,10.94,10.78,10.99,10.46,11.17,11.03,11.19,10.94,11.03,10.92,10.89,10.7
2017-05-04 21:30:00-05:00,-8.035007,-10.970478,-3.2568276,-8.606877,-8.62735,-2.5390737,-8.029005,-7.6615705,857759.0,15.81,0.0,-0.305,-0.055,0.284,11.42,12.33,0.0,0.0,0.0,0.0,0.0,0.0,0.0,0.0,12.87,-1.35,-1.317,-0.165,0.0,0.0,0.0,0.0,0.0,276.0,279.0,279.7,278.0,0.587,0.0,0.0,-0.123,-0.023,0.123,0.0,6000.0,403526.0,123.0,402.0,59.98,2.0,36.0,43.0,35.0,11.46,10.84,-0.038,0.0,0.2,0.2,60.0,59.5,75.6,1.0,278.0,278.0,277.0,-0.076,0.031,0.083,1916.0,415939.0,13178.0,1913.0,-0.926,0.818,0.791,0.836,0.001,0.0,0.001,0.0,0.0,0.0,0.0,0.0,1.0,1.0,1.0,0.0,2.917,78.55,37.13,7.1,3.503,2.0,-1.0,13.69,-0.017,0.275,1.0,2.0,0.0,0.001,11.07,11.15,11.05,10.87,10.87,10.86,11.36,10.93,10.76,10.95,10.45,11.15,11.02,11.17,10.92,11.02,10.91,10.87,10.69
2017-05-04 21:31:00-05:00,-8.035007,-10.970478,-3.2568276,-8.606877,-8.62735,-2.6519215,-8.029005,-7.5437,857760.0,15.78,0.0,-0.305,-0.051,0.277,11.41,11.76,0.0,0.0,0.0,0.0,0.0,0.0,0.0,0.0,11.98,-1.2,-1.267,-0.182,0.0,0.0,0.0,0.0,0.0,276.0,279.0,279.4,278.0,0.573,0.0,0.0,-0.115,-0.025,0.128,0.0,6000.0,403526.0,123.0,402.0,59.98,2.0,36.0,43.0,35.0,11.47,10.81,-0.038,0.0,0.2,0.2,60.0,59.5,75.6,1.0,277.9,278.0,277.0,-0.076,0.031,0.082,1916.0,415939.0,13178.0,1913.0,-0.926,0.818,0.791,0.836,0.001,0.0,0.001,0.0,0.0,0.0,0.0,0.0,1.0,1.0,1.0,0.0,2.417,89.1,29.5,4.3,3.504,2.0,-1.0,13.77,0.002,0.275,3.0,2.0,0.0,0.0,11.07,11.07,10.97,10.87,10.87,10.86,11.36,10.91,10.76,10.95,10.44,11.14,11.02,11.16,10.91,11.0,10.9,10.86,10.67
2017-05-04 21:32:00-05:00,-8.158624,-10.970478,-3.2568276,-8.474463,-8.62735,-2.6519215,-7.903552,-7.6615705,857761.0,15.76,0.0,-0.305,-0.051,0.273,11.38,10.96,0.0,0.0,0.0,0.0,0.0,0.0,0.0,0.0,11.05,-1.4,-1.367,-0.153,0.0,0.0,0.0,0.0,0.0,275.5,279.0,279.0,277.5,0.563,0.0,0.0,-0.108,-0.027,0.113,0.0,6000.0,403526.0,123.0,402.0,59.95,2.0,36.0,43.0,35.0,11.42,10.81,-0.038,0.0,0.2,0.2,60.0,59.5,75.6,1.0,277.0,277.9,277.0,-0.076,0.031,0.082,1916.0,415939.0,13178.0,1913.0,-0.926,0.818,0.791,0.836,0.001,0.0,0.001,0.0,0.0,0.0,0.0,0.0,1.0,1.0,1.0,0.0,3.36,106.3,21.98,7.5,3.504,2.0,-1.0,13.78,0.002,0.275,3.0,2.0,0.0,0.0,11.05,11.07,10.97,10.87,10.87,10.88,11.33,10.91,10.75,10.94,10.43,11.13,10.99,11.15,10.89,11.0,10.89,10.85,10.66
2017-05-04 21:33:00-05:00,-8.158624,-10.970478,-3.375258,-8.606877,-8.62735,-2.6519215,-8.029005,-7.6615705,857762.0,15.73,0.0,-0.305,-0.051,0.279,11.38,10.51,0.0,0.0,0.0,0.0,0.0,0.0,0.0,0.0,10.97,-1.433,-1.283,-0.167,0.0,0.0,0.0,0.0,0.0,275.6,279.0,279.0,277.6,0.557,0.0,0.0,-0.108,-0.012,0.125,0.0,6000.0,403526.0,123.0,402.0,59.95,2.0,36.0,43.0,35.0,11.41,10.76,-0.038,0.0,0.2,0.2,60.0,59.5,75.6,1.0,277.0,278.0,277.0,-0.076,0.031,0.082,1916.0,415939.0,13178.0,1913.0,-0.926,0.818,0.791,0.836,0.001,0.0,0.001,0.0,0.0,0.0,0.0,0.0,1.0,1.0,1.0,0.0,3.252,86.9,25.11,5.4,3.504,2.0,-1.0,13.77,0.002,0.275,3.0,2.0,0.0,0.0,10.97,11.07,10.97,10.85,10.87,10.8,11.3,10.9,10.73,10.92,10.42,11.1,10.96,11.12,10.86,10.98,10.88,10.84,10.65
2017-05-04 21:34:00-05:00,-8.158624,-10.970478,-3.612118,-8.606877,-8.756116,-2.6519215,-8.029005,-7.7794414,857763.0,15.71,0.0,-0.305,-0.051,0.301,11.36,10.19,0.0,0.0,0.0,0.0,0.0,0.0,0.0,0.0,10.32,-1.55,-1.4,-0.163,0.0,0.0,0.0,0.0,0.0,275.4,279.0,279.0,277.4,0.55,0.0,0.0,-0.117,-0.022,0.113,0.0,6000.0,403526.0,123.0,402.0,59.95,2.0,36.0,43.0,35.0,11.39,10.73,-0.038,0.0,0.2,0.2,60.0,59.5,75.6,1.0,277.2,277.5,276.9,-0.076,0.031,0.082,1916.0,415939.0,13178.0,1913.0,-0.926,0.818,0.791,0.836,0.001,0.0,0.001,0.0,0.0,0.0,0.0,0.0,1.0,1.0,1.0,0.0,2.052,89.1,26.64,4.0,3.504,2.0,-1.0,13.77,0.002,0.275,3.0,2.0,0.0,0.0,10.97,11.02,10.9,10.79,10.87,10.78,11.27,10.87,10.72,10.98,10.39,11.07,10.95,11.09,10.84,10.96,10.85,10.83,10.62
2017-05-04 21:35:00-05:00,-8.158624,-10.970478,-3.612118,-8.739291,-8.756116,-2.6519215,-8.029005,-7.6615705,857764.0,15.68,0.0,-0.129,0.099,0.428,11.34,9.84,0.0,0.0,0.0,0.0,0.0,0.0,0.0,0.0,10.0,-1.6,-1.517,-0.17,0.0,0.0,0.0,0.0,0.0,275.7,279.0,279.0,277.7,0.553,0.0,0.0,-0.117,-0.028,0.132,0.0,6000.0,403526.0,123.0,402.0,59.95,2.0,36.0,43.0,35.0,11.37,10.7,-0.038,0.0,0.2,0.2,60.0,59.5,75.6,1.0,277.2,277.9,277.0,-0.076,0.031,0.082,1916.0,415939.0,13178.0,1913.0,-0.926,0.818,0.791,0.836,0.001,0.0,0.001,0.0,0.0,0.0,0.0,0.0,1.0,1.0,1.0,0.0,2.66,74.23,21.71,4.8,3.504,2.0,-1.0,13.69,0.003,0.274,1.0,2.0,0.0,0.001,10.96,11.0,10.87,10.77,10.77,10.78,11.27,10.85,10.71,10.98,10.37,11.06,10.93,11.08,10.83,10.94,10.83,10.8,10.6
2017-05-04 21:36:00-05:00,-8.282239,-10.970478,-3.4936879,-8.739291,-8.62735,-2.6519215,-8.029005,-7.7794414,857765.0,15.66,0.0,-0.305,-0.051,0.267,11.32,9.58,0.0,0.0,0.0,0.0,0.0,0.0,0.0,0.0,9.97,-1.6,-1.433,-0.165,0.0,0.0,0.0,0.0,0.0,275.8,279.0,279.1,277.8,0.582,0.0,0.0,-0.122,-0.022,0.127,0.0,6000.0,403526.0,123.0,402.0,59.96,2.0,36.0,43.0,35.0,11.35,10.68,-0.038,0.0,0.2,0.2,60.0,59.5,75.6,1.0,277.7,278.0,277.0,-0.076,0.031,0.082,1916.0,415939.0,13178.0,1913.0,-0.926,0.818,0.791,0.836,0.001,0.0,0.001,0.0,0.0,0.0,0.0,0.0,1.0,1.0,1.0,0.0,2.027,90.1,30.84,3.9,3.504,2.0,-1.0,13.77,0.002,0.275,3.0,2.0,0.0,0.0,10.94,10.97,10.87,10.77,10.77,10.78,11.23,10.83,10.7,10.97,10.35,11.05,10.91,11.06,10.81,10.92,10.82,10.79,10.58
2017-05-04 21:37:00-05:00,-8.282239,-10.970478,-3.4936879,-8.739291,-8.756116,-2.6519215,-8.029005,-7.6615705,857766.0,15.63,0.0,-0.305,-0.051,0.271,11.3,9.45,0.0,0.0,0.0,0.0,0.0,0.0,0.0,0.0,9.85,-1.55,-1.35,-0.17,0.0,0.0,0.0,0.0,0.0,276.0,279.0,279.1,278.0,0.585,0.0,0.0,-0.122,-0.023,0.118,0.0,6000.0,403526.0,123.0,402.0,59.95,2.0,35.88,43.0,35.0,11.33,10.68,-0.038,0.0,0.2,0.2,60.0,59.5,75.6,1.0,277.8,278.0,277.0,-0.076,0.031,0.082,1916.0,415939.0,13178.0,1913.0,-0.926,0.818,0.791,0.836,0.001,0.0,0.001,0.0,0.0,0.0,0.0,0.0,1.0,1.0,1.0,0.0,2.695,97.4,29.62,4.9,3.502,2.0,-1.0,13.77,0.002,0.275,3.0,2.0,0.0,0.0,10.88,10.97,10.87,10.71,10.78,10.76,11.17,10.82,10.7,10.96,10.34,11.03,10.9,11.05,10.8,10.9,10.8,10.77,10.56
2017-05-04 21:38:00-05:00,-8.158624,-10.970478,-3.375258,-8.739291,-8.756116,-2.6519215,-8.029005,-7.7794414,857767.0,15.62,0.0,-0.305,-0.051,0.279,11.29,9.45,0.0,0.0,0.0,0.0,0.0,0.0,0.0,0.0,9.92,-1.217,-1.267,-0.167,0.0,0.0,0.0,0.0,0.0,275.8,279.0,279.0,277.8,0.578,0.0,0.0,-0.117,-0.035,0.12,0.0,6000.0,403526.0,123.0,402.0,59.95,2.0,35.37,43.0,35.0,11.32,10.66,-0.038,0.0,0.2,0.2,60.0,59.5,75.6,1.0,277.4,278.0,277.0,-0.076,0.031,0.082,1916.0,415939.0,13178.0,1913.0,-0.926,0.818,0.791,0.836,0.001,0.0,0.001,0.0,0.0,0.0,0.0,0.0,1.0,1.0,1.0,0.0,2.255,100.0,33.85,5.2,3.504,2.0,-1.0,13.77,0.002,0.275,3.0,2.0,0.0,0.0,10.88,10.97,10.87,10.7,10.74,10.68,11.17,10.81,10.68,10.91,10.33,11.02,10.88,11.04,10.78,10.89,10.8,10.76,10.55
2017-05-04 21:39:00-05:00,-8.158624,-10.970478,-3.4936879,-8.739291,-8.756116,-2.6519215,-8.029005,-7.7794414,857768.0,15.59,0.0,-0.305,-0.051,0.275,11.3,9.45,0.0,0.0,0.0,0.0,0.0,0.0,0.0,0.0,9.88,-1.283,-1.25,-0.157,0.0,0.0,0.0,0.0,0.0,275.9,279.0,279.1,277.9,0.58,0.0,0.0,-0.128,-0.027,0.115,0.0,6000.0,403526.0,123.0,402.0,59.97,2.0,35.02,43.0,35.0,11.32,10.64,-0.038,0.0,0.2,0.2,60.0,59.5,75.6,1.0,277.8,278.0,277.0,-0.076,0.031,0.082,1916.0,415939.0,13178.0,1913.0,-0.926,0.818,0.791,0.836,0.001,0.0,0.001,0.0,0.0,0.0,0.0,0.0,1.0,1.0,1.0,0.0,2.112,103.5,30.52,4.3,3.504,2.0,-1.0,13.77,0.002,0.275,3.0,2.0,0.0,0.0,10.86,10.92,10.85,10.68,10.68,10.68,11.17,10.8,10.67,10.9,10.32,11.0,10.86,11.03,10.76,10.88,10.78,10.75,10.54
2017-05-04 21:40:00-05:00,-8.158624,-10.970478,-3.612118,-8.739291,-8.756116,-2.6519215,-8.029005,-7.7794414,857769.0,15.57,0.0,-0.095,0.161,0.406,11.29,9.45,0.0,0.0,0.0,0.0,0.0,0.0,0.0,0.0,9.65,-1.767,-1.55,-0.162,0.0,0.0,0.0,0.0,0.0,275.9,279.0,279.0,277.9,0.587,0.0,0.0,-0.138,-0.027,0.13,0.0,6000.0,403526.0,123.0,402.0,59.98,2.0,35.0,43.0,35.0,11.33,10.62,-0.038,0.0,0.2,0.2,60.0,59.5,75.6,1.0,277.8,278.0,277.0,-0.076,0.031,0.082,1916.0,415939.0,13178.0,1913.0,-0.926,0.818,0.791,0.836,0.001,0.0,0.001,0.0,0.0,0.0,0.0,0.0,1.0,1.0,1.0,0.0,1.918,105.5,19.52,3.1,3.504,2.0,-1.0,13.69,0.003,0.274,1.0,2.0,0.0,0.001,10.79,10.88,10.79,10.7,10.75,10.68,11.17,10.79,10.67,10.94,10.31,10.98,10.86,11.03,10.75,10.87,10.77,10.74,10.53
2017-05-04 21:41:00-05:00,-8.158624,-10.970478,-3.4936879,-8.739291,-8.756116,-2.6519215,-8.029005,-7.7794414,857770.0,15.54,0.0,-0.305,-0.051,0.258,11.26,9.58,0.0,0.0,0.0,0.0,0.0,0.0,0.0,0.0,9.98,-1.283,-1.25,-0.163,0.0,0.0,0.0,0.0,0.0,276.0,279.0,279.5,278.0,0.595,0.0,0.0,-0.128,-0.022,0.132,0.0,6000.0,403526.0,123.0,402.0,59.98,2.0,35.0,43.0,35.0,11.32,10.61,-0.038,0.0,0.2,0.2,60.0,59.5,75.6,1.0,278.0,278.0,277.0,-0.076,0.031,0.083,1916.0,415939.0,13178.0,1913.0,-0.926,0.818,0.791,0.836,0.001,0.0,0.001,0.0,0.0,0.0,0.0,0.0,1.0,1.0,1.0,0.0,2.277,95.7,20.47,4.2,3.504,2.0,-1.0,13.77,0.002,0.275,3.0,2.0,0.0,0.0,10.78,10.88,10.79,10.74,10.75,10.68,11.17,10.76,10.65,10.86,10.29,10.97,10.85,11.0,10.74,10.86,10.78,10.74,10.52
2017-05-04 21:42:00-05:00,-8.158624,-10.970478,-3.375258,-8.606877,-8.62735,-2.6519215,-8.029005,-7.7794414,857771.0,15.52,0.0,-0.305,-0.053,0.239,11.25,9.61,0.0,0.0,0.0,0.0,0.0,0.0,0.0,0.0,9.98,-1.717,-1.483,-0.18,0.0,0.0,0.0,0.0,0.0,276.0,279.0,279.4,278.0,0.597,0.0,0.0,-0.133,-0.02,0.132,0.0,6000.0,403526.0,123.0,402.0,59.97,2.0,35.0,43.0,35.0,11.29,10.6,-0.038,0.0,0.2,0.2,60.0,59.5,75.6,1.0,278.0,278.0,277.0,-0.076,0.031,0.082,1916.0,415939.0,13178.0,1913.0,-0.926,0.818,0.791,0.836,0.001,0.0,0.001,0.0,0.0,0.0,0.0,0.0,1.0,1.0,1.0,0.0,1.575,87.3,35.72,2.7,3.504,2.0,-1.0,13.77,0.002,0.275,3.0,2.0,0.0,0.0,10.78,10.88,10.85,10.71,10.76,10.67,11.14,10.76,10.64,10.87,10.28,10.96,10.83,10.99,10.72,10.85,10.77,10.74,10.51
2017-05-04 21:43:00-05:00,-8.158624,-10.970478,-3.2568276,-8.606877,-8.62735,-2.6519215,-8.029005,-7.7794414,857772.0,15.49,0.0,-0.305,-0.051,0.233,11.26,9.54,0.0,0.0,0.0,0.0,0.0,0.0,0.0,0.0,9.95,-1.967,-1.633,-0.177,0.0,0.0,0.0,0.0,0.0,276.0,279.0,279.0,278.0,0.593,0.0,0.0,-0.142,-0.027,0.128,0.0,6000.0,403526.0,123.0,402.0,59.97,2.0,35.0,43.0,35.0,11.38,10.6,-0.038,0.0,0.2,0.2,60.0,59.5,75.6,1.0,277.9,278.0,277.0,-0.076,0.031,0.082,1916.0,415939.0,13178.0,1913.0,-0.926,0.818,0.791,0.836,0.001,0.0,0.001,0.0,0.0,0.0,0.0,0.0,1.0,1.0,1.0,0.0,1.858,110.5,25.29,3.9,3.504,2.0,-1.0,13.78,0.002,0.275,3.0,2.0,0.0,0.0,10.78,10.88,10.85,10.66,10.75,10.65,11.14,10.75,10.65,10.89,10.28,10.95,10.83,10.99,10.71,10.85,10.76,10.72,10.51
2017-05-04 21:44:00-05:00,-8.158624,-10.970478,-3.2568276,-8.606877,-8.62735,-2.6519215,-8.029005,-7.6615705,857773.0,15.47,0.0,-0.305,-0.051,0.248,11.25,9.61,0.0,0.0,0.0,0.0,0.0,0.0,0.0,0.0,9.98,-1.767,-1.433,-0.172,0.0,0.0,0.0,0.0,0.0,276.0,279.0,279.5,278.0,0.593,0.0,0.0,-0.133,-0.025,0.132,0.0,6000.0,403526.0,123.0,402.0,59.98,2.0,35.0,43.0,35.0,11.3,10.6,-0.038,0.0,0.2,0.2,60.0,59.5,75.6,1.0,278.0,278.0,277.0,-0.076,0.031,0.082,1916.0,415939.0,13178.0,1913.0,-0.926,0.818,0.791,0.836,0.001,0.0,0.001,0.0,0.0,0.0,0.0,0.0,1.0,1.0,1.0,0.0,1.42,41.73,49.91,4.0,3.504,2.0,-1.0,13.78,0.002,0.274,3.0,2.0,0.0,0.0,10.78,10.88,10.86,10.68,10.76,10.66,11.15,10.76,10.64,10.93,10.28,10.95,10.84,11.0,10.71,10.84,10.74,10.71,10.5
2017-05-04 21:45:00-05:00,-8.158624,-10.970478,-3.2568276,-8.606877,-8.62735,-2.6519215,-8.029005,-7.6615705,857774.0,15.45,0.0,-0.063,0.167,0.449,11.23,9.72,0.0,0.0,0.0,0.0,0.0,0.0,0.0,0.0,10.0,-1.267,-1.267,-0.188,0.0,0.0,0.0,0.0,0.0,276.0,279.0,279.4,278.0,0.582,0.0,0.0,-0.135,-0.013,0.127,0.0,6000.0,403526.0,123.0,402.0,59.98,2.0,35.0,43.0,35.0,11.3,10.61,-0.038,0.0,0.2,0.2,60.0,59.5,75.6,1.0,278.0,278.0,277.0,-0.076,0.031,0.082,1916.0,415939.0,13178.0,1913.0,-0.926,0.818,0.791,0.836,0.001,0.0,0.001,0.0,0.0,0.0,0.0,0.0,1.0,1.0,1.0,0.0,3.415,73.07,31.69,6.6,3.504,2.0,-1.0,13.69,0.022,0.274,1.0,2.0,0.0,0.001,10.78,10.88,10.88,10.67,10.76,10.68,11.14,10.76,10.64,10.88,10.28,10.95,10.83,10.98,10.71,10.83,10.74,10.71,10.49
2017-05-04 21:46:00-05:00,-8.035007,-10.970478,-3.2568276,-8.606877,-8.62735,-2.6519215,-7.903552,-7.6615705,857775.0,15.42,0.0,-0.305,-0.047,0.233,11.24,10.03,0.0,0.0,0.0,0.0,0.0,0.0,0.0,0.0,10.02,-1.75,-1.517,-0.177,0.0,0.0,0.0,0.0,0.0,275.1,278.1,279.1,277.1,0.592,0.0,0.0,-0.13,-0.03,0.11,0.0,6000.0,403526.0,123.0,402.0,59.98,2.0,35.0,43.0,34.6,11.28,10.6,-0.038,0.0,0.2,0.2,60.0,59.5,75.6,1.0,277.1,277.1,276.1,-0.076,0.031,0.082,1916.0,415939.0,13178.0,1913.0,-0.927,0.818,0.791,0.836,0.001,0.0,0.001,0.0,0.0,0.0,0.0,0.0,1.0,1.0,1.0,0.0,4.005,86.6,35.3,6.3,3.503,2.0,-1.0,13.69,-0.017,0.275,1.0,2.0,0.0,0.001,10.78,10.88,10.88,10.67,10.76,10.67,11.12,10.76,10.64,10.89,10.28,10.94,10.83,10.98,10.7,10.83,10.75,10.71,10.5
2017-05-04 21:47:00-05:00,-8.158624,-10.970478,-3.2568276,-8.606877,-8.62735,-2.6519215,-7.903552,-7.6615705,857776.0,15.4,0.0,-0.305,-0.051,0.229,11.23,10.46,0.0,0.0,0.0,0.0,0.0,0.0,0.0,0.0,10.77,-1.75,-1.517,-0.18,0.0,0.0,0.0,0.0,0.0,275.0,278.0,279.0,277.0,0.588,0.0,0.0,-0.133,-0.027,0.118,0.0,6000.0,403526.0,123.0,402.0,59.97,2.0,35.0,43.0,34.02,11.27,10.6,-0.038,0.0,0.2,0.2,60.0,59.5,75.6,1.0,277.0,277.0,276.0,-0.076,0.031,0.082,1916.0,415939.0,13178.0,1913.0,-0.927,0.818,0.791,0.836,0.001,0.0,0.001,0.0,0.0,0.0,0.0,0.0,1.0,1.0,1.0,0.0,3.0,89.2,26.45,6.2,3.504,2.0,-1.0,13.77,0.002,0.275,3.0,2.0,0.0,0.0,10.78,10.86,10.88,10.7,10.76,10.62,11.09,10.76,10.64,10.88,10.28,10.94,10.83,10.98,10.7,10.83,10.75,10.71,10.5
2017-05-04 21:48:00-05:00,-8.035007,-10.970478,-3.2568276,-8.474463,-8.62735,-2.6519215,-7.903552,-7.6615705,857777.0,15.38,0.0,-0.305,-0.051,0.218,11.24,10.81,0.0,0.0,0.0,0.0,0.0,0.0,0.0,0.0,11.0,-1.683,-1.383,-0.188,0.0,0.0,0.0,0.0,0.0,275.0,278.0,279.0,277.0,0.578,0.0,0.0,-0.128,-0.032,0.125,0.0,6000.0,403526.0,123.0,402.0,59.98,2.0,35.0,43.0,34.0,11.26,10.58,-0.038,0.0,0.2,0.2,60.0,59.5,75.6,1.0,277.0,277.0,276.0,-0.076,0.031,0.082,1916.0,415939.0,13178.0,1913.0,-0.927,0.818,0.791,0.836,0.001,0.0,0.001,0.0,0.0,0.0,0.0,0.0,1.0,1.0,1.0,0.0,3.247,97.2,23.21,5.4,3.504,2.0,-1.0,13.77,0.002,0.275,3.0,2.0,0.0,0.0,10.78,10.88,10.86,10.7,10.75,10.67,11.09,10.75,10.64,10.83,10.27,10.94,10.83,10.99,10.71,10.84,10.77,10.71,10.5
2017-05-04 21:49:00-05:00,-8.035007,-10.970478,-3.2568276,-8.474463,-8.498584,-2.6519215,-7.903552,-7.5437,857778.0,15.35,0.0,-0.305,-0.055,0.237,11.24,11.03,0.0,0.0,0.0,0.0,0.0,0.0,0.0,0.0,11.0,-1.75,-1.55,-0.187,0.0,0.0,0.0,0.0,0.0,275.0,278.3,279.0,277.0,0.565,0.0,0.0,-0.133,-0.037,0.11,0.0,6000.0,403526.0,123.0,402.0,59.97,2.0,35.0,43.0,34.0,11.25,10.57,-0.038,0.0,0.2,0.2,60.0,59.5,75.6,1.0,277.0,277.0,276.0,-0.076,0.031,0.082,1916.0,415939.0,13178.0,1913.0,-0.927,0.818,0.791,0.836,0.001,-0.001,0.001,0.0,0.0,0.0,0.0,0.0,1.0,1.0,1.0,0.0,1.992,81.1,33.17,3.6,3.503,2.0,-1.0,13.77,0.002,0.275,3.0,2.0,0.0,0.0,10.78,10.88,10.88,10.71,10.72,10.65,11.07,10.75,10.64,10.85,10.27,10.96,10.84,11.0,10.72,10.84,10.77,10.74,10.51
2017-05-04 21:50:00-05:00,-8.035007,-10.970478,-3.2568276,-8.474463,-8.62735,-2.6519215,-7.903552,-7.5437,857779.0,15.33,0.0,-0.305,-0.051,0.233,11.2,10.77,0.0,0.0,0.0,0.0,0.0,0.0,0.0,0.0,11.0,-1.417,-1.367,-0.188,0.0,0.0,0.0,0.0,0.0,275.0,278.5,279.0,277.0,0.545,0.0,0.0,-0.133,-0.04,0.122,0.0,6000.0,403526.0,123.0,402.0,59.99,2.0,35.0,43.0,34.0,11.23,10.58,-0.038,0.0,0.2,0.2,60.0,59.5,75.6,1.0,277.0,277.0,276.0,-0.076,0.031,0.082,1916.0,415939.0,13178.0,1913.0,-0.927,0.818,0.791,0.836,0.001,0.0,0.001,0.0,0.0,0.0,0.0,0.0,1.0,1.0,1.0,0.0,2.39,93.7,35.93,4.5,3.503,2.0,-1.0,13.77,0.002,0.275,3.0,2.0,0.0,0.0,10.78,10.88,10.88,10.73,10.76,10.63,11.09,10.75,10.63,10.83,10.27,10.95,10.84,10.99,10.72,10.85,10.77,10.74,10.51
2017-05-04 21:51:00-05:00,-8.035007,-10.970478,-3.2568276,-8.474463,-8.62735,-2.6519215,-7.903552,-7.5437,857780.0,15.31,0.0,-0.025,0.207,0.497,11.2,10.53,0.0,0.0,0.0,0.0,0.0,0.0,0.0,0.0,11.0,-1.683,-1.483,-0.19,0.0,0.0,0.0,0.0,0.0,275.0,278.2,279.0,277.0,0.552,0.0,0.0,-0.128,-0.04,0.125,0.0,6000.0,403526.0,123.0,402.0,59.99,2.0,35.0,43.0,34.0,11.18,10.57,-0.038,0.0,0.2,0.2,60.0,59.5,75.6,1.0,277.0,277.0,276.0,-0.076,0.031,0.082,1916.0,415939.0,13178.0,1913.0,-0.927,0.818,0.791,0.836,0.001,0.0,0.001,0.0,0.0,0.0,0.0,0.0,1.0,1.0,1.0,0.0,2.062,73.83,30.1,4.2,3.503,2.0,-1.0,13.69,0.003,0.274,1.0,2.0,0.0,0.001,10.78,10.88,10.88,10.7,10.78,10.66,11.1,10.75,10.64,10.88,10.27,10.96,10.84,10.99,10.72,10.85,10.76,10.73,10.5
2017-05-04 21:52:00-05:00,-7.9113917,-10.970478,-3.2568276,-8.474463,-8.62735,-2.6519215,-7.903552,-7.5437,857781.0,15.29,0.0,-0.305,-0.053,0.226,11.15,10.53,0.0,0.0,0.0,0.0,0.0,0.0,0.0,0.0,11.0,-1.35,-1.35,-0.188,0.0,0.0,0.0,0.0,0.0,275.0,278.3,279.0,277.0,0.57,0.0,0.0,-0.137,-0.032,0.115,0.0,6000.0,403526.0,123.0,402.0,59.98,2.0,35.0,43.0,34.0,11.18,10.55,-0.038,0.0,0.2,0.2,60.0,59.5,75.6,1.0,277.0,277.0,276.0,-0.076,0.031,0.082,1916.0,415939.0,13178.0,1913.0,-0.927,0.818,0.791,0.836,0.002,0.0,0.001,0.0,0.0,0.0,0.0,0.0,1.0,1.0,1.0,0.0,3.252,72.89,22.85,5.8,3.503,2.0,-1.0,13.77,0.002,0.275,3.0,2.0,0.0,0.0,10.81,10.83,10.86,10.68,10.73,10.67,11.14,10.75,10.63,10.87,10.27,10.95,10.83,10.98,10.71,10.84,10.76,10.72,10.5
2017-05-04 21:53:00-05:00,-7.9113917,-10.970478,-3.2568276,-8.474463,-8.498584,-2.6519215,-7.903552,-7.5437,857782.0,15.27,0.0,-0.305,-0.051,0.222,11.16,10.75,0.0,0.0,0.0,0.0,0.0,0.0,0.0,0.0,11.0,-1.467,-1.4,-0.195,0.0,0.0,0.0,0.0,0.0,275.0,278.7,279.0,277.0,0.578,0.0,0.0,-0.125,-0.035,0.117,0.0,6000.0,403526.0,123.0,402.0,59.98,2.0,35.0,43.0,34.0,11.16,10.54,-0.041,0.0,0.2,0.2,60.0,59.5,75.6,1.0,277.0,277.0,276.0,-0.076,0.031,0.082,1916.0,415939.0,13178.0,1913.0,-0.927,0.818,0.791,0.836,0.001,0.0,0.001,0.0,0.0,0.0,0.0,0.0,1.0,1.0,1.0,0.0,3.368,80.7,17.67,5.9,3.504,2.0,-1.0,13.78,0.002,0.275,3.0,2.0,0.0,0.0,10.78,10.81,10.81,10.68,10.7,10.67,11.16,10.74,10.63,10.82,10.26,10.93,10.83,10.97,10.7,10.83,10.75,10.72,10.5
2017-05-04 21:54:00-05:00,-7.9113917,-10.806739,-3.2568276,-8.342051,-8.498584,-2.6519215,-8.029005,-7.5437,857783.0,15.24,0.0,-0.305,-0.053,0.224,11.15,10.88,0.0,0.0,0.0,0.0,0.0,0.0,0.0,0.0,11.0,-1.683,-1.583,-0.188,0.0,0.0,0.0,0.0,0.0,275.0,279.0,279.0,277.0,0.602,0.0,0.0,-0.13,-0.04,0.12,0.0,6000.0,403526.0,123.0,402.0,59.98,2.0,35.0,43.0,34.0,11.2,10.55,-0.038,0.0,0.2,0.2,60.0,59.5,75.6,1.0,277.0,277.0,276.1,-0.076,0.031,0.082,1916.0,415939.0,13178.0,1913.0,-0.927,0.818,0.791,0.836,0.002,0.0,0.001,0.0,0.0,0.0,0.0,0.0,1.0,1.0,1.0,0.0,2.23,72.91,29.83,4.4,3.503,2.0,-1.0,13.78,0.002,0.274,3.0,2.0,0.0,0.0,10.78,10.81,10.78,10.68,10.68,10.69,11.14,10.74,10.63,10.83,10.25,10.93,10.83,10.97,10.69,10.82,10.75,10.71,10.48
2017-05-04 21:55:00-05:00,-7.9113917,-10.643001,-3.2568276,-8.342051,-8.498584,-2.6519215,-7.903552,-7.4258304,857784.0,15.22,0.0,-0.305,-0.055,0.229,11.12,10.96,0.0,0.0,0.0,0.0,0.0,0.0,0.0,0.0,11.0,-1.717,-1.517,-0.193,0.0,0.0,0.0,0.0,0.0,275.0,279.0,279.0,277.0,0.593,0.0,0.0,-0.123,-0.032,0.122,0.0,6000.0,403526.0,123.0,402.0,59.98,2.0,35.0,43.0,34.0,11.17,10.57,-0.038,0.0,0.2,0.2,60.0,59.5,75.6,1.0,277.0,277.0,276.0,-0.076,0.031,0.082,1916.0,415939.0,13178.0,1913.0,-0.927,0.818,0.791,0.836,0.001,0.0,0.001,0.0,0.0,0.0,0.0,0.0,1.0,1.0,1.0,0.0,3.45,102.2,22.87,6.9,3.504,2.0,-1.0,13.78,0.002,0.275,3.0,2.0,0.0,0.0,10.78,10.83,10.81,10.68,10.68,10.69,11.17,10.75,10.62,10.83,10.27,10.93,10.83,10.97,10.7,10.83,10.75,10.71,10.49
2017-05-04 21:56:00-05:00,-7.787777,-10.479261,-3.2568276,-8.342051,-8.498584,-2.6519215,-7.903552,-7.4258304,857785.0,15.2,0.0,0.015,0.265,0.548,11.13,10.77,0.0,0.0,0.0,0.0,0.0,0.0,0.0,0.0,11.0,-1.65,-1.483,-0.19,0.0,0.0,0.0,0.0,0.0,272.5,276.0,276.2,274.5,0.605,0.0,0.0,-0.112,-0.053,0.103,0.0,6000.0,403526.0,123.0,402.0,59.98,2.0,35.0,43.0,34.0,11.18,10.56,-0.039,0.0,0.2,0.2,60.0,59.5,75.6,1.0,274.5,274.5,274.0,-0.076,0.03,0.081,1916.0,415939.0,13178.0,1913.0,-0.928,0.818,0.791,0.836,0.001,0.0,0.001,0.0,0.0,0.0,0.0,0.0,1.0,1.0,1.0,0.0,3.23,67.57,16.24,6.0,3.504,2.0,-1.0,13.69,0.003,0.274,1.0,2.0,0.0,0.001,10.83,10.84,10.78,10.68,10.68,10.65,11.16,10.75,10.62,10.79,10.26,10.93,10.82,10.99,10.69,10.83,10.75,10.71,10.49
2017-05-04 21:57:00-05:00,-7.787777,-10.315524,-3.2568276,-8.342051,-8.498584,-2.6519215,-7.903552,-7.4258304,857786.0,15.18,0.0,-0.305,-0.053,0.22,11.15,10.77,0.0,0.0,0.0,0.0,0.0,0.0,0.0,0.0,11.0,-1.5,-1.467,-0.187,0.0,0.0,0.0,0.0,0.0,265.5,268.6,268.6,267.5,0.64,0.0,0.0,-0.108,-0.045,0.077,0.0,6000.0,403526.0,123.0,402.0,59.96,2.0,35.0,43.0,34.0,11.2,10.57,-0.039,0.0,0.2,0.2,60.0,59.5,75.6,1.0,267.1,267.6,266.3,-0.074,0.029,0.079,1916.0,415939.0,13178.0,1913.0,-0.932,0.818,0.791,0.836,0.001,0.0,0.001,0.0,0.0,0.0,0.0,0.0,1.0,1.0,1.0,0.0,2.743,89.1,28.52,5.8,3.504,2.0,-1.0,13.77,0.002,0.275,3.0,2.0,0.0,0.0,10.82,10.8,10.78,10.68,10.68,10.62,11.15,10.74,10.62,10.76,10.26,10.93,10.84,10.98,10.69,10.83,10.75,10.72,10.49
2017-05-04 21:58:00-05:00,-7.787777,-10.315524,-3.2568276,-8.342051,-8.498584,-2.6519215,-7.903552,-7.4258304,857787.0,15.16,0.0,-0.305,-0.055,0.22,11.13,10.81,0.0,0.0,0.0,0.0,0.0,0.0,0.0,0.0,11.0,-1.833,-1.567,-0.197,0.0,0.0,0.0,0.0,0.0,265.1,268.3,268.0,267.0,0.628,0.0,0.0,-0.11,-0.042,0.085,0.0,6000.0,403526.0,123.0,402.0,59.95,2.0,35.0,42.98,34.0,11.17,10.58,-0.039,0.0,0.2,0.2,60.0,59.5,75.6,1.0,267.0,267.0,266.0,-0.074,0.029,0.079,1916.0,415939.0,13178.0,1913.0,-0.932,0.818,0.791,0.836,0.001,0.0,0.001,0.0,0.0,0.0,0.0,0.0,1.0,1.0,1.0,0.0,2.782,62.98,28.68,5.2,3.503,2.0,-1.0,13.77,0.002,0.275,3.0,2.0,0.0,0.0,10.87,10.83,10.78,10.68,10.68,10.69,11.16,10.74,10.61,10.76,10.26,10.94,10.84,10.98,10.7,10.84,10.76,10.73,10.5
2017-05-04 21:59:00-05:00,-7.787777,-10.315524,-3.2568276,-8.342051,-8.369817,-2.5390737,-7.7780986,-7.4258304,857788.0,15.14,0.0,-0.305,-0.055,0.212,11.13,10.79,0.0,0.0,0.0,0.0,0.0,0.0,0.0,0.0,11.0,-1.65,-1.533,-0.195,0.0,0.0,0.0,0.0,0.0,265.1,268.1,268.0,267.0,0.623,0.0,0.0,-0.105,-0.043,0.063,0.0,6000.0,403526.0,123.0,402.0,59.97,2.0,35.0,42.77,34.0,11.15,10.6,-0.042,0.0,0.2,0.2,60.0,59.5,75.6,1.0,267.0,267.0,266.0,-0.074,0.029,0.079,1916.0,415939.0,13178.0,1913.0,-0.932,0.818,0.791,0.836,0.001,0.0,0.001,0.0,0.0,0.0,0.0,0.0,1.0,1.0,1.0,0.0,2.975,105.9,25.24,5.6,3.504,2.0,-1.0,13.77,0.002,0.274,3.0,2.0,0.0,0.0,10.88,10.8,10.78,10.68,10.68,10.69,11.17,10.75,10.62,10.8,10.26,10.94,10.85,10.98,10.71,10.84,10.77,10.73,10.5
2017-05-04 22:00:00-05:00,-7.787777,-10.315524,-3.2568276,-8.342051,-8.369817,-2.5390737,-7.903552,-7.4258304,857789.0,15.11,0.0,-0.305,-0.057,0.22,11.12,10.91,0.0,0.0,0.0,0.0,0.0,0.0,0.0,0.0,11.0,-1.867,-1.567,-0.197,0.0,0.0,0.0,0.0,0.0,265.1,268.3,268.1,267.0,0.627,0.0,0.0,-0.103,-0.048,0.075,0.0,6000.0,403526.0,123.0,402.0,59.98,2.0,35.0,42.4,34.0,11.15,10.58,-0.039,0.0,0.2,0.2,60.0,59.5,75.6,1.0,267.0,267.0,266.0,-0.074,0.029,0.079,1916.0,415939.0,13178.0,1913.0,-0.931,0.818,0.791,0.836,0.001,0.0,0.0,0.0,0.0,0.0,0.0,0.0,1.0,1.0,1.0,0.0,1.798,86.3,23.43,3.6,3.503,2.0,-1.0,13.77,0.002,0.274,3.0,2.0,0.0,0.0,10.88,10.78,10.78,10.68,10.68,10.69,11.17,10.75,10.62,10.79,10.27,10.95,10.85,10.99,10.72,10.85,10.77,10.72,10.51
2017-05-04 22:01:00-05:00,-7.787777,-10.315524,-3.2568276,-8.342051,-8.369817,-2.5390737,-7.7780986,-7.4258304,857790.0,15.09,0.0,0.068,0.353,0.565,11.11,11.25,0.0,0.0,0.0,0.0,0.0,0.0,0.0,0.0,11.25,-1.817,-1.533,-0.198,0.0,0.0,0.0,0.0,0.0,265.1,268.1,268.0,267.0,0.63,0.0,0.0,-0.103,-0.052,0.088,0.0,6000.0,403526.0,123.0,402.0,59.96,2.0,35.0,42.77,34.0,11.14,10.59,-0.039,0.0,0.2,0.2,60.0,59.5,75.6,1.0,267.0,267.0,266.0,-0.074,0.029,0.079,1916.0,415939.0,13178.0,1913.0,-0.931,0.818,0.791,0.836,0.001,0.0,0.0,0.0,0.0,0.0,0.0,0.0,1.0,1.0,1.0,0.0,2.795,101.3,21.21,4.4,3.504,2.0,-1.0,13.77,0.024,0.274,1.0,2.0,0.0,0.001,10.88,10.78,10.78,10.68,10.68,10.69,11.14,10.76,10.63,10.78,10.28,10.95,10.84,10.99,10.71,10.85,10.77,10.72,10.51
2017-05-04 22:02:00-05:00,-7.787777,-10.315524,-3.2568276,-8.342051,-8.369817,-2.426226,-7.7780986,-7.4258304,857791.0,15.07,0.0,-0.288,-0.038,0.233,11.1,11.66,0.0,0.0,0.0,0.0,0.0,0.0,0.0,0.0,12.0,-1.65,-1.533,-0.2,0.0,0.0,0.0,0.0,0.0,265.0,268.1,268.0,267.0,0.63,0.0,0.0,-0.1,-0.053,0.063,0.0,6000.0,403526.0,123.0,402.0,59.94,2.0,35.0,42.15,34.0,11.11,10.6,-0.042,0.0,0.2,0.2,60.0,59.5,75.6,1.0,267.0,267.0,266.0,-0.074,0.029,0.079,1916.0,415939.0,13178.0,1913.0,-0.932,0.818,0.791,0.836,0.001,0.0,0.0,0.0,0.0,0.0,0.0,0.0,1.0,1.0,1.0,0.0,3.982,112.1,24.34,6.0,3.5,2.0,-1.0,13.69,-0.018,0.275,1.0,2.0,0.0,0.001,10.88,10.78,10.78,10.68,10.68,10.69,11.17,10.77,10.64,10.8,10.28,10.94,10.84,10.98,10.7,10.86,10.78,10.73,10.52
2017-05-04 22:03:00-05:00,-7.787777,-10.315524,-3.2568276,-8.342051,-8.369817,-2.426226,-7.7780986,-7.30796,857792.0,15.05,0.0,-0.305,-0.057,0.214,11.07,11.6,0.0,0.0,0.0,0.0,0.0,0.0,0.0,0.0,11.95,-1.883,-1.617,-0.198,0.0,0.0,0.0,0.0,0.0,265.2,268.3,268.4,267.0,0.635,0.0,0.0,-0.103,-0.043,0.07,0.0,6000.0,403526.0,123.0,402.0,59.93,2.0,35.0,42.0,34.0,11.08,10.59,-0.038,0.0,0.2,0.2,60.0,59.5,75.6,1.0,267.0,267.1,266.0,-0.074,0.029,0.079,1916.0,415939.0,13178.0,1913.0,-0.931,0.818,0.791,0.836,0.001,0.0,0.001,0.0,0.0,0.0,0.0,0.0,1.0,1.0,1.0,0.0,2.582,86.7,24.48,5.8,3.504,2.0,-1.0,13.77,0.002,0.275,3.0,2.0,0.0,0.0,10.88,10.78,10.78,10.68,10.71,10.67,11.09,10.78,10.65,10.85,10.29,10.94,10.83,10.97,10.7,10.85,10.79,10.73,10.52
2017-05-04 22:04:00-05:00,-7.664161,-10.315524,-3.1383977,-8.209637,-8.24105,-2.426226,-7.7780986,-7.30796,857793.0,15.03,0.0,-0.305,-0.055,0.214,11.05,11.38,0.0,0.0,0.0,0.0,0.0,0.0,0.0,0.0,11.33,-1.767,-1.533,-0.198,0.0,0.0,0.0,0.0,0.0,265.3,268.4,268.5,267.1,0.623,0.0,0.0,-0.105,-0.04,0.073,0.0,6000.0,403526.0,123.0,402.0,59.93,2.0,35.0,42.0,34.0,11.06,10.57,-0.038,0.0,0.2,0.2,60.0,59.5,75.6,1.0,267.0,267.2,266.0,-0.074,0.029,0.079,1916.0,415939.0,13178.0,1913.0,-0.931,0.818,0.791,0.836,0.001,-0.001,0.001,0.0,0.0,0.0,0.0,0.0,1.0,1.0,1.0,0.0,2.165,68.6,29.62,4.7,3.498,2.0,-1.0,13.77,0.002,0.274,3.0,2.0,0.0,0.0,10.86,10.78,10.78,10.68,10.73,10.62,11.16,10.79,10.65,10.87,10.3,10.95,10.84,10.97,10.71,10.86,10.78,10.74,10.51
2017-05-04 22:05:00-05:00,-7.787777,-10.315524,-2.9015374,-8.209637,-8.24105,-2.313378,-7.7780986,-7.30796,857794.0,15.01,0.0,-0.305,-0.057,0.22,11.01,11.29,0.0,0.0,0.0,0.0,0.0,0.0,0.0,0.0,11.27,-1.45,-1.433,-0.2,0.0,0.0,0.0,0.0,0.0,265.9,268.7,268.8,267.6,0.617,0.0,0.0,-0.1,-0.047,0.078,0.0,6000.0,403526.0,123.0,402.0,59.97,2.0,35.0,42.0,34.0,11.03,10.57,-0.038,0.0,0.2,0.2,60.0,59.5,75.6,1.0,267.0,267.8,266.2,-0.074,0.029,0.079,1916.0,415939.0,13178.0,1913.0,-0.931,0.818,0.791,0.836,0.001,0.0,0.001,0.0,0.0,0.0,0.0,0.0,1.0,1.0,1.0,0.0,3.033,89.6,17.95,5.0,3.504,2.0,-1.0,13.77,0.002,0.275,3.0,2.0,0.0,0.0,10.88,10.78,10.78,10.68,10.73,10.59,11.11,10.77,10.64,10.83,10.29,10.95,10.84,10.97,10.71,10.85,10.78,10.73,10.51
2017-05-04 22:06:00-05:00,-7.664161,-10.315524,-2.7831073,-8.342051,-8.112285,-2.313378,-7.7780986,-7.30796,857795.0,14.99,0.0,-0.305,-0.063,0.203,11.0,11.09,0.0,0.0,0.0,0.0,0.0,0.0,0.0,0.0,11.02,-1.483,-1.45,-0.2,0.0,0.0,0.0,0.0,0.0,266.4,269.4,269.4,268.4,0.64,0.0,0.0,-0.1,-0.04,0.065,0.0,6000.0,403526.0,123.0,402.0,59.98,2.0,35.0,42.0,34.0,11.02,10.57,-0.036,0.0,0.2,0.2,60.0,59.5,75.6,1.0,267.9,268.4,267.0,-0.074,0.029,0.08,1916.0,415939.0,13178.0,1913.0,-0.93,0.818,0.791,0.836,0.001,0.0,0.001,0.0,0.0,0.0,0.0,0.0,1.0,1.0,1.0,0.0,2.713,80.7,31.47,4.6,3.504,2.0,-1.0,13.77,0.002,0.275,3.0,2.0,0.0,0.0,10.87,10.8,10.78,10.68,10.68,10.59,11.07,10.76,10.64,10.84,10.29,10.93,10.83,10.96,10.7,10.85,10.77,10.72,10.5
2017-05-04 22:07:00-05:00,-7.664161,-10.315524,-2.7831073,-8.209637,-8.112285,-2.313378,-7.652645,-7.30796,857796.0,14.97,0.0,-0.161,0.047,0.311,10.99,10.7,0.0,0.0,0.0,0.0,0.0,0.0,0.0,0.0,11.0,-1.383,-1.467,-0.2,0.0,0.0,0.0,0.0,0.0,267.0,270.0,270.0,269.0,0.632,0.0,0.0,-0.1,-0.038,0.085,0.0,6000.0,403526.0,123.0,402.0,59.96,2.0,35.0,42.0,34.0,11.03,10.57,-0.042,0.0,0.2,0.2,60.0,59.5,75.6,1.0,269.0,269.0,268.0,-0.074,0.03,0.08,1916.0,415939.0,13178.0,1913.0,-0.929,0.818,0.791,0.836,0.001,0.0,0.001,0.0,0.0,0.0,0.0,0.0,1.0,1.0,1.0,0.0,1.993,92.6,36.69,3.8,3.503,2.0,-1.0,13.69,0.003,0.274,1.0,2.0,0.0,0.001,10.83,10.81,10.78,10.68,10.68,10.59,11.07,10.75,10.63,10.8,10.27,10.93,10.83,10.95,10.7,10.84,10.76,10.72,10.49
2017-05-04 22:08:00-05:00,-7.664161,-10.315524,-2.7831073,-8.209637,-8.112285,-2.313378,-7.7780986,-7.190089,857797.0,14.93,0.0,-0.305,-0.068,0.207,10.99,10.32,0.0,0.0,0.0,0.0,0.0,0.0,0.0,0.0,10.55,-1.667,-1.567,-0.2,0.0,0.0,0.0,0.0,0.0,267.0,270.0,270.0,269.0,0.623,0.0,0.0,-0.103,-0.062,0.08,0.0,6000.0,403526.0,123.0,402.0,59.97,2.0,35.0,42.0,34.0,11.03,10.56,-0.037,0.0,0.2,0.2,60.0,59.5,75.6,1.0,269.0,269.0,268.0,-0.074,0.03,0.08,1916.0,415939.0,13178.0,1913.0,-0.929,0.818,0.791,0.836,0.001,0.0,0.001,0.0,0.0,0.0,0.0,0.0,1.0,1.0,1.0,0.0,2.338,69.44,25.54,6.8,3.503,2.0,-1.0,13.77,0.002,0.275,3.0,2.0,0.0,0.0,10.83,10.79,10.78,10.67,10.68,10.59,11.07,10.74,10.62,10.82,10.26,10.93,10.82,10.95,10.7,10.83,10.75,10.71,10.49
2017-05-04 22:09:00-05:00,-7.664161,-10.315524,-2.7831073,-8.209637,-8.112285,-2.426226,-7.652645,-7.30796,857798.0,14.91,0.0,-0.305,-0.053,0.216,10.99,10.29,0.0,0.0,0.0,0.0,0.0,0.0,0.0,0.0,10.43,-1.8,-1.45,-0.2,0.0,0.0,0.0,0.0,0.0,267.0,270.0,270.0,269.0,0.632,0.0,0.0,-0.1,-0.037,0.08,0.0,6000.0,403526.0,123.0,402.0,59.96,2.0,35.0,42.0,34.0,11.02,10.55,-0.036,0.0,0.2,0.2,60.0,59.5,75.6,1.0,269.0,269.0,268.0,-0.074,0.03,0.08,1916.0,415939.0,13178.0,1913.0,-0.929,0.818,0.791,0.836,0.001,0.0,0.001,0.0,0.0,0.0,0.0,0.0,1.0,1.0,1.0,0.0,2.688,76.82,29.96,5.2,3.504,2.0,-1.0,13.78,0.002,0.274,3.0,2.0,0.0,0.0,10.78,10.83,10.78,10.68,10.68,10.59,11.07,10.73,10.61,10.85,10.25,10.92,10.82,10.93,10.68,10.82,10.74,10.71,10.48
2017-05-04 22:10:00-05:00,-7.664161,-10.315524,-2.7831073,-8.209637,-8.112285,-2.313378,-7.652645,-7.190089,857799.0,14.89,0.0,-0.305,-0.055,0.212,10.97,10.62,0.0,0.0,0.0,0.0,0.0,0.0,0.0,0.0,11.0,-1.917,-1.583,-0.2,0.0,0.0,0.0,0.0,0.0,267.0,270.1,270.3,269.0,0.618,0.0,0.0,-0.1,-0.057,0.072,0.0,6000.0,403526.0,123.0,402.0,59.97,2.0,35.0,42.0,34.0,10.99,10.54,-0.042,0.0,0.2,0.2,60.0,59.5,75.6,1.0,269.0,269.0,268.0,-0.074,0.03,0.08,1916.0,415939.0,13178.0,1913.0,-0.929,0.818,0.791,0.836,0.001,0.0,0.001,0.0,0.0,0.0,0.0,0.0,1.0,1.0,1.0,0.0,3.047,97.9,24.81,7.6,3.503,2.0,-1.0,13.77,0.002,0.274,3.0,2.0,0.0,0.0,10.82,10.81,10.78,10.66,10.65,10.59,11.07,10.71,10.59,10.83,10.23,10.9,10.81,10.91,10.67,10.8,10.73,10.7,10.45
2017-05-04 22:11:00-05:00,-7.664161,-10.315524,-2.7831073,-8.209637,-8.112285,-2.313378,-7.652645,-7.190089,857800.0,14.87,0.0,-0.305,-0.068,0.205,10.98,10.82,0.0,0.0,0.0,0.0,0.0,0.0,0.0,0.0,11.0,-1.767,-1.55,-0.2,0.0,0.0,0.0,0.0,0.0,267.0,270.2,270.6,269.0,0.627,0.0,0.0,-0.103,-0.042,0.085,0.0,6000.0,403526.0,123.0,402.0,59.96,2.0,35.0,42.0,34.0,10.98,10.53,-0.039,0.0,0.2,0.2,60.0,59.5,75.6,1.0,269.0,269.0,268.0,-0.074,0.03,0.08,1916.0,415939.0,13178.0,1913.0,-0.929,0.818,0.791,0.836,0.001,0.0,0.001,0.0,0.0,0.0,0.0,0.0,1.0,1.0,1.0,0.0,4.593,103.3,19.77,8.7,3.503,2.0,-1.0,13.78,0.002,0.275,3.0,2.0,0.0,0.0,10.78,10.83,10.78,10.67,10.67,10.59,11.06,10.7,10.58,10.79,10.22,10.9,10.8,10.92,10.66,10.8,10.74,10.68,10.45
2017-05-04 22:12:00-05:00,-7.664161,-10.315524,-2.7831073,-8.209637,-7.9835176,-2.313378,-7.652645,-7.190089,857801.0,14.85,0.0,-0.138,0.068,0.356,10.98,10.99,0.0,0.0,0.0,0.0,0.0,0.0,0.0,0.0,11.1,-1.617,-1.5,-0.2,0.0,0.0,0.0,0.0,0.0,267.0,270.0,270.1,269.0,0.632,0.0,0.0,-0.102,-0.05,0.063,0.0,6000.0,403526.0,123.0,402.0,59.95,2.0,35.0,42.0,34.0,10.99,10.52,-0.036,0.0,0.2,0.2,60.0,59.5,75.6,1.0,269.0,269.0,268.0,-0.074,0.03,0.08,1916.0,415939.0,13178.0,1913.0,-0.929,0.818,0.791,0.836,0.001,0.0,0.001,0.0,0.0,0.0,0.0,0.0,1.0,1.0,1.0,0.0,3.387,89.5,25.26,8.0,3.503,2.0,-1.0,13.69,0.003,0.274,1.0,2.0,0.0,0.001,10.78,10.76,10.78,10.63,10.68,10.59,11.06,10.7,10.59,10.76,10.22,10.89,10.79,10.92,10.65,10.8,10.73,10.69,10.45
2017-05-04 22:13:00-05:00,-7.5405455,-10.315524,-2.7831073,-8.077223,-7.9835176,-2.313378,-7.652645,-7.190089,857802.0,14.83,0.0,-0.305,-0.063,0.222,10.98,11.67,0.0,0.0,0.0,0.0,0.0,0.0,0.0,0.0,11.88,-1.5,-1.367,-0.2,0.0,0.0,0.0,0.0,0.0,267.0,270.1,270.5,269.0,0.647,0.0,0.0,-0.103,-0.043,0.08,0.0,6000.0,403526.0,123.0,402.0,59.94,2.0,35.0,42.0,34.0,11.0,10.51,-0.038,0.0,0.2,0.2,60.0,59.5,75.6,1.0,269.0,269.0,268.0,-0.074,0.029,0.08,1916.0,415939.0,13178.0,1913.0,-0.93,0.818,0.791,0.836,0.001,0.0,0.001,0.0,0.0,0.0,0.0,0.0,1.0,1.0,1.0,0.0,2.552,80.6,24.27,5.1,3.504,2.0,-1.0,13.77,0.002,0.275,3.0,2.0,0.0,0.0,10.78,10.78,10.78,10.65,10.62,10.59,11.07,10.7,10.6,10.79,10.23,10.89,10.79,10.91,10.65,10.8,10.74,10.68,10.45
2017-05-04 22:14:00-05:00,-7.664161,-10.315524,-2.7831073,-8.077223,-7.9835176,-2.313378,-7.652645,-7.190089,857803.0,14.82,0.0,-0.305,-0.08,0.212,10.97,11.68,0.0,0.0,0.0,0.0,0.0,0.0,0.0,0.0,11.9,-1.383,-1.317,-0.2,0.0,0.0,0.0,0.0,0.0,267.0,270.0,270.1,269.0,0.628,0.0,0.0,-0.102,-0.048,0.072,0.0,6000.0,403526.0,123.0,402.0,59.94,2.0,35.0,42.0,34.0,11.0,10.53,-0.037,0.0,0.2,0.2,60.0,59.5,75.6,1.0,269.0,269.0,268.0,-0.074,0.029,0.08,1916.0,415939.0,13178.0,1913.0,-0.93,0.818,0.791,0.836,0.001,0.0,0.001,0.0,0.0,0.0,0.0,0.0,1.0,1.0,1.0,0.0,4.483,104.5,29.56,8.6,3.504,2.0,-1.0,13.77,0.002,0.275,3.0,2.0,0.0,0.0,10.78,10.78,10.78,10.67,10.62,10.59,11.07,10.71,10.6,10.78,10.24,10.9,10.8,10.92,10.66,10.81,10.74,10.68,10.46
2017-05-04 22:15:00-05:00,-7.5405455,-10.315524,-2.7831073,-8.077223,-7.9835176,-2.313378,-7.652645,-7.0722194,857804.0,14.79,0.0,-0.305,-0.07,0.205,10.94,11.07,0.0,0.0,0.0,0.0,0.0,0.0,0.0,0.0,11.12,-1.517,-1.45,-0.2,0.0,0.0,0.0,0.0,0.0,267.0,270.1,270.4,269.0,0.65,0.0,0.0,-0.103,-0.047,0.075,0.0,6000.0,403526.0,123.0,402.0,59.94,2.0,35.0,42.0,34.0,11.0,10.51,-0.038,0.0,0.2,0.2,60.0,59.5,75.6,1.0,269.0,269.0,268.0,-0.074,0.029,0.08,1916.0,415939.0,13178.0,1913.0,-0.93,0.818,0.791,0.836,0.001,0.0,0.001,0.0,0.0,0.0,0.0,0.0,1.0,1.0,1.0,0.0,3.625,80.2,22.18,5.4,3.504,2.0,-1.0,13.77,0.002,0.275,3.0,2.0,0.0,0.0,10.78,10.78,10.78,10.65,10.63,10.59,11.06,10.73,10.62,10.77,10.25,10.91,10.8,10.93,10.67,10.81,10.74,10.69,10.46
2017-05-04 22:16:00-05:00,-7.5405455,-10.315524,-2.7831073,-8.077223,-7.854751,-2.313378,-7.527192,-7.190089,857805.0,14.78,0.0,-0.305,-0.076,0.212,10.93,10.4,0.0,0.0,0.0,0.0,0.0,0.0,0.0,0.0,10.8,-1.25,-1.517,-0.2,0.0,0.0,0.0,0.0,0.0,267.7,270.9,271.1,269.7,0.648,0.0,0.0,-0.1,-0.043,0.067,0.0,6000.0,403526.0,123.0,402.0,59.96,2.0,35.0,42.0,34.0,11.0,10.51,-0.041,0.0,0.2,0.2,60.0,59.5,75.6,1.0,269.5,269.8,268.7,-0.074,0.03,0.08,1916.0,415939.0,13178.0,1913.0,-0.929,0.818,0.791,0.836,0.001,0.0,0.0,0.0,0.0,0.0,0.0,0.0,1.0,1.0,1.0,0.0,3.898,94.9,25.05,8.3,3.504,2.0,-1.0,13.77,0.002,0.275,3.0,2.0,0.0,0.0,10.78,10.8,10.78,10.63,10.58,10.59,11.04,10.73,10.61,10.79,10.25,10.91,10.8,10.94,10.67,10.82,10.75,10.69,10.47
2017-05-04 22:17:00-05:00,-7.5405455,-10.315524,-2.7831073,-8.077223,-7.9835176,-2.313378,-7.652645,-7.190089,857806.0,14.75,0.0,-0.119,0.121,0.368,10.95,10.01,0.0,0.0,0.0,0.0,0.0,0.0,0.0,0.0,10.0,-1.183,-1.4,-0.2,0.0,0.0,0.0,0.0,0.0,268.9,272.0,272.0,270.9,0.677,0.0,0.0,-0.102,-0.035,0.083,0.0,6000.0,403526.0,123.0,402.0,59.96,2.0,35.0,42.0,34.0,10.99,10.52,-0.038,0.0,0.2,0.2,60.0,59.5,75.6,1.0,270.3,271.0,270.0,-0.075,0.03,0.081,1916.0,415939.0,13178.0,1913.0,-0.928,0.818,0.791,0.836,0.001,-0.001,0.001,0.0,0.0,0.0,0.0,0.0,1.0,1.0,1.0,0.0,2.588,91.0,31.78,6.0,3.503,2.0,-1.0,13.77,0.023,0.274,1.0,2.0,0.0,0.001,10.78,10.78,10.78,10.58,10.58,10.59,11.06,10.72,10.61,10.81,10.25,10.9,10.8,10.94,10.67,10.82,10.74,10.69,10.46
2017-05-04 22:18:00-05:00,-7.5405455,-10.315524,-2.7831073,-8.077223,-7.854751,-2.313378,-7.652645,-7.190089,857807.0,14.74,0.0,-0.296,-0.076,0.214,10.99,10.48,0.0,0.0,0.0,0.0,0.0,0.0,0.0,0.0,10.85,-1.383,-1.4,-0.2,0.0,0.0,0.0,0.0,0.0,269.0,272.0,272.0,271.0,0.673,0.0,0.0,-0.1,-0.048,0.072,0.0,6000.0,403526.0,123.0,402.0,59.97,2.0,35.0,42.0,34.0,11.06,10.52,-0.038,0.0,0.2,0.2,60.0,59.5,75.6,1.0,270.8,271.0,270.0,-0.075,0.03,0.081,1916.0,415939.0,13178.0,1913.0,-0.928,0.818,0.791,0.836,0.001,0.0,0.001,0.0,0.0,0.0,0.0,0.0,1.0,1.0,1.0,0.0,4.267,86.3,22.45,6.4,3.503,2.0,-1.0,13.69,-0.018,0.275,1.0,2.0,0.0,0.001,10.77,10.78,10.76,10.67,10.58,10.59,11.06,10.72,10.61,10.76,10.25,10.91,10.8,10.94,10.67,10.81,10.73,10.67,10.46
2017-05-04 22:19:00-05:00,-7.5405455,-10.315524,-2.7831073,-7.94481,-7.9835176,-2.313378,-7.652645,-7.0722194,857808.0,14.72,0.0,-0.305,-0.068,0.205,11.06,11.78,0.0,0.0,0.0,0.0,0.0,0.0,0.0,0.0,12.03,-1.417,-1.367,-0.2,0.0,0.0,0.0,0.0,0.0,269.0,272.0,272.0,271.0,0.658,0.0,0.0,-0.1,-0.045,0.062,0.0,6000.0,403526.0,123.0,402.0,59.97,2.0,35.0,42.0,34.0,11.15,10.53,-0.038,0.0,0.2,0.2,60.0,59.5,75.6,1.0,270.9,271.0,270.0,-0.075,0.03,0.081,1916.0,415939.0,13178.0,1913.0,-0.928,0.818,0.791,0.836,0.001,0.0,0.001,0.0,0.0,0.0,0.0,0.0,1.0,1.0,1.0,0.0,3.843,77.48,30.29,7.4,3.504,2.0,-1.0,13.77,0.002,0.274,3.0,2.0,0.0,0.0,10.78,10.8,10.78,10.67,10.6,10.59,11.06,10.73,10.65,10.81,10.26,10.92,10.82,10.96,10.68,10.82,10.76,10.7,10.47
2017-05-04 22:20:00-05:00,-7.41693,-10.315524,-2.7831073,-7.94481,-7.854751,-2.313378,-7.527192,-7.0722194,857809.0,14.7,0.0,-0.305,-0.085,0.203,11.13,12.97,0.0,0.0,0.0,0.0,0.0,0.0,0.0,0.0,13.15,-1.233,-1.433,-0.2,0.0,0.0,0.0,0.0,0.0,269.0,272.0,272.0,271.0,0.665,0.0,0.0,-0.105,-0.04,0.085,0.0,6000.0,403526.0,123.0,402.0,59.98,2.0,34.75,42.0,34.0,11.19,10.55,-0.038,0.0,0.2,0.2,60.0,59.5,75.6,1.0,271.0,271.0,270.0,-0.075,0.03,0.081,1916.0,415939.0,13178.0,1913.0,-0.928,0.818,0.791,0.836,0.001,0.0,0.001,0.0,0.0,0.0,0.0,0.0,1.0,1.0,1.0,0.0,4.738,82.4,23.32,7.6,3.504,2.0,-1.0,13.77,0.002,0.274,3.0,2.0,0.0,0.0,10.78,10.87,10.8,10.68,10.67,10.59,11.07,10.76,10.66,10.82,10.28,10.93,10.85,10.96,10.71,10.84,10.78,10.72,10.49
2017-05-04 22:21:00-05:00,-7.41693,-10.315524,-2.7831073,-7.94481,-7.725985,-2.313378,-7.527192,-7.0722194,857810.0,14.68,0.0,-0.305,-0.076,0.205,11.14,13.55,0.0,0.0,0.0,0.0,0.0,0.0,0.0,0.0,13.75,-1.333,-1.45,-0.2,0.0,0.0,0.0,0.0,0.0,269.0,272.0,272.0,271.0,0.692,0.0,0.0,-0.102,-0.042,0.083,0.0,6000.0,403526.0,123.0,402.0,59.96,2.0,34.27,42.0,34.0,11.18,10.55,-0.038,0.0,0.2,0.2,60.0,59.5,75.6,1.0,270.9,271.0,270.0,-0.075,0.03,0.081,1916.0,415939.0,13178.0,1913.0,-0.928,0.818,0.791,0.836,0.002,0.0,0.001,0.0,0.0,0.0,0.0,0.0,1.0,1.0,1.0,0.0,4.087,81.3,26.92,6.6,3.503,2.0,-1.0,13.77,0.002,0.275,3.0,2.0,0.0,0.0,10.78,10.88,10.78,10.68,10.63,10.59,11.07,10.77,10.66,10.85,10.29,10.94,10.86,10.97,10.72,10.85,10.79,10.73,10.5
2017-05-04 22:22:00-05:00,-7.5405455,-10.315524,-2.7831073,-7.94481,-7.854751,-2.313378,-7.527192,-7.0722194,857811.0,14.67,0.0,-0.305,-0.08,0.203,11.13,13.67,0.0,0.0,0.0,0.0,0.0,0.0,0.0,0.0,13.73,-1.45,-1.4,-0.2,0.0,0.0,0.0,0.0,0.0,269.0,272.0,272.0,271.0,0.685,0.0,0.0,-0.103,-0.037,0.067,0.0,6000.0,403526.0,123.0,402.0,59.95,2.0,34.0,42.0,34.0,11.18,10.58,-0.038,0.0,0.2,0.2,60.0,59.5,75.6,1.0,271.0,271.0,270.0,-0.075,0.03,0.081,1916.0,415939.0,13178.0,1913.0,-0.928,0.818,0.791,0.836,0.001,0.0,0.001,0.0,0.0,0.0,0.0,0.0,1.0,1.0,1.0,0.0,3.3,88.0,24.29,7.4,3.504,2.0,-1.0,13.77,0.002,0.275,3.0,2.0,0.0,0.0,10.8,10.88,10.8,10.7,10.68,10.6,11.07,10.77,10.67,10.81,10.29,10.95,10.86,10.98,10.72,10.85,10.79,10.74,10.51
2017-05-04 22:23:00-05:00,-7.41693,-10.315524,-2.7831073,-7.94481,-7.854751,-2.313378,-7.527192,-7.0722194,857812.0,14.65,0.0,-0.074,0.138,0.394,11.1,11.5,0.0,0.0,0.0,0.0,0.0,0.0,0.0,0.0,11.52,-1.65,-1.467,-0.2,0.0,0.0,0.0,0.0,0.0,269.0,272.0,272.0,271.0,0.672,0.0,0.0,-0.1,-0.047,0.078,0.0,6000.0,403526.0,123.0,402.0,59.94,2.0,34.0,42.0,34.0,11.1,10.58,-0.038,0.0,0.2,0.2,60.0,59.5,75.6,1.0,271.0,271.0,270.0,-0.075,0.03,0.081,1916.0,415939.0,13178.0,1913.0,-0.928,0.818,0.791,0.836,0.001,0.0,0.001,0.0,0.0,0.0,0.0,0.0,1.0,1.0,1.0,0.0,2.18,92.6,30.33,4.7,3.504,2.0,-1.0,13.69,0.003,0.274,1.0,2.0,0.0,0.001,10.83,10.88,10.78,10.68,10.72,10.62,11.07,10.78,10.67,10.86,10.3,10.96,10.86,10.99,10.73,10.86,10.79,10.74,10.52
2017-05-04 22:24:00-05:00,-7.5405455,-10.315524,-2.7831073,-7.94481,-7.854751,-2.313378,-7.527192,-7.0722194,857813.0,14.63,0.0,-0.305,-0.068,0.203,11.07,10.67,0.0,0.0,0.0,0.0,0.0,0.0,0.0,0.0,11.0,-1.4,-1.417,-0.2,0.0,0.0,0.0,0.0,0.0,269.0,272.0,272.0,271.0,0.645,0.0,0.0,-0.1,-0.05,0.08,0.0,6000.0,403526.0,123.0,402.0,59.95,2.0,34.0,42.0,34.0,11.08,10.57,-0.038,0.0,0.2,0.2,60.0,59.5,75.6,1.0,271.0,271.0,270.0,-0.075,0.03,0.081,1916.0,415939.0,13178.0,1913.0,-0.928,0.818,0.791,0.836,0.001,0.0,0.001,0.0,0.0,0.0,0.0,0.0,1.0,1.0,1.0,0.0,2.393,81.0,31.51,4.4,3.503,2.0,-1.0,13.77,0.002,0.275,3.0,2.0,0.0,0.0,10.78,10.88,10.79,10.7,10.7,10.64,11.07,10.78,10.65,10.87,10.3,10.97,10.87,10.99,10.74,10.86,10.78,10.75,10.52
2017-05-04 22:25:00-05:00,-7.5405455,-10.315524,-2.7831073,-7.94481,-7.854751,-2.313378,-7.652645,-7.0722194,857814.0,14.61,0.0,-0.305,-0.087,0.203,11.04,11.35,0.0,0.0,0.0,0.0,0.0,0.0,0.0,0.0,11.52,-1.283,-1.417,-0.2,0.0,0.0,0.0,0.0,0.0,269.0,272.0,272.0,271.0,0.63,0.0,0.0,-0.1,-0.053,0.073,0.0,6000.0,403526.0,123.0,402.0,59.96,2.0,34.0,42.0,34.0,11.09,10.57,-0.038,0.0,0.2,0.2,60.0,59.5,75.6,1.0,271.0,271.0,270.0,-0.075,0.03,0.081,1916.0,415939.0,13178.0,1913.0,-0.928,0.818,0.791,0.836,0.001,0.0,0.001,0.0,0.0,0.0,0.0,0.0,1.0,1.0,1.0,0.0,2.602,85.3,23.82,6.7,3.503,2.0,-1.0,13.78,0.002,0.274,3.0,2.0,0.0,0.0,10.78,10.88,10.81,10.7,10.73,10.69,11.07,10.77,10.65,10.9,10.3,10.96,10.86,10.98,10.73,10.86,10.78,10.75,10.51
2017-05-04 22:26:00-05:00,-7.5405455,-10.315524,-2.7831073,-7.94481,-7.854751,-2.313378,-7.527192,-7.0722194,857815.0,14.59,0.0,-0.305,-0.102,0.203,11.01,12.5,0.0,0.0,0.0,0.0,0.0,0.0,0.0,0.0,12.8,-1.483,-1.417,-0.2,0.0,0.0,0.0,0.0,0.0,269.7,272.8,272.8,271.7,0.648,0.0,0.0,-0.1,-0.052,0.07,0.0,6000.0,403526.0,123.0,402.0,59.97,2.0,34.0,42.0,34.0,11.05,10.58,-0.038,0.0,0.2,0.2,60.0,59.5,75.6,1.0,271.4,271.8,270.8,-0.075,0.03,0.081,1916.0,415939.0,13178.0,1913.0,-0.928,0.818,0.791,0.836,0.001,0.0,0.001,0.0,0.0,0.0,0.0,0.0,1.0,1.0,1.0,0.0,3.062,74.75,34.98,5.9,3.504,2.0,-1.0,13.77,0.002,0.274,3.0,2.0,0.0,0.0,10.78,10.88,10.79,10.75,10.73,10.69,11.07,10.78,10.67,10.87,10.3,10.97,10.87,10.99,10.74,10.87,10.8,10.75,10.52
2017-05-04 22:27:00-05:00,-7.5405455,-10.315524,-2.7831073,-7.94481,-7.854751,-2.313378,-7.527192,-7.0722194,857816.0,14.58,0.0,-0.305,-0.078,0.205,11.01,13.41,0.0,0.0,0.0,0.0,0.0,0.0,0.0,0.0,13.68,-1.283,-1.35,-0.2,0.0,0.0,0.0,0.0,0.0,271.0,274.0,274.0,273.0,0.65,0.0,0.0,-0.102,-0.043,0.087,0.0,6000.0,403526.0,123.0,402.0,59.96,2.0,34.0,42.0,33.93,11.09,10.59,-0.038,0.0,0.2,0.2,60.0,59.5,75.6,1.0,272.1,273.0,272.0,-0.075,0.031,0.081,1916.0,415939.0,13178.0,1913.0,-0.927,0.818,0.791,0.836,0.001,0.0,0.001,0.0,0.0,0.0,0.0,0.0,1.0,1.0,1.0,0.0,2.828,99.3,39.33,5.4,3.503,2.0,-1.0,13.77,0.002,0.274,3.0,2.0,0.0,0.0,10.8,10.88,10.85,10.73,10.75,10.69,11.07,10.79,10.67,10.86,10.31,10.99,10.87,10.99,10.75,10.88,10.8,10.76,10.53
2017-05-04 22:28:00-05:00,-7.5405455,-10.315524,-2.7831073,-8.077223,-7.854751,-2.313378,-7.527192,-7.0722194,857817.0,14.56,0.0,-0.038,0.159,0.442,11.04,13.83,0.0,0.0,0.0,0.0,0.0,0.0,0.0,0.0,14.0,-1.15,-1.283,-0.2,0.0,0.0,0.0,0.0,0.0,271.0,274.0,274.0,273.0,0.673,0.0,0.0,-0.103,-0.048,0.068,0.0,6000.0,403526.0,123.0,402.0,59.96,2.0,34.0,42.0,33.75,11.11,10.61,-0.038,0.0,0.2,0.2,60.0,59.5,75.6,1.0,272.6,273.0,272.0,-0.075,0.031,0.081,1916.0,415939.0,13178.0,1913.0,-0.927,0.818,0.791,0.836,0.001,0.0,0.001,0.0,0.0,0.0,0.0,0.0,1.0,1.0,1.0,0.0,3.168,96.6,32.11,6.6,3.502,2.0,-1.0,13.69,0.003,0.274,1.0,2.0,0.0,0.001,10.87,10.88,10.87,10.7,10.77,10.69,11.07,10.79,10.69,10.85,10.31,10.99,10.89,11.0,10.76,10.89,10.82,10.77,10.54
2017-05-04 22:29:00-05:00,-7.41693,-10.315524,-2.7831073,-7.94481,-7.854751,-2.313378,-7.527192,-7.0722194,857818.0,14.54,0.0,-0.305,-0.097,0.21,11.09,14.63,0.0,0.0,0.0,0.0,0.0,0.0,0.0,0.0,14.77,-1.217,-1.317,-0.2,0.0,0.0,0.0,0.0,0.0,271.0,274.0,274.0,273.0,0.672,0.0,0.0,-0.103,-0.045,0.08,0.0,6000.0,403526.0,123.0,402.0,59.96,2.0,34.0,42.0,33.4,11.19,10.63,-0.038,0.0,0.2,0.2,60.0,59.5,75.6,1.0,272.7,273.0,272.0,-0.075,0.031,0.081,1916.0,415939.0,13178.0,1913.0,-0.926,0.818,0.791,0.836,0.001,0.0,0.001,0.0,0.0,0.0,0.0,0.0,1.0,1.0,1.0,0.0,2.888,71.07,32.44,4.5,3.502,2.0,-1.0,13.77,0.002,0.274,3.0,2.0,0.0,0.0,10.87,10.88,10.88,10.76,10.78,10.69,11.07,10.81,10.71,10.88,10.33,11.01,10.9,11.02,10.77,10.91,10.84,10.79,10.56
2017-05-04 22:30:00-05:00,-7.41693,-10.151785,-2.7831073,-7.94481,-7.854751,-2.313378,-7.401739,-7.0722194,857819.0,14.53,0.0,-0.305,-0.114,0.203,11.13,13.47,0.0,0.0,0.0,0.0,0.0,0.0,0.0,0.0,13.6,-1.7,-1.45,-0.2,0.0,0.0,0.0,0.0,0.0,271.0,274.0,274.0,273.0,0.68,0.0,0.0,-0.102,-0.05,0.09,0.0,6000.0,403526.0,123.0,402.0,59.96,2.0,34.0,42.0,33.97,11.25,10.65,-0.038,0.0,0.2,0.2,60.0,59.5,75.6,1.0,272.6,273.0,272.0,-0.075,0.031,0.081,1916.0,415939.0,13178.0,1913.0,-0.927,0.818,0.791,0.836,0.001,0.0,0.001,0.0,0.0,0.0,0.0,0.0,1.0,1.0,1.0,0.0,2.255,85.2,35.16,5.5,3.504,2.0,-1.0,13.78,0.002,0.275,3.0,2.0,0.0,0.0,10.88,10.88,10.86,10.78,10.78,10.69,11.07,10.83,10.73,10.88,10.35,11.03,10.93,11.04,10.79,10.93,10.86,10.82,10.58
2017-05-04 22:31:00-05:00,-7.41693,-9.988047,-2.7831073,-7.94481,-7.854751,-2.313378,-7.527192,-7.0722194,857820.0,14.51,0.0,-0.305,-0.108,0.205,11.14,11.65,0.0,0.0,0.0,0.0,0.0,0.0,0.0,0.0,11.87,-1.733,-1.517,-0.2,0.0,0.0,0.0,0.0,0.0,271.0,274.0,274.0,273.0,0.672,0.0,0.0,-0.102,-0.042,0.067,0.0,6000.0,403526.0,123.0,402.0,59.97,2.0,34.0,42.0,33.57,11.18,10.67,-0.038,0.0,0.2,0.2,60.0,59.5,75.6,1.0,272.9,273.0,272.0,-0.075,0.031,0.081,1916.0,415939.0,13178.0,1913.0,-0.927,0.818,0.791,0.836,0.001,0.0,0.001,0.0,0.0,0.0,0.0,0.0,1.0,1.0,1.0,0.0,3.19,80.2,30.18,5.7,3.504,2.0,-1.0,13.78,0.002,0.274,3.0,2.0,0.0,0.0,10.88,10.88,10.94,10.87,10.78,10.69,11.09,10.84,10.74,10.9,10.37,11.03,10.94,11.04,10.8,10.95,10.87,10.84,10.6
2017-05-04 22:32:00-05:00,-7.41693,-9.824308,-2.7831073,-7.94481,-7.854751,-2.313378,-7.527192,-7.0722194,857821.0,14.49,0.0,-0.305,-0.095,0.203,11.13,11.77,0.0,0.0,0.0,0.0,0.0,0.0,0.0,0.0,12.0,-1.433,-1.417,-0.2,0.0,0.0,0.0,0.0,0.0,271.0,274.0,274.0,273.0,0.655,0.0,0.0,-0.102,-0.042,0.073,0.0,6000.0,403526.0,123.0,402.0,59.96,2.0,34.0,42.0,33.48,11.14,10.68,-0.038,0.0,0.2,0.2,60.0,59.5,75.6,1.0,273.0,273.0,272.0,-0.076,0.03,0.081,1916.0,415939.0,13178.0,1913.0,-0.928,0.818,0.791,0.836,0.001,0.0,0.001,0.0,0.0,0.0,0.0,0.0,1.0,1.0,1.0,0.0,2.635,89.8,35.97,4.4,3.504,2.0,-1.0,13.77,0.002,0.274,3.0,2.0,0.0,0.0,10.88,10.88,10.98,10.86,10.82,10.69,11.12,10.85,10.75,10.93,10.38,11.05,10.95,11.07,10.81,10.95,10.87,10.84,10.6
2017-05-04 22:33:00-05:00,-7.41693,-10.151785,-2.7831073,-7.94481,-7.854751,-2.313378,-7.527192,-6.954349,857822.0,14.48,0.0,0.007,0.204,0.5,11.12,12.81,0.0,0.0,0.0,0.0,0.0,0.0,0.0,0.0,12.95,-1.533,-1.517,-0.2,0.0,0.0,0.0,0.0,0.0,271.0,274.0,274.0,273.0,0.64,0.0,0.0,-0.1,-0.047,0.088,0.0,6000.0,403526.0,123.0,402.0,59.95,2.0,34.0,42.0,33.02,11.14,10.68,-0.038,0.0,0.2,0.2,60.0,59.5,75.6,1.0,272.7,273.0,272.0,-0.075,0.031,0.081,1916.0,415939.0,13178.0,1913.0,-0.927,0.818,0.791,0.836,0.001,0.0,0.001,0.0,0.0,0.0,0.0,0.0,1.0,1.0,1.0,0.0,3.755,81.3,22.85,7.0,3.503,2.0,-1.0,13.78,0.024,0.274,1.0,2.0,0.0,0.001,10.88,10.88,10.98,10.88,10.85,10.69,11.14,10.86,10.74,10.9,10.38,11.06,10.95,11.07,10.81,10.96,10.88,10.85,10.61
2017-05-04 22:34:00-05:00,-7.41693,-10.151785,-2.7831073,-7.94481,-7.854751,-2.313378,-7.527192,-7.0722194,857823.0,14.47,0.0,-0.283,-0.086,0.236,11.13,13.76,0.0,0.0,0.0,0.0,0.0,0.0,0.0,0.0,14.0,-1.817,-1.65,-0.2,0.0,0.0,0.0,0.0,0.0,271.0,274.0,274.0,273.0,0.665,0.0,0.0,-0.1,-0.042,0.082,0.0,6000.0,403526.0,123.0,402.0,59.95,2.0,34.0,41.98,33.0,11.17,10.7,-0.038,0.0,0.2,0.2,60.0,59.5,75.6,1.0,272.8,273.0,272.0,-0.075,0.031,0.081,1916.0,415939.0,13178.0,1913.0,-0.927,0.818,0.791,0.836,0.002,0.0,0.0,0.0,0.0,0.0,0.0,0.0,1.0,1.0,1.0,0.0,4.292,98.7,27.33,7.9,3.503,2.0,-1.0,13.69,-0.02,0.274,1.0,2.0,0.0,0.001,10.88,10.88,10.98,10.88,10.88,10.72,11.14,10.87,10.76,10.92,10.39,11.06,10.96,11.07,10.82,10.97,10.9,10.87,10.62
2017-05-04 22:35:00-05:00,-7.41693,-10.151785,-2.7831073,-7.94481,-7.725985,-2.313378,-7.527192,-7.0722194,857824.0,14.45,0.0,-0.3,-0.099,0.21,11.14,14.13,0.0,0.0,0.0,0.0,0.0,0.0,0.0,0.0,14.0,-1.7,-1.533,-0.2,0.0,0.0,0.0,0.0,0.0,271.0,274.0,274.0,273.0,0.648,0.0,0.0,-0.105,-0.037,0.065,0.0,6000.0,403526.0,123.0,402.0,59.95,2.0,34.0,41.72,33.0,11.19,10.69,-0.038,0.0,0.2,0.2,60.0,59.5,75.6,1.0,273.0,273.0,272.0,-0.075,0.031,0.081,1916.0,415939.0,13178.0,1913.0,-0.927,0.818,0.791,0.836,0.001,0.0,0.001,0.0,0.0,0.0,0.0,0.0,1.0,1.0,1.0,0.0,2.618,73.84,24.44,4.3,3.504,2.0,-1.0,13.78,0.002,0.275,3.0,2.0,0.0,0.0,10.88,10.92,10.98,10.88,10.88,10.73,11.17,10.89,10.78,10.92,10.41,11.08,10.96,11.09,10.84,10.98,10.91,10.88,10.64
2017-05-04 22:36:00-05:00,-7.41693,-9.988047,-2.7831073,-7.94481,-7.725985,-2.313378,-7.401739,-6.954349,857825.0,14.44,0.0,-0.301,-0.102,0.207,11.14,14.07,0.0,0.0,0.0,0.0,0.0,0.0,0.0,0.0,14.0,-1.783,-1.617,-0.2,0.0,0.0,0.0,0.0,0.0,271.0,274.0,274.0,273.0,0.66,0.0,0.0,-0.1,-0.04,0.087,0.0,6000.0,403526.0,123.0,402.0,59.97,2.0,34.0,41.1,33.0,11.19,10.7,-0.038,0.0,0.2,0.2,60.0,59.5,75.6,1.0,273.0,273.0,272.0,-0.075,0.031,0.081,1916.0,415939.0,13178.0,1913.0,-0.927,0.818,0.791,0.836,0.001,0.0,0.001,0.0,0.0,0.0,0.0,0.0,1.0,1.0,1.0,0.0,3.278,71.9,48.64,5.9,3.504,2.0,-1.0,13.77,0.002,0.275,3.0,2.0,0.0,0.0,10.88,10.98,10.98,10.88,10.88,10.78,11.16,10.91,10.8,10.95,10.43,11.09,10.99,11.1,10.86,11.0,10.92,10.9,10.65
2017-05-04 22:37:00-05:00,-7.41693,-9.824308,-2.7831073,-7.94481,-7.725985,-2.313378,-7.401739,-6.954349,857826.0,14.42,0.0,-0.301,-0.096,0.211,11.18,14.04,0.0,0.0,0.0,0.0,0.0,0.0,0.0,0.0,14.0,-1.817,-1.583,-0.2,0.0,0.0,0.0,0.0,0.0,271.0,274.0,274.0,273.0,0.667,0.0,0.0,-0.1,-0.052,0.078,0.0,6000.0,403526.0,123.0,402.0,59.96,2.0,34.0,41.37,33.0,11.23,10.72,-0.038,0.0,0.2,0.2,60.0,59.5,75.6,1.0,273.0,273.0,272.0,-0.075,0.031,0.081,1916.0,415939.0,13178.0,1913.0,-0.926,0.818,0.791,0.836,0.001,0.0,0.0,0.0,0.0,0.0,0.0,0.0,1.0,1.0,1.0,0.0,2.24,109.5,33.76,4.3,3.504,2.0,-1.0,13.77,0.002,0.275,3.0,2.0,0.0,0.0,10.89,10.98,11.03,10.88,10.88,10.78,11.17,10.93,10.83,11.01,10.45,11.11,11.01,11.12,10.87,11.01,10.94,10.91,10.66
2017-05-04 22:38:00-05:00,-7.41693,-9.824308,-2.7831073,-7.8123965,-7.725985,-2.313378,-7.527192,-6.954349,857827.0,14.4,0.0,-0.302,-0.099,0.208,11.19,13.69,0.0,0.0,0.0,0.0,0.0,0.0,0.0,0.0,14.0,-1.767,-1.55,-0.2,0.0,0.0,0.0,0.0,0.0,271.0,274.0,274.0,273.0,0.672,0.0,0.0,-0.102,-0.048,0.053,0.0,6000.0,403526.0,123.0,402.0,59.95,2.0,34.0,41.93,33.0,11.28,10.77,-0.038,0.0,0.2,0.2,60.0,59.5,75.6,1.0,273.0,273.0,272.0,-0.075,0.031,0.081,1916.0,415939.0,13178.0,1913.0,-0.927,0.818,0.791,0.836,0.001,0.0,0.001,0.0,0.0,0.0,0.0,0.0,1.0,1.0,1.0,0.0,2.93,105.8,35.6,5.5,3.5,2.0,-1.0,13.77,0.002,0.275,3.0,2.0,0.0,0.0,10.98,10.98,11.06,10.88,10.88,10.78,11.17,10.95,10.85,11.01,10.46,11.14,11.03,11.15,10.9,11.03,10.96,10.93,10.68
2017-05-04 22:39:00-05:00,-7.41693,-9.824308,-2.7831073,-7.8123965,-7.725985,-2.313378,-7.401739,-6.954349,857828.0,14.4,0.0,0.094,0.305,0.568,11.23,14.05,0.0,0.0,0.0,0.0,0.0,0.0,0.0,0.0,14.0,-1.467,-1.483,-0.2,0.0,0.0,0.0,0.0,0.0,271.0,274.0,274.0,273.0,0.667,0.0,0.0,-0.102,-0.052,0.078,0.0,6000.0,403526.0,123.0,402.0,59.98,2.0,34.0,41.6,33.0,11.31,10.79,-0.038,0.0,0.2,0.2,60.0,59.5,75.6,1.0,273.0,273.0,272.0,-0.076,0.031,0.081,1916.0,415939.0,13178.0,1913.0,-0.926,0.818,0.791,0.836,0.001,0.0,0.001,-0.001,0.0,0.0,0.0,0.0,1.0,1.0,1.0,0.0,3.183,89.1,34.17,5.9,3.503,2.0,-1.0,13.66,0.007,0.274,1.0,2.0,0.0,0.001,10.98,11.03,11.07,10.96,10.88,10.78,11.2,10.96,10.87,11.06,10.48,11.15,11.05,11.16,10.91,11.05,10.98,10.95,10.7
2017-05-04 22:40:00-05:00,-7.41693,-9.824308,-2.7831073,-7.8123965,-7.725985,-2.313378,-7.401739,-6.954349,857829.0,14.37,0.0,-0.303,-0.108,0.205,11.24,14.25,0.0,0.0,0.0,0.0,0.0,0.0,0.0,0.0,14.0,-1.467,-1.417,-0.2,0.0,0.0,0.0,0.0,0.0,271.0,274.0,274.1,273.0,0.673,0.0,0.0,-0.102,-0.05,0.088,0.0,6000.0,403526.0,123.0,402.0,59.96,2.0,34.0,41.3,33.0,11.3,10.79,-0.038,0.0,0.2,0.2,60.0,59.5,75.6,1.0,273.0,273.0,272.0,-0.075,0.031,0.081,1916.0,415939.0,13178.0,1913.0,-0.926,0.818,0.791,0.836,0.001,0.0,0.001,0.0,0.0,0.0,0.0,0.0,1.0,1.0,1.0,0.0,4.08,108.2,25.94,6.2,3.503,2.0,-1.0,13.78,0.002,0.274,3.0,2.0,0.0,0.0,10.98,11.06,11.07,10.98,10.93,10.78,11.27,10.98,10.87,11.01,10.49,11.16,11.06,11.18,10.93,11.07,11.0,10.97,10.72
2017-05-04 22:41:00-05:00,-7.41693,-9.824308,-2.7831073,-7.8123965,-7.725985,-2.313378,-7.527192,-6.954349,857830.0,14.36,0.0,-0.299,-0.128,0.209,11.25,13.79,0.0,0.0,0.0,0.0,0.0,0.0,0.0,0.0,14.0,-1.183,-1.35,-0.2,0.0,0.0,0.0,0.0,0.0,271.0,274.0,274.1,273.0,0.667,0.0,0.0,-0.102,-0.052,0.073,0.0,6000.0,403526.0,123.0,402.0,59.94,2.0,34.0,41.0,33.0,11.29,10.8,-0.038,0.0,0.2,0.2,60.0,59.5,75.6,1.0,273.0,273.0,272.0,-0.075,0.031,0.081,1916.0,415939.0,13178.0,1913.0,-0.926,0.818,0.791,0.836,0.001,0.0,0.001,0.0,0.0,0.0,0.0,0.0,1.0,1.0,1.0,0.0,3.09,91.8,28.53,5.9,3.504,2.0,-1.0,13.78,0.002,0.274,3.0,2.0,0.0,0.0,10.98,11.06,11.07,10.98,10.98,10.82,11.27,10.99,10.88,11.04,10.5,11.17,11.07,11.19,10.93,11.08,11.01,10.98,10.74
2017-05-04 22:42:00-05:00,-7.41693,-9.824308,-2.7831073,-7.94481,-7.725985,-2.313378,-7.401739,-6.954349,857831.0,14.35,0.0,-0.298,-0.125,0.21,11.23,13.74,0.0,0.0,0.0,0.0,0.0,0.0,0.0,0.0,14.0,-1.233,-1.35,-0.2,0.0,0.0,0.0,0.0,0.0,271.0,274.0,274.1,273.0,0.675,0.0,0.0,-0.103,-0.062,0.073,0.0,6000.0,403526.0,123.0,402.0,59.95,2.0,34.0,41.0,33.0,11.3,10.81,-0.038,0.0,0.2,0.2,60.0,59.5,75.6,1.0,273.0,273.0,272.0,-0.075,0.031,0.081,1916.0,415939.0,13178.0,1913.0,-0.926,0.818,0.791,0.836,0.001,-0.001,0.001,0.0,0.0,0.0,0.0,0.0,1.0,1.0,1.0,0.0,3.095,104.3,43.31,5.0,3.504,2.0,-1.0,13.77,0.002,0.274,3.0,2.0,0.0,0.0,10.98,11.06,11.07,10.98,10.98,10.85,11.27,11.0,10.89,11.07,10.51,11.19,11.08,11.21,10.95,11.09,11.02,11.0,10.75
2017-05-04 22:43:00-05:00,-7.41693,-9.824308,-2.7831073,-7.94481,-7.725985,-2.313378,-7.527192,-6.954349,857832.0,14.34,0.0,-0.299,-0.122,0.209,11.25,13.9,0.0,0.0,0.0,0.0,0.0,0.0,0.0,0.0,14.0,-1.217,-1.35,-0.2,0.0,0.0,0.0,0.0,0.0,271.0,274.0,274.0,273.0,0.662,0.0,0.0,-0.1,-0.048,0.08,0.0,6000.0,403526.0,123.0,402.0,59.97,2.0,34.0,41.0,33.0,11.31,10.81,-0.038,0.0,0.2,0.2,60.0,59.5,75.6,1.0,273.0,273.0,272.0,-0.075,0.031,0.081,1916.0,415939.0,13178.0,1913.0,-0.926,0.818,0.791,0.836,0.001,0.0,0.001,0.0,0.0,0.0,0.0,0.0,1.0,1.0,1.0,0.0,1.815,78.33,51.95,4.4,3.504,2.0,-1.0,13.77,0.002,0.275,3.0,2.0,0.0,0.0,11.06,11.05,11.07,10.98,10.98,10.82,11.27,11.01,10.9,11.07,10.53,11.21,11.1,11.22,10.97,11.11,11.03,11.01,10.76
2017-05-04 22:44:00-05:00,-7.41693,-9.824308,-2.7831073,-7.94481,-7.725985,-2.313378,-7.527192,-7.0722194,857833.0,14.32,0.0,-0.156,0.019,0.324,11.28,14.22,0.0,0.0,0.0,0.0,0.0,0.0,0.0,0.0,14.0,-1.383,-1.45,-0.2,0.0,0.0,0.0,0.0,0.0,271.0,274.0,274.0,273.0,0.652,0.0,0.0,-0.1,-0.04,0.07,0.0,6000.0,403526.0,123.0,402.0,59.97,2.0,34.0,41.0,33.0,11.29,10.82,-0.038,0.0,0.2,0.2,60.0,59.5,75.6,1.0,273.0,273.0,272.0,-0.075,0.031,0.081,1916.0,415939.0,13178.0,1913.0,-0.926,0.818,0.791,0.836,0.001,0.0,0.0,-0.001,0.0,0.0,0.0,0.0,1.0,1.0,1.0,0.0,1.728,91.8,32.04,3.3,3.503,2.0,-1.0,13.66,0.005,0.274,1.0,2.0,0.0,0.001,11.06,11.07,11.07,10.98,10.98,10.85,11.27,11.02,10.9,11.09,10.53,11.21,11.1,11.23,10.97,11.11,11.03,11.01,10.76
2017-05-04 22:45:00-05:00,-7.41693,-9.824308,-2.7831073,-7.8123965,-7.725985,-2.313378,-7.527192,-6.954349,857834.0,14.3,0.0,-0.299,-0.13,0.211,11.25,14.17,0.0,0.0,0.0,0.0,0.0,0.0,0.0,0.0,14.0,-1.233,-1.417,-0.2,0.0,0.0,0.0,0.0,0.0,271.0,274.0,274.0,273.0,0.635,0.0,0.0,-0.1,-0.047,0.07,0.0,6000.0,403526.0,123.0,402.0,59.97,2.0,34.0,41.0,33.0,11.27,10.83,-0.038,0.0,0.2,0.2,60.0,59.5,75.6,1.0,273.0,273.0,272.0,-0.075,0.031,0.081,1916.0,415939.0,13178.0,1913.0,-0.926,0.818,0.791,0.836,0.001,0.0,0.001,0.0,0.0,0.0,0.0,0.0,1.0,1.0,1.0,0.0,4.418,111.8,18.78,8.1,3.504,2.0,-1.0,13.77,0.002,0.275,3.0,2.0,0.0,0.0,11.07,11.07,11.07,10.98,10.98,10.88,11.27,11.02,10.9,11.05,10.52,11.21,11.11,11.22,10.97,11.11,11.03,11.01,10.77
2017-05-04 22:46:00-05:00,-7.41693,-9.824308,-2.7831073,-7.94481,-7.725985,-2.313378,-7.527192,-7.0722194,857835.0,14.3,0.0,-0.296,-0.142,0.212,11.26,13.58,0.0,0.0,0.0,0.0,0.0,0.0,0.0,0.0,13.93,-1.383,-1.517,-0.2,0.0,0.0,0.0,0.0,0.0,271.8,275.3,275.6,273.8,0.668,0.0,0.0,-0.1,-0.04,0.087,0.0,6000.0,403526.0,123.0,402.0,59.96,2.0,34.0,41.0,33.0,11.27,10.83,-0.038,0.0,0.2,0.2,60.0,59.5,75.6,1.0,273.9,274.6,273.5,-0.076,0.031,0.082,1916.0,415939.0,13178.0,1913.0,-0.925,0.818,0.791,0.836,0.001,0.0,0.0,0.0,0.0,0.0,0.0,0.0,1.0,1.0,1.0,0.0,2.875,100.2,25.97,6.0,3.504,2.0,-1.0,13.77,0.002,0.275,3.0,2.0,0.0,0.0,11.06,11.07,11.07,10.98,10.98,10.9,11.27,11.02,10.91,11.08,10.53,11.22,11.12,11.23,10.99,11.13,11.04,11.02,10.78
2017-05-04 22:47:00-05:00,-7.41693,-9.824308,-2.7831073,-7.94481,-7.725985,-2.313378,-7.527192,-7.0722194,857836.0,14.28,0.0,-0.298,-0.124,0.21,11.26,13.29,0.0,0.0,0.0,0.0,0.0,0.0,0.0,0.0,13.45,-1.317,-1.517,-0.2,0.0,0.0,0.0,0.0,0.0,272.0,275.3,276.0,274.0,0.667,0.0,0.0,-0.1,-0.05,0.085,0.0,6000.0,403526.0,123.0,402.0,59.96,2.0,34.0,41.0,33.0,11.31,10.84,-0.038,0.0,0.2,0.2,60.0,59.5,75.6,1.0,274.0,275.0,273.9,-0.076,0.031,0.082,1916.0,415939.0,13178.0,1913.0,-0.924,0.818,0.791,0.836,0.001,0.0,0.001,0.0,0.0,0.0,0.0,0.0,1.0,1.0,1.0,0.0,2.133,115.3,34.81,5.1,3.504,2.0,-1.0,13.77,0.002,0.275,3.0,2.0,0.0,0.0,11.05,11.07,11.07,10.98,10.98,10.87,11.27,11.03,10.93,11.07,10.54,11.22,11.12,11.24,10.98,11.13,11.05,11.02,10.78
2017-05-04 22:48:00-05:00,-7.41693,-9.988047,-2.7831073,-7.94481,-7.725985,-2.313378,-7.527192,-7.0722194,857837.0,14.27,0.0,-0.294,-0.144,0.214,11.25,14.29,0.0,0.0,0.0,0.0,0.0,0.0,0.0,0.0,14.47,-1.15,-1.383,-0.2,0.0,0.0,0.0,0.0,0.0,272.0,275.4,276.0,274.0,0.683,0.0,0.0,-0.1,-0.053,0.082,0.0,6000.0,403526.0,123.0,402.0,59.97,2.0,34.0,41.0,33.0,11.34,10.85,-0.038,0.0,0.2,0.2,60.0,59.5,75.6,1.0,274.0,275.0,274.0,-0.076,0.031,0.082,1916.0,415939.0,13178.0,1913.0,-0.925,0.818,0.791,0.836,0.001,-0.001,0.001,0.0,0.0,0.0,0.0,0.0,1.0,1.0,1.0,0.0,3.405,118.0,29.75,6.4,3.504,2.0,-1.0,13.77,0.002,0.275,3.0,2.0,0.0,0.0,11.06,11.07,11.07,10.98,10.98,10.9,11.27,11.02,10.92,11.05,10.54,11.22,11.12,11.24,10.98,11.13,11.05,11.02,10.78
2017-05-04 22:49:00-05:00,-7.41693,-9.824308,-2.7831073,-7.94481,-7.725985,-2.313378,-7.527192,-7.0722194,857838.0,14.25,0.0,-0.122,0.033,0.365,11.26,12.52,0.0,0.0,0.0,0.0,0.0,0.0,0.0,0.0,13.05,-1.2,-1.367,-0.2,0.0,0.0,0.0,0.0,0.0,272.0,275.2,275.7,274.0,0.667,0.0,0.0,-0.1,-0.058,0.087,0.0,6000.0,403526.0,123.0,402.0,59.96,2.0,34.0,41.0,33.0,11.31,10.85,-0.038,0.0,0.2,0.2,60.0,59.5,75.6,1.0,274.0,274.8,273.4,-0.076,0.031,0.082,1916.0,415939.0,13178.0,1913.0,-0.925,0.818,0.791,0.836,0.001,0.0,0.001,0.0,0.0,0.0,0.0,0.0,1.0,1.0,1.0,0.0,3.418,73.31,24.44,7.0,3.504,2.0,-1.0,13.77,0.017,0.274,1.0,2.0,0.0,0.001,11.07,11.07,11.07,10.98,10.98,10.93,11.27,11.03,10.93,11.05,10.54,11.22,11.12,11.23,10.98,11.13,11.05,11.02,10.78
2017-05-04 22:50:00-05:00,-7.41693,-9.824308,-2.7831073,-7.94481,-7.725985,-2.313378,-7.527192,-7.0722194,857839.0,14.25,0.0,-0.287,-0.135,0.223,11.28,13.21,0.0,0.0,0.0,0.0,0.0,0.0,0.0,0.0,13.42,-1.417,-1.5,-0.2,0.0,0.0,0.0,0.0,0.0,272.0,275.1,275.9,274.0,0.66,0.0,0.0,-0.103,-0.038,0.088,0.0,6000.0,403526.0,123.0,402.0,59.94,2.0,34.0,41.0,33.0,11.32,10.86,-0.038,0.0,0.2,0.2,60.0,59.5,75.6,1.0,274.0,274.9,273.6,-0.076,0.031,0.082,1916.0,415939.0,13178.0,1913.0,-0.925,0.818,0.791,0.836,0.001,0.0,0.001,0.0,0.0,0.0,0.0,0.0,1.0,1.0,1.0,0.0,3.007,97.0,17.81,5.5,3.504,2.0,-1.0,13.65,-0.012,0.274,1.0,2.0,0.0,0.001,11.06,11.07,11.09,10.98,10.99,10.95,11.29,11.04,10.95,11.07,10.54,11.22,11.13,11.24,10.99,11.13,11.06,11.03,10.78
2017-05-04 22:51:00-05:00,-7.41693,-9.824308,-2.7831073,-7.94481,-7.725985,-2.313378,-7.527192,-7.0722194,857840.0,14.23,0.0,-0.286,-0.164,0.222,11.32,14.19,0.0,0.0,0.0,0.0,0.0,0.0,0.0,0.0,14.0,-1.333,-1.467,-0.2,0.0,0.0,0.0,0.0,0.0,272.0,275.3,275.9,274.0,0.668,0.0,0.0,-0.102,-0.058,0.078,0.0,6000.0,403526.0,123.0,402.0,59.96,2.0,34.0,41.0,33.0,11.36,10.85,-0.038,0.0,0.2,0.2,60.0,59.5,75.6,1.0,274.0,275.0,273.9,-0.076,0.031,0.082,1916.0,415939.0,13178.0,1913.0,-0.925,0.818,0.791,0.836,0.001,0.0,0.001,0.0,0.0,0.0,0.0,0.0,1.0,1.0,1.0,0.0,2.573,83.6,40.62,5.8,3.504,2.0,-1.0,13.78,0.002,0.275,3.0,2.0,0.0,0.0,11.06,11.07,11.11,10.98,11.07,10.9,11.27,11.05,10.96,11.1,10.56,11.24,11.14,11.26,11.0,11.14,11.08,11.05,10.8
2017-05-04 22:52:00-05:00,-7.41693,-9.824308,-2.7831073,-7.94481,-7.725985,-2.313378,-7.527192,-7.0722194,857841.0,14.22,0.0,-0.286,-0.137,0.222,11.32,13.82,0.0,0.0,0.0,0.0,0.0,0.0,0.0,0.0,13.92,-1.283,-1.367,-0.2,0.0,0.0,0.0,0.0,0.0,272.2,275.9,276.0,274.2,0.682,0.0,0.0,-0.1,-0.037,0.093,0.0,6000.0,403526.0,123.0,402.0,59.97,2.0,34.0,41.0,33.0,11.37,10.86,-0.038,0.0,0.2,0.2,60.0,59.5,75.6,1.0,274.1,275.0,274.0,-0.076,0.031,0.082,1916.0,415939.0,13178.0,1913.0,-0.925,0.818,0.791,0.836,0.001,0.0,0.0,0.0,0.0,0.0,0.0,0.0,1.0,1.0,1.0,0.0,3.432,89.4,31.58,6.2,3.502,2.0,-1.0,13.77,0.002,0.274,3.0,2.0,0.0,0.0,11.07,11.07,11.14,11.04,11.03,10.92,11.27,11.06,10.97,11.09,10.56,11.23,11.15,11.25,11.0,11.15,11.09,11.05,10.81
2017-05-04 22:53:00-05:00,-7.41693,-9.824308,-2.7831073,-7.94481,-7.725985,-2.313378,-7.527192,-7.0722194,857842.0,14.21,0.0,-0.274,-0.135,0.234,11.35,12.09,0.0,0.0,0.0,0.0,0.0,0.0,0.0,0.0,12.32,-1.283,-1.383,-0.2,0.0,0.0,0.0,0.0,0.0,272.4,276.0,276.0,274.4,0.665,0.0,0.0,-0.102,-0.04,0.093,0.0,6000.0,403526.0,123.0,402.0,59.96,2.0,34.0,41.0,33.0,11.39,10.86,-0.038,0.0,0.2,0.2,60.0,59.5,75.6,1.0,274.4,275.0,274.0,-0.076,0.031,0.082,1916.0,415939.0,13178.0,1913.0,-0.925,0.818,0.791,0.836,0.001,0.0,0.001,0.0,0.0,0.0,0.0,0.0,1.0,1.0,1.0,0.0,1.868,76.55,36.42,3.4,3.503,2.0,-1.0,13.77,0.002,0.275,3.0,2.0,0.0,0.0,11.06,11.07,11.17,11.05,11.07,10.98,11.27,11.06,10.99,11.12,10.57,11.25,11.17,11.26,11.01,11.17,11.11,11.07,10.82
2017-05-04 22:54:00-05:00,-7.41693,-9.824308,-2.7831073,-7.94481,-7.725985,-2.313378,-7.527192,-7.0722194,857843.0,14.21,0.0,-0.275,-0.152,0.233,11.36,11.03,0.0,0.0,0.0,0.0,0.0,0.0,0.0,0.0,11.0,-1.4,-1.383,-0.2,0.0,0.0,0.0,0.0,0.0,272.2,275.7,276.0,274.2,0.67,0.0,0.0,-0.1,-0.048,0.085,0.0,6000.0,403526.0,123.0,402.0,59.96,2.0,34.0,41.0,33.0,11.39,10.87,-0.038,0.0,0.2,0.2,60.0,59.5,75.6,1.0,274.3,275.0,274.0,-0.076,0.031,0.082,1916.0,415939.0,13178.0,1913.0,-0.925,0.818,0.791,0.836,0.001,-0.001,0.001,0.0,0.0,0.0,0.0,0.0,1.0,1.0,1.0,0.0,2.127,77.67,39.75,4.1,3.504,2.0,-1.0,13.77,0.002,0.275,3.0,2.0,0.0,0.0,11.07,11.07,11.16,11.06,11.07,10.95,11.27,11.07,11.0,11.1,10.58,11.26,11.17,11.26,11.02,11.17,11.11,11.07,10.83
2017-05-04 22:55:00-05:00,-7.41693,-9.824308,-2.7831073,-7.94481,-7.725985,-2.313378,-7.527192,-7.0722194,857844.0,14.19,0.0,-0.076,0.039,0.443,11.36,11.05,0.0,0.0,0.0,0.0,0.0,0.0,0.0,0.0,11.18,-1.383,-1.317,-0.2,0.0,0.0,0.0,0.0,0.0,272.0,275.4,276.0,274.0,0.67,0.0,0.0,-0.103,-0.047,0.08,0.0,6000.0,403526.0,123.0,402.0,59.97,2.0,34.0,41.0,33.0,11.38,10.87,-0.038,0.0,0.2,0.2,60.0,59.5,75.6,1.0,274.0,275.0,273.8,-0.076,0.031,0.082,1916.0,415939.0,13178.0,1913.0,-0.925,0.818,0.791,0.836,0.001,0.0,0.001,0.0,0.0,0.0,0.0,0.0,1.0,1.0,1.0,0.0,4.137,70.39,26.64,6.3,3.503,2.0,-1.0,13.49,0.004,0.275,1.0,2.0,0.0,0.001,11.07,11.07,11.17,11.07,11.07,10.9,11.27,11.08,11.01,11.13,10.59,11.27,11.18,11.27,11.02,11.17,11.12,11.09,10.84
2017-05-04 22:56:00-05:00,-7.41693,-9.824308,-2.7831073,-7.94481,-7.725985,-2.313378,-7.527192,-6.954349,857845.0,14.18,0.0,-0.266,-0.13,0.242,11.38,12.32,0.0,0.0,0.0,0.0,0.0,0.0,0.0,0.0,12.53,-1.7,-1.483,-0.2,0.0,0.0,0.0,0.0,0.0,272.0,275.2,275.8,274.0,0.667,0.0,0.0,-0.1,-0.053,0.085,0.0,6000.0,403526.0,123.0,402.0,59.95,2.0,34.0,41.0,33.0,11.43,10.88,-0.038,0.0,0.2,0.2,60.0,59.5,75.6,1.0,274.0,275.0,273.7,-0.076,0.031,0.082,1916.0,415939.0,13178.0,1913.0,-0.925,0.818,0.791,0.836,0.001,0.0,0.001,0.0,0.0,0.0,0.0,0.0,1.0,1.0,1.0,0.0,1.99,94.0,51.48,4.3,3.503,2.0,-1.0,13.81,0.002,0.274,3.0,2.0,0.0,0.0,11.07,11.07,11.17,11.07,11.07,10.89,11.27,11.08,11.02,11.12,10.59,11.26,11.18,11.27,11.02,11.19,11.14,11.1,10.85
2017-05-04 22:57:00-05:00,-7.41693,-9.824308,-2.7831073,-7.94481,-7.725985,-2.313378,-7.527192,-7.0722194,857846.0,14.16,0.0,-0.268,-0.136,0.24,11.39,13.75,0.0,0.0,0.0,0.0,0.0,0.0,0.0,0.0,13.8,-1.817,-1.533,-0.2,0.0,0.0,0.0,0.0,0.0,272.0,275.3,275.8,274.0,0.653,0.0,0.0,-0.102,-0.04,0.07,0.0,6000.0,403526.0,123.0,402.0,59.95,2.0,34.0,41.0,33.0,11.44,10.9,-0.038,0.0,0.2,0.2,60.0,59.5,75.6,1.0,274.0,275.0,273.6,-0.076,0.031,0.082,1916.0,415939.0,13178.0,1913.0,-0.925,0.818,0.791,0.836,0.001,0.0,0.001,0.0,0.0,0.0,0.0,0.0,1.0,1.0,1.0,0.0,2.403,67.51,30.29,3.8,3.504,2.0,-1.0,13.81,0.002,0.274,3.0,2.0,0.0,0.0,11.07,11.07,11.17,11.07,11.07,10.95,11.29,11.09,11.03,11.14,10.61,11.28,11.19,11.29,11.04,11.2,11.15,11.11,10.86
2017-05-04 22:58:00-05:00,-7.41693,-9.824308,-2.6646771,-7.94481,-7.725985,-2.313378,-7.401739,-6.954349,857847.0,14.16,0.0,-0.267,-0.155,0.243,11.5,14.31,0.0,0.0,0.0,0.0,0.0,0.0,0.0,0.0,14.0,-1.667,-1.483,-0.2,0.0,0.0,0.0,0.0,0.0,272.0,275.2,275.7,274.0,0.648,0.0,0.0,-0.1,-0.053,0.078,0.0,6000.0,403526.0,123.0,402.0,59.95,2.0,34.0,41.0,33.0,11.64,10.94,-0.038,0.0,0.2,0.2,60.0,59.5,75.6,1.0,274.0,274.7,273.5,-0.076,0.031,0.082,1916.0,415939.0,13178.0,1913.0,-0.925,0.818,0.791,0.836,0.001,0.0,0.001,-0.001,0.0,0.0,0.0,0.0,1.0,1.0,1.0,0.0,4.527,102.2,23.69,7.6,3.504,2.0,-1.0,13.81,0.002,0.274,3.0,2.0,0.0,0.0,11.13,11.14,11.2,11.09,11.07,11.0,11.3,11.13,11.09,11.17,10.64,11.32,11.25,11.33,11.08,11.23,11.19,11.14,10.88
2017-05-04 22:59:00-05:00,-7.293315,-9.824308,-2.546247,-7.8123965,-7.725985,-2.313378,-7.2762856,-6.8364787,857848.0,14.15,0.0,-0.261,-0.176,0.247,11.67,13.48,0.0,0.0,0.0,0.0,0.0,0.0,0.0,0.0,13.62,-1.2,-1.25,-0.2,0.0,0.0,0.0,0.0,0.0,272.1,275.8,276.0,274.1,0.667,0.0,0.0,-0.1,-0.045,0.09,0.0,6000.0,403526.0,123.0,402.0,59.98,2.0,34.0,41.0,33.0,11.78,10.99,-0.038,0.0,0.2,0.2,60.0,59.5,75.6,1.0,274.3,275.0,273.9,-0.076,0.031,0.082,1916.0,415939.0,13178.0,1913.0,-0.925,0.818,0.791,0.836,0.001,-0.001,0.001,0.0,0.0,0.0,0.0,0.0,1.0,1.0,1.0,0.0,2.952,96.5,51.29,6.3,3.504,2.0,-1.0,13.81,0.002,0.274,3.0,2.0,0.0,0.0,11.17,11.22,11.27,11.17,11.15,11.08,11.4,11.18,11.14,11.22,10.69,11.35,11.29,11.37,11.11,11.28,11.25,11.2,10.94
2017-05-04 23:00:00-05:00,-7.293315,-9.824308,-2.7831073,-7.679983,-7.5972185,-2.313378,-7.2762856,-6.7186084,857849.0,14.13,0.0,-0.016,0.107,0.458,11.75,11.83,0.0,0.0,0.0,0.0,0.0,0.0,0.0,0.0,12.17,-1.6,-1.483,-0.2,0.0,0.0,0.0,0.0,0.0,272.6,276.0,276.0,274.6,0.668,0.0,0.0,-0.102,-0.033,0.078,0.0,6000.0,403526.0,123.0,402.0,59.96,2.0,34.0,41.0,33.0,11.8,11.03,-0.038,0.0,0.2,0.2,60.0,59.5,75.6,1.0,275.0,275.0,274.0,-0.076,0.031,0.082,1916.0,415939.0,13178.0,1913.0,-0.924,0.818,0.791,0.836,0.001,0.0,0.001,0.0,0.0,0.0,0.0,0.0,1.0,1.0,1.0,0.0,3.387,92.6,26.29,6.5,3.503,2.0,-1.0,13.66,0.019,0.273,1.0,2.0,0.0,0.001,11.17,11.27,11.27,11.17,11.17,11.13,11.42,11.21,11.18,11.24,10.73,11.39,11.32,11.41,11.15,11.32,11.29,11.23,10.97
2017-05-04 23:01:00-05:00,-7.293315,-9.824308,-2.7831073,-7.8123965,-7.5972185,-2.313378,-7.2762856,-6.8364787,857850.0,14.13,0.0,-0.259,-0.128,0.26,11.76,11.58,0.0,0.0,0.0,0.0,0.0,0.0,0.0,0.0,11.92,-1.233,-1.25,-0.2,0.0,0.0,0.0,0.0,0.0,272.4,275.7,276.0,274.2,0.663,0.0,0.0,-0.1,-0.037,0.082,0.0,6000.0,403526.0,123.0,402.0,59.95,2.0,34.0,41.0,33.0,11.76,11.05,-0.038,0.0,0.2,0.2,60.0,59.5,75.6,1.0,274.4,275.0,274.0,-0.076,0.031,0.082,1916.0,415939.0,13178.0,1913.0,-0.925,0.818,0.791,0.836,0.0,0.0,0.001,0.0,0.0,0.0,0.0,0.0,1.0,1.0,1.0,0.0,3.668,91.7,28.79,6.9,3.504,2.0,-1.0,13.66,-0.013,0.274,1.0,2.0,0.0,0.001,11.24,11.27,11.28,11.25,11.17,11.18,11.48,11.23,11.19,11.26,10.74,11.41,11.34,11.44,11.17,11.34,11.3,11.25,10.99
2017-05-04 23:02:00-05:00,-7.41693,-9.824308,-2.7831073,-7.8123965,-7.725985,-2.313378,-7.401739,-6.8364787,857851.0,14.11,0.0,-0.258,-0.127,0.25,11.74,12.85,0.0,0.0,0.0,0.0,0.0,0.0,0.0,0.0,13.13,-1.667,-1.55,-0.2,0.0,0.0,0.0,0.0,0.0,272.5,275.9,276.0,274.5,0.658,0.0,0.0,-0.103,-0.032,0.093,0.0,6000.0,403526.0,123.0,402.0,59.93,2.0,34.0,41.0,33.0,11.74,11.05,-0.038,0.0,0.2,0.2,60.0,59.5,75.6,1.0,274.7,275.0,274.0,-0.076,0.031,0.082,1916.0,415939.0,13178.0,1913.0,-0.924,0.818,0.791,0.836,0.001,0.0,0.001,0.0,0.0,0.0,0.0,0.0,1.0,1.0,1.0,0.0,3.423,84.8,35.68,6.0,3.502,2.0,-1.0,13.81,0.002,0.274,3.0,2.0,0.0,0.0,11.27,11.27,11.33,11.27,11.17,11.18,11.45,11.25,11.21,11.27,10.76,11.42,11.35,11.45,11.18,11.36,11.32,11.27,11.01
2017-05-04 23:03:00-05:00,-7.41693,-9.824308,-2.7831073,-7.94481,-7.725985,-2.313378,-7.401739,-6.8364787,857852.0,14.11,0.0,-0.25,-0.157,0.258,11.71,12.93,0.0,0.0,0.0,0.0,0.0,0.0,0.0,0.0,13.12,-1.767,-1.533,-0.2,0.0,0.0,0.0,0.0,0.0,272.8,276.0,276.0,274.8,0.663,0.0,0.0,-0.1,-0.033,0.085,0.0,6000.0,403526.0,123.0,402.0,59.94,2.0,34.0,41.0,33.0,11.74,11.07,-0.038,0.0,0.2,0.2,60.0,59.5,75.6,1.0,275.0,275.0,274.0,-0.076,0.031,0.082,1916.0,415939.0,13178.0,1913.0,-0.924,0.818,0.791,0.836,0.001,0.0,0.001,0.0,0.0,0.0,0.0,0.0,1.0,1.0,1.0,0.0,3.302,91.6,33.04,5.7,3.504,2.0,-1.0,13.81,0.002,0.274,3.0,2.0,0.0,0.0,11.28,11.27,11.37,11.27,11.24,11.18,11.46,11.26,11.21,11.3,10.78,11.44,11.37,11.46,11.2,11.37,11.32,11.28,11.03
2017-05-04 23:04:00-05:00,-7.41693,-9.824308,-2.7831073,-7.94481,-7.725985,-2.313378,-7.401739,-6.954349,857853.0,14.1,0.0,-0.248,-0.157,0.263,11.68,11.1,0.0,0.0,0.0,0.0,0.0,0.0,0.0,0.0,11.28,-1.35,-1.367,-0.2,0.0,0.0,0.0,0.0,0.0,272.9,276.0,276.0,274.9,0.652,0.0,0.0,-0.1,-0.037,0.078,0.0,6000.0,403526.0,123.0,402.0,59.94,2.0,34.0,41.0,33.0,11.71,11.08,-0.038,0.0,0.2,0.2,60.0,59.5,75.6,1.0,275.0,275.0,274.0,-0.076,0.031,0.082,1916.0,415939.0,13178.0,1913.0,-0.924,0.818,0.791,0.836,0.001,0.0,0.001,0.0,0.0,0.0,0.0,0.0,1.0,1.0,1.0,0.0,3.295,70.19,15.8,6.0,3.504,2.0,-1.0,13.81,0.002,0.274,3.0,2.0,0.0,0.0,11.27,11.27,11.37,11.27,11.27,11.2,11.46,11.27,11.22,11.3,10.79,11.44,11.37,11.46,11.21,11.36,11.32,11.28,11.02
2017-05-04 23:05:00-05:00,-7.41693,-9.824308,-2.7831073,-7.94481,-7.725985,-2.313378,-7.527192,-7.0722194,857854.0,14.09,0.0,-0.249,-0.124,0.259,11.64,11.89,0.0,0.0,0.0,0.0,0.0,0.0,0.0,0.0,12.05,-1.417,-1.467,-0.2,0.0,0.0,0.0,0.0,0.0,273.0,276.0,276.0,275.0,0.665,0.0,0.0,-0.102,-0.045,0.093,0.0,6000.0,403526.0,123.0,402.0,59.96,2.0,34.0,41.0,33.0,11.66,11.06,-0.038,0.0,0.2,0.2,60.0,59.5,75.6,1.0,275.0,275.0,274.0,-0.076,0.031,0.082,1916.0,415939.0,13178.0,1913.0,-0.924,0.818,0.791,0.836,0.001,0.0,0.001,0.0,0.0,0.0,0.0,0.0,1.0,1.0,1.0,0.0,3.317,82.1,26.84,7.5,3.504,2.0,-1.0,13.81,0.002,0.274,3.0,2.0,0.0,0.0,11.27,11.27,11.37,11.27,11.19,11.21,11.45,11.27,11.21,11.28,10.78,11.43,11.36,11.45,11.2,11.36,11.32,11.27,11.02
2017-05-04 23:06:00-05:00,-7.5405455,-10.151785,-2.7831073,-8.077223,-7.725985,-2.313378,-7.527192,-7.0722194,857855.0,14.08,0.0,0.032,0.146,0.521,11.61,13.75,0.0,0.0,0.0,0.0,0.0,0.0,0.0,0.0,13.85,-1.35,-1.433,-0.2,0.0,0.0,0.0,0.0,0.0,272.8,276.0,276.0,274.7,0.672,0.0,0.0,-0.1,-0.048,0.093,0.0,6000.0,403526.0,123.0,402.0,59.94,2.0,34.0,41.0,33.0,11.66,11.06,-0.038,0.0,0.2,0.2,60.0,59.5,75.6,1.0,274.9,275.0,274.0,-0.076,0.031,0.082,1916.0,415939.0,13178.0,1913.0,-0.924,0.818,0.791,0.836,0.001,0.0,0.001,0.0,0.0,0.0,0.0,0.0,1.0,1.0,1.0,0.0,1.795,78.15,50.81,4.1,3.504,2.0,-1.0,13.66,0.003,0.274,1.0,2.0,0.0,0.001,11.28,11.27,11.37,11.27,11.17,11.18,11.48,11.26,11.19,11.25,10.77,11.44,11.37,11.45,11.2,11.37,11.32,11.28,11.02
2017-05-04 23:07:00-05:00,-7.41693,-9.824308,-2.7831073,-8.077223,-7.725985,-2.313378,-7.527192,-6.954349,857856.0,14.07,0.0,-0.245,-0.131,0.263,11.6,13.75,0.0,0.0,0.0,0.0,0.0,0.0,0.0,0.0,13.82,-1.2,-1.417,-0.2,0.0,0.0,0.0,0.0,0.0,272.2,275.3,275.9,274.0,0.652,0.0,0.0,-0.102,-0.047,0.073,0.0,6000.0,403526.0,123.0,402.0,59.96,2.0,34.0,41.0,33.0,11.64,11.07,-0.038,0.0,0.2,0.2,60.0,59.5,75.6,1.0,274.2,275.0,273.8,-0.076,0.031,0.082,1916.0,415939.0,13178.0,1913.0,-0.925,0.818,0.791,0.836,0.001,0.0,0.001,0.0,0.0,0.0,0.0,0.0,1.0,1.0,1.0,0.0,1.925,93.7,41.16,4.7,3.504,2.0,-1.0,13.81,0.002,0.274,3.0,2.0,0.0,0.0,11.28,11.27,11.37,11.27,11.17,11.2,11.42,11.27,11.21,11.27,10.77,11.44,11.36,11.45,11.2,11.37,11.32,11.28,11.02
2017-05-04 23:08:00-05:00,-7.41693,-9.988047,-2.7831073,-8.077223,-7.725985,-2.313378,-7.527192,-7.0722194,857857.0,14.06,0.0,-0.246,-0.164,0.262,11.58,12.44,0.0,0.0,0.0,0.0,0.0,0.0,0.0,0.0,12.82,-1.317,-1.4,-0.2,0.0,0.0,0.0,0.0,0.0,272.1,275.5,276.0,274.0,0.663,0.0,0.0,-0.1,-0.055,0.082,0.0,6000.0,403526.0,123.0,402.0,59.97,2.0,33.67,41.0,33.0,11.58,11.07,-0.038,0.0,0.2,0.2,60.0,59.5,75.6,1.0,274.1,275.0,274.0,-0.076,0.031,0.082,1916.0,415939.0,13178.0,1913.0,-0.925,0.818,0.791,0.836,0.001,0.0,0.001,0.0,0.0,0.0,0.0,0.0,1.0,1.0,1.0,0.0,3.13,83.8,36.04,6.6,3.504,2.0,-1.0,13.81,0.002,0.274,3.0,2.0,0.0,0.0,11.27,11.27,11.37,11.27,11.17,11.23,11.46,11.27,11.21,11.28,10.78,11.45,11.38,11.47,11.21,11.37,11.32,11.28,11.02
2017-05-04 23:09:00-05:00,-7.41693,-9.988047,-2.7831073,-7.94481,-7.854751,-2.313378,-7.401739,-7.0722194,857858.0,14.06,0.0,-0.243,-0.131,0.265,11.61,11.98,0.0,0.0,0.0,0.0,0.0,0.0,0.0,0.0,12.13,-1.283,-1.517,-0.2,0.0,0.0,0.0,0.0,0.0,272.3,275.6,276.0,274.2,0.663,0.0,0.0,-0.1,-0.033,0.093,0.0,6000.0,403526.0,123.0,402.0,59.97,2.0,33.03,41.0,33.0,11.61,11.08,-0.038,0.0,0.2,0.2,60.0,59.5,75.6,1.0,274.1,275.0,274.0,-0.076,0.031,0.082,1916.0,415939.0,13178.0,1913.0,-0.925,0.818,0.791,0.836,0.001,0.0,0.001,0.0,0.0,0.0,0.0,0.0,1.0,1.0,1.0,0.0,3.412,116.5,27.15,6.1,3.504,2.0,-1.0,13.81,0.002,0.274,3.0,2.0,0.0,0.0,11.27,11.27,11.37,11.27,11.17,11.21,11.46,11.27,11.23,11.29,10.79,11.44,11.39,11.47,11.21,11.37,11.32,11.29,11.03
2017-05-04 23:10:00-05:00,-7.41693,-9.824308,-2.7831073,-7.94481,-7.725985,-2.313378,-7.401739,-6.954349,857859.0,14.06,0.0,-0.242,-0.136,0.266,11.62,12.76,0.0,0.0,0.0,0.0,0.0,0.0,0.0,0.0,13.0,-1.35,-1.383,-0.2,0.0,0.0,0.0,0.0,0.0,272.4,275.8,276.0,274.3,0.668,0.0,0.0,-0.1,-0.045,0.077,0.0,6000.0,403526.0,123.0,402.0,59.94,2.0,33.35,41.0,33.0,11.66,11.07,-0.038,0.0,0.2,0.2,60.0,59.5,75.6,1.0,274.5,275.0,274.0,-0.076,0.031,0.082,1916.0,415939.0,13178.0,1913.0,-0.925,0.818,0.791,0.836,0.001,0.0,0.001,0.0,0.0,0.0,0.0,0.0,1.0,1.0,1.0,0.0,3.292,100.8,22.54,6.9,3.502,2.0,-1.0,13.81,0.002,0.274,3.0,2.0,0.0,0.0,11.27,11.27,11.37,11.27,11.17,11.2,11.46,11.29,11.24,11.31,10.8,11.46,11.39,11.48,11.22,11.38,11.34,11.29,11.04
2017-05-04 23:11:00-05:00,-7.41693,-9.988047,-2.7831073,-7.94481,-7.725985,-2.313378,-7.401739,-6.954349,857860.0,14.04,0.0,0.094,0.215,0.602,11.63,12.96,0.0,0.0,0.0,0.0,0.0,0.0,0.0,0.0,13.12,-1.3,-1.433,-0.2,0.0,0.0,0.0,0.0,0.0,272.1,275.6,276.0,274.0,0.667,0.0,0.0,-0.103,-0.037,0.077,0.0,6000.0,403526.0,123.0,402.0,59.96,2.0,33.78,41.0,33.0,11.68,11.08,-0.038,0.0,0.2,0.2,60.0,59.5,75.6,1.0,274.2,275.0,274.0,-0.076,0.031,0.082,1916.0,415939.0,13178.0,1913.0,-0.924,0.818,0.791,0.836,0.001,0.0,0.001,0.0,0.0,0.0,0.0,0.0,1.0,1.0,1.0,0.0,1.772,96.7,42.97,3.1,3.502,2.0,-1.0,13.49,-0.009,0.274,1.0,2.0,0.0,0.001,11.29,11.27,11.37,11.27,11.17,11.2,11.46,11.29,11.24,11.3,10.8,11.46,11.39,11.49,11.22,11.39,11.33,11.29,11.04
2017-05-04 23:12:00-05:00,-7.41693,-9.824308,-2.7831073,-8.077223,-7.725985,-2.313378,-7.401739,-6.954349,857861.0,14.06,0.0,-0.238,-0.115,0.281,11.64,14.57,0.0,0.0,0.0,0.0,0.0,0.0,0.0,0.0,14.67,-1.583,-1.45,-0.2,0.0,0.0,0.0,0.0,0.0,272.1,275.7,276.0,274.0,0.678,0.0,0.0,-0.1,-0.05,0.09,0.0,6000.0,403526.0,123.0,402.0,59.95,2.0,33.48,41.0,33.0,11.67,11.09,-0.038,0.0,0.2,0.2,60.0,59.5,75.6,1.0,274.0,275.0,274.0,-0.076,0.031,0.082,1916.0,415939.0,13178.0,1913.0,-0.924,0.818,0.791,0.836,0.001,0.0,0.001,0.0,0.0,0.0,0.0,0.0,1.0,1.0,1.0,0.0,2.417,91.2,39.25,4.8,3.504,2.0,-1.0,13.54,0.013,0.276,1.0,2.0,0.0,0.001,11.3,11.27,11.37,11.27,11.17,11.23,11.48,11.3,11.25,11.31,10.82,11.48,11.41,11.5,11.24,11.4,11.35,11.3,11.05
2017-05-04 23:13:00-05:00,-7.41693,-9.824308,-2.7831073,-7.94481,-7.725985,-2.313378,-7.401739,-6.954349,857862.0,14.03,0.0,-0.237,-0.171,0.271,11.66,13.82,0.0,0.0,0.0,0.0,0.0,0.0,0.0,0.0,14.07,-1.567,-1.5,-0.2,0.0,0.0,0.0,0.0,0.0,272.0,275.4,276.0,274.0,0.672,0.0,0.0,-0.1,-0.048,0.075,0.0,6000.0,403526.0,123.0,402.0,59.96,2.0,33.15,41.0,33.0,11.7,11.11,-0.038,0.0,0.2,0.2,60.0,59.5,75.6,1.0,274.0,275.0,274.0,-0.076,0.031,0.082,1916.0,415939.0,13178.0,1913.0,-0.925,0.818,0.791,0.836,0.001,0.0,0.001,0.0,0.0,0.0,0.0,0.0,1.0,1.0,1.0,0.0,1.752,89.4,50.96,4.9,3.504,2.0,-1.0,13.78,0.002,0.275,3.0,2.0,0.0,0.0,11.27,11.27,11.37,11.27,11.17,11.25,11.53,11.31,11.26,11.3,10.82,11.5,11.43,11.52,11.26,11.42,11.37,11.33,11.07
2017-05-04 23:14:00-05:00,-7.41693,-9.824308,-2.7831073,-7.94481,-7.725985,-2.313378,-7.401739,-6.954349,857863.0,14.01,0.0,-0.236,-0.162,0.272,11.67,13.98,0.0,0.0,0.0,0.0,0.0,0.0,0.0,0.0,14.02,-1.15,-1.45,-0.2,0.0,0.0,0.0,0.0,0.0,272.2,275.6,276.0,274.1,0.663,0.0,0.0,-0.1,-0.052,0.08,0.0,6000.0,403526.0,123.0,402.0,59.96,2.0,33.0,41.0,33.0,11.73,11.14,-0.038,0.0,0.2,0.2,60.0,59.5,75.6,1.0,274.1,275.0,274.0,-0.076,0.031,0.082,1916.0,415939.0,13178.0,1913.0,-0.925,0.818,0.791,0.836,0.001,0.0,0.001,0.0,0.0,0.0,0.0,0.0,1.0,1.0,1.0,0.0,3.113,108.0,26.84,5.6,3.503,2.0,-1.0,13.77,0.002,0.275,3.0,2.0,0.0,0.0,11.27,11.27,11.37,11.27,11.26,11.26,11.5,11.33,11.28,11.33,10.84,11.5,11.44,11.53,11.27,11.42,11.37,11.33,11.08
2017-05-04 23:15:00-05:00,-7.41693,-9.824308,-2.6646771,-7.8123965,-7.5972185,-2.313378,-7.2762856,-6.954349,857864.0,14.01,0.0,-0.234,-0.184,0.274,11.68,14.65,0.0,0.0,0.0,0.0,0.0,0.0,0.0,0.0,14.97,-1.133,-1.383,-0.2,0.0,0.0,0.0,0.0,0.0,272.6,276.0,276.0,274.6,0.683,0.0,0.0,-0.102,-0.047,0.092,0.0,6000.0,403526.0,123.0,402.0,59.96,2.0,33.0,41.0,33.0,11.77,11.15,-0.038,0.0,0.2,0.2,60.0,59.5,75.6,1.0,274.9,275.0,274.0,-0.076,0.031,0.082,1916.0,415939.0,13178.0,1913.0,-0.925,0.818,0.791,0.836,0.001,0.0,0.0,-0.001,0.0,0.0,0.0,0.0,1.0,1.0,1.0,0.0,1.745,96.6,28.15,4.2,3.504,2.0,-1.0,13.78,0.002,0.275,3.0,2.0,0.0,0.0,11.31,11.27,11.38,11.27,11.27,11.28,11.46,11.35,11.32,11.36,10.86,11.52,11.45,11.55,11.28,11.44,11.4,11.36,11.1
2017-05-04 23:16:00-05:00,-7.41693,-9.824308,-2.6646771,-7.8123965,-7.725985,-2.313378,-7.401739,-6.954349,857865.0,14.03,0.0,-0.234,-0.162,0.274,11.72,14.44,0.0,0.0,0.0,0.0,0.0,0.0,0.0,0.0,14.72,-1.15,-1.35,-0.2,0.0,0.0,0.0,0.0,0.0,272.2,275.8,276.0,274.2,0.67,0.0,0.0,-0.102,-0.047,0.078,0.0,6000.0,403526.0,123.0,402.0,59.95,2.0,33.0,41.0,33.0,11.77,11.17,-0.038,0.0,0.2,0.2,60.0,59.5,75.6,1.0,274.1,275.0,274.0,-0.076,0.031,0.082,1916.0,415939.0,13178.0,1913.0,-0.925,0.818,0.791,0.836,0.001,0.0,0.001,0.0,0.0,0.0,0.0,0.0,1.0,1.0,1.0,0.0,2.137,85.6,22.91,3.6,3.503,2.0,-1.0,13.77,0.002,0.275,3.0,2.0,0.0,0.0,11.39,11.35,11.41,11.27,11.27,11.25,11.46,11.36,11.31,11.37,10.87,11.53,11.46,11.55,11.29,11.46,11.42,11.38,11.12
2017-05-04 23:17:00-05:00,-7.41693,-9.824308,-2.6646771,-7.8123965,-7.5972185,-2.313378,-7.401739,-6.954349,857866.0,14.02,0.0,-0.117,0.249,0.677,11.71,11.97,0.0,0.0,0.0,0.0,0.0,0.0,0.0,0.0,12.2,-1.3,-1.4,-0.2,0.0,0.0,0.0,0.0,0.0,272.4,276.0,276.0,274.4,0.675,0.0,0.0,-0.1,-0.04,0.08,0.0,6000.0,403526.0,123.0,402.0,59.96,2.0,33.0,41.0,32.83,11.72,11.17,-0.038,0.0,0.2,0.2,60.0,59.5,75.6,1.0,274.7,275.0,274.0,-0.076,0.031,0.082,1916.0,415939.0,13178.0,1913.0,-0.925,0.818,0.791,0.836,0.001,0.0,0.001,0.0,0.0,0.0,0.0,0.0,1.0,1.0,1.0,0.0,2.697,96.2,24.93,6.0,3.503,2.0,-1.0,13.5,0.0,0.276,1.0,2.0,0.0,0.001,11.37,11.37,11.46,11.27,11.27,11.26,11.48,11.37,11.32,11.37,10.88,11.54,11.46,11.56,11.3,11.47,11.42,11.38,11.12
2017-05-04 23:18:00-05:00,-7.41693,-9.824308,-2.7831073,-7.94481,-7.725985,-2.313378,-7.401739,-6.954349,857867.0,14.01,0.0,-0.237,-0.136,0.273,11.72,11.23,0.0,0.0,0.0,0.0,0.0,0.0,0.0,0.0,11.33,-1.167,-1.3,-0.2,0.0,0.0,0.0,0.0,0.0,272.3,275.9,276.0,274.3,0.683,0.0,0.0,-0.102,-0.038,0.095,0.0,6000.0,403526.0,123.0,402.0,59.95,2.0,33.0,41.0,32.63,11.73,11.18,-0.038,0.0,0.2,0.2,60.0,59.5,75.6,1.0,274.4,275.0,274.0,-0.076,0.031,0.082,1916.0,415939.0,13178.0,1913.0,-0.925,0.818,0.791,0.836,0.001,0.0,0.001,0.0,0.0,0.0,0.0,0.0,1.0,1.0,1.0,0.0,2.76,79.26,21.84,5.5,3.504,2.0,-1.0,13.81,0.007,0.274,3.0,2.0,0.0,0.0,11.37,11.37,11.46,11.27,11.27,11.26,11.48,11.36,11.32,11.37,10.88,11.55,11.47,11.57,11.31,11.47,11.42,11.38,11.13
2017-05-04 23:19:00-05:00,-7.41693,-9.824308,-2.7831073,-7.94481,-7.725985,-2.313378,-7.401739,-6.954349,857868.0,14.01,0.0,-0.233,-0.14,0.275,11.71,11.51,0.0,0.0,0.0,0.0,0.0,0.0,0.0,0.0,11.77,-1.5,-1.5,-0.2,0.0,0.0,0.0,0.0,0.0,272.0,275.3,276.0,274.0,0.678,0.0,0.0,-0.1,-0.043,0.09,0.0,6000.0,403526.0,123.0,402.0,59.96,2.0,33.0,41.0,32.02,11.73,11.18,-0.038,0.0,0.2,0.2,60.0,59.5,75.6,1.0,274.0,275.0,274.0,-0.076,0.031,0.082,1916.0,415939.0,13178.0,1913.0,-0.925,0.818,0.791,0.836,0.001,-0.001,0.001,0.0,0.0,0.0,0.0,0.0,1.0,1.0,1.0,0.0,4.073,91.0,22.93,7.6,3.503,2.0,-1.0,13.81,0.002,0.274,3.0,2.0,0.0,0.0,11.37,11.37,11.44,11.27,11.27,11.27,11.5,11.37,11.32,11.39,10.88,11.54,11.46,11.56,11.3,11.48,11.42,11.38,11.13
2017-05-04 23:20:00-05:00,-7.41693,-9.824308,-2.7831073,-7.94481,-7.725985,-2.313378,-7.401739,-6.954349,857869.0,14.01,0.0,-0.23,-0.134,0.278,11.78,11.09,0.0,0.0,0.0,0.0,0.0,0.0,0.0,0.0,11.02,-1.433,-1.383,-0.2,0.0,0.0,0.0,0.0,0.0,272.0,275.0,275.8,274.0,0.682,0.0,0.0,-0.1,-0.053,0.072,0.0,6000.0,403526.0,123.0,402.0,59.95,2.0,33.0,41.0,32.0,11.8,11.17,-0.038,0.0,0.2,0.2,60.0,59.5,75.6,1.0,274.0,274.8,273.4,-0.076,0.031,0.082,1916.0,415939.0,13178.0,1913.0,-0.925,0.818,0.791,0.836,0.001,-0.001,0.001,0.0,0.0,0.0,0.0,0.0,1.0,1.0,1.0,0.0,3.353,91.7,36.76,7.3,3.503,2.0,-1.0,13.81,0.002,0.274,3.0,2.0,0.0,0.0,11.34,11.37,11.46,11.27,11.27,11.27,11.53,11.38,11.35,11.41,10.89,11.54,11.47,11.57,11.3,11.47,11.43,11.38,11.13
2017-05-04 23:21:00-05:00,-7.41693,-9.824308,-2.7831073,-7.94481,-7.725985,-2.313378,-7.401739,-7.0722194,857870.0,13.99,0.0,-0.225,-0.162,0.283,11.81,11.06,0.0,0.0,0.0,0.0,0.0,0.0,0.0,0.0,11.18,-1.4,-1.367,-0.2,0.0,0.0,0.0,0.0,0.0,272.0,275.0,275.3,274.0,0.672,0.0,0.0,-0.103,-0.062,0.075,0.0,6000.0,403526.0,123.0,402.0,59.96,2.0,33.0,41.0,32.0,11.83,11.17,-0.038,0.0,0.2,0.2,60.0,59.5,75.6,1.0,274.0,274.2,273.1,-0.076,0.031,0.082,1916.0,415939.0,13178.0,1913.0,-0.925,0.818,0.791,0.836,0.001,0.0,0.001,0.0,0.0,0.0,0.0,0.0,1.0,1.0,1.0,0.0,3.19,84.6,42.5,6.4,3.504,2.0,-1.0,13.81,0.002,0.274,3.0,2.0,0.0,0.0,11.33,11.37,11.46,11.27,11.27,11.24,11.51,11.38,11.36,11.41,10.89,11.54,11.48,11.58,11.3,11.48,11.44,11.4,11.13
2017-05-04 23:22:00-05:00,-7.41693,-9.988047,-2.7831073,-7.94481,-7.725985,-2.313378,-7.401739,-7.0722194,857871.0,13.99,0.0,-0.076,-0.006,0.396,11.86,12.29,0.0,0.0,0.0,0.0,0.0,0.0,0.0,0.0,12.58,-1.417,-1.417,-0.2,0.0,0.0,0.0,0.0,0.0,272.0,275.0,275.6,274.0,0.655,0.0,0.0,-0.1,-0.063,0.087,0.0,6000.0,403526.0,123.0,402.0,59.95,2.0,33.0,40.98,32.0,11.83,11.17,-0.038,0.0,0.2,0.2,60.0,59.5,75.6,1.0,274.0,274.8,273.5,-0.076,0.031,0.082,1916.0,415939.0,13178.0,1913.0,-0.925,0.818,0.791,0.836,0.001,0.0,0.0,0.0,0.0,0.0,0.0,0.0,1.0,1.0,1.0,0.0,2.868,101.7,35.99,4.8,3.504,2.0,-1.0,13.81,0.003,0.274,3.0,2.0,0.0,0.0,11.32,11.37,11.45,11.27,11.27,11.26,11.5,11.38,11.36,11.41,10.89,11.54,11.5,11.58,11.3,11.49,11.45,11.41,11.14
2017-05-04 23:23:00-05:00,-7.41693,-9.824308,-2.7831073,-7.94481,-7.725985,-2.313378,-7.401739,-6.954349,857872.0,13.99,0.0,-0.218,-0.142,0.297,11.85,13.03,0.0,0.0,0.0,0.0,0.0,0.0,0.0,0.0,13.25,-1.333,-1.533,-0.2,0.0,0.0,0.0,0.0,0.0,272.0,275.0,275.5,274.0,0.652,0.0,0.0,-0.1,-0.053,0.068,0.0,6000.0,403526.0,123.0,402.0,59.95,2.0,33.0,40.98,32.0,11.87,11.18,-0.038,0.0,0.2,0.2,60.0,59.5,75.6,1.0,274.0,274.7,273.3,-0.076,0.031,0.082,1916.0,415939.0,13178.0,1913.0,-0.925,0.818,0.791,0.836,0.001,0.0,0.001,0.0,0.0,0.0,0.0,0.0,1.0,1.0,1.0,0.0,2.373,98.9,45.88,5.0,3.503,2.0,-1.0,13.58,0.002,0.274,3.0,2.0,0.0,0.0,11.37,11.37,11.43,11.27,11.27,11.27,11.58,11.4,11.37,11.42,10.92,11.55,11.51,11.59,11.32,11.49,11.47,11.43,11.16
2017-05-04 23:24:00-05:00,-7.41693,-9.824308,-2.7831073,-7.94481,-7.725985,-2.313378,-7.401739,-6.954349,857873.0,13.99,0.0,-0.217,-0.141,0.291,11.84,12.09,0.0,0.0,0.0,0.0,0.0,0.0,0.0,0.0,12.4,-1.3,-1.35,-0.2,0.0,0.0,0.0,0.0,0.0,272.0,275.0,275.5,274.0,0.658,0.0,0.0,-0.103,-0.055,0.075,0.0,6000.0,403526.0,123.0,402.0,59.96,2.0,33.0,40.97,32.0,11.83,11.2,-0.038,0.0,0.2,0.2,60.0,59.5,75.6,1.0,274.0,275.0,273.7,-0.076,0.031,0.082,1916.0,415939.0,13178.0,1913.0,-0.925,0.818,0.791,0.836,0.001,0.0,0.001,0.0,0.0,0.0,0.0,0.0,1.0,1.0,1.0,0.0,2.665,104.5,36.47,4.7,3.504,2.0,-1.0,13.81,0.002,0.274,3.0,2.0,0.0,0.0,11.4,11.37,11.46,11.31,11.27,11.3,11.61,11.41,11.37,11.41,10.92,11.57,11.52,11.61,11.34,11.52,11.47,11.43,11.17
2017-05-04 23:25:00-05:00,-7.5405455,-9.824308,-2.7831073,-7.94481,-7.725985,-2.313378,-7.401739,-7.0722194,857874.0,13.97,0.0,-0.215,-0.152,0.293,11.79,12.02,0.0,0.0,0.0,0.0,0.0,0.0,0.0,0.0,12.23,-1.317,-1.367,-0.2,0.0,0.0,0.0,0.0,0.0,272.0,275.0,275.2,274.0,0.658,0.0,0.0,-0.1,-0.057,0.072,0.0,6000.0,403526.0,123.0,402.0,59.96,2.0,33.0,40.65,32.0,11.79,11.2,-0.038,0.0,0.2,0.2,60.0,59.5,75.6,1.0,274.0,274.2,273.1,-0.076,0.031,0.082,1916.0,415939.0,13178.0,1913.0,-0.926,0.818,0.791,0.836,0.001,0.0,0.0,0.0,0.0,0.0,0.0,0.0,1.0,1.0,1.0,0.0,3.67,106.1,24.15,7.8,3.503,2.0,-1.0,13.81,0.002,0.274,3.0,2.0,0.0,0.0,11.37,11.37,11.46,11.31,11.27,11.33,11.55,11.41,11.38,11.4,10.92,11.57,11.53,11.61,11.34,11.51,11.48,11.44,11.17
2017-05-04 23:26:00-05:00,-7.41693,-9.824308,-2.7831073,-7.94481,-7.725985,-2.313378,-7.401739,-6.954349,857875.0,13.95,0.0,-0.215,-0.166,0.293,11.83,11.29,0.0,0.0,0.0,0.0,0.0,0.0,0.0,0.0,11.43,-1.6,-1.467,-0.2,0.0,0.0,0.0,0.0,0.0,272.0,275.1,276.0,274.0,0.677,0.0,0.0,-0.102,-0.04,0.068,0.0,6000.0,403526.0,123.0,402.0,59.96,2.0,33.0,40.12,32.0,11.84,11.21,-0.038,0.0,0.2,0.2,60.0,59.5,75.6,1.0,274.0,275.0,274.0,-0.076,0.031,0.082,1916.0,415939.0,13178.0,1913.0,-0.925,0.818,0.791,0.836,0.001,0.0,0.001,0.0,0.0,0.0,0.0,0.0,1.0,1.0,1.0,0.0,2.488,98.9,36.89,6.4,3.503,2.0,-1.0,13.81,0.002,0.274,3.0,2.0,0.0,0.0,11.37,11.37,11.46,11.37,11.27,11.34,11.58,11.42,11.39,11.41,10.93,11.57,11.54,11.61,11.34,11.52,11.48,11.44,11.17
2017-05-04 23:27:00-05:00,-7.5405455,-9.824308,-2.7831073,-7.94481,-7.725985,-2.313378,-7.401739,-6.954349,857876.0,13.97,0.0,-0.217,-0.183,0.291,11.86,9.93,0.0,0.0,0.0,0.0,0.0,0.0,0.0,0.0,10.02,-1.783,-1.583,-0.2,0.0,0.0,0.0,0.0,0.0,272.0,275.1,276.0,274.0,0.665,0.0,0.0,-0.1,-0.047,0.073,0.0,6000.0,403526.0,123.0,402.0,59.97,2.0,33.0,40.0,32.0,11.87,11.21,-0.038,0.0,0.2,0.2,60.0,59.5,75.6,1.0,274.0,275.0,274.0,-0.076,0.031,0.082,1916.0,415939.0,13178.0,1913.0,-0.925,0.818,0.791,0.836,0.001,0.0,0.001,0.0,0.0,0.0,0.0,0.0,1.0,1.0,1.0,0.0,3.24,93.0,39.54,8.6,3.503,2.0,-1.0,13.81,0.002,0.274,3.0,2.0,0.0,0.0,11.37,11.37,11.46,11.35,11.27,11.29,11.59,11.42,11.4,11.41,10.93,11.57,11.54,11.61,11.34,11.51,11.49,11.44,11.17
2017-05-04 23:28:00-05:00,-7.41693,-10.151785,-2.7831073,-7.94481,-7.725985,-2.313378,-7.401739,-6.954349,857877.0,13.97,0.0,-0.041,0.043,0.465,11.88,9.99,0.0,0.0,0.0,0.0,0.0,0.0,0.0,0.0,10.25,-1.7,-1.567,-0.2,0.0,0.0,0.0,0.0,0.0,272.0,275.6,276.0,274.0,0.675,0.0,0.0,-0.102,-0.055,0.085,0.0,6000.0,403526.0,123.0,402.0,59.98,2.0,33.0,40.0,32.0,11.92,11.21,-0.038,0.0,0.2,0.2,60.0,59.5,75.6,1.0,274.1,275.0,274.0,-0.076,0.031,0.082,1916.0,415939.0,13178.0,1913.0,-0.925,0.818,0.791,0.836,0.001,0.0,0.001,0.0,0.0,0.0,0.0,0.0,1.0,1.0,1.0,0.0,4.162,113.9,14.16,7.7,3.503,2.0,-1.0,13.5,-0.003,0.275,1.0,2.0,0.0,0.001,11.43,11.41,11.46,11.37,11.27,11.31,11.6,11.41,11.4,11.41,10.92,11.57,11.54,11.61,11.34,11.52,11.49,11.45,11.18
2017-05-04 23:29:00-05:00,-7.41693,-9.988047,-2.7831073,-7.94481,-7.725985,-2.313378,-7.401739,-6.954349,857878.0,13.95,0.0,-0.218,-0.159,0.29,11.89,11.59,0.0,0.0,0.0,0.0,0.0,0.0,0.0,0.0,11.82,-1.633,-1.533,-0.2,0.0,0.0,0.0,0.0,0.0,272.2,275.9,276.0,274.2,0.69,0.0,0.0,-0.103,-0.038,0.08,0.0,6000.0,403526.0,123.0,402.0,59.98,2.0,33.0,40.0,32.0,11.92,11.2,-0.038,0.0,0.2,0.2,60.0,59.5,75.6,1.0,274.5,275.0,274.0,-0.076,0.031,0.082,1916.0,415939.0,13178.0,1913.0,-0.925,0.818,0.791,0.836,0.001,0.0,0.001,0.0,0.0,0.0,0.0,0.0,1.0,1.0,1.0,0.0,3.278,103.2,22.18,5.6,3.503,2.0,-1.0,13.75,0.006,0.275,3.0,2.0,0.0,0.0,11.39,11.46,11.46,11.37,11.27,11.31,11.63,11.43,11.42,11.43,10.94,11.58,11.54,11.63,11.34,11.53,11.5,11.45,11.18
2017-05-04 23:30:00-05:00,-7.41693,-9.824308,-2.7831073,-7.94481,-7.725985,-2.313378,-7.401739,-6.954349,857879.0,13.94,0.0,-0.216,-0.157,0.292,11.9,12.28,0.0,0.0,0.0,0.0,0.0,0.0,0.0,0.0,12.53,-1.65,-1.583,-0.2,0.0,0.0,0.0,0.0,0.0,272.1,275.9,276.0,274.1,0.695,0.0,0.0,-0.102,-0.05,0.077,0.0,6000.0,403526.0,123.0,402.0,59.97,2.0,33.0,40.0,32.0,11.94,11.22,-0.038,0.0,0.2,0.2,60.0,59.5,75.6,1.0,274.3,275.0,274.0,-0.076,0.031,0.082,1916.0,415939.0,13178.0,1913.0,-0.925,0.818,0.791,0.836,0.001,-0.001,0.0,-0.001,0.0,0.0,0.0,0.0,1.0,1.0,1.0,0.0,2.785,81.4,43.97,5.5,3.503,2.0,-1.0,13.77,0.002,0.275,3.0,2.0,0.0,0.0,11.39,11.46,11.46,11.37,11.28,11.27,11.63,11.44,11.44,11.46,10.96,11.6,11.56,11.65,11.38,11.54,11.52,11.47,11.21
2017-05-04 23:31:00-05:00,-7.41693,-9.824308,-2.7831073,-7.94481,-7.725985,-2.313378,-7.401739,-6.954349,857880.0,13.94,0.0,-0.214,-0.176,0.294,11.94,11.96,0.0,0.0,0.0,0.0,0.0,0.0,0.0,0.0,12.4,-1.467,-1.383,-0.2,0.0,0.0,0.0,0.0,0.0,272.5,276.0,276.0,274.5,0.685,0.0,0.0,-0.1,-0.053,0.087,0.0,6000.0,403526.0,123.0,402.0,59.97,2.0,33.0,40.0,32.0,11.99,11.26,-0.038,0.0,0.2,0.2,60.0,59.5,75.6,1.0,274.8,275.0,274.0,-0.076,0.031,0.082,1916.0,415939.0,13178.0,1913.0,-0.925,0.818,0.791,0.836,0.001,-0.001,0.0,0.0,0.0,0.0,0.0,0.0,1.0,1.0,1.0,0.0,3.355,101.4,25.99,5.7,3.504,2.0,-1.0,13.77,0.002,0.275,3.0,2.0,0.0,0.0,11.47,11.46,11.46,11.38,11.35,11.34,11.64,11.46,11.46,11.46,10.97,11.62,11.58,11.67,11.39,11.56,11.54,11.49,11.22
2017-05-04 23:32:00-05:00,-7.41693,-9.824308,-2.7831073,-7.94481,-7.725985,-2.313378,-7.401739,-6.954349,857881.0,13.93,0.0,-0.213,-0.149,0.295,11.96,11.38,0.0,0.0,0.0,0.0,0.0,0.0,0.0,0.0,11.53,-1.767,-1.617,-0.2,0.0,0.0,0.0,0.0,0.0,272.6,275.9,276.0,274.6,0.682,0.0,0.0,-0.102,-0.042,0.082,0.0,6000.0,403526.0,123.0,402.0,59.96,2.0,33.0,40.0,32.0,11.97,11.27,-0.038,0.0,0.2,0.2,60.0,59.5,75.6,1.0,274.8,275.0,274.0,-0.076,0.031,0.082,1916.0,415939.0,13178.0,1913.0,-0.925,0.818,0.791,0.836,0.001,0.0,0.001,0.0,0.0,0.0,0.0,0.0,1.0,1.0,1.0,0.0,3.353,89.0,23.82,6.7,3.503,2.0,-1.0,13.78,0.002,0.275,3.0,2.0,0.0,0.0,11.48,11.46,11.48,11.46,11.37,11.37,11.65,11.48,11.48,11.48,10.99,11.63,11.6,11.68,11.4,11.58,11.56,11.51,11.24
2017-05-04 23:33:00-05:00,-7.41693,-9.824308,-2.7831073,-7.8123965,-7.725985,-2.313378,-7.401739,-6.954349,857882.0,13.92,0.0,0.004,0.064,0.466,11.98,10.06,0.0,0.0,0.0,0.0,0.0,0.0,0.0,0.0,10.08,-1.767,-1.5,-0.2,0.0,0.0,0.0,0.0,0.0,272.9,276.0,276.0,274.9,0.675,0.0,0.0,-0.102,-0.03,0.072,0.0,6000.0,403526.0,123.0,402.0,59.96,2.0,33.0,40.0,32.0,12.0,11.28,-0.038,0.0,0.2,0.2,60.0,59.5,75.6,1.0,275.0,275.0,274.0,-0.076,0.031,0.082,1916.0,415939.0,13178.0,1913.0,-0.925,0.818,0.791,0.836,0.001,0.0,0.001,-0.001,0.0,0.0,0.0,0.0,1.0,1.0,1.0,0.0,3.657,78.88,55.61,8.6,3.504,2.0,-1.0,13.78,0.004,0.275,3.0,2.0,0.0,0.0,11.48,11.46,11.5,11.45,11.37,11.37,11.64,11.49,11.49,11.49,11.0,11.64,11.61,11.69,11.4,11.59,11.57,11.52,11.24
2017-05-04 23:34:00-05:00,-7.41693,-9.988047,-2.7831073,-7.8123965,-7.725985,-2.313378,-7.401739,-7.0722194,857883.0,13.92,0.0,-0.21,-0.14,0.319,12.0,10.24,0.0,0.0,0.0,0.0,0.0,0.0,0.0,0.0,10.4,-1.833,-1.617,-0.2,0.0,0.0,0.0,0.0,0.0,273.0,276.0,276.0,275.0,0.688,0.0,0.0,-0.1,-0.04,0.088,0.0,6000.0,403526.0,123.0,402.0,59.95,2.0,33.0,40.0,32.0,12.0,11.28,-0.038,0.0,0.2,0.2,60.0,59.5,75.6,1.0,275.0,275.0,274.0,-0.076,0.031,0.082,1916.0,415939.0,13178.0,1913.0,-0.925,0.818,0.791,0.836,0.001,0.0,0.001,0.0,0.0,0.0,0.0,0.0,1.0,1.0,1.0,0.0,2.673,113.7,35.49,7.9,3.504,2.0,-1.0,13.63,0.002,0.274,1.0,2.0,0.0,0.001,11.53,11.46,11.48,11.46,11.37,11.37,11.66,11.49,11.48,11.48,11.0,11.63,11.6,11.68,11.4,11.58,11.56,11.51,11.24
2017-05-04 23:35:00-05:00,-7.41693,-10.151785,-2.7831073,-7.94481,-7.725985,-2.313378,-7.527192,-6.954349,857884.0,13.93,0.0,-0.209,-0.129,0.299,11.99,10.02,0.0,0.0,0.0,0.0,0.0,0.0,0.0,0.0,10.0,-1.867,-1.583,-0.2,0.0,0.0,0.0,0.0,0.0,273.0,276.0,276.1,275.0,0.68,0.0,0.0,-0.102,-0.027,0.097,0.0,6000.0,403526.0,123.0,402.0,59.95,2.0,33.0,40.0,32.0,11.99,11.28,-0.038,0.0,0.2,0.2,60.0,59.5,75.6,1.0,275.0,275.0,274.0,-0.076,0.031,0.082,1916.0,415939.0,13178.0,1913.0,-0.925,0.818,0.791,0.836,0.001,0.0,0.001,0.0,0.0,0.0,0.0,0.0,1.0,1.0,1.0,0.0,3.302,97.1,17.93,5.2,3.504,2.0,-1.0,13.81,0.002,0.274,3.0,2.0,0.0,0.0,11.53,11.48,11.48,11.43,11.37,11.37,11.65,11.49,11.48,11.48,10.99,11.64,11.61,11.69,11.41,11.58,11.56,11.51,11.24
2017-05-04 23:36:00-05:00,-7.41693,-10.315524,-2.7831073,-7.94481,-7.725985,-2.313378,-7.401739,-6.954349,857885.0,13.9,0.0,-0.209,-0.134,0.3,12.02,10.13,0.0,0.0,0.0,0.0,0.0,0.0,0.0,0.0,10.13,-1.85,-1.55,-0.2,0.0,0.0,0.0,0.0,0.0,273.0,276.0,276.6,275.0,0.682,0.0,0.0,-0.1,-0.037,0.082,0.0,6000.0,403526.0,123.0,402.0,59.96,2.0,33.0,40.0,32.0,12.01,11.28,-0.038,0.0,0.2,0.2,60.0,59.5,75.6,1.0,275.0,275.0,274.0,-0.076,0.031,0.082,1916.0,415939.0,13178.0,1913.0,-0.925,0.818,0.791,0.836,0.001,0.0,0.001,0.0,0.0,0.0,0.0,0.0,1.0,1.0,1.0,0.0,3.192,115.1,37.52,5.3,3.502,2.0,-1.0,13.81,0.002,0.274,3.0,2.0,0.0,0.0,11.52,11.46,11.46,11.46,11.37,11.37,11.64,11.49,11.5,11.48,10.99,11.64,11.62,11.69,11.41,11.59,11.58,11.53,11.25
2017-05-04 23:37:00-05:00,-7.41693,-10.151785,-2.7831073,-7.94481,-7.725985,-2.313378,-7.401739,-7.0722194,857886.0,13.92,0.0,-0.207,-0.146,0.301,12.08,10.95,0.0,0.0,0.0,0.0,0.0,0.0,0.0,0.0,11.23,-1.717,-1.567,-0.2,0.0,0.0,0.0,0.0,0.0,273.0,276.0,276.8,275.0,0.675,0.0,0.0,-0.102,-0.027,0.09,0.0,6000.0,403526.0,123.0,402.0,59.97,2.0,33.0,40.0,32.0,12.1,11.29,-0.037,0.0,0.2,0.2,60.0,59.5,75.6,1.0,275.0,275.0,274.0,-0.076,0.031,0.082,1916.0,415939.0,13178.0,1913.0,-0.925,0.818,0.791,0.836,0.001,-0.001,0.001,0.0,0.0,0.0,0.0,0.0,1.0,1.0,1.0,0.0,3.252,81.7,29.09,7.9,3.502,2.0,-1.0,13.81,0.002,0.274,3.0,2.0,0.0,0.0,11.52,11.46,11.5,11.45,11.37,11.37,11.7,11.51,11.52,11.5,11.01,11.65,11.64,11.71,11.42,11.61,11.6,11.55,11.26
2017-05-04 23:38:00-05:00,-7.41693,-9.824308,-2.7831073,-7.8123965,-7.725985,-2.313378,-7.401739,-7.0722194,857887.0,13.92,0.0,-0.207,-0.146,0.301,12.11,12.6,0.0,0.0,0.0,0.0,0.0,0.0,0.0,0.0,12.68,-1.867,-1.6,-0.2,0.0,0.0,0.0,0.0,0.0,273.0,276.0,276.7,275.0,0.68,0.0,0.0,-0.1,-0.037,0.093,0.0,6000.0,403526.0,123.0,402.0,59.95,2.0,33.0,40.0,32.0,12.12,11.32,-0.038,0.0,0.2,0.2,60.0,59.5,75.6,1.0,275.0,275.0,274.0,-0.076,0.031,0.082,1916.0,415939.0,13178.0,1913.0,-0.925,0.818,0.791,0.836,0.001,0.0,0.001,0.0,0.0,0.0,0.0,0.0,1.0,1.0,1.0,0.0,2.272,72.0,27.94,4.4,3.503,2.0,-1.0,13.81,0.002,0.274,3.0,2.0,0.0,0.0,11.5,11.48,11.53,11.46,11.4,11.37,11.76,11.53,11.54,11.52,11.04,11.67,11.65,11.73,11.45,11.64,11.62,11.58,11.29
2017-05-04 23:39:00-05:00,-7.41693,-9.824308,-2.7831073,-7.8123965,-7.725985,-2.313378,-7.2762856,-6.954349,857888.0,13.92,0.0,0.035,0.115,0.526,12.09,12.99,0.0,0.0,0.0,0.0,0.0,0.0,0.0,0.0,13.12,-1.683,-1.5,-0.2,0.0,0.0,0.0,0.0,0.0,273.0,276.0,277.0,275.0,0.688,0.0,0.0,-0.102,-0.042,0.09,0.0,6000.0,403526.0,123.0,402.0,59.95,2.0,33.0,40.0,32.0,12.1,11.35,-0.038,0.0,0.2,0.2,60.0,59.5,75.6,1.0,275.0,275.0,274.0,-0.076,0.031,0.082,1916.0,415939.0,13178.0,1913.0,-0.925,0.818,0.791,0.836,0.001,0.0,0.001,0.0,0.0,0.0,0.0,0.0,1.0,1.0,1.0,0.0,3.542,104.2,25.23,6.6,3.504,2.0,-1.0,13.48,-0.004,0.275,1.0,2.0,0.0,0.001,11.53,11.53,11.56,11.46,11.46,11.39,11.75,11.56,11.56,11.55,11.07,11.7,11.69,11.76,11.48,11.67,11.66,11.62,11.33
2017-05-04 23:40:00-05:00,-7.41693,-9.824308,-2.7831073,-7.8123965,-7.5972185,-2.313378,-7.401739,-6.8364787,857889.0,13.92,0.0,-0.206,-0.145,0.302,12.11,11.91,0.0,0.0,0.0,0.0,0.0,0.0,0.0,0.0,12.07,-1.783,-1.617,-0.2,0.0,0.0,0.0,0.0,0.0,273.0,276.0,276.8,275.0,0.678,0.0,0.0,-0.105,-0.022,0.092,0.0,6000.0,403526.0,123.0,402.0,59.94,2.0,33.0,40.0,32.0,12.1,11.38,-0.038,0.0,0.2,0.2,60.0,59.5,75.6,1.0,275.0,275.0,274.0,-0.076,0.031,0.082,1916.0,415939.0,13178.0,1913.0,-0.925,0.818,0.791,0.836,0.001,0.0,0.001,0.0,0.0,0.0,0.0,0.0,1.0,1.0,1.0,0.0,2.597,115.8,79.35,5.2,3.504,2.0,-1.0,13.73,0.009,0.274,3.0,2.0,0.0,0.0,11.58,11.56,11.58,11.5,11.46,11.46,11.76,11.58,11.58,11.57,11.08,11.74,11.72,11.78,11.51,11.69,11.67,11.63,11.35
2017-05-04 23:41:00-05:00,-7.41693,-9.824308,-2.7831073,-7.8123965,-7.5972185,-2.313378,-7.2762856,-6.8364787,857890.0,13.91,0.0,-0.206,-0.125,0.302,12.12,10.29,0.0,0.0,0.0,0.0,0.0,0.0,0.0,0.0,10.43,-1.883,-1.567,-0.2,0.0,0.0,0.0,0.0,0.0,273.0,276.0,276.7,275.0,0.675,0.0,0.0,-0.102,-0.033,0.097,0.0,6000.0,403526.0,123.0,402.0,59.94,2.0,33.0,40.0,32.0,12.07,11.39,-0.038,0.0,0.2,0.2,60.0,59.5,75.6,1.0,275.0,275.0,274.0,-0.076,0.031,0.082,1916.0,415939.0,13178.0,1913.0,-0.925,0.818,0.791,0.836,0.001,0.0,0.001,0.0,0.0,0.0,0.0,0.0,1.0,1.0,1.0,0.0,3.263,85.6,22.89,5.3,3.502,2.0,-1.0,13.81,0.002,0.274,3.0,2.0,0.0,0.0,11.59,11.56,11.59,11.51,11.46,11.47,11.76,11.6,11.59,11.58,11.11,11.74,11.71,11.78,11.51,11.71,11.68,11.65,11.36
2017-05-04 23:42:00-05:00,-7.41693,-9.824308,-2.7831073,-7.8123965,-7.5972185,-2.313378,-7.2762856,-6.8364787,857891.0,13.9,0.0,-0.205,-0.131,0.303,12.1,9.89,0.0,0.0,0.0,0.0,0.0,0.0,0.0,0.0,10.0,-1.917,-1.583,-0.2,0.0,0.0,0.0,0.0,0.0,273.0,276.0,276.7,275.0,0.685,0.0,0.0,-0.1,-0.04,0.093,0.0,6000.0,403526.0,123.0,402.0,59.93,2.0,33.0,40.0,32.0,12.05,11.38,-0.038,0.0,0.2,0.2,60.0,59.5,75.6,1.0,275.0,275.0,274.0,-0.076,0.031,0.082,1916.0,415939.0,13178.0,1913.0,-0.925,0.818,0.791,0.836,0.001,-0.001,0.001,0.0,0.0,0.0,0.0,0.0,1.0,1.0,1.0,0.0,2.255,105.1,35.03,5.3,3.502,2.0,-1.0,13.81,0.002,0.274,3.0,2.0,0.0,0.0,11.58,11.56,11.61,11.51,11.46,11.44,11.76,11.6,11.59,11.59,11.11,11.74,11.72,11.78,11.51,11.7,11.67,11.64,11.36
2017-05-04 23:43:00-05:00,-7.41693,-9.988047,-2.7831073,-7.94481,-7.5972185,-2.313378,-7.2762856,-6.954349,857892.0,13.9,0.0,-0.205,-0.144,0.303,12.06,10.87,0.0,0.0,0.0,0.0,0.0,0.0,0.0,0.0,10.98,-1.783,-1.567,-0.2,0.0,0.0,0.0,0.0,0.0,273.0,276.0,276.6,275.0,0.685,0.0,0.0,-0.1,-0.033,0.09,0.0,6000.0,403526.0,123.0,402.0,59.93,2.0,33.0,40.0,32.0,12.04,11.38,-0.038,0.0,0.2,0.2,60.0,59.5,75.6,1.0,275.0,275.0,274.0,-0.076,0.031,0.082,1916.0,415939.0,13178.0,1913.0,-0.925,0.818,0.791,0.836,0.001,-0.001,0.0,0.0,0.0,0.0,0.0,0.0,1.0,1.0,1.0,0.0,3.342,113.4,41.98,6.0,3.504,2.0,-1.0,13.81,0.002,0.274,3.0,2.0,0.0,0.0,11.58,11.56,11.63,11.54,11.46,11.49,11.76,11.59,11.57,11.56,11.1,11.74,11.71,11.79,11.52,11.71,11.67,11.63,11.36
2017-05-04 23:44:00-05:00,-7.41693,-9.988047,-2.7831073,-7.94481,-7.5972185,-2.313378,-7.2762856,-6.8364787,857893.0,13.9,0.0,0.066,0.121,0.549,12.06,12.45,0.0,0.0,0.0,0.0,0.0,0.0,0.0,0.0,12.67,-1.65,-1.567,-0.2,0.0,0.0,0.0,0.0,0.0,273.0,276.0,276.2,275.0,0.69,0.0,0.0,-0.102,-0.038,0.097,0.0,6000.0,403526.0,123.0,402.0,59.95,2.0,33.0,40.0,32.0,12.05,11.39,-0.038,0.0,0.2,0.2,60.0,59.5,75.6,1.0,275.0,275.0,274.0,-0.076,0.031,0.082,1916.0,415939.0,13178.0,1913.0,-0.925,0.818,0.791,0.836,0.001,-0.001,0.001,0.0,0.0,0.0,0.0,0.0,1.0,1.0,1.0,0.0,2.608,105.2,49.71,5.3,3.503,2.0,-1.0,13.81,0.005,0.274,3.0,2.0,0.0,0.0,11.58,11.56,11.66,11.54,11.46,11.48,11.76,11.6,11.57,11.56,11.1,11.76,11.74,11.81,11.54,11.7,11.67,11.64,11.37
2017-05-04 23:45:00-05:00,-7.41693,-9.824308,-2.7831073,-7.8123965,-7.5972185,-2.313378,-7.2762856,-6.954349,857894.0,13.9,0.0,-0.177,-0.111,0.333,12.05,13.45,0.0,0.0,0.0,0.0,0.0,0.0,0.0,0.0,13.8,-1.583,-1.55,-0.2,0.0,0.0,0.0,0.0,0.0,273.0,276.0,276.6,275.0,0.682,0.0,0.0,-0.1,-0.043,0.093,0.0,6000.0,403526.0,123.0,402.0,59.97,2.0,33.0,40.0,32.0,12.08,11.41,-0.038,0.0,0.2,0.2,60.0,59.5,75.6,1.0,275.0,275.0,274.0,-0.076,0.031,0.082,1916.0,415939.0,13178.0,1913.0,-0.925,0.818,0.791,0.836,0.001,0.0,0.001,0.0,0.0,0.0,0.0,0.0,1.0,1.0,1.0,0.0,2.363,122.0,41.98,4.2,3.503,2.0,-1.0,13.55,-0.001,0.273,3.0,2.0,0.0,0.001,11.65,11.56,11.66,11.53,11.46,11.49,11.76,11.61,11.59,11.59,11.12,11.76,11.74,11.81,11.54,11.73,11.69,11.66,11.38
2017-05-04 23:46:00-05:00,-7.41693,-9.824308,-2.7831073,-7.8123965,-7.5972185,-2.313378,-7.2762856,-6.8364787,857895.0,13.9,0.0,-0.204,-0.164,0.304,12.11,12.11,0.0,0.0,0.0,0.0,0.0,0.0,0.0,0.0,12.27,-1.75,-1.583,-0.2,0.0,0.0,0.0,0.0,0.0,273.0,276.0,276.1,275.0,0.683,0.0,0.0,-0.1,-0.035,0.087,0.0,6000.0,403526.0,123.0,402.0,59.95,2.0,33.0,40.0,32.0,12.14,11.43,-0.038,0.0,0.2,0.2,60.0,59.5,75.6,1.0,275.0,275.0,274.0,-0.076,0.031,0.082,1916.0,415939.0,13178.0,1913.0,-0.925,0.818,0.791,0.836,0.0,-0.001,0.001,0.0,0.0,0.0,0.0,0.0,1.0,1.0,1.0,0.0,2.793,111.8,31.82,5.8,3.504,2.0,-1.0,13.81,0.002,0.274,3.0,2.0,0.0,0.0,11.66,11.61,11.66,11.56,11.48,11.57,11.84,11.64,11.63,11.61,11.15,11.79,11.77,11.83,11.56,11.75,11.71,11.68,11.4
2017-05-04 23:47:00-05:00,-7.293315,-9.824308,-2.7831073,-7.8123965,-7.5972185,-2.313378,-7.1508327,-6.8364787,857896.0,13.9,0.0,-0.204,-0.153,0.304,12.12,10.86,0.0,0.0,0.0,0.0,0.0,0.0,0.0,0.0,11.0,-1.783,-1.633,-0.2,0.0,0.0,0.0,0.0,0.0,273.0,276.0,276.0,275.0,0.667,0.0,0.0,-0.102,-0.043,0.09,0.0,6000.0,403526.0,123.0,402.0,59.96,2.0,33.0,40.0,32.0,12.13,11.46,-0.038,0.0,0.2,0.2,60.0,59.5,75.6,1.0,275.0,275.0,274.0,-0.076,0.031,0.082,1916.0,415939.0,13178.0,1913.0,-0.925,0.818,0.791,0.836,0.001,0.0,0.0,0.0,0.0,0.0,0.0,0.0,1.0,1.0,1.0,0.0,3.537,109.7,18.03,6.6,3.503,2.0,-1.0,13.81,0.002,0.274,3.0,2.0,0.0,0.0,11.64,11.68,11.66,11.56,11.53,11.55,11.86,11.65,11.63,11.61,11.16,11.8,11.78,11.86,11.58,11.76,11.73,11.7,11.42
2017-05-04 23:48:00-05:00,-7.293315,-9.824308,-2.7831073,-7.8123965,-7.5972185,-2.313378,-7.2762856,-6.8364787,857897.0,13.9,0.0,-0.204,-0.16,0.304,12.13,11.79,0.0,0.0,0.0,0.0,0.0,0.0,0.0,0.0,11.97,-1.8,-1.567,-0.2,0.0,0.0,0.0,0.0,0.0,273.0,276.0,276.5,275.0,0.678,0.0,0.0,-0.102,-0.038,0.098,0.0,6000.0,403526.0,123.0,402.0,59.96,2.0,33.0,40.0,32.0,12.15,11.46,-0.038,0.0,0.2,0.2,60.0,59.5,75.6,1.0,275.0,275.0,274.0,-0.076,0.031,0.082,1916.0,415939.0,13178.0,1913.0,-0.925,0.818,0.791,0.836,0.001,0.0,0.001,-0.001,0.0,0.0,0.0,0.0,1.0,1.0,1.0,0.0,2.572,88.7,31.89,4.9,3.504,2.0,-1.0,13.81,0.002,0.274,3.0,2.0,0.0,0.0,11.69,11.69,11.66,11.58,11.48,11.57,11.86,11.67,11.66,11.64,11.18,11.82,11.8,11.87,11.6,11.78,11.74,11.72,11.43
2017-05-04 23:49:00-05:00,-7.41693,-9.824308,-2.7831073,-7.8123965,-7.5972185,-2.313378,-7.2762856,-6.7186084,857898.0,13.9,0.0,-0.204,-0.151,0.304,12.16,13.39,0.0,0.0,0.0,0.0,0.0,0.0,0.0,0.0,13.48,-1.617,-1.433,-0.2,0.0,0.0,0.0,0.0,0.0,273.0,276.0,276.4,275.0,0.688,0.0,0.0,-0.1,-0.035,0.083,0.0,6000.0,403526.0,123.0,402.0,59.98,2.0,33.0,40.0,32.0,12.18,11.48,-0.038,0.0,0.2,0.2,60.0,59.5,75.6,1.0,275.0,275.0,274.0,-0.076,0.031,0.082,1916.0,415939.0,13178.0,1913.0,-0.925,0.818,0.791,0.836,0.001,0.0,0.001,0.0,0.0,0.0,0.0,0.0,1.0,1.0,1.0,0.0,3.22,73.37,20.61,6.6,3.502,2.0,-1.0,13.81,0.002,0.274,3.0,2.0,0.0,0.0,11.74,11.66,11.66,11.66,11.56,11.57,11.86,11.69,11.67,11.65,11.18,11.84,11.8,11.89,11.61,11.8,11.76,11.74,11.45
2017-05-04 23:50:00-05:00,-7.41693,-9.824308,-2.7831073,-7.8123965,-7.5972185,-2.313378,-7.2762856,-6.8364787,857899.0,13.9,0.0,0.139,0.266,0.658,12.19,14.09,0.0,0.0,0.0,0.0,0.0,0.0,0.0,0.0,14.0,-1.633,-1.5,-0.2,0.0,0.0,0.0,0.0,0.0,273.0,276.0,276.3,275.0,0.663,0.0,0.0,-0.1,-0.037,0.09,0.0,6000.0,403526.0,123.0,402.0,59.98,2.0,33.0,40.0,32.0,12.21,11.5,-0.038,0.0,0.2,0.2,60.0,59.5,75.6,1.0,275.0,275.0,274.0,-0.076,0.031,0.082,1916.0,415939.0,13178.0,1913.0,-0.925,0.818,0.791,0.836,0.001,0.0,0.001,0.0,0.0,0.0,0.0,0.0,1.0,1.0,1.0,0.0,2.603,88.4,28.92,5.1,3.503,2.0,-1.0,13.5,-0.008,0.275,1.0,2.0,0.0,0.001,11.74,11.66,11.66,11.66,11.56,11.57,11.86,11.7,11.69,11.67,11.21,11.86,11.83,11.9,11.63,11.81,11.78,11.75,11.47
2017-05-04 23:51:00-05:00,-7.293315,-9.824308,-2.7831073,-7.8123965,-7.5972185,-2.313378,-7.2762856,-6.8364787,857900.0,13.89,0.0,-0.204,-0.151,0.304,12.19,13.17,0.0,0.0,0.0,0.0,0.0,0.0,0.0,0.0,13.38,-1.75,-1.583,-0.2,0.0,0.0,0.0,0.0,0.0,273.0,276.0,276.0,275.0,0.667,0.0,0.0,-0.1,-0.038,0.092,0.0,6000.0,403526.0,123.0,402.0,59.97,2.0,33.0,40.0,32.0,12.19,11.51,-0.038,0.0,0.2,0.2,60.0,59.5,75.6,1.0,275.0,275.0,274.0,-0.076,0.031,0.082,1916.0,415939.0,13178.0,1913.0,-0.925,0.818,0.791,0.836,0.001,-0.001,0.001,0.0,0.0,0.0,0.0,0.0,1.0,1.0,1.0,0.0,1.717,61.83,52.77,3.7,3.504,2.0,-1.0,13.67,0.013,0.275,3.0,2.0,0.0,0.0,11.76,11.66,11.69,11.66,11.56,11.57,11.86,11.72,11.7,11.68,11.22,11.87,11.84,11.92,11.64,11.82,11.79,11.76,11.48
2017-05-04 23:52:00-05:00,-7.41693,-9.824308,-2.7831073,-7.94481,-7.468452,-2.313378,-7.2762856,-6.8364787,857901.0,13.87,0.0,-0.204,-0.149,0.304,12.23,9.96,0.0,0.0,0.0,0.0,0.0,0.0,0.0,0.0,10.22,-1.85,-1.583,-0.2,0.0,0.0,0.0,0.0,0.0,273.0,276.0,276.0,275.0,0.672,0.0,0.0,-0.1,-0.035,0.088,0.0,6000.0,403526.0,123.0,402.0,59.97,2.0,33.0,40.0,32.0,12.2,11.53,-0.038,0.0,0.2,0.2,60.0,59.5,75.6,1.0,275.0,275.0,274.0,-0.076,0.031,0.082,1916.0,415939.0,13178.0,1913.0,-0.925,0.818,0.791,0.836,0.001,-0.001,0.001,0.0,0.0,0.0,0.0,0.0,1.0,1.0,1.0,0.0,2.17,81.6,35.31,5.1,3.504,2.0,-1.0,13.81,0.002,0.274,3.0,2.0,0.0,0.0,11.75,11.66,11.72,11.66,11.56,11.57,11.87,11.72,11.71,11.68,11.23,11.87,11.85,11.92,11.65,11.84,11.8,11.77,11.49
2017-05-04 23:53:00-05:00,-7.41693,-9.824308,-2.7831073,-7.8123965,-7.5972185,-2.313378,-7.401739,-6.954349,857902.0,13.87,0.0,-0.204,-0.161,0.305,12.22,7.968,0.0,0.0,0.0,0.0,0.0,0.0,0.0,0.0,8.12,-1.883,-1.5,-0.2,0.0,0.0,0.0,0.0,0.0,273.0,276.0,276.2,275.0,0.675,0.0,0.0,-0.1,-0.04,0.09,0.0,6000.0,403526.0,123.0,402.0,59.98,2.0,33.0,40.0,32.0,12.19,11.52,-0.038,0.0,0.2,0.2,60.0,59.5,75.6,1.0,275.0,275.0,274.0,-0.076,0.031,0.082,1916.0,415939.0,13178.0,1913.0,-0.925,0.818,0.791,0.836,0.001,0.0,0.001,0.0,0.0,0.0,0.0,0.0,1.0,1.0,1.0,0.0,2.868,101.9,41.2,5.6,3.502,2.0,-1.0,13.81,0.002,0.274,3.0,2.0,0.0,0.0,11.76,11.66,11.71,11.66,11.56,11.57,11.86,11.72,11.71,11.68,11.22,11.87,11.84,11.92,11.65,11.83,11.79,11.76,11.48
2017-05-04 23:54:00-05:00,-7.41693,-9.824308,-2.7831073,-7.94481,-7.5972185,-2.313378,-7.401739,-6.954349,857903.0,13.87,0.0,-0.204,-0.159,0.305,12.22,8.11,0.0,0.0,0.0,0.0,0.0,0.0,0.0,0.0,8.35,-1.783,-1.6,-0.2,0.0,0.0,0.0,0.0,0.0,273.0,276.0,276.4,275.0,0.685,0.0,0.0,-0.103,-0.028,0.093,0.0,6000.0,403526.0,123.0,402.0,59.96,2.0,33.0,40.0,32.0,12.17,11.49,-0.038,0.0,0.2,0.2,60.0,59.5,75.6,1.0,275.0,275.0,274.0,-0.076,0.031,0.082,1916.0,415939.0,13178.0,1913.0,-0.925,0.818,0.791,0.836,0.001,0.0,0.001,0.0,0.0,0.0,0.0,0.0,1.0,1.0,1.0,0.0,2.122,83.3,40.58,5.1,3.502,2.0,-1.0,13.81,0.002,0.274,3.0,2.0,0.0,0.0,11.76,11.67,11.66,11.66,11.56,11.57,11.86,11.7,11.69,11.67,11.2,11.84,11.82,11.89,11.62,11.81,11.77,11.74,11.47
2017-05-04 23:55:00-05:00,-7.41693,-9.988047,-2.7831073,-7.94481,-7.725985,-2.313378,-7.401739,-6.954349,857904.0,13.87,0.0,-0.204,-0.163,0.305,12.2,10.12,0.0,0.0,0.0,0.0,0.0,0.0,0.0,0.0,10.23,-1.817,-1.6,-0.2,0.0,0.0,0.0,0.0,0.0,273.0,276.0,276.4,275.0,0.655,0.0,0.0,-0.1,-0.04,0.08,0.0,6000.0,403526.0,123.0,402.0,59.97,2.0,33.0,40.0,32.0,12.18,11.49,-0.038,0.0,0.2,0.2,60.0,59.5,75.6,1.0,275.0,275.0,274.0,-0.076,0.031,0.082,1916.0,415939.0,13178.0,1913.0,-0.925,0.818,0.791,0.836,0.001,0.0,0.0,0.0,0.0,0.0,0.0,0.0,1.0,1.0,1.0,0.0,2.837,119.0,36.06,4.9,3.504,2.0,-1.0,13.81,0.002,0.274,3.0,2.0,0.0,0.0,11.75,11.67,11.66,11.66,11.51,11.57,11.86,11.7,11.7,11.67,11.2,11.84,11.82,11.88,11.61,11.8,11.77,11.73,11.46
2017-05-04 23:56:00-05:00,-7.41693,-9.988047,-2.7831073,-7.94481,-7.5972185,-2.313378,-7.401739,-6.954349,857905.0,13.87,0.0,-0.066,-0.002,0.44,12.19,12.86,0.0,0.0,0.0,0.0,0.0,0.0,0.0,0.0,13.08,-1.483,-1.567,-0.2,0.0,0.0,0.0,0.0,0.0,273.0,276.0,276.3,275.0,0.647,0.0,0.0,-0.1,-0.037,0.087,0.0,6000.0,403526.0,123.0,402.0,59.97,2.0,33.0,40.0,32.0,12.18,11.48,-0.038,0.0,0.2,0.2,60.0,59.5,75.6,1.0,275.0,275.0,274.0,-0.076,0.031,0.082,1916.0,415939.0,13178.0,1913.0,-0.925,0.818,0.791,0.836,0.001,0.0,0.001,0.0,0.0,0.0,0.0,0.0,1.0,1.0,1.0,0.0,2.397,107.4,45.34,6.8,3.503,2.0,-1.0,13.48,0.001,0.276,1.0,2.0,0.0,0.001,11.72,11.68,11.66,11.66,11.55,11.57,11.86,11.71,11.71,11.68,11.22,11.85,11.83,11.9,11.62,11.82,11.79,11.74,11.47
2017-05-04 23:57:00-05:00,-7.41693,-9.824308,-2.7831073,-7.94481,-7.5972185,-2.313378,-7.401739,-6.954349,857906.0,13.87,0.0,-0.203,-0.165,0.305,12.21,13.9,0.0,0.0,0.0,0.0,0.0,0.0,0.0,0.0,14.0,-1.85,-1.533,-0.2,0.0,0.0,0.0,0.0,0.0,273.0,276.0,276.1,275.0,0.658,0.0,0.0,-0.103,-0.032,0.083,0.0,6000.0,403526.0,123.0,402.0,59.96,2.0,33.0,40.0,32.0,12.23,11.49,-0.038,0.0,0.2,0.2,60.0,59.5,75.6,1.0,275.0,275.0,274.0,-0.076,0.031,0.082,1916.0,415939.0,13178.0,1913.0,-0.925,0.818,0.791,0.836,0.001,-0.001,0.001,0.0,0.0,0.0,0.0,0.0,1.0,1.0,1.0,0.0,2.712,95.7,37.22,5.2,3.504,2.0,-1.0,13.77,0.002,0.275,3.0,2.0,0.0,0.0,11.73,11.66,11.66,11.66,11.56,11.57,11.86,11.72,11.71,11.69,11.23,11.86,11.86,11.92,11.64,11.83,11.8,11.77,11.49
2017-05-04 23:58:00-05:00,-7.41693,-9.824308,-2.7831073,-7.94481,-7.5972185,-2.313378,-7.2762856,-6.8364787,857907.0,13.87,0.0,-0.203,-0.151,0.305,12.21,13.66,0.0,0.0,0.0,0.0,0.0,0.0,0.0,0.0,13.87,-1.833,-1.533,-0.2,0.0,0.0,0.0,0.0,0.0,273.0,276.0,276.0,275.0,0.643,0.0,0.0,-0.1,-0.042,0.092,0.0,6000.0,403526.0,123.0,402.0,59.96,2.0,32.98,40.0,32.0,12.21,11.51,-0.038,0.0,0.2,0.2,60.0,59.5,75.6,1.0,275.0,275.0,274.0,-0.076,0.031,0.082,1916.0,415939.0,13178.0,1913.0,-0.925,0.818,0.791,0.836,0.001,0.0,0.001,0.0,0.0,0.0,0.0,0.0,1.0,1.0,1.0,0.0,1.748,80.8,29.66,4.0,3.503,2.0,-1.0,13.77,0.002,0.275,3.0,2.0,0.0,0.0,11.75,11.66,11.74,11.66,11.56,11.57,11.88,11.74,11.73,11.7,11.24,11.87,11.85,11.92,11.64,11.84,11.81,11.78,11.5
2017-05-04 23:59:00-05:00,-7.41693,-9.824308,-2.7831073,-7.94481,-7.5972185,-2.313378,-7.2762856,-6.8364787,857908.0,13.87,0.0,-0.203,-0.167,0.305,12.26,12.19,0.0,0.0,0.0,0.0,0.0,0.0,0.0,0.0,12.45,-1.567,-1.55,-0.2,0.0,0.0,0.0,0.0,0.0,273.0,276.0,276.2,275.0,0.657,0.0,0.0,-0.1,-0.032,0.082,0.0,6000.0,403526.0,123.0,402.0,59.97,2.0,33.0,40.0,32.0,12.23,11.53,-0.038,0.0,0.2,0.2,60.0,59.5,75.6,1.0,275.0,275.0,274.0,-0.076,0.031,0.082,1916.0,415939.0,13178.0,1913.0,-0.925,0.818,0.791,0.836,0.0,0.0,0.001,0.0,0.0,0.0,0.0,0.0,1.0,1.0,1.0,0.0,2.482,40.4,84.2,5.2,3.504,2.0,-1.0,13.78,0.002,0.275,3.0,2.0,0.0,0.0,11.76,11.68,11.76,11.66,11.58,11.62,11.94,11.76,11.75,11.73,11.26,11.9,11.9,11.95,11.67,11.86,11.83,11.79,11.52
